"source","line","selector","property","value","status","result","remaining"
"html/css/creations/Creations.css","1","BODY","overflow","hidden","reference_only","not_run","Resolve cascade and enclosing media conditions at source line; compare equivalent Bevy layout at target viewport"
"html/css/creations/Creations.css","1","BODY","background-color","transparent","reference_only","not_run","Resolve cascade and enclosing media conditions at source line; compare equivalent Bevy layout at target viewport"
"html/css/creations/Creations.css","1","BODY","font-family","""Helvetica Neue"", Helvetica, Arial, sans-serif","reference_only","not_run","Resolve cascade and enclosing media conditions at source line; compare equivalent Bevy layout at target viewport"
"html/css/creations/Creations.css","1","BODY","margin","0","reference_only","not_run","Resolve cascade and enclosing media conditions at source line; compare equivalent Bevy layout at target viewport"
"html/css/creations/Creations.css","1","BODY","padding","0","reference_only","not_run","Resolve cascade and enclosing media conditions at source line; compare equivalent Bevy layout at target viewport"
"html/css/creations/Creations.css","1","BODY","font-size","12px","reference_only","not_run","Resolve cascade and enclosing media conditions at source line; compare equivalent Bevy layout at target viewport"
"html/css/creations/Creations.css","10","INPUT","font-size","12px","reference_only","not_run","Resolve cascade and enclosing media conditions at source line; compare equivalent Bevy layout at target viewport"
"html/css/creations/Creations.css","26","DIV.page","position","absolute","reference_only","not_run","Resolve cascade and enclosing media conditions at source line; compare equivalent Bevy layout at target viewport"
"html/css/creations/Creations.css","26","DIV.page","left","200px","reference_only","not_run","Resolve cascade and enclosing media conditions at source line; compare equivalent Bevy layout at target viewport"
"html/css/creations/Creations.css","26","DIV.page","right","0px","reference_only","not_run","Resolve cascade and enclosing media conditions at source line; compare equivalent Bevy layout at target viewport"
"html/css/creations/Creations.css","26","DIV.page","top","0px","reference_only","not_run","Resolve cascade and enclosing media conditions at source line; compare equivalent Bevy layout at target viewport"
"html/css/creations/Creations.css","26","DIV.page","bottom","0px","reference_only","not_run","Resolve cascade and enclosing media conditions at source line; compare equivalent Bevy layout at target viewport"
"html/css/creations/Creations.css","35","UL.category","margin","10px","reference_only","not_run","Resolve cascade and enclosing media conditions at source line; compare equivalent Bevy layout at target viewport"
"html/css/creations/Creations.css","35","UL.category","padding","0","reference_only","not_run","Resolve cascade and enclosing media conditions at source line; compare equivalent Bevy layout at target viewport"
"html/css/creations/Creations.css","41","UL.category LI:first-child","padding","5px","reference_only","not_run","Resolve cascade and enclosing media conditions at source line; compare equivalent Bevy layout at target viewport"
"html/css/creations/Creations.css","41","UL.category LI:first-child","font-size","32px","reference_only","not_run","Resolve cascade and enclosing media conditions at source line; compare equivalent Bevy layout at target viewport"
"html/css/creations/Creations.css","41","UL.category LI:first-child","color","#444","reference_only","not_run","Resolve cascade and enclosing media conditions at source line; compare equivalent Bevy layout at target viewport"
"html/css/creations/Creations.css","49","UL.category LI:first-child small","font-size","14px","reference_only","not_run","Resolve cascade and enclosing media conditions at source line; compare equivalent Bevy layout at target viewport"
"html/css/creations/Creations.css","49","UL.category LI:first-child small","color","#999","reference_only","not_run","Resolve cascade and enclosing media conditions at source line; compare equivalent Bevy layout at target viewport"
"html/css/creations/Creations.css","55","UL.category LI.icon","display","inline-block","reference_only","not_run","Resolve cascade and enclosing media conditions at source line; compare equivalent Bevy layout at target viewport"
"html/css/creations/Creations.css","60",".scrollable","overflow","auto","reference_only","not_run","Resolve cascade and enclosing media conditions at source line; compare equivalent Bevy layout at target viewport"
"html/css/creations/Creations.css","60",".scrollable","right","0px","reference_only","not_run","Resolve cascade and enclosing media conditions at source line; compare equivalent Bevy layout at target viewport"
"html/css/creations/Creations.css","60",".scrollable","top","0px","reference_only","not_run","Resolve cascade and enclosing media conditions at source line; compare equivalent Bevy layout at target viewport"
"html/css/creations/Creations.css","60",".scrollable","left","0px","reference_only","not_run","Resolve cascade and enclosing media conditions at source line; compare equivalent Bevy layout at target viewport"
"html/css/creations/Creations.css","60",".scrollable","bottom","0px","reference_only","not_run","Resolve cascade and enclosing media conditions at source line; compare equivalent Bevy layout at target viewport"
"html/css/creations/Creations.css","60",".scrollable","position","absolute","reference_only","not_run","Resolve cascade and enclosing media conditions at source line; compare equivalent Bevy layout at target viewport"
"html/css/creations/Creations.css","71","DIV.gridicon","position","relative","reference_only","not_run","Resolve cascade and enclosing media conditions at source line; compare equivalent Bevy layout at target viewport"
"html/css/creations/Creations.css","71","DIV.gridicon","height","100px","reference_only","not_run","Resolve cascade and enclosing media conditions at source line; compare equivalent Bevy layout at target viewport"
"html/css/creations/Creations.css","71","DIV.gridicon","width","300px","reference_only","not_run","Resolve cascade and enclosing media conditions at source line; compare equivalent Bevy layout at target viewport"
"html/css/creations/Creations.css","71","DIV.gridicon","margin","3px","reference_only","not_run","Resolve cascade and enclosing media conditions at source line; compare equivalent Bevy layout at target viewport"
"html/css/creations/Creations.css","83","DIV.gridicon name","position","absolute","reference_only","not_run","Resolve cascade and enclosing media conditions at source line; compare equivalent Bevy layout at target viewport"
"html/css/creations/Creations.css","83","DIV.gridicon name","display","block","reference_only","not_run","Resolve cascade and enclosing media conditions at source line; compare equivalent Bevy layout at target viewport"
"html/css/creations/Creations.css","83","DIV.gridicon name","left","0px","reference_only","not_run","Resolve cascade and enclosing media conditions at source line; compare equivalent Bevy layout at target viewport"
"html/css/creations/Creations.css","83","DIV.gridicon name","right","0px","reference_only","not_run","Resolve cascade and enclosing media conditions at source line; compare equivalent Bevy layout at target viewport"
"html/css/creations/Creations.css","83","DIV.gridicon name","height","18px","reference_only","not_run","Resolve cascade and enclosing media conditions at source line; compare equivalent Bevy layout at target viewport"
"html/css/creations/Creations.css","83","DIV.gridicon name","top","0px","reference_only","not_run","Resolve cascade and enclosing media conditions at source line; compare equivalent Bevy layout at target viewport"
"html/css/creations/Creations.css","83","DIV.gridicon name","font-size","14px","reference_only","not_run","Resolve cascade and enclosing media conditions at source line; compare equivalent Bevy layout at target viewport"
"html/css/creations/Creations.css","83","DIV.gridicon name","font-weight","bold","reference_only","not_run","Resolve cascade and enclosing media conditions at source line; compare equivalent Bevy layout at target viewport"
"html/css/creations/Creations.css","83","DIV.gridicon name","overflow","hidden","reference_only","not_run","Resolve cascade and enclosing media conditions at source line; compare equivalent Bevy layout at target viewport"
"html/css/creations/Creations.css","83","DIV.gridicon name","white-space","nowrap","reference_only","not_run","Resolve cascade and enclosing media conditions at source line; compare equivalent Bevy layout at target viewport"
"html/css/creations/Creations.css","83","DIV.gridicon name","text-align","left","reference_only","not_run","Resolve cascade and enclosing media conditions at source line; compare equivalent Bevy layout at target viewport"
"html/css/creations/Creations.css","83","DIV.gridicon name","color","#333","reference_only","not_run","Resolve cascade and enclosing media conditions at source line; compare equivalent Bevy layout at target viewport"
"html/css/creations/Creations.css","83","DIV.gridicon name","padding","8px","reference_only","not_run","Resolve cascade and enclosing media conditions at source line; compare equivalent Bevy layout at target viewport"
"html/css/creations/Creations.css","83","DIV.gridicon name","background-color","rgba( 255, 255, 255, 0.8 )","reference_only","not_run","Resolve cascade and enclosing media conditions at source line; compare equivalent Bevy layout at target viewport"
"html/css/creations/Creations.css","102","DIV.disabled name","color","red","reference_only","not_run","Resolve cascade and enclosing media conditions at source line; compare equivalent Bevy layout at target viewport"
"html/css/creations/Creations.css","114",".whiterounded","background-color","white","reference_only","not_run","Resolve cascade and enclosing media conditions at source line; compare equivalent Bevy layout at target viewport"
"html/css/creations/Creations.css","114",".whiterounded","border-radius","4px","reference_only","not_run","Resolve cascade and enclosing media conditions at source line; compare equivalent Bevy layout at target viewport"
"html/css/creations/Creations.css","120","pagination","position","absolute","reference_only","not_run","Resolve cascade and enclosing media conditions at source line; compare equivalent Bevy layout at target viewport"
"html/css/creations/Creations.css","120","pagination","bottom","4px","reference_only","not_run","Resolve cascade and enclosing media conditions at source line; compare equivalent Bevy layout at target viewport"
"html/css/creations/Creations.css","120","pagination","left","0px","reference_only","not_run","Resolve cascade and enclosing media conditions at source line; compare equivalent Bevy layout at target viewport"
"html/css/creations/Creations.css","120","pagination","right","0px","reference_only","not_run","Resolve cascade and enclosing media conditions at source line; compare equivalent Bevy layout at target viewport"
"html/css/creations/Creations.css","120","pagination","text-align","center","reference_only","not_run","Resolve cascade and enclosing media conditions at source line; compare equivalent Bevy layout at target viewport"
"html/css/creations/Creations.css","120","pagination","font-size","17px","reference_only","not_run","Resolve cascade and enclosing media conditions at source line; compare equivalent Bevy layout at target viewport"
"html/css/creations/Creations.css","120","pagination","font-weight","bolder","reference_only","not_run","Resolve cascade and enclosing media conditions at source line; compare equivalent Bevy layout at target viewport"
"html/css/creations/Creations.css","142","loading","font-size","48px","reference_only","not_run","Resolve cascade and enclosing media conditions at source line; compare equivalent Bevy layout at target viewport"
"html/css/creations/Creations.css","142","loading","font-weight","bolder","reference_only","not_run","Resolve cascade and enclosing media conditions at source line; compare equivalent Bevy layout at target viewport"
"html/css/creations/Creations.css","142","loading","color","#999","reference_only","not_run","Resolve cascade and enclosing media conditions at source line; compare equivalent Bevy layout at target viewport"
"html/css/creations/Creations.css","142","loading","text-align","center","reference_only","not_run","Resolve cascade and enclosing media conditions at source line; compare equivalent Bevy layout at target viewport"
"html/css/creations/Creations.css","142","loading","display","block","reference_only","not_run","Resolve cascade and enclosing media conditions at source line; compare equivalent Bevy layout at target viewport"
"html/css/creations/Creations.css","142","loading","margin","64px","reference_only","not_run","Resolve cascade and enclosing media conditions at source line; compare equivalent Bevy layout at target viewport"
"html/css/creations/Creations.css","152",".options","position","absolute","reference_only","not_run","Resolve cascade and enclosing media conditions at source line; compare equivalent Bevy layout at target viewport"
"html/css/creations/Creations.css","152",".options","top","0px","reference_only","not_run","Resolve cascade and enclosing media conditions at source line; compare equivalent Bevy layout at target viewport"
"html/css/creations/Creations.css","152",".options","left","0px","reference_only","not_run","Resolve cascade and enclosing media conditions at source line; compare equivalent Bevy layout at target viewport"
"html/css/creations/Creations.css","152",".options","bottom","0px","reference_only","not_run","Resolve cascade and enclosing media conditions at source line; compare equivalent Bevy layout at target viewport"
"html/css/creations/Creations.css","152",".options","width","200px","reference_only","not_run","Resolve cascade and enclosing media conditions at source line; compare equivalent Bevy layout at target viewport"
"html/css/creations/Creations.css","161","workshopcontainer","left","0px","reference_only","not_run","Resolve cascade and enclosing media conditions at source line; compare equivalent Bevy layout at target viewport"
"html/css/creations/Creations.css","161","workshopcontainer","bottom","0px","reference_only","not_run","Resolve cascade and enclosing media conditions at source line; compare equivalent Bevy layout at target viewport"
"html/css/creations/Creations.css","161","workshopcontainer","right","0px","reference_only","not_run","Resolve cascade and enclosing media conditions at source line; compare equivalent Bevy layout at target viewport"
"html/css/creations/Creations.css","161","workshopcontainer","top","0px","reference_only","not_run","Resolve cascade and enclosing media conditions at source line; compare equivalent Bevy layout at target viewport"
"html/css/creations/Creations.css","161","workshopcontainer","background-color","transparent","reference_only","not_run","Resolve cascade and enclosing media conditions at source line; compare equivalent Bevy layout at target viewport"
"html/css/creations/Creations.css","161","workshopcontainer","padding","0px","reference_only","not_run","Resolve cascade and enclosing media conditions at source line; compare equivalent Bevy layout at target viewport"
"html/css/creations/Creations.css","171","workshopmessage","color","#fff","reference_only","not_run","Resolve cascade and enclosing media conditions at source line; compare equivalent Bevy layout at target viewport"
"html/css/creations/Creations.css","177",".options UL","background-color","#2387ed","reference_only","not_run","Resolve cascade and enclosing media conditions at source line; compare equivalent Bevy layout at target viewport"
"html/css/creations/Creations.css","177",".options UL","margin","8px","reference_only","not_run","Resolve cascade and enclosing media conditions at source line; compare equivalent Bevy layout at target viewport"
"html/css/creations/Creations.css","177",".options UL","margin-right","0px","reference_only","not_run","Resolve cascade and enclosing media conditions at source line; compare equivalent Bevy layout at target viewport"
"html/css/creations/Creations.css","177",".options UL","border-radius","6px","reference_only","not_run","Resolve cascade and enclosing media conditions at source line; compare equivalent Bevy layout at target viewport"
"html/css/creations/Creations.css","177",".options UL","padding","4px","reference_only","not_run","Resolve cascade and enclosing media conditions at source line; compare equivalent Bevy layout at target viewport"
"html/css/creations/Creations.css","188",".options UL LI","padding","1px","reference_only","not_run","Resolve cascade and enclosing media conditions at source line; compare equivalent Bevy layout at target viewport"
"html/css/creations/Creations.css","188",".options UL LI","margin","0px","reference_only","not_run","Resolve cascade and enclosing media conditions at source line; compare equivalent Bevy layout at target viewport"
"html/css/creations/Creations.css","188",".options UL LI","border-radius","2px","reference_only","not_run","Resolve cascade and enclosing media conditions at source line; compare equivalent Bevy layout at target viewport"
"html/css/creations/Creations.css","188",".options UL LI","color","#fff","reference_only","not_run","Resolve cascade and enclosing media conditions at source line; compare equivalent Bevy layout at target viewport"
"html/css/creations/Creations.css","188",".options UL LI","font-weight","bold","reference_only","not_run","Resolve cascade and enclosing media conditions at source line; compare equivalent Bevy layout at target viewport"
"html/css/creations/Creations.css","198",".options UL LI.headline","padding","0px","reference_only","not_run","Resolve cascade and enclosing media conditions at source line; compare equivalent Bevy layout at target viewport"
"html/css/creations/Creations.css","198",".options UL LI.headline","text-align","center","reference_only","not_run","Resolve cascade and enclosing media conditions at source line; compare equivalent Bevy layout at target viewport"
"html/css/creations/Creations.css","198",".options UL LI.headline","font-size","32px","reference_only","not_run","Resolve cascade and enclosing media conditions at source line; compare equivalent Bevy layout at target viewport"
"html/css/creations/Creations.css","198",".options UL LI.headline","font-weight","bolder","reference_only","not_run","Resolve cascade and enclosing media conditions at source line; compare equivalent Bevy layout at target viewport"
"html/css/creations/Creations.css","198",".options UL LI.headline","letter-spacing","-2px","reference_only","not_run","Resolve cascade and enclosing media conditions at source line; compare equivalent Bevy layout at target viewport"
"html/css/creations/Creations.css","198",".options UL LI.headline","border-radius","4px 4px 0 0","reference_only","not_run","Resolve cascade and enclosing media conditions at source line; compare equivalent Bevy layout at target viewport"
"html/css/creations/Creations.css","198",".options UL LI.headline","color","#fff","reference_only","not_run","Resolve cascade and enclosing media conditions at source line; compare equivalent Bevy layout at target viewport"
"html/css/creations/Creations.css","210",".options UL LI.subtitle","padding","0px","reference_only","not_run","Resolve cascade and enclosing media conditions at source line; compare equivalent Bevy layout at target viewport"
"html/css/creations/Creations.css","210",".options UL LI.subtitle","text-align","center","reference_only","not_run","Resolve cascade and enclosing media conditions at source line; compare equivalent Bevy layout at target viewport"
"html/css/creations/Creations.css","210",".options UL LI.subtitle","font-size","10px","reference_only","not_run","Resolve cascade and enclosing media conditions at source line; compare equivalent Bevy layout at target viewport"
"html/css/creations/Creations.css","210",".options UL LI.subtitle","color","rgba( 255, 255, 255, 0.9)","reference_only","not_run","Resolve cascade and enclosing media conditions at source line; compare equivalent Bevy layout at target viewport"
"html/css/creations/Creations.css","210",".options UL LI.subtitle","margin-bottom","10px","reference_only","not_run","Resolve cascade and enclosing media conditions at source line; compare equivalent Bevy layout at target viewport"
"html/css/creations/Creations.css","210",".options UL LI.subtitle","border-radius","0","reference_only","not_run","Resolve cascade and enclosing media conditions at source line; compare equivalent Bevy layout at target viewport"
"html/css/creations/Creations.css","210",".options UL LI.subtitle","padding-bottom","4px","reference_only","not_run","Resolve cascade and enclosing media conditions at source line; compare equivalent Bevy layout at target viewport"
"html/css/creations/Creations.css","210",".options UL LI.subtitle","letter-spacing","1px","reference_only","not_run","Resolve cascade and enclosing media conditions at source line; compare equivalent Bevy layout at target viewport"
"html/css/creations/Creations.css","223",".options UL LI button","border-radius","2px","reference_only","not_run","Resolve cascade and enclosing media conditions at source line; compare equivalent Bevy layout at target viewport"
"html/css/creations/Creations.css","223",".options UL LI button","padding","4px 8px","reference_only","not_run","Resolve cascade and enclosing media conditions at source line; compare equivalent Bevy layout at target viewport"
"html/css/creations/Creations.css","223",".options UL LI button","width","100%","reference_only","not_run","Resolve cascade and enclosing media conditions at source line; compare equivalent Bevy layout at target viewport"
"html/css/creations/Creations.css","223",".options UL LI button","background-color","rgba( 255, 255, 255, 0.4 )","reference_only","not_run","Resolve cascade and enclosing media conditions at source line; compare equivalent Bevy layout at target viewport"
"html/css/creations/Creations.css","223",".options UL LI button","margin","0px","reference_only","not_run","Resolve cascade and enclosing media conditions at source line; compare equivalent Bevy layout at target viewport"
"html/css/creations/Creations.css","223",".options UL LI button","font-weight","bolder","reference_only","not_run","Resolve cascade and enclosing media conditions at source line; compare equivalent Bevy layout at target viewport"
"html/css/creations/Creations.css","223",".options UL LI button","font-size","18px","reference_only","not_run","Resolve cascade and enclosing media conditions at source line; compare equivalent Bevy layout at target viewport"
"html/css/creations/Creations.css","223",".options UL LI button","color","#fff","reference_only","not_run","Resolve cascade and enclosing media conditions at source line; compare equivalent Bevy layout at target viewport"
"html/css/creations/Creations.css","239",".options UL LI button:hover","background-color","rgba( 255, 255, 255, 0.5 )","reference_only","not_run","Resolve cascade and enclosing media conditions at source line; compare equivalent Bevy layout at target viewport"
"html/css/creations/Creations.css","246",".options UL LI A","display","block","reference_only","not_run","Resolve cascade and enclosing media conditions at source line; compare equivalent Bevy layout at target viewport"
"html/css/creations/Creations.css","246",".options UL LI A","color","#fff","reference_only","not_run","Resolve cascade and enclosing media conditions at source line; compare equivalent Bevy layout at target viewport"
"html/css/creations/Creations.css","257",".clickable","padding-left","20px !important","reference_only","not_run","Resolve cascade and enclosing media conditions at source line; compare equivalent Bevy layout at target viewport"
"html/css/creations/Creations.css","269",".options UL LI UL, .options UL LI UL LI, .options UL LI.active","margin","0","reference_only","not_run","Resolve cascade and enclosing media conditions at source line; compare equivalent Bevy layout at target viewport"
"html/css/creations/Creations.css","269",".options UL LI UL, .options UL LI UL LI, .options UL LI.active","padding","0","reference_only","not_run","Resolve cascade and enclosing media conditions at source line; compare equivalent Bevy layout at target viewport"
"html/css/creations/Creations.css","276",".options UL LI UL","font-size","11px","reference_only","not_run","Resolve cascade and enclosing media conditions at source line; compare equivalent Bevy layout at target viewport"
"html/css/creations/Creations.css","281",".options UL LI a","color","rgba( 255, 255, 255, 0.9 )","reference_only","not_run","Resolve cascade and enclosing media conditions at source line; compare equivalent Bevy layout at target viewport"
"html/css/creations/Creations.css","287",".options UL LI a.active","color","#fff","reference_only","not_run","Resolve cascade and enclosing media conditions at source line; compare equivalent Bevy layout at target viewport"
"html/css/creations/Creations.css","297","workshopicon","margin","0px","reference_only","not_run","Resolve cascade and enclosing media conditions at source line; compare equivalent Bevy layout at target viewport"
"html/css/creations/Creations.css","297","workshopicon","margin-right","5px","reference_only","not_run","Resolve cascade and enclosing media conditions at source line; compare equivalent Bevy layout at target viewport"
"html/css/creations/Creations.css","297","workshopicon","margin-bottom","5px","reference_only","not_run","Resolve cascade and enclosing media conditions at source line; compare equivalent Bevy layout at target viewport"
"html/css/creations/Creations.css","308",".options","width","150px !important","reference_only","not_run","Resolve cascade and enclosing media conditions at source line; compare equivalent Bevy layout at target viewport"
"html/css/creations/Creations.css","312",".clickable","padding-left","5px !important","reference_only","not_run","Resolve cascade and enclosing media conditions at source line; compare equivalent Bevy layout at target viewport"
"html/css/creations/Creations.css","317","DIV.page","left","150px !important","reference_only","not_run","Resolve cascade and enclosing media conditions at source line; compare equivalent Bevy layout at target viewport"
"html/css/creations/Creations.css","322","workshopicon","width","170px !important","reference_only","not_run","Resolve cascade and enclosing media conditions at source line; compare equivalent Bevy layout at target viewport"
"html/css/creations/Creations.css","322","workshopicon","height","170px !important","reference_only","not_run","Resolve cascade and enclosing media conditions at source line; compare equivalent Bevy layout at target viewport"
"html/css/creations/Creations.css","322","workshopicon","margin","0px","reference_only","not_run","Resolve cascade and enclosing media conditions at source line; compare equivalent Bevy layout at target viewport"
"html/css/creations/Creations.css","322","workshopicon","margin-right","1px","reference_only","not_run","Resolve cascade and enclosing media conditions at source line; compare equivalent Bevy layout at target viewport"
"html/css/creations/Creations.css","322","workshopicon","margin-bottom","1px","reference_only","not_run","Resolve cascade and enclosing media conditions at source line; compare equivalent Bevy layout at target viewport"
"html/css/creations/Creations.css","336",".options","width","130px !important","reference_only","not_run","Resolve cascade and enclosing media conditions at source line; compare equivalent Bevy layout at target viewport"
"html/css/creations/Creations.css","340",".clickable","padding-left","5px !important","reference_only","not_run","Resolve cascade and enclosing media conditions at source line; compare equivalent Bevy layout at target viewport"
"html/css/creations/Creations.css","345","DIV.page","left","130px !important","reference_only","not_run","Resolve cascade and enclosing media conditions at source line; compare equivalent Bevy layout at target viewport"
"html/css/creations/Creations.css","350",".options UL","margin","0px","reference_only","not_run","Resolve cascade and enclosing media conditions at source line; compare equivalent Bevy layout at target viewport"
"html/css/creations/Creations.css","354","workshopicon","width","90px !important","reference_only","not_run","Resolve cascade and enclosing media conditions at source line; compare equivalent Bevy layout at target viewport"
"html/css/creations/Creations.css","354","workshopicon","height","90px !important","reference_only","not_run","Resolve cascade and enclosing media conditions at source line; compare equivalent Bevy layout at target viewport"
"html/css/creations/Creations.css","354","workshopicon","margin","0px","reference_only","not_run","Resolve cascade and enclosing media conditions at source line; compare equivalent Bevy layout at target viewport"
"html/css/creations/Creations.css","354","workshopicon","margin-right","0px","reference_only","not_run","Resolve cascade and enclosing media conditions at source line; compare equivalent Bevy layout at target viewport"
"html/css/creations/Creations.css","354","workshopicon","margin-bottom","0px","reference_only","not_run","Resolve cascade and enclosing media conditions at source line; compare equivalent Bevy layout at target viewport"
"html/css/menu/Menu.css","1","BODY","overflow","hidden","reference_only","not_run","Resolve cascade and enclosing media conditions at source line; compare equivalent Bevy layout at target viewport"
"html/css/menu/Menu.css","1","BODY","background-color","transparent","reference_only","not_run","Resolve cascade and enclosing media conditions at source line; compare equivalent Bevy layout at target viewport"
"html/css/menu/Menu.css","1","BODY","font-family","""Helvetica Neue"", Helvetica, Arial, sans-serif","reference_only","not_run","Resolve cascade and enclosing media conditions at source line; compare equivalent Bevy layout at target viewport"
"html/css/menu/Menu.css","1","BODY","margin","0","reference_only","not_run","Resolve cascade and enclosing media conditions at source line; compare equivalent Bevy layout at target viewport"
"html/css/menu/Menu.css","1","BODY","padding","0","reference_only","not_run","Resolve cascade and enclosing media conditions at source line; compare equivalent Bevy layout at target viewport"
"html/css/menu/Menu.css","1","BODY","font-size","12px","reference_only","not_run","Resolve cascade and enclosing media conditions at source line; compare equivalent Bevy layout at target viewport"
"html/css/menu/Menu.css","13","INPUT","font-size","12px","reference_only","not_run","Resolve cascade and enclosing media conditions at source line; compare equivalent Bevy layout at target viewport"
"html/css/menu/Menu.css","19","INPUT.searchbox, INPUT.gm_search","border-radius","3px","reference_only","not_run","Resolve cascade and enclosing media conditions at source line; compare equivalent Bevy layout at target viewport"
"html/css/menu/Menu.css","19","INPUT.searchbox, INPUT.gm_search","height","24px","reference_only","not_run","Resolve cascade and enclosing media conditions at source line; compare equivalent Bevy layout at target viewport"
"html/css/menu/Menu.css","19","INPUT.searchbox, INPUT.gm_search","margin-top","6px","reference_only","not_run","Resolve cascade and enclosing media conditions at source line; compare equivalent Bevy layout at target viewport"
"html/css/menu/Menu.css","19","INPUT.searchbox, INPUT.gm_search","padding","4px","reference_only","not_run","Resolve cascade and enclosing media conditions at source line; compare equivalent Bevy layout at target viewport"
"html/css/menu/Menu.css","28","INPUT.searchbox","margin-right","320px","reference_only","not_run","Resolve cascade and enclosing media conditions at source line; compare equivalent Bevy layout at target viewport"
"html/css/menu/Menu.css","28","INPUT.searchbox","width","15%","reference_only","not_run","Resolve cascade and enclosing media conditions at source line; compare equivalent Bevy layout at target viewport"
"html/css/menu/Menu.css","34","INPUT.gm_search","width","100%","reference_only","not_run","Resolve cascade and enclosing media conditions at source line; compare equivalent Bevy layout at target viewport"
"html/css/menu/Menu.css","34","INPUT.gm_search","margin-bottom","5px","reference_only","not_run","Resolve cascade and enclosing media conditions at source line; compare equivalent Bevy layout at target viewport"
"html/css/menu/Menu.css","39","INPUT[type=""text""], INPUT[type=""number""]","border-radius","2px","reference_only","not_run","Resolve cascade and enclosing media conditions at source line; compare equivalent Bevy layout at target viewport"
"html/css/menu/Menu.css","55","DIV.page","position","absolute","reference_only","not_run","Resolve cascade and enclosing media conditions at source line; compare equivalent Bevy layout at target viewport"
"html/css/menu/Menu.css","55","DIV.page","left","0px","reference_only","not_run","Resolve cascade and enclosing media conditions at source line; compare equivalent Bevy layout at target viewport"
"html/css/menu/Menu.css","55","DIV.page","right","0px","reference_only","not_run","Resolve cascade and enclosing media conditions at source line; compare equivalent Bevy layout at target viewport"
"html/css/menu/Menu.css","55","DIV.page","top","0px","reference_only","not_run","Resolve cascade and enclosing media conditions at source line; compare equivalent Bevy layout at target viewport"
"html/css/menu/Menu.css","55","DIV.page","bottom","50px","reference_only","not_run","Resolve cascade and enclosing media conditions at source line; compare equivalent Bevy layout at target viewport"
"html/css/menu/Menu.css","64","UL.category","margin","10px","reference_only","not_run","Resolve cascade and enclosing media conditions at source line; compare equivalent Bevy layout at target viewport"
"html/css/menu/Menu.css","64","UL.category","padding","0","reference_only","not_run","Resolve cascade and enclosing media conditions at source line; compare equivalent Bevy layout at target viewport"
"html/css/menu/Menu.css","70","UL.category LI:first-child","padding","5px","reference_only","not_run","Resolve cascade and enclosing media conditions at source line; compare equivalent Bevy layout at target viewport"
"html/css/menu/Menu.css","70","UL.category LI:first-child","font-size","32px","reference_only","not_run","Resolve cascade and enclosing media conditions at source line; compare equivalent Bevy layout at target viewport"
"html/css/menu/Menu.css","70","UL.category LI:first-child","color","#444","reference_only","not_run","Resolve cascade and enclosing media conditions at source line; compare equivalent Bevy layout at target viewport"
"html/css/menu/Menu.css","78","UL.category LI:first-child small","font-size","14px","reference_only","not_run","Resolve cascade and enclosing media conditions at source line; compare equivalent Bevy layout at target viewport"
"html/css/menu/Menu.css","78","UL.category LI:first-child small","color","#999","reference_only","not_run","Resolve cascade and enclosing media conditions at source line; compare equivalent Bevy layout at target viewport"
"html/css/menu/Menu.css","84","UL.category LI.icon","display","inline-block","reference_only","not_run","Resolve cascade and enclosing media conditions at source line; compare equivalent Bevy layout at target viewport"
"html/css/menu/Menu.css","89",".scrollable","overflow","auto","reference_only","not_run","Resolve cascade and enclosing media conditions at source line; compare equivalent Bevy layout at target viewport"
"html/css/menu/Menu.css","89",".scrollable","right","0px","reference_only","not_run","Resolve cascade and enclosing media conditions at source line; compare equivalent Bevy layout at target viewport"
"html/css/menu/Menu.css","89",".scrollable","top","0px","reference_only","not_run","Resolve cascade and enclosing media conditions at source line; compare equivalent Bevy layout at target viewport"
"html/css/menu/Menu.css","89",".scrollable","left","0px","reference_only","not_run","Resolve cascade and enclosing media conditions at source line; compare equivalent Bevy layout at target viewport"
"html/css/menu/Menu.css","89",".scrollable","bottom","0px","reference_only","not_run","Resolve cascade and enclosing media conditions at source line; compare equivalent Bevy layout at target viewport"
"html/css/menu/Menu.css","89",".scrollable","position","absolute","reference_only","not_run","Resolve cascade and enclosing media conditions at source line; compare equivalent Bevy layout at target viewport"
"html/css/menu/Menu.css","100",".btn-primary, .btn-primary-disabled","color","white","reference_only","not_run","Resolve cascade and enclosing media conditions at source line; compare equivalent Bevy layout at target viewport"
"html/css/menu/Menu.css","100",".btn-primary, .btn-primary-disabled","border-radius","6px","reference_only","not_run","Resolve cascade and enclosing media conditions at source line; compare equivalent Bevy layout at target viewport"
"html/css/menu/Menu.css","100",".btn-primary, .btn-primary-disabled","vertical-align","middle","reference_only","not_run","Resolve cascade and enclosing media conditions at source line; compare equivalent Bevy layout at target viewport"
"html/css/menu/Menu.css","124","DIV.gridicon","position","relative","reference_only","not_run","Resolve cascade and enclosing media conditions at source line; compare equivalent Bevy layout at target viewport"
"html/css/menu/Menu.css","124","DIV.gridicon","height","100px","reference_only","not_run","Resolve cascade and enclosing media conditions at source line; compare equivalent Bevy layout at target viewport"
"html/css/menu/Menu.css","124","DIV.gridicon","width","300px","reference_only","not_run","Resolve cascade and enclosing media conditions at source line; compare equivalent Bevy layout at target viewport"
"html/css/menu/Menu.css","124","DIV.gridicon","margin","3px","reference_only","not_run","Resolve cascade and enclosing media conditions at source line; compare equivalent Bevy layout at target viewport"
"html/css/menu/Menu.css","136","DIV.gridicon name","position","absolute","reference_only","not_run","Resolve cascade and enclosing media conditions at source line; compare equivalent Bevy layout at target viewport"
"html/css/menu/Menu.css","136","DIV.gridicon name","display","block","reference_only","not_run","Resolve cascade and enclosing media conditions at source line; compare equivalent Bevy layout at target viewport"
"html/css/menu/Menu.css","136","DIV.gridicon name","left","0px","reference_only","not_run","Resolve cascade and enclosing media conditions at source line; compare equivalent Bevy layout at target viewport"
"html/css/menu/Menu.css","136","DIV.gridicon name","right","0px","reference_only","not_run","Resolve cascade and enclosing media conditions at source line; compare equivalent Bevy layout at target viewport"
"html/css/menu/Menu.css","136","DIV.gridicon name","height","18px","reference_only","not_run","Resolve cascade and enclosing media conditions at source line; compare equivalent Bevy layout at target viewport"
"html/css/menu/Menu.css","136","DIV.gridicon name","top","0px","reference_only","not_run","Resolve cascade and enclosing media conditions at source line; compare equivalent Bevy layout at target viewport"
"html/css/menu/Menu.css","136","DIV.gridicon name","font-size","14px","reference_only","not_run","Resolve cascade and enclosing media conditions at source line; compare equivalent Bevy layout at target viewport"
"html/css/menu/Menu.css","136","DIV.gridicon name","font-weight","bold","reference_only","not_run","Resolve cascade and enclosing media conditions at source line; compare equivalent Bevy layout at target viewport"
"html/css/menu/Menu.css","136","DIV.gridicon name","overflow","hidden","reference_only","not_run","Resolve cascade and enclosing media conditions at source line; compare equivalent Bevy layout at target viewport"
"html/css/menu/Menu.css","136","DIV.gridicon name","white-space","nowrap","reference_only","not_run","Resolve cascade and enclosing media conditions at source line; compare equivalent Bevy layout at target viewport"
"html/css/menu/Menu.css","136","DIV.gridicon name","text-align","left","reference_only","not_run","Resolve cascade and enclosing media conditions at source line; compare equivalent Bevy layout at target viewport"
"html/css/menu/Menu.css","136","DIV.gridicon name","color","#333","reference_only","not_run","Resolve cascade and enclosing media conditions at source line; compare equivalent Bevy layout at target viewport"
"html/css/menu/Menu.css","136","DIV.gridicon name","padding","8px","reference_only","not_run","Resolve cascade and enclosing media conditions at source line; compare equivalent Bevy layout at target viewport"
"html/css/menu/Menu.css","136","DIV.gridicon name","background-color","rgba( 255, 255, 255, 0.8 )","reference_only","not_run","Resolve cascade and enclosing media conditions at source line; compare equivalent Bevy layout at target viewport"
"html/css/menu/Menu.css","155","DIV.disabled name","color","red","reference_only","not_run","Resolve cascade and enclosing media conditions at source line; compare equivalent Bevy layout at target viewport"
"html/css/menu/Menu.css","167",".topnav A","color","#fff","reference_only","not_run","Resolve cascade and enclosing media conditions at source line; compare equivalent Bevy layout at target viewport"
"html/css/menu/Menu.css","167",".topnav A","margin","0px 2px","reference_only","not_run","Resolve cascade and enclosing media conditions at source line; compare equivalent Bevy layout at target viewport"
"html/css/menu/Menu.css","167",".topnav A","background-color","#0af","reference_only","not_run","Resolve cascade and enclosing media conditions at source line; compare equivalent Bevy layout at target viewport"
"html/css/menu/Menu.css","167",".topnav A","padding","1px 5px","reference_only","not_run","Resolve cascade and enclosing media conditions at source line; compare equivalent Bevy layout at target viewport"
"html/css/menu/Menu.css","167",".topnav A","border-radius","2px","reference_only","not_run","Resolve cascade and enclosing media conditions at source line; compare equivalent Bevy layout at target viewport"
"html/css/menu/Menu.css","182",".topnav","background-color","white","reference_only","not_run","Resolve cascade and enclosing media conditions at source line; compare equivalent Bevy layout at target viewport"
"html/css/menu/Menu.css","182",".topnav","padding","5px","reference_only","not_run","Resolve cascade and enclosing media conditions at source line; compare equivalent Bevy layout at target viewport"
"html/css/menu/Menu.css","182",".topnav","border-radius","3px","reference_only","not_run","Resolve cascade and enclosing media conditions at source line; compare equivalent Bevy layout at target viewport"
"html/css/menu/Menu.css","182",".topnav","font-size","11px","reference_only","not_run","Resolve cascade and enclosing media conditions at source line; compare equivalent Bevy layout at target viewport"
"html/css/menu/Menu.css","190",".whiterounded","background-color","white","reference_only","not_run","Resolve cascade and enclosing media conditions at source line; compare equivalent Bevy layout at target viewport"
"html/css/menu/Menu.css","190",".whiterounded","border-radius","4px","reference_only","not_run","Resolve cascade and enclosing media conditions at source line; compare equivalent Bevy layout at target viewport"
"html/css/menu/Menu.css","196","pagination","position","absolute","reference_only","not_run","Resolve cascade and enclosing media conditions at source line; compare equivalent Bevy layout at target viewport"
"html/css/menu/Menu.css","196","pagination","bottom","4px","reference_only","not_run","Resolve cascade and enclosing media conditions at source line; compare equivalent Bevy layout at target viewport"
"html/css/menu/Menu.css","196","pagination","left","0px","reference_only","not_run","Resolve cascade and enclosing media conditions at source line; compare equivalent Bevy layout at target viewport"
"html/css/menu/Menu.css","196","pagination","right","0px","reference_only","not_run","Resolve cascade and enclosing media conditions at source line; compare equivalent Bevy layout at target viewport"
"html/css/menu/Menu.css","196","pagination","text-align","center","reference_only","not_run","Resolve cascade and enclosing media conditions at source line; compare equivalent Bevy layout at target viewport"
"html/css/menu/Menu.css","196","pagination","font-size","17px","reference_only","not_run","Resolve cascade and enclosing media conditions at source line; compare equivalent Bevy layout at target viewport"
"html/css/menu/Menu.css","196","pagination","font-weight","bolder","reference_only","not_run","Resolve cascade and enclosing media conditions at source line; compare equivalent Bevy layout at target viewport"
"html/css/menu/Menu.css","218","loading","font-size","48px","reference_only","not_run","Resolve cascade and enclosing media conditions at source line; compare equivalent Bevy layout at target viewport"
"html/css/menu/Menu.css","218","loading","font-weight","bolder","reference_only","not_run","Resolve cascade and enclosing media conditions at source line; compare equivalent Bevy layout at target viewport"
"html/css/menu/Menu.css","218","loading","color","#999","reference_only","not_run","Resolve cascade and enclosing media conditions at source line; compare equivalent Bevy layout at target viewport"
"html/css/menu/Menu.css","218","loading","text-align","center","reference_only","not_run","Resolve cascade and enclosing media conditions at source line; compare equivalent Bevy layout at target viewport"
"html/css/menu/Menu.css","218","loading","display","block","reference_only","not_run","Resolve cascade and enclosing media conditions at source line; compare equivalent Bevy layout at target viewport"
"html/css/menu/Menu.css","218","loading","margin","64px","reference_only","not_run","Resolve cascade and enclosing media conditions at source line; compare equivalent Bevy layout at target viewport"
"html/css/menu/Menu.css","228","#version","position","absolute","reference_only","not_run","Resolve cascade and enclosing media conditions at source line; compare equivalent Bevy layout at target viewport"
"html/css/menu/Menu.css","228","#version","right","3px","reference_only","not_run","Resolve cascade and enclosing media conditions at source line; compare equivalent Bevy layout at target viewport"
"html/css/menu/Menu.css","228","#version","top","3px","reference_only","not_run","Resolve cascade and enclosing media conditions at source line; compare equivalent Bevy layout at target viewport"
"html/css/menu/Menu.css","228","#version","color","#aaa","reference_only","not_run","Resolve cascade and enclosing media conditions at source line; compare equivalent Bevy layout at target viewport"
"html/css/menu/Menu.css","228","#version","font-size","11px","reference_only","not_run","Resolve cascade and enclosing media conditions at source line; compare equivalent Bevy layout at target viewport"
"html/css/menu/Menu.css","228","#version","font-weight","bold","reference_only","not_run","Resolve cascade and enclosing media conditions at source line; compare equivalent Bevy layout at target viewport"
"html/css/menu/Menu.css","228","#version","padding","5px","reference_only","not_run","Resolve cascade and enclosing media conditions at source line; compare equivalent Bevy layout at target viewport"
"html/css/menu/Menu.css","228","#version","background-color","rgba( 0, 0, 0, 1.0 )","reference_only","not_run","Resolve cascade and enclosing media conditions at source line; compare equivalent Bevy layout at target viewport"
"html/css/menu/Menu.css","228","#version","border-radius","3px","reference_only","not_run","Resolve cascade and enclosing media conditions at source line; compare equivalent Bevy layout at target viewport"
"html/css/menu/Menu.css","228","#version","z-index","1000","reference_only","not_run","Resolve cascade and enclosing media conditions at source line; compare equivalent Bevy layout at target viewport"
"html/css/menu/Menu.css","243",".news","position","absolute","reference_only","not_run","Resolve cascade and enclosing media conditions at source line; compare equivalent Bevy layout at target viewport"
"html/css/menu/Menu.css","243",".news","right","50px","reference_only","not_run","Resolve cascade and enclosing media conditions at source line; compare equivalent Bevy layout at target viewport"
"html/css/menu/Menu.css","243",".news","top","75px","reference_only","not_run","Resolve cascade and enclosing media conditions at source line; compare equivalent Bevy layout at target viewport"
"html/css/menu/Menu.css","250",".news_buttons","margin-top","3px","reference_only","not_run","Resolve cascade and enclosing media conditions at source line; compare equivalent Bevy layout at target viewport"
"html/css/menu/Menu.css","250",".news_buttons","display","block","reference_only","not_run","Resolve cascade and enclosing media conditions at source line; compare equivalent Bevy layout at target viewport"
"html/css/menu/Menu.css","256",".news_buttons div","display","block","reference_only","not_run","Resolve cascade and enclosing media conditions at source line; compare equivalent Bevy layout at target viewport"
"html/css/menu/Menu.css","256",".news_buttons div","width","16px","reference_only","not_run","Resolve cascade and enclosing media conditions at source line; compare equivalent Bevy layout at target viewport"
"html/css/menu/Menu.css","256",".news_buttons div","height","16px","reference_only","not_run","Resolve cascade and enclosing media conditions at source line; compare equivalent Bevy layout at target viewport"
"html/css/menu/Menu.css","256",".news_buttons div","margin-left","3px","reference_only","not_run","Resolve cascade and enclosing media conditions at source line; compare equivalent Bevy layout at target viewport"
"html/css/menu/Menu.css","256",".news_buttons div","border-radius","3px","reference_only","not_run","Resolve cascade and enclosing media conditions at source line; compare equivalent Bevy layout at target viewport"
"html/css/menu/Menu.css","280",".news_item","border-radius","8px","reference_only","not_run","Resolve cascade and enclosing media conditions at source line; compare equivalent Bevy layout at target viewport"
"html/css/menu/Menu.css","280",".news_item","margin-right","0px","reference_only","not_run","Resolve cascade and enclosing media conditions at source line; compare equivalent Bevy layout at target viewport"
"html/css/menu/Menu.css","280",".news_item","margin-left","auto","reference_only","not_run","Resolve cascade and enclosing media conditions at source line; compare equivalent Bevy layout at target viewport"
"html/css/menu/Menu.css","280",".news_item","height","256px","reference_only","not_run","Resolve cascade and enclosing media conditions at source line; compare equivalent Bevy layout at target viewport"
"html/css/menu/Menu.css","280",".news_item","width","512px","reference_only","not_run","Resolve cascade and enclosing media conditions at source line; compare equivalent Bevy layout at target viewport"
"html/css/menu/Menu.css","280",".news_item","position","relative","reference_only","not_run","Resolve cascade and enclosing media conditions at source line; compare equivalent Bevy layout at target viewport"
"html/css/menu/Menu.css","293",".news_item div font","font-weight","normal","reference_only","not_run","Resolve cascade and enclosing media conditions at source line; compare equivalent Bevy layout at target viewport"
"html/css/menu/Menu.css","293",".news_item div font","font-size","small","reference_only","not_run","Resolve cascade and enclosing media conditions at source line; compare equivalent Bevy layout at target viewport"
"html/css/menu/Menu.css","293",".news_item div font","display","block","reference_only","not_run","Resolve cascade and enclosing media conditions at source line; compare equivalent Bevy layout at target viewport"
"html/css/menu/Menu.css","300",".news_item div span:hover","color","#ffa","reference_only","not_run","Resolve cascade and enclosing media conditions at source line; compare equivalent Bevy layout at target viewport"
"html/css/menu/Menu.css","305",".news_item div","border-radius","0 0 8px 8px","reference_only","not_run","Resolve cascade and enclosing media conditions at source line; compare equivalent Bevy layout at target viewport"
"html/css/menu/Menu.css","305",".news_item div","display","block","reference_only","not_run","Resolve cascade and enclosing media conditions at source line; compare equivalent Bevy layout at target viewport"
"html/css/menu/Menu.css","305",".news_item div","color","#fff","reference_only","not_run","Resolve cascade and enclosing media conditions at source line; compare equivalent Bevy layout at target viewport"
"html/css/menu/Menu.css","305",".news_item div","padding","5px","reference_only","not_run","Resolve cascade and enclosing media conditions at source line; compare equivalent Bevy layout at target viewport"
"html/css/menu/Menu.css","305",".news_item div","font-size","x-large","reference_only","not_run","Resolve cascade and enclosing media conditions at source line; compare equivalent Bevy layout at target viewport"
"html/css/menu/Menu.css","305",".news_item div","text-align","right","reference_only","not_run","Resolve cascade and enclosing media conditions at source line; compare equivalent Bevy layout at target viewport"
"html/css/menu/Menu.css","305",".news_item div","font-weight","bold","reference_only","not_run","Resolve cascade and enclosing media conditions at source line; compare equivalent Bevy layout at target viewport"
"html/css/menu/Menu.css","305",".news_item div","box-sizing","border-box","reference_only","not_run","Resolve cascade and enclosing media conditions at source line; compare equivalent Bevy layout at target viewport"
"html/css/menu/Menu.css","305",".news_item div","position","absolute","reference_only","not_run","Resolve cascade and enclosing media conditions at source line; compare equivalent Bevy layout at target viewport"
"html/css/menu/Menu.css","305",".news_item div","bottom","0px","reference_only","not_run","Resolve cascade and enclosing media conditions at source line; compare equivalent Bevy layout at target viewport"
"html/css/menu/Menu.css","305",".news_item div","width","100%","reference_only","not_run","Resolve cascade and enclosing media conditions at source line; compare equivalent Bevy layout at target viewport"
"html/css/menu/Menu.css","305",".news_item div","left","0","reference_only","not_run","Resolve cascade and enclosing media conditions at source line; compare equivalent Bevy layout at target viewport"
"html/css/menu/Menu.css","328",".news_item","height","128px","reference_only","not_run","Resolve cascade and enclosing media conditions at source line; compare equivalent Bevy layout at target viewport"
"html/css/menu/Menu.css","328",".news_item","width","256px","reference_only","not_run","Resolve cascade and enclosing media conditions at source line; compare equivalent Bevy layout at target viewport"
"html/css/menu/Menu.css","333",".news_item div font","font-size","x-small","reference_only","not_run","Resolve cascade and enclosing media conditions at source line; compare equivalent Bevy layout at target viewport"
"html/css/menu/Menu.css","338",".news_item div","font-size","medium","reference_only","not_run","Resolve cascade and enclosing media conditions at source line; compare equivalent Bevy layout at target viewport"
"html/css/menu/Menu.css","347",".news","right","5px","reference_only","not_run","Resolve cascade and enclosing media conditions at source line; compare equivalent Bevy layout at target viewport"
"html/css/menu/Menu.css","347",".news","top","65px","reference_only","not_run","Resolve cascade and enclosing media conditions at source line; compare equivalent Bevy layout at target viewport"
"html/css/menu/NavBar.css","1","#NavBar","position","absolute","reference_only","not_run","Resolve cascade and enclosing media conditions at source line; compare equivalent Bevy layout at target viewport"
"html/css/menu/NavBar.css","1","#NavBar","bottom","0px","reference_only","not_run","Resolve cascade and enclosing media conditions at source line; compare equivalent Bevy layout at target viewport"
"html/css/menu/NavBar.css","1","#NavBar","height","50px","reference_only","not_run","Resolve cascade and enclosing media conditions at source line; compare equivalent Bevy layout at target viewport"
"html/css/menu/NavBar.css","1","#NavBar","left","0","reference_only","not_run","Resolve cascade and enclosing media conditions at source line; compare equivalent Bevy layout at target viewport"
"html/css/menu/NavBar.css","1","#NavBar","right","0","reference_only","not_run","Resolve cascade and enclosing media conditions at source line; compare equivalent Bevy layout at target viewport"
"html/css/menu/NavBar.css","1","#NavBar","background-color","rgba( 0, 0, 0, 0.5 )","reference_only","not_run","Resolve cascade and enclosing media conditions at source line; compare equivalent Bevy layout at target viewport"
"html/css/menu/NavBar.css","1","#NavBar","display","-webkit-box","reference_only","not_run","Resolve cascade and enclosing media conditions at source line; compare equivalent Bevy layout at target viewport"
"html/css/menu/NavBar.css","11","#NavBar .group","display","-webkit-box","reference_only","not_run","Resolve cascade and enclosing media conditions at source line; compare equivalent Bevy layout at target viewport"
"html/css/menu/NavBar.css","16","#NavBar .group.left","padding-left","5px","reference_only","not_run","Resolve cascade and enclosing media conditions at source line; compare equivalent Bevy layout at target viewport"
"html/css/menu/NavBar.css","21","#NavBar .group.center","margin","0 10%","reference_only","not_run","Resolve cascade and enclosing media conditions at source line; compare equivalent Bevy layout at target viewport"
"html/css/menu/NavBar.css","28","#NavBar .button, UL.popup LI","display","inline-block","reference_only","not_run","Resolve cascade and enclosing media conditions at source line; compare equivalent Bevy layout at target viewport"
"html/css/menu/NavBar.css","28","#NavBar .button, UL.popup LI","box-sizing","border-box","reference_only","not_run","Resolve cascade and enclosing media conditions at source line; compare equivalent Bevy layout at target viewport"
"html/css/menu/NavBar.css","28","#NavBar .button, UL.popup LI","background-color","#fff","reference_only","not_run","Resolve cascade and enclosing media conditions at source line; compare equivalent Bevy layout at target viewport"
"html/css/menu/NavBar.css","28","#NavBar .button, UL.popup LI","border-radius","4px","reference_only","not_run","Resolve cascade and enclosing media conditions at source line; compare equivalent Bevy layout at target viewport"
"html/css/menu/NavBar.css","28","#NavBar .button, UL.popup LI","height","40px","reference_only","not_run","Resolve cascade and enclosing media conditions at source line; compare equivalent Bevy layout at target viewport"
"html/css/menu/NavBar.css","28","#NavBar .button, UL.popup LI","padding-left","35px","reference_only","not_run","Resolve cascade and enclosing media conditions at source line; compare equivalent Bevy layout at target viewport"
"html/css/menu/NavBar.css","28","#NavBar .button, UL.popup LI","position","relative","reference_only","not_run","Resolve cascade and enclosing media conditions at source line; compare equivalent Bevy layout at target viewport"
"html/css/menu/NavBar.css","28","#NavBar .button, UL.popup LI","margin-right","3px","reference_only","not_run","Resolve cascade and enclosing media conditions at source line; compare equivalent Bevy layout at target viewport"
"html/css/menu/NavBar.css","28","#NavBar .button, UL.popup LI","margin-top","5px","reference_only","not_run","Resolve cascade and enclosing media conditions at source line; compare equivalent Bevy layout at target viewport"
"html/css/menu/NavBar.css","28","#NavBar .button, UL.popup LI","font-size","11px","reference_only","not_run","Resolve cascade and enclosing media conditions at source line; compare equivalent Bevy layout at target viewport"
"html/css/menu/NavBar.css","28","#NavBar .button, UL.popup LI","text-align","left","reference_only","not_run","Resolve cascade and enclosing media conditions at source line; compare equivalent Bevy layout at target viewport"
"html/css/menu/NavBar.css","28","#NavBar .button, UL.popup LI","font-weight","bold","reference_only","not_run","Resolve cascade and enclosing media conditions at source line; compare equivalent Bevy layout at target viewport"
"html/css/menu/NavBar.css","28","#NavBar .button, UL.popup LI","white-space","nowrap","reference_only","not_run","Resolve cascade and enclosing media conditions at source line; compare equivalent Bevy layout at target viewport"
"html/css/menu/NavBar.css","28","#NavBar .button, UL.popup LI","overflow","hidden","reference_only","not_run","Resolve cascade and enclosing media conditions at source line; compare equivalent Bevy layout at target viewport"
"html/css/menu/NavBar.css","28","#NavBar .button, UL.popup LI","vertical-align","top","reference_only","not_run","Resolve cascade and enclosing media conditions at source line; compare equivalent Bevy layout at target viewport"
"html/css/menu/NavBar.css","55","#NavBar .smallicon","min-width","40px","reference_only","not_run","Resolve cascade and enclosing media conditions at source line; compare equivalent Bevy layout at target viewport"
"html/css/menu/NavBar.css","55","#NavBar .smallicon","padding","0","reference_only","not_run","Resolve cascade and enclosing media conditions at source line; compare equivalent Bevy layout at target viewport"
"html/css/menu/NavBar.css","55","#NavBar .smallicon","text-align","center","reference_only","not_run","Resolve cascade and enclosing media conditions at source line; compare equivalent Bevy layout at target viewport"
"html/css/menu/NavBar.css","62","#NavBar .smallicon.hidelabel span","padding-left","35px","reference_only","not_run","Resolve cascade and enclosing media conditions at source line; compare equivalent Bevy layout at target viewport"
"html/css/menu/NavBar.css","66","#NavBar .smallicon img","margin-top","7px","reference_only","not_run","Resolve cascade and enclosing media conditions at source line; compare equivalent Bevy layout at target viewport"
"html/css/menu/NavBar.css","66","#NavBar .smallicon img","margin-left","7px","reference_only","not_run","Resolve cascade and enclosing media conditions at source line; compare equivalent Bevy layout at target viewport"
"html/css/menu/NavBar.css","72","#NavBar .bigicon","min-width","5px","reference_only","not_run","Resolve cascade and enclosing media conditions at source line; compare equivalent Bevy layout at target viewport"
"html/css/menu/NavBar.css","77","#NavBar .bigicon img","margin-top","-1px","reference_only","not_run","Resolve cascade and enclosing media conditions at source line; compare equivalent Bevy layout at target viewport"
"html/css/menu/NavBar.css","77","#NavBar .bigicon img","margin-left","-1px","reference_only","not_run","Resolve cascade and enclosing media conditions at source line; compare equivalent Bevy layout at target viewport"
"html/css/menu/NavBar.css","83","#NavBar .button SPAN, UL.gamemode_list LI SPAN, UL.language_list LI SPAN","color","#333","reference_only","not_run","Resolve cascade and enclosing media conditions at source line; compare equivalent Bevy layout at target viewport"
"html/css/menu/NavBar.css","83","#NavBar .button SPAN, UL.gamemode_list LI SPAN, UL.language_list LI SPAN","position","relative","reference_only","not_run","Resolve cascade and enclosing media conditions at source line; compare equivalent Bevy layout at target viewport"
"html/css/menu/NavBar.css","83","#NavBar .button SPAN, UL.gamemode_list LI SPAN, UL.language_list LI SPAN","top","13px","reference_only","not_run","Resolve cascade and enclosing media conditions at source line; compare equivalent Bevy layout at target viewport"
"html/css/menu/NavBar.css","83","#NavBar .button SPAN, UL.gamemode_list LI SPAN, UL.language_list LI SPAN","padding-left","10px","reference_only","not_run","Resolve cascade and enclosing media conditions at source line; compare equivalent Bevy layout at target viewport"
"html/css/menu/NavBar.css","83","#NavBar .button SPAN, UL.gamemode_list LI SPAN, UL.language_list LI SPAN","padding-right","10px","reference_only","not_run","Resolve cascade and enclosing media conditions at source line; compare equivalent Bevy layout at target viewport"
"html/css/menu/NavBar.css","92","#NavBar .button IMG, UL.gamemode_list LI IMG, UL.language_list LI IMG","position","absolute","reference_only","not_run","Resolve cascade and enclosing media conditions at source line; compare equivalent Bevy layout at target viewport"
"html/css/menu/NavBar.css","92","#NavBar .button IMG, UL.gamemode_list LI IMG, UL.language_list LI IMG","left","5px","reference_only","not_run","Resolve cascade and enclosing media conditions at source line; compare equivalent Bevy layout at target viewport"
"html/css/menu/NavBar.css","92","#NavBar .button IMG, UL.gamemode_list LI IMG, UL.language_list LI IMG","top","5px","reference_only","not_run","Resolve cascade and enclosing media conditions at source line; compare equivalent Bevy layout at target viewport"
"html/css/menu/NavBar.css","99","#NavBar #BackToMenu","padding-right","5px","reference_only","not_run","Resolve cascade and enclosing media conditions at source line; compare equivalent Bevy layout at target viewport"
"html/css/menu/NavBar.css","104","#NavBar #BackToMenu SPAN","top","14px","reference_only","not_run","Resolve cascade and enclosing media conditions at source line; compare equivalent Bevy layout at target viewport"
"html/css/menu/NavBar.css","104","#NavBar #BackToMenu SPAN","margin-left","2px","reference_only","not_run","Resolve cascade and enclosing media conditions at source line; compare equivalent Bevy layout at target viewport"
"html/css/menu/NavBar.css","110","#NavBar #BackToMenu IMG","margin-left","0px","reference_only","not_run","Resolve cascade and enclosing media conditions at source line; compare equivalent Bevy layout at target viewport"
"html/css/menu/NavBar.css","110","#NavBar #BackToMenu IMG","margin-top","-1px","reference_only","not_run","Resolve cascade and enclosing media conditions at source line; compare equivalent Bevy layout at target viewport"
"html/css/menu/NavBar.css","116","#NavBar number","padding","5px","reference_only","not_run","Resolve cascade and enclosing media conditions at source line; compare equivalent Bevy layout at target viewport"
"html/css/menu/NavBar.css","116","#NavBar number","position","absolute","reference_only","not_run","Resolve cascade and enclosing media conditions at source line; compare equivalent Bevy layout at target viewport"
"html/css/menu/NavBar.css","116","#NavBar number","top","-10px","reference_only","not_run","Resolve cascade and enclosing media conditions at source line; compare equivalent Bevy layout at target viewport"
"html/css/menu/NavBar.css","116","#NavBar number","left","-7px","reference_only","not_run","Resolve cascade and enclosing media conditions at source line; compare equivalent Bevy layout at target viewport"
"html/css/menu/NavBar.css","116","#NavBar number","border-radius","4px","reference_only","not_run","Resolve cascade and enclosing media conditions at source line; compare equivalent Bevy layout at target viewport"
"html/css/menu/NavBar.css","131","#NavBar number.severity2","color","white","reference_only","not_run","Resolve cascade and enclosing media conditions at source line; compare equivalent Bevy layout at target viewport"
"html/css/menu/NavBar.css","137","UL.games_list","right","150px","reference_only","not_run","Resolve cascade and enclosing media conditions at source line; compare equivalent Bevy layout at target viewport"
"html/css/menu/NavBar.css","137","UL.games_list","width","260px","reference_only","not_run","Resolve cascade and enclosing media conditions at source line; compare equivalent Bevy layout at target viewport"
"html/css/menu/NavBar.css","137","UL.games_list","overflow","auto","reference_only","not_run","Resolve cascade and enclosing media conditions at source line; compare equivalent Bevy layout at target viewport"
"html/css/menu/NavBar.css","137","UL.games_list","max-height","300px","reference_only","not_run","Resolve cascade and enclosing media conditions at source line; compare equivalent Bevy layout at target viewport"
"html/css/menu/NavBar.css","137","UL.games_list","padding","0","reference_only","not_run","Resolve cascade and enclosing media conditions at source line; compare equivalent Bevy layout at target viewport"
"html/css/menu/NavBar.css","147","ul.games_list .popup .open","display","flex","reference_only","not_run","Resolve cascade and enclosing media conditions at source line; compare equivalent Bevy layout at target viewport"
"html/css/menu/NavBar.css","147","ul.games_list .popup .open","display","-webkit-box","reference_only","not_run","Resolve cascade and enclosing media conditions at source line; compare equivalent Bevy layout at target viewport"
"html/css/menu/NavBar.css","156","UL.games_list LI","padding","0","reference_only","not_run","Resolve cascade and enclosing media conditions at source line; compare equivalent Bevy layout at target viewport"
"html/css/menu/NavBar.css","156","UL.games_list LI","height","20px","reference_only","not_run","Resolve cascade and enclosing media conditions at source line; compare equivalent Bevy layout at target viewport"
"html/css/menu/NavBar.css","156","UL.games_list LI","line-height","inherit","reference_only","not_run","Resolve cascade and enclosing media conditions at source line; compare equivalent Bevy layout at target viewport"
"html/css/menu/NavBar.css","156","UL.games_list LI","white-space","nowrap","reference_only","not_run","Resolve cascade and enclosing media conditions at source line; compare equivalent Bevy layout at target viewport"
"html/css/menu/NavBar.css","156","UL.games_list LI","overflow","hidden","reference_only","not_run","Resolve cascade and enclosing media conditions at source line; compare equivalent Bevy layout at target viewport"
"html/css/menu/NavBar.css","156","UL.games_list LI","display","block","reference_only","not_run","Resolve cascade and enclosing media conditions at source line; compare equivalent Bevy layout at target viewport"
"html/css/menu/NavBar.css","156","UL.games_list LI","border-radius","2px","reference_only","not_run","Resolve cascade and enclosing media conditions at source line; compare equivalent Bevy layout at target viewport"
"html/css/menu/NavBar.css","156","UL.games_list LI","margin","0","reference_only","not_run","Resolve cascade and enclosing media conditions at source line; compare equivalent Bevy layout at target viewport"
"html/css/menu/NavBar.css","156","UL.games_list LI","margin-right","2px","reference_only","not_run","Resolve cascade and enclosing media conditions at source line; compare equivalent Bevy layout at target viewport"
"html/css/menu/NavBar.css","156","UL.games_list LI","margin-bottom","2px","reference_only","not_run","Resolve cascade and enclosing media conditions at source line; compare equivalent Bevy layout at target viewport"
"html/css/menu/NavBar.css","156","UL.games_list LI","position","relative","reference_only","not_run","Resolve cascade and enclosing media conditions at source line; compare equivalent Bevy layout at target viewport"
"html/css/menu/NavBar.css","171","UL.games_list LI:last-child","margin-bottom","0px","reference_only","not_run","Resolve cascade and enclosing media conditions at source line; compare equivalent Bevy layout at target viewport"
"html/css/menu/NavBar.css","176","UL.games_list LI span","position","absolute","reference_only","not_run","Resolve cascade and enclosing media conditions at source line; compare equivalent Bevy layout at target viewport"
"html/css/menu/NavBar.css","176","UL.games_list LI span","left","25px","reference_only","not_run","Resolve cascade and enclosing media conditions at source line; compare equivalent Bevy layout at target viewport"
"html/css/menu/NavBar.css","176","UL.games_list LI span","right","22px","reference_only","not_run","Resolve cascade and enclosing media conditions at source line; compare equivalent Bevy layout at target viewport"
"html/css/menu/NavBar.css","176","UL.games_list LI span","top","3px","reference_only","not_run","Resolve cascade and enclosing media conditions at source line; compare equivalent Bevy layout at target viewport"
"html/css/menu/NavBar.css","184","UL.games_list LI IMG","position","absolute","reference_only","not_run","Resolve cascade and enclosing media conditions at source line; compare equivalent Bevy layout at target viewport"
"html/css/menu/NavBar.css","184","UL.games_list LI IMG","left","2px","reference_only","not_run","Resolve cascade and enclosing media conditions at source line; compare equivalent Bevy layout at target viewport"
"html/css/menu/NavBar.css","184","UL.games_list LI IMG","top","2px","reference_only","not_run","Resolve cascade and enclosing media conditions at source line; compare equivalent Bevy layout at target viewport"
"html/css/menu/NavBar.css","211","UL.gamemode_list","overflow","auto","reference_only","not_run","Resolve cascade and enclosing media conditions at source line; compare equivalent Bevy layout at target viewport"
"html/css/menu/NavBar.css","211","UL.gamemode_list","max-height","80%","reference_only","not_run","Resolve cascade and enclosing media conditions at source line; compare equivalent Bevy layout at target viewport"
"html/css/menu/NavBar.css","218","UL.gamemode_list LI","display","inherit","reference_only","not_run","Resolve cascade and enclosing media conditions at source line; compare equivalent Bevy layout at target viewport"
"html/css/menu/NavBar.css","218","UL.gamemode_list LI","margin","3px","reference_only","not_run","Resolve cascade and enclosing media conditions at source line; compare equivalent Bevy layout at target viewport"
"html/css/menu/NavBar.css","218","UL.gamemode_list LI","border-radius","0","reference_only","not_run","Resolve cascade and enclosing media conditions at source line; compare equivalent Bevy layout at target viewport"
"html/css/menu/NavBar.css","218","UL.gamemode_list LI","background-color","#eee","reference_only","not_run","Resolve cascade and enclosing media conditions at source line; compare equivalent Bevy layout at target viewport"
"html/css/menu/NavBar.css","218","UL.gamemode_list LI","margin","0 0 2px 0","reference_only","not_run","Resolve cascade and enclosing media conditions at source line; compare equivalent Bevy layout at target viewport"
"html/css/menu/NavBar.css","227","UL.gamemode_list LI:hover","background-color","#fff","reference_only","not_run","Resolve cascade and enclosing media conditions at source line; compare equivalent Bevy layout at target viewport"
"html/css/menu/NavBar.css","232","UL.gamemode_list LI:first-child","border-radius","3px 3px 0 0","reference_only","not_run","Resolve cascade and enclosing media conditions at source line; compare equivalent Bevy layout at target viewport"
"html/css/menu/NavBar.css","237","UL.gamemode_list LI:last-child","margin-bottom","0","reference_only","not_run","Resolve cascade and enclosing media conditions at source line; compare equivalent Bevy layout at target viewport"
"html/css/menu/NavBar.css","237","UL.gamemode_list LI:last-child","border-radius","0 0 3px 3px","reference_only","not_run","Resolve cascade and enclosing media conditions at source line; compare equivalent Bevy layout at target viewport"
"html/css/menu/NavBar.css","243","UL.language_list","right","100px","reference_only","not_run","Resolve cascade and enclosing media conditions at source line; compare equivalent Bevy layout at target viewport"
"html/css/menu/NavBar.css","243","UL.language_list","background-color","#eee","reference_only","not_run","Resolve cascade and enclosing media conditions at source line; compare equivalent Bevy layout at target viewport"
"html/css/menu/NavBar.css","243","UL.language_list","text-align","center","reference_only","not_run","Resolve cascade and enclosing media conditions at source line; compare equivalent Bevy layout at target viewport"
"html/css/menu/NavBar.css","243","UL.language_list","padding-bottom","4px","reference_only","not_run","Resolve cascade and enclosing media conditions at source line; compare equivalent Bevy layout at target viewport"
"html/css/menu/NavBar.css","252","UL.language_list LI","display","inline-block","reference_only","not_run","Resolve cascade and enclosing media conditions at source line; compare equivalent Bevy layout at target viewport"
"html/css/menu/NavBar.css","252","UL.language_list LI","width","26px","reference_only","not_run","Resolve cascade and enclosing media conditions at source line; compare equivalent Bevy layout at target viewport"
"html/css/menu/NavBar.css","252","UL.language_list LI","height","24px","reference_only","not_run","Resolve cascade and enclosing media conditions at source line; compare equivalent Bevy layout at target viewport"
"html/css/menu/NavBar.css","252","UL.language_list LI","padding","0","reference_only","not_run","Resolve cascade and enclosing media conditions at source line; compare equivalent Bevy layout at target viewport"
"html/css/menu/NavBar.css","252","UL.language_list LI","background-color","transparent","reference_only","not_run","Resolve cascade and enclosing media conditions at source line; compare equivalent Bevy layout at target viewport"
"html/css/menu/NavBar.css","266","UL.language_list LI:hover","background-color","#fff","reference_only","not_run","Resolve cascade and enclosing media conditions at source line; compare equivalent Bevy layout at target viewport"
"html/css/menu/NavBar.css","271","::-webkit-scrollbar","width","8px","reference_only","not_run","Resolve cascade and enclosing media conditions at source line; compare equivalent Bevy layout at target viewport"
"html/css/menu/NavBar.css","271","::-webkit-scrollbar","height","8px","reference_only","not_run","Resolve cascade and enclosing media conditions at source line; compare equivalent Bevy layout at target viewport"
"html/css/menu/NavBar.css","271","::-webkit-scrollbar","background-color","rgb( 250, 250, 250 )","reference_only","not_run","Resolve cascade and enclosing media conditions at source line; compare equivalent Bevy layout at target viewport"
"html/css/menu/NavBar.css","271","::-webkit-scrollbar","border-radius","1px","reference_only","not_run","Resolve cascade and enclosing media conditions at source line; compare equivalent Bevy layout at target viewport"
"html/css/menu/NavBar.css","279","::-webkit-scrollbar-thumb","background-color","rgb( 180, 180, 180)","reference_only","not_run","Resolve cascade and enclosing media conditions at source line; compare equivalent Bevy layout at target viewport"
"html/css/menu/NavBar.css","279","::-webkit-scrollbar-thumb","border-radius","2px","reference_only","not_run","Resolve cascade and enclosing media conditions at source line; compare equivalent Bevy layout at target viewport"
"html/css/menu/NavBar.css","285",".popup","position","absolute","reference_only","not_run","Resolve cascade and enclosing media conditions at source line; compare equivalent Bevy layout at target viewport"
"html/css/menu/NavBar.css","285",".popup","bottom","50px","reference_only","not_run","Resolve cascade and enclosing media conditions at source line; compare equivalent Bevy layout at target viewport"
"html/css/menu/NavBar.css","285",".popup","right","10px","reference_only","not_run","Resolve cascade and enclosing media conditions at source line; compare equivalent Bevy layout at target viewport"
"html/css/menu/NavBar.css","285",".popup","width","230px","reference_only","not_run","Resolve cascade and enclosing media conditions at source line; compare equivalent Bevy layout at target viewport"
"html/css/menu/NavBar.css","285",".popup","background-color","#333","reference_only","not_run","Resolve cascade and enclosing media conditions at source line; compare equivalent Bevy layout at target viewport"
"html/css/menu/NavBar.css","285",".popup","z-index","1000","reference_only","not_run","Resolve cascade and enclosing media conditions at source line; compare equivalent Bevy layout at target viewport"
"html/css/menu/NavBar.css","285",".popup","padding","0px","reference_only","not_run","Resolve cascade and enclosing media conditions at source line; compare equivalent Bevy layout at target viewport"
"html/css/menu/NavBar.css","285",".popup","border-radius","3px","reference_only","not_run","Resolve cascade and enclosing media conditions at source line; compare equivalent Bevy layout at target viewport"
"html/css/menu/NavBar.css","285",".popup","margin","3px","reference_only","not_run","Resolve cascade and enclosing media conditions at source line; compare equivalent Bevy layout at target viewport"
"html/css/menu/NavBar.css","285",".popup","display","none","reference_only","not_run","Resolve cascade and enclosing media conditions at source line; compare equivalent Bevy layout at target viewport"
"html/css/menu/NavBar.css","306",".popup HR","margin-right","2px","reference_only","not_run","Resolve cascade and enclosing media conditions at source line; compare equivalent Bevy layout at target viewport"
"html/css/menu/NavBar.css","311",".kinect_settings","right","150px","reference_only","not_run","Resolve cascade and enclosing media conditions at source line; compare equivalent Bevy layout at target viewport"
"html/css/menu/NavBar.css","311",".kinect_settings","width","230px","reference_only","not_run","Resolve cascade and enclosing media conditions at source line; compare equivalent Bevy layout at target viewport"
"html/css/menu/NavBar.css","311",".kinect_settings","overflow","auto","reference_only","not_run","Resolve cascade and enclosing media conditions at source line; compare equivalent Bevy layout at target viewport"
"html/css/menu/NavBar.css","311",".kinect_settings","max-height","300px","reference_only","not_run","Resolve cascade and enclosing media conditions at source line; compare equivalent Bevy layout at target viewport"
"html/css/menu/NavBar.css","311",".kinect_settings","padding","0","reference_only","not_run","Resolve cascade and enclosing media conditions at source line; compare equivalent Bevy layout at target viewport"
"html/css/menu/NavBar.css","321",".kinect_settings LI","display","block !important","reference_only","not_run","Resolve cascade and enclosing media conditions at source line; compare equivalent Bevy layout at target viewport"
"html/css/menu/NavBar.css","321",".kinect_settings LI","margin","0 !important","reference_only","not_run","Resolve cascade and enclosing media conditions at source line; compare equivalent Bevy layout at target viewport"
"html/css/menu/NavBar.css","321",".kinect_settings LI","height","auto !important","reference_only","not_run","Resolve cascade and enclosing media conditions at source line; compare equivalent Bevy layout at target viewport"
"html/css/menu/NavBar.css","321",".kinect_settings LI","padding","2px 16px !important","reference_only","not_run","Resolve cascade and enclosing media conditions at source line; compare equivalent Bevy layout at target viewport"
"html/css/menu/NavBar.css","333","#NavBar .hidelabel span","display","none","reference_only","not_run","Resolve cascade and enclosing media conditions at source line; compare equivalent Bevy layout at target viewport"
"html/css/menu/NavBar.css","337","#NavBar .group.center","margin","0px 15px","reference_only","not_run","Resolve cascade and enclosing media conditions at source line; compare equivalent Bevy layout at target viewport"
"html/css/menu/NewGame.css","1","UL.category LI.mapicon IMG.thumbnail","width","128px","reference_only","not_run","Resolve cascade and enclosing media conditions at source line; compare equivalent Bevy layout at target viewport"
"html/css/menu/NewGame.css","1","UL.category LI.mapicon IMG.thumbnail","height","128px","reference_only","not_run","Resolve cascade and enclosing media conditions at source line; compare equivalent Bevy layout at target viewport"
"html/css/menu/NewGame.css","6","UL.category LI.mapicon IMG.favtoggle","position","absolute","reference_only","not_run","Resolve cascade and enclosing media conditions at source line; compare equivalent Bevy layout at target viewport"
"html/css/menu/NewGame.css","6","UL.category LI.mapicon IMG.favtoggle","top","8px","reference_only","not_run","Resolve cascade and enclosing media conditions at source line; compare equivalent Bevy layout at target viewport"
"html/css/menu/NewGame.css","6","UL.category LI.mapicon IMG.favtoggle","right","8px","reference_only","not_run","Resolve cascade and enclosing media conditions at source line; compare equivalent Bevy layout at target viewport"
"html/css/menu/NewGame.css","28","UL.category LI.mapicon","position","relative","reference_only","not_run","Resolve cascade and enclosing media conditions at source line; compare equivalent Bevy layout at target viewport"
"html/css/menu/NewGame.css","28","UL.category LI.mapicon","width","128px","reference_only","not_run","Resolve cascade and enclosing media conditions at source line; compare equivalent Bevy layout at target viewport"
"html/css/menu/NewGame.css","28","UL.category LI.mapicon","text-align","center","reference_only","not_run","Resolve cascade and enclosing media conditions at source line; compare equivalent Bevy layout at target viewport"
"html/css/menu/NewGame.css","28","UL.category LI.mapicon","font-size","10px","reference_only","not_run","Resolve cascade and enclosing media conditions at source line; compare equivalent Bevy layout at target viewport"
"html/css/menu/NewGame.css","28","UL.category LI.mapicon","padding","6px","reference_only","not_run","Resolve cascade and enclosing media conditions at source line; compare equivalent Bevy layout at target viewport"
"html/css/menu/NewGame.css","28","UL.category LI.mapicon","margin","2px","reference_only","not_run","Resolve cascade and enclosing media conditions at source line; compare equivalent Bevy layout at target viewport"
"html/css/menu/NewGame.css","28","UL.category LI.mapicon","vertical-align","top","reference_only","not_run","Resolve cascade and enclosing media conditions at source line; compare equivalent Bevy layout at target viewport"
"html/css/menu/NewGame.css","45",".maplist","right","256px","reference_only","not_run","Resolve cascade and enclosing media conditions at source line; compare equivalent Bevy layout at target viewport"
"html/css/menu/NewGame.css","45",".maplist","top","16px","reference_only","not_run","Resolve cascade and enclosing media conditions at source line; compare equivalent Bevy layout at target viewport"
"html/css/menu/NewGame.css","45",".maplist","left","16px","reference_only","not_run","Resolve cascade and enclosing media conditions at source line; compare equivalent Bevy layout at target viewport"
"html/css/menu/NewGame.css","45",".maplist","bottom","16px","reference_only","not_run","Resolve cascade and enclosing media conditions at source line; compare equivalent Bevy layout at target viewport"
"html/css/menu/NewGame.css","45",".maplist","position","absolute","reference_only","not_run","Resolve cascade and enclosing media conditions at source line; compare equivalent Bevy layout at target viewport"
"html/css/menu/NewGame.css","45",".maplist","background-color","white","reference_only","not_run","Resolve cascade and enclosing media conditions at source line; compare equivalent Bevy layout at target viewport"
"html/css/menu/NewGame.css","45",".maplist","border-radius","5px","reference_only","not_run","Resolve cascade and enclosing media conditions at source line; compare equivalent Bevy layout at target viewport"
"html/css/menu/NewGame.css","45",".maplist","padding","10px","reference_only","not_run","Resolve cascade and enclosing media conditions at source line; compare equivalent Bevy layout at target viewport"
"html/css/menu/NewGame.css","57",".maplist .controls","width","190px","reference_only","not_run","Resolve cascade and enclosing media conditions at source line; compare equivalent Bevy layout at target viewport"
"html/css/menu/NewGame.css","57",".maplist .controls","position","absolute","reference_only","not_run","Resolve cascade and enclosing media conditions at source line; compare equivalent Bevy layout at target viewport"
"html/css/menu/NewGame.css","57",".maplist .controls","left","10px","reference_only","not_run","Resolve cascade and enclosing media conditions at source line; compare equivalent Bevy layout at target viewport"
"html/css/menu/NewGame.css","57",".maplist .controls","top","10px","reference_only","not_run","Resolve cascade and enclosing media conditions at source line; compare equivalent Bevy layout at target viewport"
"html/css/menu/NewGame.css","57",".maplist .controls","bottom","10px","reference_only","not_run","Resolve cascade and enclosing media conditions at source line; compare equivalent Bevy layout at target viewport"
"html/css/menu/NewGame.css","66","UL.category LI.mapicon.selected","background-color","#97c5ff","reference_only","not_run","Resolve cascade and enclosing media conditions at source line; compare equivalent Bevy layout at target viewport"
"html/css/menu/NewGame.css","66","UL.category LI.mapicon.selected","border-radius","3px","reference_only","not_run","Resolve cascade and enclosing media conditions at source line; compare equivalent Bevy layout at target viewport"
"html/css/menu/NewGame.css","72","gamesettings","right","16px","reference_only","not_run","Resolve cascade and enclosing media conditions at source line; compare equivalent Bevy layout at target viewport"
"html/css/menu/NewGame.css","72","gamesettings","top","16px","reference_only","not_run","Resolve cascade and enclosing media conditions at source line; compare equivalent Bevy layout at target viewport"
"html/css/menu/NewGame.css","72","gamesettings","width","226px","reference_only","not_run","Resolve cascade and enclosing media conditions at source line; compare equivalent Bevy layout at target viewport"
"html/css/menu/NewGame.css","72","gamesettings","bottom","16px","reference_only","not_run","Resolve cascade and enclosing media conditions at source line; compare equivalent Bevy layout at target viewport"
"html/css/menu/NewGame.css","72","gamesettings","position","absolute","reference_only","not_run","Resolve cascade and enclosing media conditions at source line; compare equivalent Bevy layout at target viewport"
"html/css/menu/NewGame.css","72","gamesettings","background-color","white","reference_only","not_run","Resolve cascade and enclosing media conditions at source line; compare equivalent Bevy layout at target viewport"
"html/css/menu/NewGame.css","72","gamesettings","border-radius","5px","reference_only","not_run","Resolve cascade and enclosing media conditions at source line; compare equivalent Bevy layout at target viewport"
"html/css/menu/NewGame.css","83","gamesettings bottom","bottom","0px","reference_only","not_run","Resolve cascade and enclosing media conditions at source line; compare equivalent Bevy layout at target viewport"
"html/css/menu/NewGame.css","83","gamesettings bottom","left","0","reference_only","not_run","Resolve cascade and enclosing media conditions at source line; compare equivalent Bevy layout at target viewport"
"html/css/menu/NewGame.css","83","gamesettings bottom","right","0","reference_only","not_run","Resolve cascade and enclosing media conditions at source line; compare equivalent Bevy layout at target viewport"
"html/css/menu/NewGame.css","83","gamesettings bottom","position","absolute","reference_only","not_run","Resolve cascade and enclosing media conditions at source line; compare equivalent Bevy layout at target viewport"
"html/css/menu/NewGame.css","91","gamesettings bottom button","left","8px","reference_only","not_run","Resolve cascade and enclosing media conditions at source line; compare equivalent Bevy layout at target viewport"
"html/css/menu/NewGame.css","91","gamesettings bottom button","right","8px","reference_only","not_run","Resolve cascade and enclosing media conditions at source line; compare equivalent Bevy layout at target viewport"
"html/css/menu/NewGame.css","91","gamesettings bottom button","bottom","8px","reference_only","not_run","Resolve cascade and enclosing media conditions at source line; compare equivalent Bevy layout at target viewport"
"html/css/menu/NewGame.css","91","gamesettings bottom button","padding","10px","reference_only","not_run","Resolve cascade and enclosing media conditions at source line; compare equivalent Bevy layout at target viewport"
"html/css/menu/NewGame.css","91","gamesettings bottom button","position","absolute","reference_only","not_run","Resolve cascade and enclosing media conditions at source line; compare equivalent Bevy layout at target viewport"
"html/css/menu/NewGame.css","91","gamesettings bottom button","margin","10px","reference_only","not_run","Resolve cascade and enclosing media conditions at source line; compare equivalent Bevy layout at target viewport"
"html/css/menu/NewGame.css","91","gamesettings bottom button","font-size","20px","reference_only","not_run","Resolve cascade and enclosing media conditions at source line; compare equivalent Bevy layout at target viewport"
"html/css/menu/NewGame.css","91","gamesettings bottom button","width","calc(100% - 36px)","reference_only","not_run","Resolve cascade and enclosing media conditions at source line; compare equivalent Bevy layout at target viewport"
"html/css/menu/NewGame.css","103","gamesettings select","width","100%","reference_only","not_run","Resolve cascade and enclosing media conditions at source line; compare equivalent Bevy layout at target viewport"
"html/css/menu/NewGame.css","103","gamesettings select","padding","5px","reference_only","not_run","Resolve cascade and enclosing media conditions at source line; compare equivalent Bevy layout at target viewport"
"html/css/menu/NewGame.css","103","gamesettings select","border-radius","3px","reference_only","not_run","Resolve cascade and enclosing media conditions at source line; compare equivalent Bevy layout at target viewport"
"html/css/menu/NewGame.css","111",".dropdown","position","relative","reference_only","not_run","Resolve cascade and enclosing media conditions at source line; compare equivalent Bevy layout at target viewport"
"html/css/menu/NewGame.css","111",".dropdown","z-index","100","reference_only","not_run","Resolve cascade and enclosing media conditions at source line; compare equivalent Bevy layout at target viewport"
"html/css/menu/NewGame.css","117",".dropdown .label","border-radius","3px","reference_only","not_run","Resolve cascade and enclosing media conditions at source line; compare equivalent Bevy layout at target viewport"
"html/css/menu/NewGame.css","117",".dropdown .label","height","28px","reference_only","not_run","Resolve cascade and enclosing media conditions at source line; compare equivalent Bevy layout at target viewport"
"html/css/menu/NewGame.css","117",".dropdown .label","padding-left","10px","reference_only","not_run","Resolve cascade and enclosing media conditions at source line; compare equivalent Bevy layout at target viewport"
"html/css/menu/NewGame.css","117",".dropdown .label","line-height","28px","reference_only","not_run","Resolve cascade and enclosing media conditions at source line; compare equivalent Bevy layout at target viewport"
"html/css/menu/NewGame.css","117",".dropdown .label","font-weight","bold","reference_only","not_run","Resolve cascade and enclosing media conditions at source line; compare equivalent Bevy layout at target viewport"
"html/css/menu/NewGame.css","117",".dropdown .label","color","white","reference_only","not_run","Resolve cascade and enclosing media conditions at source line; compare equivalent Bevy layout at target viewport"
"html/css/menu/NewGame.css","117",".dropdown .label","vertical-align","middle","reference_only","not_run","Resolve cascade and enclosing media conditions at source line; compare equivalent Bevy layout at target viewport"
"html/css/menu/NewGame.css","140",".dropdown .contents","position","absolute","reference_only","not_run","Resolve cascade and enclosing media conditions at source line; compare equivalent Bevy layout at target viewport"
"html/css/menu/NewGame.css","140",".dropdown .contents","left","0","reference_only","not_run","Resolve cascade and enclosing media conditions at source line; compare equivalent Bevy layout at target viewport"
"html/css/menu/NewGame.css","140",".dropdown .contents","right","0","reference_only","not_run","Resolve cascade and enclosing media conditions at source line; compare equivalent Bevy layout at target viewport"
"html/css/menu/NewGame.css","140",".dropdown .contents","top","31px","reference_only","not_run","Resolve cascade and enclosing media conditions at source line; compare equivalent Bevy layout at target viewport"
"html/css/menu/NewGame.css","140",".dropdown .contents","background-color","#fff","reference_only","not_run","Resolve cascade and enclosing media conditions at source line; compare equivalent Bevy layout at target viewport"
"html/css/menu/NewGame.css","140",".dropdown .contents","border-radius","4px","reference_only","not_run","Resolve cascade and enclosing media conditions at source line; compare equivalent Bevy layout at target viewport"
"html/css/menu/NewGame.css","140",".dropdown .contents","display","none","reference_only","not_run","Resolve cascade and enclosing media conditions at source line; compare equivalent Bevy layout at target viewport"
"html/css/menu/NewGame.css","140",".dropdown .contents","font-size","13px","reference_only","not_run","Resolve cascade and enclosing media conditions at source line; compare equivalent Bevy layout at target viewport"
"html/css/menu/NewGame.css","155",".dropdown .contents div","padding","4px 15px","reference_only","not_run","Resolve cascade and enclosing media conditions at source line; compare equivalent Bevy layout at target viewport"
"html/css/menu/NewGame.css","160",".dropdown .contents div:hover","background-color","#acf","reference_only","not_run","Resolve cascade and enclosing media conditions at source line; compare equivalent Bevy layout at target viewport"
"html/css/menu/NewGame.css","165",".caret","width","0","reference_only","not_run","Resolve cascade and enclosing media conditions at source line; compare equivalent Bevy layout at target viewport"
"html/css/menu/NewGame.css","165",".caret","height","0","reference_only","not_run","Resolve cascade and enclosing media conditions at source line; compare equivalent Bevy layout at target viewport"
"html/css/menu/NewGame.css","165",".caret","vertical-align","top","reference_only","not_run","Resolve cascade and enclosing media conditions at source line; compare equivalent Bevy layout at target viewport"
"html/css/menu/NewGame.css","165",".caret","margin-top","10px","reference_only","not_run","Resolve cascade and enclosing media conditions at source line; compare equivalent Bevy layout at target viewport"
"html/css/menu/NewGame.css","165",".caret","margin-right","10px","reference_only","not_run","Resolve cascade and enclosing media conditions at source line; compare equivalent Bevy layout at target viewport"
"html/css/menu/NewGame.css","179","gamesettings .scrollable","overflow-y","scroll","reference_only","not_run","Resolve cascade and enclosing media conditions at source line; compare equivalent Bevy layout at target viewport"
"html/css/menu/NewGame.css","179","gamesettings .scrollable","margin","10px","reference_only","not_run","Resolve cascade and enclosing media conditions at source line; compare equivalent Bevy layout at target viewport"
"html/css/menu/NewGame.css","179","gamesettings .scrollable","margin-right","0px","reference_only","not_run","Resolve cascade and enclosing media conditions at source line; compare equivalent Bevy layout at target viewport"
"html/css/menu/NewGame.css","179","gamesettings .scrollable","padding-right","2px","reference_only","not_run","Resolve cascade and enclosing media conditions at source line; compare equivalent Bevy layout at target viewport"
"html/css/menu/NewGame.css","188","gamesettings .control","margin-top","8px","reference_only","not_run","Resolve cascade and enclosing media conditions at source line; compare equivalent Bevy layout at target viewport"
"html/css/menu/NewGame.css","193","gamesettings .control:first-child","margin-top","6px","reference_only","not_run","Resolve cascade and enclosing media conditions at source line; compare equivalent Bevy layout at target viewport"
"html/css/menu/NewGame.css","198","gamesettings .control-sub","margin-top","4px","reference_only","not_run","Resolve cascade and enclosing media conditions at source line; compare equivalent Bevy layout at target viewport"
"html/css/menu/NewGame.css","198","gamesettings .control-sub","margin-left","18px","reference_only","not_run","Resolve cascade and enclosing media conditions at source line; compare equivalent Bevy layout at target viewport"
"html/css/menu/NewGame.css","204","gamesettings .control LABEL","font-size","11px","reference_only","not_run","Resolve cascade and enclosing media conditions at source line; compare equivalent Bevy layout at target viewport"
"html/css/menu/NewGame.css","204","gamesettings .control LABEL","color","#666","reference_only","not_run","Resolve cascade and enclosing media conditions at source line; compare equivalent Bevy layout at target viewport"
"html/css/menu/NewGame.css","210","gamesettings .control:not(.control-numeric):not(.control-text) LABEL","position","relative","reference_only","not_run","Resolve cascade and enclosing media conditions at source line; compare equivalent Bevy layout at target viewport"
"html/css/menu/NewGame.css","210","gamesettings .control:not(.control-numeric):not(.control-text) LABEL","top","-2px","reference_only","not_run","Resolve cascade and enclosing media conditions at source line; compare equivalent Bevy layout at target viewport"
"html/css/menu/NewGame.css","216","gamesettings .control-text LABEL","margin-bottom","2px","reference_only","not_run","Resolve cascade and enclosing media conditions at source line; compare equivalent Bevy layout at target viewport"
"html/css/menu/NewGame.css","216","gamesettings .control-text LABEL","display","block","reference_only","not_run","Resolve cascade and enclosing media conditions at source line; compare equivalent Bevy layout at target viewport"
"html/css/menu/NewGame.css","222","gamesettings .control-numeric LABEL","line-height","20px","reference_only","not_run","Resolve cascade and enclosing media conditions at source line; compare equivalent Bevy layout at target viewport"
"html/css/menu/NewGame.css","227","gamesettings .control input[type=text]","width","100%","reference_only","not_run","Resolve cascade and enclosing media conditions at source line; compare equivalent Bevy layout at target viewport"
"html/css/menu/NewGame.css","227","gamesettings .control input[type=text]","padding","4px","reference_only","not_run","Resolve cascade and enclosing media conditions at source line; compare equivalent Bevy layout at target viewport"
"html/css/menu/NewGame.css","233","gamesettings .control-numeric","overflow","hidden","reference_only","not_run","Resolve cascade and enclosing media conditions at source line; compare equivalent Bevy layout at target viewport"
"html/css/menu/NewGame.css","233","gamesettings .control-numeric","margin-top","4px","reference_only","not_run","Resolve cascade and enclosing media conditions at source line; compare equivalent Bevy layout at target viewport"
"html/css/menu/NewGame.css","240","gamesettings .control-numeric input[type=text]","width","44px","reference_only","not_run","Resolve cascade and enclosing media conditions at source line; compare equivalent Bevy layout at target viewport"
"html/css/menu/NewGame.css","240","gamesettings .control-numeric input[type=text]","padding","2px","reference_only","not_run","Resolve cascade and enclosing media conditions at source line; compare equivalent Bevy layout at target viewport"
"html/css/menu/NewGame.css","240","gamesettings .control-numeric input[type=text]","height","20px","reference_only","not_run","Resolve cascade and enclosing media conditions at source line; compare equivalent Bevy layout at target viewport"
"html/css/menu/NewGame.css","248",".controls .search","position","absolute","reference_only","not_run","Resolve cascade and enclosing media conditions at source line; compare equivalent Bevy layout at target viewport"
"html/css/menu/NewGame.css","248",".controls .search","bottom","0px","reference_only","not_run","Resolve cascade and enclosing media conditions at source line; compare equivalent Bevy layout at target viewport"
"html/css/menu/NewGame.css","248",".controls .search","left","0","reference_only","not_run","Resolve cascade and enclosing media conditions at source line; compare equivalent Bevy layout at target viewport"
"html/css/menu/NewGame.css","248",".controls .search","right","0","reference_only","not_run","Resolve cascade and enclosing media conditions at source line; compare equivalent Bevy layout at target viewport"
"html/css/menu/NewGame.css","248",".controls .search","padding","4px","reference_only","not_run","Resolve cascade and enclosing media conditions at source line; compare equivalent Bevy layout at target viewport"
"html/css/menu/NewGame.css","248",".controls .search","width","100%","reference_only","not_run","Resolve cascade and enclosing media conditions at source line; compare equivalent Bevy layout at target viewport"
"html/css/menu/NewGame.css","248",".controls .search","box-sizing","border-box","reference_only","not_run","Resolve cascade and enclosing media conditions at source line; compare equivalent Bevy layout at target viewport"
"html/css/menu/NewGame.css","259",".controls UL","margin","0","reference_only","not_run","Resolve cascade and enclosing media conditions at source line; compare equivalent Bevy layout at target viewport"
"html/css/menu/NewGame.css","259",".controls UL","padding","0","reference_only","not_run","Resolve cascade and enclosing media conditions at source line; compare equivalent Bevy layout at target viewport"
"html/css/menu/NewGame.css","259",".controls UL","overflow","auto","reference_only","not_run","Resolve cascade and enclosing media conditions at source line; compare equivalent Bevy layout at target viewport"
"html/css/menu/NewGame.css","259",".controls UL","position","absolute","reference_only","not_run","Resolve cascade and enclosing media conditions at source line; compare equivalent Bevy layout at target viewport"
"html/css/menu/NewGame.css","259",".controls UL","left","0","reference_only","not_run","Resolve cascade and enclosing media conditions at source line; compare equivalent Bevy layout at target viewport"
"html/css/menu/NewGame.css","259",".controls UL","right","0","reference_only","not_run","Resolve cascade and enclosing media conditions at source line; compare equivalent Bevy layout at target viewport"
"html/css/menu/NewGame.css","259",".controls UL","top","0","reference_only","not_run","Resolve cascade and enclosing media conditions at source line; compare equivalent Bevy layout at target viewport"
"html/css/menu/NewGame.css","259",".controls UL","bottom","32px","reference_only","not_run","Resolve cascade and enclosing media conditions at source line; compare equivalent Bevy layout at target viewport"
"html/css/menu/NewGame.css","272",".controls LI.category","background-color","#ddd","reference_only","not_run","Resolve cascade and enclosing media conditions at source line; compare equivalent Bevy layout at target viewport"
"html/css/menu/NewGame.css","272",".controls LI.category","margin","0","reference_only","not_run","Resolve cascade and enclosing media conditions at source line; compare equivalent Bevy layout at target viewport"
"html/css/menu/NewGame.css","272",".controls LI.category","margin-bottom","5px","reference_only","not_run","Resolve cascade and enclosing media conditions at source line; compare equivalent Bevy layout at target viewport"
"html/css/menu/NewGame.css","272",".controls LI.category","font-size","11px","reference_only","not_run","Resolve cascade and enclosing media conditions at source line; compare equivalent Bevy layout at target viewport"
"html/css/menu/NewGame.css","272",".controls LI.category","font-weight","bold","reference_only","not_run","Resolve cascade and enclosing media conditions at source line; compare equivalent Bevy layout at target viewport"
"html/css/menu/NewGame.css","272",".controls LI.category","border-radius","3px","reference_only","not_run","Resolve cascade and enclosing media conditions at source line; compare equivalent Bevy layout at target viewport"
"html/css/menu/NewGame.css","272",".controls LI.category","color","#555","reference_only","not_run","Resolve cascade and enclosing media conditions at source line; compare equivalent Bevy layout at target viewport"
"html/css/menu/NewGame.css","272",".controls LI.category","height","26px","reference_only","not_run","Resolve cascade and enclosing media conditions at source line; compare equivalent Bevy layout at target viewport"
"html/css/menu/NewGame.css","272",".controls LI.category","position","relative","reference_only","not_run","Resolve cascade and enclosing media conditions at source line; compare equivalent Bevy layout at target viewport"
"html/css/menu/NewGame.css","286",".controls LI.category:hover","background-color","#ccc","reference_only","not_run","Resolve cascade and enclosing media conditions at source line; compare equivalent Bevy layout at target viewport"
"html/css/menu/NewGame.css","291",".controls LI.active","background-color","#9cf !important","reference_only","not_run","Resolve cascade and enclosing media conditions at source line; compare equivalent Bevy layout at target viewport"
"html/css/menu/NewGame.css","291",".controls LI.active","color","#333","reference_only","not_run","Resolve cascade and enclosing media conditions at source line; compare equivalent Bevy layout at target viewport"
"html/css/menu/NewGame.css","297",".controls LI.category .name","position","absolute","reference_only","not_run","Resolve cascade and enclosing media conditions at source line; compare equivalent Bevy layout at target viewport"
"html/css/menu/NewGame.css","297",".controls LI.category .name","left","6px","reference_only","not_run","Resolve cascade and enclosing media conditions at source line; compare equivalent Bevy layout at target viewport"
"html/css/menu/NewGame.css","297",".controls LI.category .name","top","6px","reference_only","not_run","Resolve cascade and enclosing media conditions at source line; compare equivalent Bevy layout at target viewport"
"html/css/menu/NewGame.css","297",".controls LI.category .name","bottom","0","reference_only","not_run","Resolve cascade and enclosing media conditions at source line; compare equivalent Bevy layout at target viewport"
"html/css/menu/NewGame.css","297",".controls LI.category .name","right","32px","reference_only","not_run","Resolve cascade and enclosing media conditions at source line; compare equivalent Bevy layout at target viewport"
"html/css/menu/NewGame.css","297",".controls LI.category .name","overflow","hidden","reference_only","not_run","Resolve cascade and enclosing media conditions at source line; compare equivalent Bevy layout at target viewport"
"html/css/menu/NewGame.css","297",".controls LI.category .name","white-space","nowrap","reference_only","not_run","Resolve cascade and enclosing media conditions at source line; compare equivalent Bevy layout at target viewport"
"html/css/menu/NewGame.css","308",".controls LI.category .count","background-color","#fff","reference_only","not_run","Resolve cascade and enclosing media conditions at source line; compare equivalent Bevy layout at target viewport"
"html/css/menu/NewGame.css","308",".controls LI.category .count","border-radius","3px","reference_only","not_run","Resolve cascade and enclosing media conditions at source line; compare equivalent Bevy layout at target viewport"
"html/css/menu/NewGame.css","308",".controls LI.category .count","padding","2px 5px","reference_only","not_run","Resolve cascade and enclosing media conditions at source line; compare equivalent Bevy layout at target viewport"
"html/css/menu/NewGame.css","308",".controls LI.category .count","margin","5px","reference_only","not_run","Resolve cascade and enclosing media conditions at source line; compare equivalent Bevy layout at target viewport"
"html/css/menu/NewGame.css","308",".controls LI.category .count","color","#aaa","reference_only","not_run","Resolve cascade and enclosing media conditions at source line; compare equivalent Bevy layout at target viewport"
"html/css/menu/NewGame.css","308",".controls LI.category .count","font-size","10px","reference_only","not_run","Resolve cascade and enclosing media conditions at source line; compare equivalent Bevy layout at target viewport"
"html/css/menu/NewGame.css","308",".controls LI.category .count","overflow","hidden","reference_only","not_run","Resolve cascade and enclosing media conditions at source line; compare equivalent Bevy layout at target viewport"
"html/css/menu/NewGame.css","308",".controls LI.category .count","white-space","nowrap","reference_only","not_run","Resolve cascade and enclosing media conditions at source line; compare equivalent Bevy layout at target viewport"
"html/css/menu/PageOptions.css","1","DIV.page DIV.options","position","absolute","reference_only","not_run","Resolve cascade and enclosing media conditions at source line; compare equivalent Bevy layout at target viewport"
"html/css/menu/PageOptions.css","1","DIV.page DIV.options","left","0","reference_only","not_run","Resolve cascade and enclosing media conditions at source line; compare equivalent Bevy layout at target viewport"
"html/css/menu/PageOptions.css","1","DIV.page DIV.options","top","0","reference_only","not_run","Resolve cascade and enclosing media conditions at source line; compare equivalent Bevy layout at target viewport"
"html/css/menu/PageOptions.css","1","DIV.page DIV.options","width","300px","reference_only","not_run","Resolve cascade and enclosing media conditions at source line; compare equivalent Bevy layout at target viewport"
"html/css/menu/PageOptions.css","1","DIV.page DIV.options","bottom","0px","reference_only","not_run","Resolve cascade and enclosing media conditions at source line; compare equivalent Bevy layout at target viewport"
"html/css/menu/PageOptions.css","1","DIV.page DIV.options","padding-top","50px","reference_only","not_run","Resolve cascade and enclosing media conditions at source line; compare equivalent Bevy layout at target viewport"
"html/css/menu/PageOptions.css","1","DIV.page DIV.options","padding-left","50px","reference_only","not_run","Resolve cascade and enclosing media conditions at source line; compare equivalent Bevy layout at target viewport"
"html/css/menu/PageOptions.css","11","DIV.page DIV.innerpage","position","absolute","reference_only","not_run","Resolve cascade and enclosing media conditions at source line; compare equivalent Bevy layout at target viewport"
"html/css/menu/PageOptions.css","11","DIV.page DIV.innerpage","left","320px","reference_only","not_run","Resolve cascade and enclosing media conditions at source line; compare equivalent Bevy layout at target viewport"
"html/css/menu/PageOptions.css","11","DIV.page DIV.innerpage","top","16px","reference_only","not_run","Resolve cascade and enclosing media conditions at source line; compare equivalent Bevy layout at target viewport"
"html/css/menu/PageOptions.css","11","DIV.page DIV.innerpage","bottom","16px","reference_only","not_run","Resolve cascade and enclosing media conditions at source line; compare equivalent Bevy layout at target viewport"
"html/css/menu/PageOptions.css","11","DIV.page DIV.innerpage","right","16px","reference_only","not_run","Resolve cascade and enclosing media conditions at source line; compare equivalent Bevy layout at target viewport"
"html/css/menu/PageOptions.css","11","DIV.page DIV.innerpage","padding","16px","reference_only","not_run","Resolve cascade and enclosing media conditions at source line; compare equivalent Bevy layout at target viewport"
"html/css/menu/PageOptions.css","11","DIV.page DIV.innerpage","padding-top","0","reference_only","not_run","Resolve cascade and enclosing media conditions at source line; compare equivalent Bevy layout at target viewport"
"html/css/menu/PageOptions.css","22","div.options h2","margin-top","0px","reference_only","not_run","Resolve cascade and enclosing media conditions at source line; compare equivalent Bevy layout at target viewport"
"html/css/menu/PageOptions.css","27","DIV.page DIV.options UL","padding","2px 0px","reference_only","not_run","Resolve cascade and enclosing media conditions at source line; compare equivalent Bevy layout at target viewport"
"html/css/menu/PageOptions.css","27","DIV.page DIV.options UL","margin-left","20px","reference_only","not_run","Resolve cascade and enclosing media conditions at source line; compare equivalent Bevy layout at target viewport"
"html/css/menu/PageOptions.css","34","DIV.page DIV.options UL LI","padding","0px 16px","reference_only","not_run","Resolve cascade and enclosing media conditions at source line; compare equivalent Bevy layout at target viewport"
"html/css/menu/PageOptions.css","34","DIV.page DIV.options UL LI","margin-bottom","1px","reference_only","not_run","Resolve cascade and enclosing media conditions at source line; compare equivalent Bevy layout at target viewport"
"html/css/menu/PageOptions.css","40","DIV.page DIV.options, DIV.page DIV.options A","font-size","23px","reference_only","not_run","Resolve cascade and enclosing media conditions at source line; compare equivalent Bevy layout at target viewport"
"html/css/menu/PageOptions.css","40","DIV.page DIV.options, DIV.page DIV.options A","letter-spacing","-1.0px","reference_only","not_run","Resolve cascade and enclosing media conditions at source line; compare equivalent Bevy layout at target viewport"
"html/css/menu/PageOptions.css","40","DIV.page DIV.options, DIV.page DIV.options A","color","#fff","reference_only","not_run","Resolve cascade and enclosing media conditions at source line; compare equivalent Bevy layout at target viewport"
"html/css/menu/PageOptions.css","40","DIV.page DIV.options, DIV.page DIV.options A","font-weight","bold","reference_only","not_run","Resolve cascade and enclosing media conditions at source line; compare equivalent Bevy layout at target viewport"
"html/css/menu/PageOptions.css","50","DIV.page DIV.options .submenu A, DIV.page DIV.options .submenu LABEL","font-size","17px","reference_only","not_run","Resolve cascade and enclosing media conditions at source line; compare equivalent Bevy layout at target viewport"
"html/css/menu/PageOptions.css","50","DIV.page DIV.options .submenu A, DIV.page DIV.options .submenu LABEL","letter-spacing","0px","reference_only","not_run","Resolve cascade and enclosing media conditions at source line; compare equivalent Bevy layout at target viewport"
"html/css/menu/PageOptions.css","57","DIV.page DIV.options UL.submenu LI","padding","0","reference_only","not_run","Resolve cascade and enclosing media conditions at source line; compare equivalent Bevy layout at target viewport"
"html/css/menu/PageOptions.css","57","DIV.page DIV.options UL.submenu LI","margin","0","reference_only","not_run","Resolve cascade and enclosing media conditions at source line; compare equivalent Bevy layout at target viewport"
"html/css/menu/PageOptions.css","57","DIV.page DIV.options UL.submenu LI","margin-bottom","-4px","reference_only","not_run","Resolve cascade and enclosing media conditions at source line; compare equivalent Bevy layout at target viewport"
"html/css/menu/PageOptions.css","64","DIV.page DIV.options A:hover","color","#ffa","reference_only","not_run","Resolve cascade and enclosing media conditions at source line; compare equivalent Bevy layout at target viewport"
"html/css/menu/PageOptions.css","69","DIV.page DIV.options.active, DIV.page DIV.options A.active","color","#ff5","reference_only","not_run","Resolve cascade and enclosing media conditions at source line; compare equivalent Bevy layout at target viewport"
"html/css/menu/PageOptions.css","74","DIV.page DIV.options .search_bar","padding","2px 4px","reference_only","not_run","Resolve cascade and enclosing media conditions at source line; compare equivalent Bevy layout at target viewport"
"html/css/menu/PageOptions.css","74","DIV.page DIV.options .search_bar","box-sizing","border-box","reference_only","not_run","Resolve cascade and enclosing media conditions at source line; compare equivalent Bevy layout at target viewport"
"html/css/menu/PageOptions.css","74","DIV.page DIV.options .search_bar","margin-top","12px","reference_only","not_run","Resolve cascade and enclosing media conditions at source line; compare equivalent Bevy layout at target viewport"
"html/css/menu/PageOptions.css","74","DIV.page DIV.options .search_bar","margin-bottom","8px","reference_only","not_run","Resolve cascade and enclosing media conditions at source line; compare equivalent Bevy layout at target viewport"
"html/css/menu/PageOptions.css","82","div.ugc_content","position","absolute","reference_only","not_run","Resolve cascade and enclosing media conditions at source line; compare equivalent Bevy layout at target viewport"
"html/css/menu/PageOptions.css","82","div.ugc_content","left","320px","reference_only","not_run","Resolve cascade and enclosing media conditions at source line; compare equivalent Bevy layout at target viewport"
"html/css/menu/PageOptions.css","82","div.ugc_content","top","16px","reference_only","not_run","Resolve cascade and enclosing media conditions at source line; compare equivalent Bevy layout at target viewport"
"html/css/menu/PageOptions.css","82","div.ugc_content","bottom","16px","reference_only","not_run","Resolve cascade and enclosing media conditions at source line; compare equivalent Bevy layout at target viewport"
"html/css/menu/PageOptions.css","82","div.ugc_content","right","16px","reference_only","not_run","Resolve cascade and enclosing media conditions at source line; compare equivalent Bevy layout at target viewport"
"html/css/menu/PageOptions.css","82","div.ugc_content","padding","16px","reference_only","not_run","Resolve cascade and enclosing media conditions at source line; compare equivalent Bevy layout at target viewport"
"html/css/menu/PageOptions.css","82","div.ugc_content","padding-top","0","reference_only","not_run","Resolve cascade and enclosing media conditions at source line; compare equivalent Bevy layout at target viewport"
"html/css/menu/PageOptions.css","96","DIV.page DIV.options UL.submenu LI","margin-bottom","-8px","reference_only","not_run","Resolve cascade and enclosing media conditions at source line; compare equivalent Bevy layout at target viewport"
"html/css/menu/PageOptions.css","104","div.ugc_content","left","200px","reference_only","not_run","Resolve cascade and enclosing media conditions at source line; compare equivalent Bevy layout at target viewport"
"html/css/menu/PageOptions.css","112","DIV.page DIV.options","width","250px","reference_only","not_run","Resolve cascade and enclosing media conditions at source line; compare equivalent Bevy layout at target viewport"
"html/css/menu/PageOptions.css","112","DIV.page DIV.options","font-size","70%","reference_only","not_run","Resolve cascade and enclosing media conditions at source line; compare equivalent Bevy layout at target viewport"
"html/css/menu/PageOptions.css","117","DIV.page DIV.innerpage","left","250px","reference_only","not_run","Resolve cascade and enclosing media conditions at source line; compare equivalent Bevy layout at target viewport"
"html/css/menu/PageOptions.css","122","DIV.page DIV.options, DIV.page DIV.options A","font-size","16px","reference_only","not_run","Resolve cascade and enclosing media conditions at source line; compare equivalent Bevy layout at target viewport"
"html/css/menu/PageOptions.css","127","DIV.page DIV.options UL.submenu LI","margin-bottom","-4px","reference_only","not_run","Resolve cascade and enclosing media conditions at source line; compare equivalent Bevy layout at target viewport"
"html/css/menu/PageOptions.css","136","DIV.page DIV.options","padding-top","0px","reference_only","not_run","Resolve cascade and enclosing media conditions at source line; compare equivalent Bevy layout at target viewport"
"html/css/menu/PageOptions.css","140","DIV.page DIV.options UL","padding","0px","reference_only","not_run","Resolve cascade and enclosing media conditions at source line; compare equivalent Bevy layout at target viewport"
"html/css/menu/PageOptions.css","145","DIV.page DIV.options UL LI","margin-bottom","0px","reference_only","not_run","Resolve cascade and enclosing media conditions at source line; compare equivalent Bevy layout at target viewport"
"html/css/menu/PageOptions.css","150","DIV.page DIV.options, DIV.page DIV.options A","font-size","20px","reference_only","not_run","Resolve cascade and enclosing media conditions at source line; compare equivalent Bevy layout at target viewport"
"html/css/menu/PageOptions.css","150","DIV.page DIV.options, DIV.page DIV.options A","line-height","19px","reference_only","not_run","Resolve cascade and enclosing media conditions at source line; compare equivalent Bevy layout at target viewport"
"html/css/menu/PageOptions.css","160","DIV.page DIV.options UL","margin","0px","reference_only","not_run","Resolve cascade and enclosing media conditions at source line; compare equivalent Bevy layout at target viewport"
"html/css/menu/PageOptions.css","164","DIV.page DIV.options UL li img","display","none","reference_only","not_run","Resolve cascade and enclosing media conditions at source line; compare equivalent Bevy layout at target viewport"
"html/css/menu/PageOptions.css","173","DIV.page DIV.options","padding-top","0px","reference_only","not_run","Resolve cascade and enclosing media conditions at source line; compare equivalent Bevy layout at target viewport"
"html/css/menu/PageOptions.css","173","DIV.page DIV.options","padding-left","0px","reference_only","not_run","Resolve cascade and enclosing media conditions at source line; compare equivalent Bevy layout at target viewport"
"html/css/menu/PageOptions.css","179","div.modaldialog","width","100%","reference_only","not_run","Resolve cascade and enclosing media conditions at source line; compare equivalent Bevy layout at target viewport"
"html/css/menu/PageOptions.css","179","div.modaldialog","height","100%","reference_only","not_run","Resolve cascade and enclosing media conditions at source line; compare equivalent Bevy layout at target viewport"
"html/css/menu/PageOptions.css","179","div.modaldialog","display","-webkit-box","reference_only","not_run","Resolve cascade and enclosing media conditions at source line; compare equivalent Bevy layout at target viewport"
"html/css/menu/PageOptions.css","179","div.modaldialog","position","fixed","reference_only","not_run","Resolve cascade and enclosing media conditions at source line; compare equivalent Bevy layout at target viewport"
"html/css/menu/PageOptions.css","179","div.modaldialog","top","0","reference_only","not_run","Resolve cascade and enclosing media conditions at source line; compare equivalent Bevy layout at target viewport"
"html/css/menu/PageOptions.css","179","div.modaldialog","left","0","reference_only","not_run","Resolve cascade and enclosing media conditions at source line; compare equivalent Bevy layout at target viewport"
"html/css/menu/PageOptions.css","179","div.modaldialog","z-index","9999","reference_only","not_run","Resolve cascade and enclosing media conditions at source line; compare equivalent Bevy layout at target viewport"
"html/css/menu/PageOptions.css","194","div.centermessage","border-radius","5px","reference_only","not_run","Resolve cascade and enclosing media conditions at source line; compare equivalent Bevy layout at target viewport"
"html/css/menu/PageOptions.css","194","div.centermessage","margin","auto","reference_only","not_run","Resolve cascade and enclosing media conditions at source line; compare equivalent Bevy layout at target viewport"
"html/css/menu/PageOptions.css","194","div.centermessage","padding","20px","reference_only","not_run","Resolve cascade and enclosing media conditions at source line; compare equivalent Bevy layout at target viewport"
"html/css/menu/PageOptions.css","194","div.centermessage","max-width","500px","reference_only","not_run","Resolve cascade and enclosing media conditions at source line; compare equivalent Bevy layout at target viewport"
"html/css/menu/PageOptions.css","194","div.centermessage","text-align","center","reference_only","not_run","Resolve cascade and enclosing media conditions at source line; compare equivalent Bevy layout at target viewport"
"html/css/menu/PageOptions.css","205","div.centermessage.left","text-align","left","reference_only","not_run","Resolve cascade and enclosing media conditions at source line; compare equivalent Bevy layout at target viewport"
"html/css/menu/PageOptions.css","209","div.centermessage span","color","black","reference_only","not_run","Resolve cascade and enclosing media conditions at source line; compare equivalent Bevy layout at target viewport"
"html/css/menu/PageOptions.css","209","div.centermessage span","display","block","reference_only","not_run","Resolve cascade and enclosing media conditions at source line; compare equivalent Bevy layout at target viewport"
"html/css/menu/PageOptions.css","209","div.centermessage span","font-size","20px","reference_only","not_run","Resolve cascade and enclosing media conditions at source line; compare equivalent Bevy layout at target viewport"
"html/css/menu/PageOptions.css","209","div.centermessage span","margin-bottom","20px","reference_only","not_run","Resolve cascade and enclosing media conditions at source line; compare equivalent Bevy layout at target viewport"
"html/css/menu/PageOptions.css","218","div.centermessage label","position","relative","reference_only","not_run","Resolve cascade and enclosing media conditions at source line; compare equivalent Bevy layout at target viewport"
"html/css/menu/PageOptions.css","218","div.centermessage label","top","-2px","reference_only","not_run","Resolve cascade and enclosing media conditions at source line; compare equivalent Bevy layout at target viewport"
"html/css/menu/PageOptions.css","225","div.centermessage a","display","block","reference_only","not_run","Resolve cascade and enclosing media conditions at source line; compare equivalent Bevy layout at target viewport"
"html/css/menu/PageOptions.css","225","div.centermessage a","color","black","reference_only","not_run","Resolve cascade and enclosing media conditions at source line; compare equivalent Bevy layout at target viewport"
"html/css/menu/PageOptions.css","225","div.centermessage a","font-size","16px","reference_only","not_run","Resolve cascade and enclosing media conditions at source line; compare equivalent Bevy layout at target viewport"
"html/css/menu/PageOptions.css","225","div.centermessage a","border-radius","4px","reference_only","not_run","Resolve cascade and enclosing media conditions at source line; compare equivalent Bevy layout at target viewport"
"html/css/menu/PageOptions.css","225","div.centermessage a","padding","5px 10px","reference_only","not_run","Resolve cascade and enclosing media conditions at source line; compare equivalent Bevy layout at target viewport"
"html/css/menu/PageOptions.css","225","div.centermessage a","text-align","center","reference_only","not_run","Resolve cascade and enclosing media conditions at source line; compare equivalent Bevy layout at target viewport"
"html/css/menu/PageOptions.css","245","div.centermessage a.big","padding","10px 20px","reference_only","not_run","Resolve cascade and enclosing media conditions at source line; compare equivalent Bevy layout at target viewport"
"html/css/menu/PageOptions.css","245","div.centermessage a.big","font-size","32px","reference_only","not_run","Resolve cascade and enclosing media conditions at source line; compare equivalent Bevy layout at target viewport"
"html/css/menu/PageOptions.css","251","div.centermessage a:not(:last-child)","margin-bottom","5px","reference_only","not_run","Resolve cascade and enclosing media conditions at source line; compare equivalent Bevy layout at target viewport"
"html/css/menu/PageOptions.css","255","div.centermessage a.warning","color","white","reference_only","not_run","Resolve cascade and enclosing media conditions at source line; compare equivalent Bevy layout at target viewport"
"html/css/menu/PageOptions.css","255","div.centermessage a.warning","font-weight","bold","reference_only","not_run","Resolve cascade and enclosing media conditions at source line; compare equivalent Bevy layout at target viewport"
"html/css/menu/PageOptions.css","270","div.centermessage a.create","color","white","reference_only","not_run","Resolve cascade and enclosing media conditions at source line; compare equivalent Bevy layout at target viewport"
"html/css/menu/PageOptions.css","270","div.centermessage a.create","font-weight","bold","reference_only","not_run","Resolve cascade and enclosing media conditions at source line; compare equivalent Bevy layout at target viewport"
"html/css/menu/PageOptions.css","285","div.centermessage a.create.disabled","color","#ccc","reference_only","not_run","Resolve cascade and enclosing media conditions at source line; compare equivalent Bevy layout at target viewport"
"html/css/menu/PageOptions.css","290","input.preset_name","width","100%","reference_only","not_run","Resolve cascade and enclosing media conditions at source line; compare equivalent Bevy layout at target viewport"
"html/css/menu/PageOptions.css","290","input.preset_name","padding","3px 5px","reference_only","not_run","Resolve cascade and enclosing media conditions at source line; compare equivalent Bevy layout at target viewport"
"html/css/menu/PageOptions.css","296","div.centermessage .button","display","block","reference_only","not_run","Resolve cascade and enclosing media conditions at source line; compare equivalent Bevy layout at target viewport"
"html/css/menu/PageOptions.css","296","div.centermessage .button","color","black","reference_only","not_run","Resolve cascade and enclosing media conditions at source line; compare equivalent Bevy layout at target viewport"
"html/css/menu/PageOptions.css","296","div.centermessage .button","font-size","16px","reference_only","not_run","Resolve cascade and enclosing media conditions at source line; compare equivalent Bevy layout at target viewport"
"html/css/menu/PageOptions.css","296","div.centermessage .button","border-radius","4px","reference_only","not_run","Resolve cascade and enclosing media conditions at source line; compare equivalent Bevy layout at target viewport"
"html/css/menu/PageOptions.css","296","div.centermessage .button","padding","5px 10px","reference_only","not_run","Resolve cascade and enclosing media conditions at source line; compare equivalent Bevy layout at target viewport"
"html/css/menu/PageOptions.css","315","div.centermessage div.button","margin-bottom","2px","reference_only","not_run","Resolve cascade and enclosing media conditions at source line; compare equivalent Bevy layout at target viewport"
"html/css/menu/PageOptions.css","315","div.centermessage div.button","position","relative","reference_only","not_run","Resolve cascade and enclosing media conditions at source line; compare equivalent Bevy layout at target viewport"
"html/css/menu/PageOptions.css","322","div.centermessage .wstitle","text-align","left","reference_only","not_run","Resolve cascade and enclosing media conditions at source line; compare equivalent Bevy layout at target viewport"
"html/css/menu/PageOptions.css","322","div.centermessage .wstitle","width","100%","reference_only","not_run","Resolve cascade and enclosing media conditions at source line; compare equivalent Bevy layout at target viewport"
"html/css/menu/PageOptions.css","322","div.centermessage .wstitle","display","inline-block","reference_only","not_run","Resolve cascade and enclosing media conditions at source line; compare equivalent Bevy layout at target viewport"
"html/css/menu/PageOptions.css","322","div.centermessage .wstitle","overflow","hidden","reference_only","not_run","Resolve cascade and enclosing media conditions at source line; compare equivalent Bevy layout at target viewport"
"html/css/menu/PageOptions.css","330","div.centermessage .wssub","width","55px","reference_only","not_run","Resolve cascade and enclosing media conditions at source line; compare equivalent Bevy layout at target viewport"
"html/css/menu/PageOptions.css","330","div.centermessage .wssub","height","28px","reference_only","not_run","Resolve cascade and enclosing media conditions at source line; compare equivalent Bevy layout at target viewport"
"html/css/menu/PageOptions.css","330","div.centermessage .wssub","display","inline-block","reference_only","not_run","Resolve cascade and enclosing media conditions at source line; compare equivalent Bevy layout at target viewport"
"html/css/menu/PageOptions.css","330","div.centermessage .wssub","position","absolute","reference_only","not_run","Resolve cascade and enclosing media conditions at source line; compare equivalent Bevy layout at target viewport"
"html/css/menu/PageOptions.css","330","div.centermessage .wssub","right","0px","reference_only","not_run","Resolve cascade and enclosing media conditions at source line; compare equivalent Bevy layout at target viewport"
"html/css/menu/PageOptions.css","330","div.centermessage .wssub","top","0px","reference_only","not_run","Resolve cascade and enclosing media conditions at source line; compare equivalent Bevy layout at target viewport"
"html/css/menu/PageOptions.css","340","div.centermessage wsbut img","position","relative","reference_only","not_run","Resolve cascade and enclosing media conditions at source line; compare equivalent Bevy layout at target viewport"
"html/css/menu/PageOptions.css","340","div.centermessage wsbut img","top","2px","reference_only","not_run","Resolve cascade and enclosing media conditions at source line; compare equivalent Bevy layout at target viewport"
"html/css/menu/PageOptions.css","340","div.centermessage wsbut img","right","2px","reference_only","not_run","Resolve cascade and enclosing media conditions at source line; compare equivalent Bevy layout at target viewport"
"html/css/menu/Servers.css","1",".servers","position","absolute","reference_only","not_run","Resolve cascade and enclosing media conditions at source line; compare equivalent Bevy layout at target viewport"
"html/css/menu/Servers.css","1",".servers","left","0px","reference_only","not_run","Resolve cascade and enclosing media conditions at source line; compare equivalent Bevy layout at target viewport"
"html/css/menu/Servers.css","1",".servers","top","0px","reference_only","not_run","Resolve cascade and enclosing media conditions at source line; compare equivalent Bevy layout at target viewport"
"html/css/menu/Servers.css","1",".servers","right","0px","reference_only","not_run","Resolve cascade and enclosing media conditions at source line; compare equivalent Bevy layout at target viewport"
"html/css/menu/Servers.css","1",".servers","bottom","0px","reference_only","not_run","Resolve cascade and enclosing media conditions at source line; compare equivalent Bevy layout at target viewport"
"html/css/menu/Servers.css","1",".servers","overflow","auto","reference_only","not_run","Resolve cascade and enclosing media conditions at source line; compare equivalent Bevy layout at target viewport"
"html/css/menu/Servers.css","10",".gamemode","margin-right","5px","reference_only","not_run","Resolve cascade and enclosing media conditions at source line; compare equivalent Bevy layout at target viewport"
"html/css/menu/Servers.css","10",".gamemode","margin-bottom","5px","reference_only","not_run","Resolve cascade and enclosing media conditions at source line; compare equivalent Bevy layout at target viewport"
"html/css/menu/Servers.css","10",".gamemode","background-color","#efefef","reference_only","not_run","Resolve cascade and enclosing media conditions at source line; compare equivalent Bevy layout at target viewport"
"html/css/menu/Servers.css","10",".gamemode","padding","5px 20px","reference_only","not_run","Resolve cascade and enclosing media conditions at source line; compare equivalent Bevy layout at target viewport"
"html/css/menu/Servers.css","10",".gamemode","border-radius","3px","reference_only","not_run","Resolve cascade and enclosing media conditions at source line; compare equivalent Bevy layout at target viewport"
"html/css/menu/Servers.css","10",".gamemode","position","relative","reference_only","not_run","Resolve cascade and enclosing media conditions at source line; compare equivalent Bevy layout at target viewport"
"html/css/menu/Servers.css","10",".gamemode","height","34px","reference_only","not_run","Resolve cascade and enclosing media conditions at source line; compare equivalent Bevy layout at target viewport"
"html/css/menu/Servers.css","10",".gamemode","overflow","hidden","reference_only","not_run","Resolve cascade and enclosing media conditions at source line; compare equivalent Bevy layout at target viewport"
"html/css/menu/Servers.css","29",".gamemode .name","font-weight","bold","reference_only","not_run","Resolve cascade and enclosing media conditions at source line; compare equivalent Bevy layout at target viewport"
"html/css/menu/Servers.css","29",".gamemode .name","position","absolute","reference_only","not_run","Resolve cascade and enclosing media conditions at source line; compare equivalent Bevy layout at target viewport"
"html/css/menu/Servers.css","29",".gamemode .name","left","40px","reference_only","not_run","Resolve cascade and enclosing media conditions at source line; compare equivalent Bevy layout at target viewport"
"html/css/menu/Servers.css","29",".gamemode .name","top","5px","reference_only","not_run","Resolve cascade and enclosing media conditions at source line; compare equivalent Bevy layout at target viewport"
"html/css/menu/Servers.css","29",".gamemode .name","font-size","20px","reference_only","not_run","Resolve cascade and enclosing media conditions at source line; compare equivalent Bevy layout at target viewport"
"html/css/menu/Servers.css","29",".gamemode .name","white-space","nowrap","reference_only","not_run","Resolve cascade and enclosing media conditions at source line; compare equivalent Bevy layout at target viewport"
"html/css/menu/Servers.css","39",".gamemode .name tag","color","#fff","reference_only","not_run","Resolve cascade and enclosing media conditions at source line; compare equivalent Bevy layout at target viewport"
"html/css/menu/Servers.css","39",".gamemode .name tag","padding","1px 12px","reference_only","not_run","Resolve cascade and enclosing media conditions at source line; compare equivalent Bevy layout at target viewport"
"html/css/menu/Servers.css","39",".gamemode .name tag","padding-bottom","2px","reference_only","not_run","Resolve cascade and enclosing media conditions at source line; compare equivalent Bevy layout at target viewport"
"html/css/menu/Servers.css","39",".gamemode .name tag","margin-left","10px","reference_only","not_run","Resolve cascade and enclosing media conditions at source line; compare equivalent Bevy layout at target viewport"
"html/css/menu/Servers.css","39",".gamemode .name tag","font-size","11px","reference_only","not_run","Resolve cascade and enclosing media conditions at source line; compare equivalent Bevy layout at target viewport"
"html/css/menu/Servers.css","39",".gamemode .name tag","font-weight","normal","reference_only","not_run","Resolve cascade and enclosing media conditions at source line; compare equivalent Bevy layout at target viewport"
"html/css/menu/Servers.css","39",".gamemode .name tag","position","relative","reference_only","not_run","Resolve cascade and enclosing media conditions at source line; compare equivalent Bevy layout at target viewport"
"html/css/menu/Servers.css","39",".gamemode .name tag","top","-4px","reference_only","not_run","Resolve cascade and enclosing media conditions at source line; compare equivalent Bevy layout at target viewport"
"html/css/menu/Servers.css","54",".gamemode .stats","text-align","right","reference_only","not_run","Resolve cascade and enclosing media conditions at source line; compare equivalent Bevy layout at target viewport"
"html/css/menu/Servers.css","54",".gamemode .stats","font-size","11px","reference_only","not_run","Resolve cascade and enclosing media conditions at source line; compare equivalent Bevy layout at target viewport"
"html/css/menu/Servers.css","54",".gamemode .stats","color","#555","reference_only","not_run","Resolve cascade and enclosing media conditions at source line; compare equivalent Bevy layout at target viewport"
"html/css/menu/Servers.css","54",".gamemode .stats","position","absolute","reference_only","not_run","Resolve cascade and enclosing media conditions at source line; compare equivalent Bevy layout at target viewport"
"html/css/menu/Servers.css","54",".gamemode .stats","bottom","3px","reference_only","not_run","Resolve cascade and enclosing media conditions at source line; compare equivalent Bevy layout at target viewport"
"html/css/menu/Servers.css","54",".gamemode .stats","left","43px","reference_only","not_run","Resolve cascade and enclosing media conditions at source line; compare equivalent Bevy layout at target viewport"
"html/css/menu/Servers.css","64",".gamemode IMG","font-weight","bold","reference_only","not_run","Resolve cascade and enclosing media conditions at source line; compare equivalent Bevy layout at target viewport"
"html/css/menu/Servers.css","64",".gamemode IMG","width","24px","reference_only","not_run","Resolve cascade and enclosing media conditions at source line; compare equivalent Bevy layout at target viewport"
"html/css/menu/Servers.css","64",".gamemode IMG","height","24px","reference_only","not_run","Resolve cascade and enclosing media conditions at source line; compare equivalent Bevy layout at target viewport"
"html/css/menu/Servers.css","64",".gamemode IMG","position","absolute","reference_only","not_run","Resolve cascade and enclosing media conditions at source line; compare equivalent Bevy layout at target viewport"
"html/css/menu/Servers.css","64",".gamemode IMG","left","5px","reference_only","not_run","Resolve cascade and enclosing media conditions at source line; compare equivalent Bevy layout at target viewport"
"html/css/menu/Servers.css","64",".gamemode IMG","top","9px","reference_only","not_run","Resolve cascade and enclosing media conditions at source line; compare equivalent Bevy layout at target viewport"
"html/css/menu/Servers.css","74","H1 small","color","#888","reference_only","not_run","Resolve cascade and enclosing media conditions at source line; compare equivalent Bevy layout at target viewport"
"html/css/menu/Servers.css","74","H1 small","font-size","50%","reference_only","not_run","Resolve cascade and enclosing media conditions at source line; compare equivalent Bevy layout at target viewport"
"html/css/menu/Servers.css","74","H1 small","font-weight","normal","reference_only","not_run","Resolve cascade and enclosing media conditions at source line; compare equivalent Bevy layout at target viewport"
"html/css/menu/Servers.css","74","H1 small","padding-left","8px","reference_only","not_run","Resolve cascade and enclosing media conditions at source line; compare equivalent Bevy layout at target viewport"
"html/css/menu/Servers.css","82",".serverlist_layout","display","-webkit-box","reference_only","not_run","Resolve cascade and enclosing media conditions at source line; compare equivalent Bevy layout at target viewport"
"html/css/menu/Servers.css","82",".serverlist_layout","position","absolute","reference_only","not_run","Resolve cascade and enclosing media conditions at source line; compare equivalent Bevy layout at target viewport"
"html/css/menu/Servers.css","82",".serverlist_layout","top","90px","reference_only","not_run","Resolve cascade and enclosing media conditions at source line; compare equivalent Bevy layout at target viewport"
"html/css/menu/Servers.css","82",".serverlist_layout","bottom","0px","reference_only","not_run","Resolve cascade and enclosing media conditions at source line; compare equivalent Bevy layout at target viewport"
"html/css/menu/Servers.css","82",".serverlist_layout","left","0px","reference_only","not_run","Resolve cascade and enclosing media conditions at source line; compare equivalent Bevy layout at target viewport"
"html/css/menu/Servers.css","82",".serverlist_layout","right","0px","reference_only","not_run","Resolve cascade and enclosing media conditions at source line; compare equivalent Bevy layout at target viewport"
"html/css/menu/Servers.css","94",".serverlist","position","relative","reference_only","not_run","Resolve cascade and enclosing media conditions at source line; compare equivalent Bevy layout at target viewport"
"html/css/menu/Servers.css","94",".serverlist","background-color","white","reference_only","not_run","Resolve cascade and enclosing media conditions at source line; compare equivalent Bevy layout at target viewport"
"html/css/menu/Servers.css","94",".serverlist","padding","10px","reference_only","not_run","Resolve cascade and enclosing media conditions at source line; compare equivalent Bevy layout at target viewport"
"html/css/menu/Servers.css","94",".serverlist","border-radius","4px","reference_only","not_run","Resolve cascade and enclosing media conditions at source line; compare equivalent Bevy layout at target viewport"
"html/css/menu/Servers.css","94",".serverlist","box-sizing","border-box","reference_only","not_run","Resolve cascade and enclosing media conditions at source line; compare equivalent Bevy layout at target viewport"
"html/css/menu/Servers.css","94",".serverlist","height","100%","reference_only","not_run","Resolve cascade and enclosing media conditions at source line; compare equivalent Bevy layout at target viewport"
"html/css/menu/Servers.css","105",".serverlist.found_servers","top","0px","reference_only","not_run","Resolve cascade and enclosing media conditions at source line; compare equivalent Bevy layout at target viewport"
"html/css/menu/Servers.css","105",".serverlist.found_servers","bottom","0px","reference_only","not_run","Resolve cascade and enclosing media conditions at source line; compare equivalent Bevy layout at target viewport"
"html/css/menu/Servers.css","105",".serverlist.found_servers","left","0px","reference_only","not_run","Resolve cascade and enclosing media conditions at source line; compare equivalent Bevy layout at target viewport"
"html/css/menu/Servers.css","105",".serverlist.found_servers","right","0px","reference_only","not_run","Resolve cascade and enclosing media conditions at source line; compare equivalent Bevy layout at target viewport"
"html/css/menu/Servers.css","105",".serverlist.found_servers","position","relative","reference_only","not_run","Resolve cascade and enclosing media conditions at source line; compare equivalent Bevy layout at target viewport"
"html/css/menu/Servers.css","105",".serverlist.found_servers","margin-top","5px","reference_only","not_run","Resolve cascade and enclosing media conditions at source line; compare equivalent Bevy layout at target viewport"
"html/css/menu/Servers.css","105",".serverlist.found_servers","padding","1px","reference_only","not_run","Resolve cascade and enclosing media conditions at source line; compare equivalent Bevy layout at target viewport"
"html/css/menu/Servers.css","117",".serverlist ping, .serverlist maxplayers, .serverlist players, .serverlist map, .serverlist rank, .serverlist lastvisited","width","50px","reference_only","not_run","Resolve cascade and enclosing media conditions at source line; compare equivalent Bevy layout at target viewport"
"html/css/menu/Servers.css","117",".serverlist ping, .serverlist maxplayers, .serverlist players, .serverlist map, .serverlist rank, .serverlist lastvisited","font-size","11px","reference_only","not_run","Resolve cascade and enclosing media conditions at source line; compare equivalent Bevy layout at target viewport"
"html/css/menu/Servers.css","117",".serverlist ping, .serverlist maxplayers, .serverlist players, .serverlist map, .serverlist rank, .serverlist lastvisited","overflow","hidden","reference_only","not_run","Resolve cascade and enclosing media conditions at source line; compare equivalent Bevy layout at target viewport"
"html/css/menu/Servers.css","117",".serverlist ping, .serverlist maxplayers, .serverlist players, .serverlist map, .serverlist rank, .serverlist lastvisited","text-align","center","reference_only","not_run","Resolve cascade and enclosing media conditions at source line; compare equivalent Bevy layout at target viewport"
"html/css/menu/Servers.css","117",".serverlist ping, .serverlist maxplayers, .serverlist players, .serverlist map, .serverlist rank, .serverlist lastvisited","display","block","reference_only","not_run","Resolve cascade and enclosing media conditions at source line; compare equivalent Bevy layout at target viewport"
"html/css/menu/Servers.css","126",".serverlist name","overflow","hidden","reference_only","not_run","Resolve cascade and enclosing media conditions at source line; compare equivalent Bevy layout at target viewport"
"html/css/menu/Servers.css","126",".serverlist name","white-space","nowrap","reference_only","not_run","Resolve cascade and enclosing media conditions at source line; compare equivalent Bevy layout at target viewport"
"html/css/menu/Servers.css","126",".serverlist name","font-size","13px","reference_only","not_run","Resolve cascade and enclosing media conditions at source line; compare equivalent Bevy layout at target viewport"
"html/css/menu/Servers.css","126",".serverlist name","display","block","reference_only","not_run","Resolve cascade and enclosing media conditions at source line; compare equivalent Bevy layout at target viewport"
"html/css/menu/Servers.css","126",".serverlist name","margin-right","3px","reference_only","not_run","Resolve cascade and enclosing media conditions at source line; compare equivalent Bevy layout at target viewport"
"html/css/menu/Servers.css","126",".serverlist name","line-height","17px","reference_only","not_run","Resolve cascade and enclosing media conditions at source line; compare equivalent Bevy layout at target viewport"
"html/css/menu/Servers.css","137",".serverlist name span","vertical-align","top","reference_only","not_run","Resolve cascade and enclosing media conditions at source line; compare equivalent Bevy layout at target viewport"
"html/css/menu/Servers.css","142",".serverlist name tag","color","#000","reference_only","not_run","Resolve cascade and enclosing media conditions at source line; compare equivalent Bevy layout at target viewport"
"html/css/menu/Servers.css","142",".serverlist name tag","font-size","10px","reference_only","not_run","Resolve cascade and enclosing media conditions at source line; compare equivalent Bevy layout at target viewport"
"html/css/menu/Servers.css","142",".serverlist name tag","font-weight","normal","reference_only","not_run","Resolve cascade and enclosing media conditions at source line; compare equivalent Bevy layout at target viewport"
"html/css/menu/Servers.css","142",".serverlist name tag","padding","1px 10px","reference_only","not_run","Resolve cascade and enclosing media conditions at source line; compare equivalent Bevy layout at target viewport"
"html/css/menu/Servers.css","142",".serverlist name tag","margin-left","5px","reference_only","not_run","Resolve cascade and enclosing media conditions at source line; compare equivalent Bevy layout at target viewport"
"html/css/menu/Servers.css","142",".serverlist name tag","margin-top","2px","reference_only","not_run","Resolve cascade and enclosing media conditions at source line; compare equivalent Bevy layout at target viewport"
"html/css/menu/Servers.css","142",".serverlist name tag","vertical-align","top","reference_only","not_run","Resolve cascade and enclosing media conditions at source line; compare equivalent Bevy layout at target viewport"
"html/css/menu/Servers.css","142",".serverlist name tag","display","inline-block","reference_only","not_run","Resolve cascade and enclosing media conditions at source line; compare equivalent Bevy layout at target viewport"
"html/css/menu/Servers.css","142",".serverlist name tag","line-height","normal","reference_only","not_run","Resolve cascade and enclosing media conditions at source line; compare equivalent Bevy layout at target viewport"
"html/css/menu/Servers.css","156",".serverlist name .flag","position","relative","reference_only","not_run","Resolve cascade and enclosing media conditions at source line; compare equivalent Bevy layout at target viewport"
"html/css/menu/Servers.css","156",".serverlist name .flag","top","-2px","reference_only","not_run","Resolve cascade and enclosing media conditions at source line; compare equivalent Bevy layout at target viewport"
"html/css/menu/Servers.css","162",".serverlist name tag.future","color","#000","reference_only","not_run","Resolve cascade and enclosing media conditions at source line; compare equivalent Bevy layout at target viewport"
"html/css/menu/Servers.css","168",".serverlist name .passworded","margin-right","4px","reference_only","not_run","Resolve cascade and enclosing media conditions at source line; compare equivalent Bevy layout at target viewport"
"html/css/menu/Servers.css","173",".serverlist lastvisited","width","auto","reference_only","not_run","Resolve cascade and enclosing media conditions at source line; compare equivalent Bevy layout at target viewport"
"html/css/menu/Servers.css","173",".serverlist lastvisited","padding-right","5px","reference_only","not_run","Resolve cascade and enclosing media conditions at source line; compare equivalent Bevy layout at target viewport"
"html/css/menu/Servers.css","173",".serverlist lastvisited","text-align","right","reference_only","not_run","Resolve cascade and enclosing media conditions at source line; compare equivalent Bevy layout at target viewport"
"html/css/menu/Servers.css","180",".serverlist map","width","90px","reference_only","not_run","Resolve cascade and enclosing media conditions at source line; compare equivalent Bevy layout at target viewport"
"html/css/menu/Servers.css","180",".serverlist map","text-align","left","reference_only","not_run","Resolve cascade and enclosing media conditions at source line; compare equivalent Bevy layout at target viewport"
"html/css/menu/Servers.css","186",".serverlist players","width","48px","reference_only","not_run","Resolve cascade and enclosing media conditions at source line; compare equivalent Bevy layout at target viewport"
"html/css/menu/Servers.css","191",".serverlist ping","width","32px","reference_only","not_run","Resolve cascade and enclosing media conditions at source line; compare equivalent Bevy layout at target viewport"
"html/css/menu/Servers.css","196",".serverlist rank","width","64px","reference_only","not_run","Resolve cascade and enclosing media conditions at source line; compare equivalent Bevy layout at target viewport"
"html/css/menu/Servers.css","226",".serverlist .server","height","16px","reference_only","not_run","Resolve cascade and enclosing media conditions at source line; compare equivalent Bevy layout at target viewport"
"html/css/menu/Servers.css","226",".serverlist .server","background-color","#E7F0FF","reference_only","not_run","Resolve cascade and enclosing media conditions at source line; compare equivalent Bevy layout at target viewport"
"html/css/menu/Servers.css","226",".serverlist .server","padding","3px 4px","reference_only","not_run","Resolve cascade and enclosing media conditions at source line; compare equivalent Bevy layout at target viewport"
"html/css/menu/Servers.css","226",".serverlist .server","color","#444","reference_only","not_run","Resolve cascade and enclosing media conditions at source line; compare equivalent Bevy layout at target viewport"
"html/css/menu/Servers.css","226",".serverlist .server","display","-webkit-box","reference_only","not_run","Resolve cascade and enclosing media conditions at source line; compare equivalent Bevy layout at target viewport"
"html/css/menu/Servers.css","226",".serverlist .server","line-height","16px","reference_only","not_run","Resolve cascade and enclosing media conditions at source line; compare equivalent Bevy layout at target viewport"
"html/css/menu/Servers.css","241",".serverlist .server:nth-child(odd)","background-color","#F1F6FF","reference_only","not_run","Resolve cascade and enclosing media conditions at source line; compare equivalent Bevy layout at target viewport"
"html/css/menu/Servers.css","246",".serverlist .empty","color","#777","reference_only","not_run","Resolve cascade and enclosing media conditions at source line; compare equivalent Bevy layout at target viewport"
"html/css/menu/Servers.css","251",".serverlist .missingmap map","color","#955","reference_only","not_run","Resolve cascade and enclosing media conditions at source line; compare equivalent Bevy layout at target viewport"
"html/css/menu/Servers.css","256",".serverlist .empty players","color","#daa","reference_only","not_run","Resolve cascade and enclosing media conditions at source line; compare equivalent Bevy layout at target viewport"
"html/css/menu/Servers.css","261",".serverlist .server:hover","background-color","#B7DDFD","reference_only","not_run","Resolve cascade and enclosing media conditions at source line; compare equivalent Bevy layout at target viewport"
"html/css/menu/Servers.css","266",".serverlist .header","background-color","#2387ed","reference_only","not_run","Resolve cascade and enclosing media conditions at source line; compare equivalent Bevy layout at target viewport"
"html/css/menu/Servers.css","266",".serverlist .header","position","absolute","reference_only","not_run","Resolve cascade and enclosing media conditions at source line; compare equivalent Bevy layout at target viewport"
"html/css/menu/Servers.css","266",".serverlist .header","border-radius","4px 4px 0 0","reference_only","not_run","Resolve cascade and enclosing media conditions at source line; compare equivalent Bevy layout at target viewport"
"html/css/menu/Servers.css","266",".serverlist .header","padding","4px","reference_only","not_run","Resolve cascade and enclosing media conditions at source line; compare equivalent Bevy layout at target viewport"
"html/css/menu/Servers.css","266",".serverlist .header","font-size","11px","reference_only","not_run","Resolve cascade and enclosing media conditions at source line; compare equivalent Bevy layout at target viewport"
"html/css/menu/Servers.css","266",".serverlist .header","top","8px","reference_only","not_run","Resolve cascade and enclosing media conditions at source line; compare equivalent Bevy layout at target viewport"
"html/css/menu/Servers.css","266",".serverlist .header","left","8px","reference_only","not_run","Resolve cascade and enclosing media conditions at source line; compare equivalent Bevy layout at target viewport"
"html/css/menu/Servers.css","266",".serverlist .header","right","8px","reference_only","not_run","Resolve cascade and enclosing media conditions at source line; compare equivalent Bevy layout at target viewport"
"html/css/menu/Servers.css","266",".serverlist .header","display","-webkit-box","reference_only","not_run","Resolve cascade and enclosing media conditions at source line; compare equivalent Bevy layout at target viewport"
"html/css/menu/Servers.css","266",".serverlist .header","line-height","16px","reference_only","not_run","Resolve cascade and enclosing media conditions at source line; compare equivalent Bevy layout at target viewport"
"html/css/menu/Servers.css","283",".serverlist .body","top","32px","reference_only","not_run","Resolve cascade and enclosing media conditions at source line; compare equivalent Bevy layout at target viewport"
"html/css/menu/Servers.css","283",".serverlist .body","left","8px","reference_only","not_run","Resolve cascade and enclosing media conditions at source line; compare equivalent Bevy layout at target viewport"
"html/css/menu/Servers.css","283",".serverlist .body","right","8px","reference_only","not_run","Resolve cascade and enclosing media conditions at source line; compare equivalent Bevy layout at target viewport"
"html/css/menu/Servers.css","283",".serverlist .body","bottom","8px","reference_only","not_run","Resolve cascade and enclosing media conditions at source line; compare equivalent Bevy layout at target viewport"
"html/css/menu/Servers.css","291",".serverlist .header ping, .serverlist .header maxplayers, .serverlist .header players, .serverlist .header map, .serverlist .header name, .serverlist .header rank","font-size","11px","reference_only","not_run","Resolve cascade and enclosing media conditions at source line; compare equivalent Bevy layout at target viewport"
"html/css/menu/Servers.css","291",".serverlist .header ping, .serverlist .header maxplayers, .serverlist .header players, .serverlist .header map, .serverlist .header name, .serverlist .header rank","font-weight","normal","reference_only","not_run","Resolve cascade and enclosing media conditions at source line; compare equivalent Bevy layout at target viewport"
"html/css/menu/Servers.css","291",".serverlist .header ping, .serverlist .header maxplayers, .serverlist .header players, .serverlist .header map, .serverlist .header name, .serverlist .header rank","color","#fff","reference_only","not_run","Resolve cascade and enclosing media conditions at source line; compare equivalent Bevy layout at target viewport"
"html/css/menu/Servers.css","291",".serverlist .header ping, .serverlist .header maxplayers, .serverlist .header players, .serverlist .header map, .serverlist .header name, .serverlist .header rank","text-align","center","reference_only","not_run","Resolve cascade and enclosing media conditions at source line; compare equivalent Bevy layout at target viewport"
"html/css/menu/Servers.css","303",".serverlist .servers ping, .serverlist .servers maxplayers, .serverlist .servers players, .serverlist .servers map, .serverlist .servers rank","font-size","13px","reference_only","not_run","Resolve cascade and enclosing media conditions at source line; compare equivalent Bevy layout at target viewport"
"html/css/menu/Servers.css","307",".serverlist name","font-size","13px","reference_only","not_run","Resolve cascade and enclosing media conditions at source line; compare equivalent Bevy layout at target viewport"
"html/css/menu/Servers.css","307",".serverlist name","font-weight","bold","reference_only","not_run","Resolve cascade and enclosing media conditions at source line; compare equivalent Bevy layout at target viewport"
"html/css/menu/Servers.css","313",".serverlist map","width","130px","reference_only","not_run","Resolve cascade and enclosing media conditions at source line; compare equivalent Bevy layout at target viewport"
"html/css/menu/Servers.css","318",".serverlist .header name","padding","0","reference_only","not_run","Resolve cascade and enclosing media conditions at source line; compare equivalent Bevy layout at target viewport"
"html/css/menu/Servers.css","327",".serverlist map","width","170px","reference_only","not_run","Resolve cascade and enclosing media conditions at source line; compare equivalent Bevy layout at target viewport"
"html/css/menu/Servers.css","332","H1.menuheader","color","white","reference_only","not_run","Resolve cascade and enclosing media conditions at source line; compare equivalent Bevy layout at target viewport"
"html/css/menu/Servers.css","332","H1.menuheader","margin-bottom","0","reference_only","not_run","Resolve cascade and enclosing media conditions at source line; compare equivalent Bevy layout at target viewport"
"html/css/menu/Servers.css","340","H1.menuheader small","color","white","reference_only","not_run","Resolve cascade and enclosing media conditions at source line; compare equivalent Bevy layout at target viewport"
"html/css/menu/Servers.css","340","H1.menuheader small","font-weight","bold","reference_only","not_run","Resolve cascade and enclosing media conditions at source line; compare equivalent Bevy layout at target viewport"
"html/css/menu/Servers.css","347","A.bglink","color","white","reference_only","not_run","Resolve cascade and enclosing media conditions at source line; compare equivalent Bevy layout at target viewport"
"html/css/menu/Servers.css","347","A.bglink","font-weight","bold","reference_only","not_run","Resolve cascade and enclosing media conditions at source line; compare equivalent Bevy layout at target viewport"
"html/css/menu/Servers.css","347","A.bglink","background-color","#2387ed","reference_only","not_run","Resolve cascade and enclosing media conditions at source line; compare equivalent Bevy layout at target viewport"
"html/css/menu/Servers.css","347","A.bglink","padding","8px 10px","reference_only","not_run","Resolve cascade and enclosing media conditions at source line; compare equivalent Bevy layout at target viewport"
"html/css/menu/Servers.css","347","A.bglink","border-radius","3px","reference_only","not_run","Resolve cascade and enclosing media conditions at source line; compare equivalent Bevy layout at target viewport"
"html/css/menu/Servers.css","347","A.bglink","display","inline-block","reference_only","not_run","Resolve cascade and enclosing media conditions at source line; compare equivalent Bevy layout at target viewport"
"html/css/menu/Servers.css","347","A.bglink","font-size","14px","reference_only","not_run","Resolve cascade and enclosing media conditions at source line; compare equivalent Bevy layout at target viewport"
"html/css/menu/Servers.css","347","A.bglink","margin-top","4px","reference_only","not_run","Resolve cascade and enclosing media conditions at source line; compare equivalent Bevy layout at target viewport"
"html/css/menu/Servers.css","347","A.bglink","position","absolute","reference_only","not_run","Resolve cascade and enclosing media conditions at source line; compare equivalent Bevy layout at target viewport"
"html/css/menu/Servers.css","361","A.bglink:hover","background-color","#4f9ded","reference_only","not_run","Resolve cascade and enclosing media conditions at source line; compare equivalent Bevy layout at target viewport"
"html/css/menu/Servers.css","366","A.bglink img","vertical-align","middle","reference_only","not_run","Resolve cascade and enclosing media conditions at source line; compare equivalent Bevy layout at target viewport"
"html/css/menu/Servers.css","371",".serverinfo","width","280px","reference_only","not_run","Resolve cascade and enclosing media conditions at source line; compare equivalent Bevy layout at target viewport"
"html/css/menu/Servers.css","371",".serverinfo","background-color","white","reference_only","not_run","Resolve cascade and enclosing media conditions at source line; compare equivalent Bevy layout at target viewport"
"html/css/menu/Servers.css","371",".serverinfo","padding","10px 15px","reference_only","not_run","Resolve cascade and enclosing media conditions at source line; compare equivalent Bevy layout at target viewport"
"html/css/menu/Servers.css","371",".serverinfo","border-radius","4px","reference_only","not_run","Resolve cascade and enclosing media conditions at source line; compare equivalent Bevy layout at target viewport"
"html/css/menu/Servers.css","371",".serverinfo","margin-left","10px","reference_only","not_run","Resolve cascade and enclosing media conditions at source line; compare equivalent Bevy layout at target viewport"
"html/css/menu/Servers.css","371",".serverinfo","box-sizing","border-box","reference_only","not_run","Resolve cascade and enclosing media conditions at source line; compare equivalent Bevy layout at target viewport"
"html/css/menu/Servers.css","371",".serverinfo","height","100%","reference_only","not_run","Resolve cascade and enclosing media conditions at source line; compare equivalent Bevy layout at target viewport"
"html/css/menu/Servers.css","382",".serverinfo .closebtn","width","21px","reference_only","not_run","Resolve cascade and enclosing media conditions at source line; compare equivalent Bevy layout at target viewport"
"html/css/menu/Servers.css","382",".serverinfo .closebtn","height","21px","reference_only","not_run","Resolve cascade and enclosing media conditions at source line; compare equivalent Bevy layout at target viewport"
"html/css/menu/Servers.css","382",".serverinfo .closebtn","position","absolute","reference_only","not_run","Resolve cascade and enclosing media conditions at source line; compare equivalent Bevy layout at target viewport"
"html/css/menu/Servers.css","382",".serverinfo .closebtn","top","1px","reference_only","not_run","Resolve cascade and enclosing media conditions at source line; compare equivalent Bevy layout at target viewport"
"html/css/menu/Servers.css","382",".serverinfo .closebtn","right","1px","reference_only","not_run","Resolve cascade and enclosing media conditions at source line; compare equivalent Bevy layout at target viewport"
"html/css/menu/Servers.css","382",".serverinfo .closebtn","border-radius","4px","reference_only","not_run","Resolve cascade and enclosing media conditions at source line; compare equivalent Bevy layout at target viewport"
"html/css/menu/Servers.css","398",".serverinfo .closebtn:hover","background-color","#4f9ded","reference_only","not_run","Resolve cascade and enclosing media conditions at source line; compare equivalent Bevy layout at target viewport"
"html/css/menu/Servers.css","402",".serverinfo name","font-size","16px","reference_only","not_run","Resolve cascade and enclosing media conditions at source line; compare equivalent Bevy layout at target viewport"
"html/css/menu/Servers.css","402",".serverinfo name","font-weight","bold","reference_only","not_run","Resolve cascade and enclosing media conditions at source line; compare equivalent Bevy layout at target viewport"
"html/css/menu/Servers.css","402",".serverinfo name","display","block","reference_only","not_run","Resolve cascade and enclosing media conditions at source line; compare equivalent Bevy layout at target viewport"
"html/css/menu/Servers.css","402",".serverinfo name","overflow","hidden","reference_only","not_run","Resolve cascade and enclosing media conditions at source line; compare equivalent Bevy layout at target viewport"
"html/css/menu/Servers.css","402",".serverinfo name","width","100%","reference_only","not_run","Resolve cascade and enclosing media conditions at source line; compare equivalent Bevy layout at target viewport"
"html/css/menu/Servers.css","402",".serverinfo name","letter-spacing","-1px","reference_only","not_run","Resolve cascade and enclosing media conditions at source line; compare equivalent Bevy layout at target viewport"
"html/css/menu/Servers.css","414",".serverinfo button","width","100%","reference_only","not_run","Resolve cascade and enclosing media conditions at source line; compare equivalent Bevy layout at target viewport"
"html/css/menu/Servers.css","414",".serverinfo button","font-size","30px","reference_only","not_run","Resolve cascade and enclosing media conditions at source line; compare equivalent Bevy layout at target viewport"
"html/css/menu/Servers.css","420",".serverinfo address","text-align","left","reference_only","not_run","Resolve cascade and enclosing media conditions at source line; compare equivalent Bevy layout at target viewport"
"html/css/menu/Servers.css","420",".serverinfo address","font-size","12px","reference_only","not_run","Resolve cascade and enclosing media conditions at source line; compare equivalent Bevy layout at target viewport"
"html/css/menu/Servers.css","427",".serverinfo subinfo","display","block","reference_only","not_run","Resolve cascade and enclosing media conditions at source line; compare equivalent Bevy layout at target viewport"
"html/css/menu/Servers.css","427",".serverinfo subinfo","color","#444","reference_only","not_run","Resolve cascade and enclosing media conditions at source line; compare equivalent Bevy layout at target viewport"
"html/css/menu/Servers.css","433",".serverinfo > div","display","table","reference_only","not_run","Resolve cascade and enclosing media conditions at source line; compare equivalent Bevy layout at target viewport"
"html/css/menu/Servers.css","433",".serverinfo > div","width","100%","reference_only","not_run","Resolve cascade and enclosing media conditions at source line; compare equivalent Bevy layout at target viewport"
"html/css/menu/Servers.css","433",".serverinfo > div","height","100%","reference_only","not_run","Resolve cascade and enclosing media conditions at source line; compare equivalent Bevy layout at target viewport"
"html/css/menu/Servers.css","441",".serverinfo div.cell","display","table-cell","reference_only","not_run","Resolve cascade and enclosing media conditions at source line; compare equivalent Bevy layout at target viewport"
"html/css/menu/Servers.css","446",".serverinfo header","display","table-row","reference_only","not_run","Resolve cascade and enclosing media conditions at source line; compare equivalent Bevy layout at target viewport"
"html/css/menu/Servers.css","446",".serverinfo header","height","0","reference_only","not_run","Resolve cascade and enclosing media conditions at source line; compare equivalent Bevy layout at target viewport"
"html/css/menu/Servers.css","452",".serverinfo players","display","block","reference_only","not_run","Resolve cascade and enclosing media conditions at source line; compare equivalent Bevy layout at target viewport"
"html/css/menu/Servers.css","452",".serverinfo players","height","100%","reference_only","not_run","Resolve cascade and enclosing media conditions at source line; compare equivalent Bevy layout at target viewport"
"html/css/menu/Servers.css","452",".serverinfo players","background-color","#EEE","reference_only","not_run","Resolve cascade and enclosing media conditions at source line; compare equivalent Bevy layout at target viewport"
"html/css/menu/Servers.css","452",".serverinfo players","border-radius","4px","reference_only","not_run","Resolve cascade and enclosing media conditions at source line; compare equivalent Bevy layout at target viewport"
"html/css/menu/Servers.css","452",".serverinfo players","overflow","auto","reference_only","not_run","Resolve cascade and enclosing media conditions at source line; compare equivalent Bevy layout at target viewport"
"html/css/menu/Servers.css","461",".serverinfo players .pname","max-width","170px","reference_only","not_run","Resolve cascade and enclosing media conditions at source line; compare equivalent Bevy layout at target viewport"
"html/css/menu/Servers.css","461",".serverinfo players .pname","overflow","hidden","reference_only","not_run","Resolve cascade and enclosing media conditions at source line; compare equivalent Bevy layout at target viewport"
"html/css/menu/Servers.css","470",".serverinfo players .pname","max-width","95px","reference_only","not_run","Resolve cascade and enclosing media conditions at source line; compare equivalent Bevy layout at target viewport"
"html/css/menu/Servers.css","475",".serverinfo footer","display","table-row","reference_only","not_run","Resolve cascade and enclosing media conditions at source line; compare equivalent Bevy layout at target viewport"
"html/css/menu/Servers.css","475",".serverinfo footer","height","0","reference_only","not_run","Resolve cascade and enclosing media conditions at source line; compare equivalent Bevy layout at target viewport"
"html/css/menu/Servers.css","475",".serverinfo footer","margin-top","5px","reference_only","not_run","Resolve cascade and enclosing media conditions at source line; compare equivalent Bevy layout at target viewport"
"html/css/menu/Servers.css","482",".serverinfo footer input[type=password]","width","100%","reference_only","not_run","Resolve cascade and enclosing media conditions at source line; compare equivalent Bevy layout at target viewport"
"html/css/menu/Servers.css","482",".serverinfo footer input[type=password]","padding","4px","reference_only","not_run","Resolve cascade and enclosing media conditions at source line; compare equivalent Bevy layout at target viewport"
"html/css/menu/Servers.css","482",".serverinfo footer input[type=password]","margin-bottom","5px","reference_only","not_run","Resolve cascade and enclosing media conditions at source line; compare equivalent Bevy layout at target viewport"
"html/css/menu/Servers.css","489",".activeserver","background-color","#FFA !important","reference_only","not_run","Resolve cascade and enclosing media conditions at source line; compare equivalent Bevy layout at target viewport"
"html/css/menu/Servers.css","494","DIV.installgamemode","height","25px","reference_only","not_run","Resolve cascade and enclosing media conditions at source line; compare equivalent Bevy layout at target viewport"
"html/css/menu/Servers.css","494","DIV.installgamemode","line-height","26px","reference_only","not_run","Resolve cascade and enclosing media conditions at source line; compare equivalent Bevy layout at target viewport"
"html/css/menu/Servers.css","494","DIV.installgamemode","font-size","24px","reference_only","not_run","Resolve cascade and enclosing media conditions at source line; compare equivalent Bevy layout at target viewport"
"html/css/menu/Servers.css","494","DIV.installgamemode","font-weight","bold","reference_only","not_run","Resolve cascade and enclosing media conditions at source line; compare equivalent Bevy layout at target viewport"
"html/css/menu/Servers.css","494","DIV.installgamemode","background-color","#2387ed","reference_only","not_run","Resolve cascade and enclosing media conditions at source line; compare equivalent Bevy layout at target viewport"
"html/css/menu/Servers.css","494","DIV.installgamemode","text-align","center","reference_only","not_run","Resolve cascade and enclosing media conditions at source line; compare equivalent Bevy layout at target viewport"
"html/css/menu/Servers.css","494","DIV.installgamemode","color","white","reference_only","not_run","Resolve cascade and enclosing media conditions at source line; compare equivalent Bevy layout at target viewport"
"html/css/menu/Servers.css","494","DIV.installgamemode","padding","5px","reference_only","not_run","Resolve cascade and enclosing media conditions at source line; compare equivalent Bevy layout at target viewport"
"html/css/menu/Servers.css","494","DIV.installgamemode","border-radius","5px","reference_only","not_run","Resolve cascade and enclosing media conditions at source line; compare equivalent Bevy layout at target viewport"
"html/css/menu/Servers.css","494","DIV.installgamemode","position","absolute","reference_only","not_run","Resolve cascade and enclosing media conditions at source line; compare equivalent Bevy layout at target viewport"
"html/css/menu/Servers.css","494","DIV.installgamemode","top","10px","reference_only","not_run","Resolve cascade and enclosing media conditions at source line; compare equivalent Bevy layout at target viewport"
"html/css/menu/Servers.css","494","DIV.installgamemode","right","0","reference_only","not_run","Resolve cascade and enclosing media conditions at source line; compare equivalent Bevy layout at target viewport"
"html/css/menu/Servers.css","494","DIV.installgamemode","z-index","100","reference_only","not_run","Resolve cascade and enclosing media conditions at source line; compare equivalent Bevy layout at target viewport"
"html/css/menu/Servers.css","494","DIV.installgamemode","padding-left","36px","reference_only","not_run","Resolve cascade and enclosing media conditions at source line; compare equivalent Bevy layout at target viewport"
"html/css/menu/Servers.css","515","DIV.installgamemode:hover","background-color","#4f9ded","reference_only","not_run","Resolve cascade and enclosing media conditions at source line; compare equivalent Bevy layout at target viewport"
"html/css/menu/Servers.css","520","SPAN.installgamemode","position","absolute","reference_only","not_run","Resolve cascade and enclosing media conditions at source line; compare equivalent Bevy layout at target viewport"
"html/css/menu/Servers.css","520","SPAN.installgamemode","right","0px","reference_only","not_run","Resolve cascade and enclosing media conditions at source line; compare equivalent Bevy layout at target viewport"
"html/css/menu/Servers.css","520","SPAN.installgamemode","top","0px","reference_only","not_run","Resolve cascade and enclosing media conditions at source line; compare equivalent Bevy layout at target viewport"
"html/css/menu/Servers.css","520","SPAN.installgamemode","bottom","0px","reference_only","not_run","Resolve cascade and enclosing media conditions at source line; compare equivalent Bevy layout at target viewport"
"html/css/menu/Servers.css","520","SPAN.installgamemode","border-radius","0 4px 4px 0","reference_only","not_run","Resolve cascade and enclosing media conditions at source line; compare equivalent Bevy layout at target viewport"
"html/css/menu/Servers.css","520","SPAN.installgamemode","width","42px","reference_only","not_run","Resolve cascade and enclosing media conditions at source line; compare equivalent Bevy layout at target viewport"
"html/css/menu/Servers.css","532","SPAN.installgamemode:hover","background-color","#4f9ded","reference_only","not_run","Resolve cascade and enclosing media conditions at source line; compare equivalent Bevy layout at target viewport"
"html/css/menu/Servers.css","537",".server_gamemodes","position","absolute","reference_only","not_run","Resolve cascade and enclosing media conditions at source line; compare equivalent Bevy layout at target viewport"
"html/css/menu/Servers.css","537",".server_gamemodes","top","64px","reference_only","not_run","Resolve cascade and enclosing media conditions at source line; compare equivalent Bevy layout at target viewport"
"html/css/menu/Servers.css","537",".server_gamemodes","left","0px","reference_only","not_run","Resolve cascade and enclosing media conditions at source line; compare equivalent Bevy layout at target viewport"
"html/css/menu/Servers.css","537",".server_gamemodes","bottom","0px","reference_only","not_run","Resolve cascade and enclosing media conditions at source line; compare equivalent Bevy layout at target viewport"
"html/css/menu/Servers.css","537",".server_gamemodes","right","0px","reference_only","not_run","Resolve cascade and enclosing media conditions at source line; compare equivalent Bevy layout at target viewport"
"html/css/menu/Servers.css","548",".server_gamemodes_inner","position","absolute","reference_only","not_run","Resolve cascade and enclosing media conditions at source line; compare equivalent Bevy layout at target viewport"
"html/css/menu/Servers.css","548",".server_gamemodes_inner","left","0px","reference_only","not_run","Resolve cascade and enclosing media conditions at source line; compare equivalent Bevy layout at target viewport"
"html/css/menu/Servers.css","548",".server_gamemodes_inner","top","0px","reference_only","not_run","Resolve cascade and enclosing media conditions at source line; compare equivalent Bevy layout at target viewport"
"html/css/menu/Servers.css","548",".server_gamemodes_inner","bottom","0px","reference_only","not_run","Resolve cascade and enclosing media conditions at source line; compare equivalent Bevy layout at target viewport"
"html/css/menu/Servers.css","548",".server_gamemodes_inner","right","0px","reference_only","not_run","Resolve cascade and enclosing media conditions at source line; compare equivalent Bevy layout at target viewport"
"html/css/menu/Servers.css","557",".add_fav_server","background-color","#ddd","reference_only","not_run","Resolve cascade and enclosing media conditions at source line; compare equivalent Bevy layout at target viewport"
"html/css/menu/Servers.css","557",".add_fav_server","margin","0 auto","reference_only","not_run","Resolve cascade and enclosing media conditions at source line; compare equivalent Bevy layout at target viewport"
"html/css/menu/Servers.css","557",".add_fav_server","padding","5px 10px","reference_only","not_run","Resolve cascade and enclosing media conditions at source line; compare equivalent Bevy layout at target viewport"
"html/css/menu/Servers.css","557",".add_fav_server","position","absolute","reference_only","not_run","Resolve cascade and enclosing media conditions at source line; compare equivalent Bevy layout at target viewport"
"html/css/menu/Servers.css","557",".add_fav_server","left","0px","reference_only","not_run","Resolve cascade and enclosing media conditions at source line; compare equivalent Bevy layout at target viewport"
"html/css/menu/Servers.css","557",".add_fav_server","right","0px","reference_only","not_run","Resolve cascade and enclosing media conditions at source line; compare equivalent Bevy layout at target viewport"
"html/css/menu/Servers.css","557",".add_fav_server","bottom","0px","reference_only","not_run","Resolve cascade and enclosing media conditions at source line; compare equivalent Bevy layout at target viewport"
"html/css/menu/Servers.css","573",".add_fav_server button","background-color","#2387ed","reference_only","not_run","Resolve cascade and enclosing media conditions at source line; compare equivalent Bevy layout at target viewport"
"html/css/menu/Servers.css","573",".add_fav_server button","color","white","reference_only","not_run","Resolve cascade and enclosing media conditions at source line; compare equivalent Bevy layout at target viewport"
"html/css/menu/Servers.css","573",".add_fav_server button","border-radius","4px","reference_only","not_run","Resolve cascade and enclosing media conditions at source line; compare equivalent Bevy layout at target viewport"
"html/css/menu/Servers.css","573",".add_fav_server button","padding","4px 8px","reference_only","not_run","Resolve cascade and enclosing media conditions at source line; compare equivalent Bevy layout at target viewport"
"html/css/menu/Servers.css","573",".add_fav_server button","margin-left","5px","reference_only","not_run","Resolve cascade and enclosing media conditions at source line; compare equivalent Bevy layout at target viewport"
"html/css/menu/Servers.css","573",".add_fav_server button","height","24px","reference_only","not_run","Resolve cascade and enclosing media conditions at source line; compare equivalent Bevy layout at target viewport"
"html/css/menu/Servers.css","585",".add_fav_server button:hover","background-color","#4f9ded","reference_only","not_run","Resolve cascade and enclosing media conditions at source line; compare equivalent Bevy layout at target viewport"
"html/css/menu/Servers.css","590",".add_fav_server input","border-radius","3px","reference_only","not_run","Resolve cascade and enclosing media conditions at source line; compare equivalent Bevy layout at target viewport"
"html/css/menu/Servers.css","590",".add_fav_server input","height","24px","reference_only","not_run","Resolve cascade and enclosing media conditions at source line; compare equivalent Bevy layout at target viewport"
"html/css/menu/Servers.css","590",".add_fav_server input","padding","4px","reference_only","not_run","Resolve cascade and enclosing media conditions at source line; compare equivalent Bevy layout at target viewport"
"html/css/menu/Servers.css","590",".add_fav_server input","width","200px","reference_only","not_run","Resolve cascade and enclosing media conditions at source line; compare equivalent Bevy layout at target viewport"
"html/css/menu/Servers.css","600",".add_fav_server div.header","display","-webkit-box","reference_only","not_run","Resolve cascade and enclosing media conditions at source line; compare equivalent Bevy layout at target viewport"
"html/css/menu/Servers.css","605",".add_fav_server div.header span","display","-webkit-box","reference_only","not_run","Resolve cascade and enclosing media conditions at source line; compare equivalent Bevy layout at target viewport"
"html/css/menu/Servers.css","605",".add_fav_server div.header span","line-height","24px","reference_only","not_run","Resolve cascade and enclosing media conditions at source line; compare equivalent Bevy layout at target viewport"
"html/css/menu/Servers.css","611",".add_fav_server div.header div.fav_inputs","display","-webkit-box","reference_only","not_run","Resolve cascade and enclosing media conditions at source line; compare equivalent Bevy layout at target viewport"
"html/css/menu/Servers.css","619",".server_gamemodes","margin","0 auto","reference_only","not_run","Resolve cascade and enclosing media conditions at source line; compare equivalent Bevy layout at target viewport"
"html/css/menu/Servers.css","619",".server_gamemodes","width","80%","reference_only","not_run","Resolve cascade and enclosing media conditions at source line; compare equivalent Bevy layout at target viewport"
"html/css/menu/Servers.css","619",".server_gamemodes","max-width","1000px","reference_only","not_run","Resolve cascade and enclosing media conditions at source line; compare equivalent Bevy layout at target viewport"
"html/css/menu/Servers.css","631",".controls .searchbox","border-radius","2px","reference_only","not_run","Resolve cascade and enclosing media conditions at source line; compare equivalent Bevy layout at target viewport"
"html/css/menu/Servers.css","631",".controls .searchbox","margin-top","4px","reference_only","not_run","Resolve cascade and enclosing media conditions at source line; compare equivalent Bevy layout at target viewport"
"html/css/menu/Servers.css","631",".controls .searchbox","padding","7px 10px","reference_only","not_run","Resolve cascade and enclosing media conditions at source line; compare equivalent Bevy layout at target viewport"
"html/css/menu/Servers.css","631",".controls .searchbox","height","auto","reference_only","not_run","Resolve cascade and enclosing media conditions at source line; compare equivalent Bevy layout at target viewport"
"html/css/menu/Servers.css","631",".controls .searchbox","width","15%","reference_only","not_run","Resolve cascade and enclosing media conditions at source line; compare equivalent Bevy layout at target viewport"
"html/css/menu/Servers.css","631",".controls .searchbox","min-width","150px","reference_only","not_run","Resolve cascade and enclosing media conditions at source line; compare equivalent Bevy layout at target viewport"
"html/css/menu/Servers.css","631",".controls .searchbox","margin-right","0px","reference_only","not_run","Resolve cascade and enclosing media conditions at source line; compare equivalent Bevy layout at target viewport"
"html/css/menu/Servers.css","643","DIV.page DIV.options UL LI.sb_filters","font-size","16px","reference_only","not_run","Resolve cascade and enclosing media conditions at source line; compare equivalent Bevy layout at target viewport"
"html/css/menu/Servers.css","643","DIV.page DIV.options UL LI.sb_filters","margin-right","42px","reference_only","not_run","Resolve cascade and enclosing media conditions at source line; compare equivalent Bevy layout at target viewport"
"html/css/menu/Servers.css","652","DIV.page DIV.options UL LI.sb_filter_sep","margin-right","42px","reference_only","not_run","Resolve cascade and enclosing media conditions at source line; compare equivalent Bevy layout at target viewport"
"html/css/menu/Servers.css","652","DIV.page DIV.options UL LI.sb_filter_sep","margin-bottom","24px","reference_only","not_run","Resolve cascade and enclosing media conditions at source line; compare equivalent Bevy layout at target viewport"
"html/css/menu/Servers.css","659","DIV.page DIV.options UL LI.sb_filters .passworded","vertical-align","text-top","reference_only","not_run","Resolve cascade and enclosing media conditions at source line; compare equivalent Bevy layout at target viewport"
"html/css/menu/Servers.css","663",".gmfilter_rev","vertical-align","middle","reference_only","not_run","Resolve cascade and enclosing media conditions at source line; compare equivalent Bevy layout at target viewport"
"html/css/menu/Servers.css","663",".gmfilter_rev","margin-left","3px","reference_only","not_run","Resolve cascade and enclosing media conditions at source line; compare equivalent Bevy layout at target viewport"
"html/css/menu/Servers.css","663",".gmfilter_rev","margin-top","-2px","reference_only","not_run","Resolve cascade and enclosing media conditions at source line; compare equivalent Bevy layout at target viewport"
"html/css/menu/Servers.css","670",".small","font-size","16px","reference_only","not_run","Resolve cascade and enclosing media conditions at source line; compare equivalent Bevy layout at target viewport"
"html/css/menu/Servers.css","675",".smalltextbox","width","70px","reference_only","not_run","Resolve cascade and enclosing media conditions at source line; compare equivalent Bevy layout at target viewport"
"html/css/menu/Servers.css","675",".smalltextbox","border-radius","2px","reference_only","not_run","Resolve cascade and enclosing media conditions at source line; compare equivalent Bevy layout at target viewport"
"html/css/menu/Servers.css","675",".smalltextbox","padding","2px 10px","reference_only","not_run","Resolve cascade and enclosing media conditions at source line; compare equivalent Bevy layout at target viewport"
"html/css/menu/Servers.css","675",".smalltextbox","text-align","center","reference_only","not_run","Resolve cascade and enclosing media conditions at source line; compare equivalent Bevy layout at target viewport"
"html/css/menu/Servers.css","688",".flags_filter","margin-top","5px","reference_only","not_run","Resolve cascade and enclosing media conditions at source line; compare equivalent Bevy layout at target viewport"
"html/css/menu/Servers.css","688",".flags_filter","padding","4px","reference_only","not_run","Resolve cascade and enclosing media conditions at source line; compare equivalent Bevy layout at target viewport"
"html/css/menu/Servers.css","688",".flags_filter","padding-bottom","0px","reference_only","not_run","Resolve cascade and enclosing media conditions at source line; compare equivalent Bevy layout at target viewport"
"html/css/menu/Servers.css","688",".flags_filter","border-radius","4px","reference_only","not_run","Resolve cascade and enclosing media conditions at source line; compare equivalent Bevy layout at target viewport"
"html/css/menu/Servers.css","688",".flags_filter","text-align","center","reference_only","not_run","Resolve cascade and enclosing media conditions at source line; compare equivalent Bevy layout at target viewport"
"html/css/menu/Servers.css","698",".flags_filter .flag","padding","3px","reference_only","not_run","Resolve cascade and enclosing media conditions at source line; compare equivalent Bevy layout at target viewport"
"html/css/menu/Servers.css","698",".flags_filter .flag","margin","0 2px","reference_only","not_run","Resolve cascade and enclosing media conditions at source line; compare equivalent Bevy layout at target viewport"
"html/css/menu/Servers.css","698",".flags_filter .flag","margin-bottom","4px","reference_only","not_run","Resolve cascade and enclosing media conditions at source line; compare equivalent Bevy layout at target viewport"
"html/css/menu/Servers.css","698",".flags_filter .flag","border-radius","4px","reference_only","not_run","Resolve cascade and enclosing media conditions at source line; compare equivalent Bevy layout at target viewport"
"html/css/menu/Servers.css","719","div.page.server_browser DIV.innerpage","left","180px","reference_only","not_run","Resolve cascade and enclosing media conditions at source line; compare equivalent Bevy layout at target viewport"
"html/css/menu/Servers.css","727","div.page.server_browser","margin-right","50px","reference_only","not_run","Resolve cascade and enclosing media conditions at source line; compare equivalent Bevy layout at target viewport"
"html/css/menu/Servers.css","735","div.page.server_browser DIV.innerpage","left","250px","reference_only","not_run","Resolve cascade and enclosing media conditions at source line; compare equivalent Bevy layout at target viewport"
"html/css/menu/Servers.css","735","div.page.server_browser DIV.innerpage","right","5px","reference_only","not_run","Resolve cascade and enclosing media conditions at source line; compare equivalent Bevy layout at target viewport"
"html/css/menu/Servers.css","740","DIV.page.server_browser DIV.options","padding-left","5px","reference_only","not_run","Resolve cascade and enclosing media conditions at source line; compare equivalent Bevy layout at target viewport"
"html/css/menu/Servers.css","745","DIV.page.server_browser DIV.options UL","margin-left","0px","reference_only","not_run","Resolve cascade and enclosing media conditions at source line; compare equivalent Bevy layout at target viewport"
"html/css/menu/Servers.css","755","DIV.page DIV.innerpage","right","5px","reference_only","not_run","Resolve cascade and enclosing media conditions at source line; compare equivalent Bevy layout at target viewport"
"html/css/menu/Servers.css","755","DIV.page DIV.innerpage","top","5px","reference_only","not_run","Resolve cascade and enclosing media conditions at source line; compare equivalent Bevy layout at target viewport"
"html/css/menu/Servers.css","755","DIV.page DIV.innerpage","bottom","5px","reference_only","not_run","Resolve cascade and enclosing media conditions at source line; compare equivalent Bevy layout at target viewport"
"html/css/menu/Servers.css","761",".serverinfo","padding","5px","reference_only","not_run","Resolve cascade and enclosing media conditions at source line; compare equivalent Bevy layout at target viewport"
"html/css/menu/Servers.css","761",".serverinfo","width","150px","reference_only","not_run","Resolve cascade and enclosing media conditions at source line; compare equivalent Bevy layout at target viewport"
"html/css/menu/Servers.css","767",".serverlist .header","top","3px","reference_only","not_run","Resolve cascade and enclosing media conditions at source line; compare equivalent Bevy layout at target viewport"
"html/css/menu/Servers.css","767",".serverlist .header","left","3px","reference_only","not_run","Resolve cascade and enclosing media conditions at source line; compare equivalent Bevy layout at target viewport"
"html/css/menu/Servers.css","767",".serverlist .header","right","3px","reference_only","not_run","Resolve cascade and enclosing media conditions at source line; compare equivalent Bevy layout at target viewport"
"html/css/menu/Servers.css","774",".serverlist .body","top","25px","reference_only","not_run","Resolve cascade and enclosing media conditions at source line; compare equivalent Bevy layout at target viewport"
"html/css/menu/Servers.css","774",".serverlist .body","left","3px","reference_only","not_run","Resolve cascade and enclosing media conditions at source line; compare equivalent Bevy layout at target viewport"
"html/css/menu/Servers.css","774",".serverlist .body","right","3px","reference_only","not_run","Resolve cascade and enclosing media conditions at source line; compare equivalent Bevy layout at target viewport"
"html/css/menu/Servers.css","774",".serverlist .body","bottom","3px","reference_only","not_run","Resolve cascade and enclosing media conditions at source line; compare equivalent Bevy layout at target viewport"
"html/css/menu/Servers.css","781",".serverlist name","font-size","11px","reference_only","not_run","Resolve cascade and enclosing media conditions at source line; compare equivalent Bevy layout at target viewport"
"html/css/menu/Servers.css","781",".serverlist name","line-height","inherit","reference_only","not_run","Resolve cascade and enclosing media conditions at source line; compare equivalent Bevy layout at target viewport"
"html/css/menu/Servers.css","787",".serverlist .server:not(:hover) lastvisited","display","none","reference_only","not_run","Resolve cascade and enclosing media conditions at source line; compare equivalent Bevy layout at target viewport"
"html/css/menu/Servers.css","791",".serverlist lastvisited .lasttime","display","none","reference_only","not_run","Resolve cascade and enclosing media conditions at source line; compare equivalent Bevy layout at target viewport"
"html/css/menu/Servers.css","795",".serverlist map","width","56px","reference_only","not_run","Resolve cascade and enclosing media conditions at source line; compare equivalent Bevy layout at target viewport"
"html/css/menu/Servers.css","799",".serverlist players","width","46px","reference_only","not_run","Resolve cascade and enclosing media conditions at source line; compare equivalent Bevy layout at target viewport"
"html/css/menu/Servers.css","803",".serverlist ping","width","18px","reference_only","not_run","Resolve cascade and enclosing media conditions at source line; compare equivalent Bevy layout at target viewport"
"html/css/menu/Servers.css","807",".serverlist rank","width","16px","reference_only","not_run","Resolve cascade and enclosing media conditions at source line; compare equivalent Bevy layout at target viewport"
"html/css/menu/Servers.css","839",".serverlist lastvisited lbl","display","none","reference_only","not_run","Resolve cascade and enclosing media conditions at source line; compare equivalent Bevy layout at target viewport"
"html/css/menu/Servers.css","847",".serverinfo","width","215px","reference_only","not_run","Resolve cascade and enclosing media conditions at source line; compare equivalent Bevy layout at target viewport"
"html/css/menu/Servers.css","852","name .favbutton","margin-right","4px","reference_only","not_run","Resolve cascade and enclosing media conditions at source line; compare equivalent Bevy layout at target viewport"
"html/css/menu/Servers.css","852","name .favbutton","height","16px","reference_only","not_run","Resolve cascade and enclosing media conditions at source line; compare equivalent Bevy layout at target viewport"
"html/css/menu/Servers.css","852","name .favbutton","width","16px","reference_only","not_run","Resolve cascade and enclosing media conditions at source line; compare equivalent Bevy layout at target viewport"
"html/css/menu/Servers.css","852","name .favbutton","display","inline-block","reference_only","not_run","Resolve cascade and enclosing media conditions at source line; compare equivalent Bevy layout at target viewport"
"html/css/Workshop.css","1","workshopicon","width","200px","reference_only","not_run","Resolve cascade and enclosing media conditions at source line; compare equivalent Bevy layout at target viewport"
"html/css/Workshop.css","1","workshopicon","height","200px","reference_only","not_run","Resolve cascade and enclosing media conditions at source line; compare equivalent Bevy layout at target viewport"
"html/css/Workshop.css","1","workshopicon","display","inline-block","reference_only","not_run","Resolve cascade and enclosing media conditions at source line; compare equivalent Bevy layout at target viewport"
"html/css/Workshop.css","1","workshopicon","margin","10px","reference_only","not_run","Resolve cascade and enclosing media conditions at source line; compare equivalent Bevy layout at target viewport"
"html/css/Workshop.css","1","workshopicon","position","relative","reference_only","not_run","Resolve cascade and enclosing media conditions at source line; compare equivalent Bevy layout at target viewport"
"html/css/Workshop.css","1","workshopicon","overflow","hidden","reference_only","not_run","Resolve cascade and enclosing media conditions at source line; compare equivalent Bevy layout at target viewport"
"html/css/Workshop.css","1","workshopicon","background-color","#666","reference_only","not_run","Resolve cascade and enclosing media conditions at source line; compare equivalent Bevy layout at target viewport"
"html/css/Workshop.css","1","workshopicon","border-radius","3px","reference_only","not_run","Resolve cascade and enclosing media conditions at source line; compare equivalent Bevy layout at target viewport"
"html/css/Workshop.css","15","workshopicon preview","position","absolute","reference_only","not_run","Resolve cascade and enclosing media conditions at source line; compare equivalent Bevy layout at target viewport"
"html/css/Workshop.css","15","workshopicon preview","left","50%","reference_only","not_run","Resolve cascade and enclosing media conditions at source line; compare equivalent Bevy layout at target viewport"
"html/css/Workshop.css","15","workshopicon preview","top","50%","reference_only","not_run","Resolve cascade and enclosing media conditions at source line; compare equivalent Bevy layout at target viewport"
"html/css/Workshop.css","22","workshopicon disabled","display","block","reference_only","not_run","Resolve cascade and enclosing media conditions at source line; compare equivalent Bevy layout at target viewport"
"html/css/Workshop.css","22","workshopicon disabled","width","100%","reference_only","not_run","Resolve cascade and enclosing media conditions at source line; compare equivalent Bevy layout at target viewport"
"html/css/Workshop.css","22","workshopicon disabled","height","100%","reference_only","not_run","Resolve cascade and enclosing media conditions at source line; compare equivalent Bevy layout at target viewport"
"html/css/Workshop.css","22","workshopicon disabled","position","absolute","reference_only","not_run","Resolve cascade and enclosing media conditions at source line; compare equivalent Bevy layout at target viewport"
"html/css/Workshop.css","22","workshopicon disabled","top","0","reference_only","not_run","Resolve cascade and enclosing media conditions at source line; compare equivalent Bevy layout at target viewport"
"html/css/Workshop.css","22","workshopicon disabled","left","0","reference_only","not_run","Resolve cascade and enclosing media conditions at source line; compare equivalent Bevy layout at target viewport"
"html/css/Workshop.css","40","workshopicon controls","z-index","10","reference_only","not_run","Resolve cascade and enclosing media conditions at source line; compare equivalent Bevy layout at target viewport"
"html/css/Workshop.css","40","workshopicon controls","bottom","-32px","reference_only","not_run","Resolve cascade and enclosing media conditions at source line; compare equivalent Bevy layout at target viewport"
"html/css/Workshop.css","47","workshopicon:hover controls","bottom","0px","reference_only","not_run","Resolve cascade and enclosing media conditions at source line; compare equivalent Bevy layout at target viewport"
"html/css/Workshop.css","54","workshopicon name","position","absolute","reference_only","not_run","Resolve cascade and enclosing media conditions at source line; compare equivalent Bevy layout at target viewport"
"html/css/Workshop.css","54","workshopicon name","left","0","reference_only","not_run","Resolve cascade and enclosing media conditions at source line; compare equivalent Bevy layout at target viewport"
"html/css/Workshop.css","54","workshopicon name","top","0","reference_only","not_run","Resolve cascade and enclosing media conditions at source line; compare equivalent Bevy layout at target viewport"
"html/css/Workshop.css","54","workshopicon name","right","0","reference_only","not_run","Resolve cascade and enclosing media conditions at source line; compare equivalent Bevy layout at target viewport"
"html/css/Workshop.css","54","workshopicon name","text-align","left","reference_only","not_run","Resolve cascade and enclosing media conditions at source line; compare equivalent Bevy layout at target viewport"
"html/css/Workshop.css","54","workshopicon name","background-color","rgba( 255, 255, 255, 0.99 )","reference_only","not_run","Resolve cascade and enclosing media conditions at source line; compare equivalent Bevy layout at target viewport"
"html/css/Workshop.css","54","workshopicon name","font-size","14px","reference_only","not_run","Resolve cascade and enclosing media conditions at source line; compare equivalent Bevy layout at target viewport"
"html/css/Workshop.css","54","workshopicon name","font-weight","bold","reference_only","not_run","Resolve cascade and enclosing media conditions at source line; compare equivalent Bevy layout at target viewport"
"html/css/Workshop.css","54","workshopicon name","letter-spacing","-1px","reference_only","not_run","Resolve cascade and enclosing media conditions at source line; compare equivalent Bevy layout at target viewport"
"html/css/Workshop.css","54","workshopicon name","z-index","10","reference_only","not_run","Resolve cascade and enclosing media conditions at source line; compare equivalent Bevy layout at target viewport"
"html/css/Workshop.css","54","workshopicon name","font-family","""Arial""","reference_only","not_run","Resolve cascade and enclosing media conditions at source line; compare equivalent Bevy layout at target viewport"
"html/css/Workshop.css","54","workshopicon name","color","#666","reference_only","not_run","Resolve cascade and enclosing media conditions at source line; compare equivalent Bevy layout at target viewport"
"html/css/Workshop.css","54","workshopicon name","height","22px","reference_only","not_run","Resolve cascade and enclosing media conditions at source line; compare equivalent Bevy layout at target viewport"
"html/css/Workshop.css","71","workshopicon name label","position","absolute","reference_only","not_run","Resolve cascade and enclosing media conditions at source line; compare equivalent Bevy layout at target viewport"
"html/css/Workshop.css","71","workshopicon name label","left","0","reference_only","not_run","Resolve cascade and enclosing media conditions at source line; compare equivalent Bevy layout at target viewport"
"html/css/Workshop.css","71","workshopicon name label","top","0","reference_only","not_run","Resolve cascade and enclosing media conditions at source line; compare equivalent Bevy layout at target viewport"
"html/css/Workshop.css","71","workshopicon name label","right","2px","reference_only","not_run","Resolve cascade and enclosing media conditions at source line; compare equivalent Bevy layout at target viewport"
"html/css/Workshop.css","71","workshopicon name label","padding","2px 0px 4px 2px","reference_only","not_run","Resolve cascade and enclosing media conditions at source line; compare equivalent Bevy layout at target viewport"
"html/css/Workshop.css","71","workshopicon name label","white-space","nowrap","reference_only","not_run","Resolve cascade and enclosing media conditions at source line; compare equivalent Bevy layout at target viewport"
"html/css/Workshop.css","71","workshopicon name label","overflow","hidden","reference_only","not_run","Resolve cascade and enclosing media conditions at source line; compare equivalent Bevy layout at target viewport"
"html/css/Workshop.css","84","workshopicon name.subscription label","right","24px","reference_only","not_run","Resolve cascade and enclosing media conditions at source line; compare equivalent Bevy layout at target viewport"
"html/css/Workshop.css","88","workshopicon.floating name label","right","2px","reference_only","not_run","Resolve cascade and enclosing media conditions at source line; compare equivalent Bevy layout at target viewport"
"html/css/Workshop.css","92","workshopicon author, workshopicon votes, workshopicon size","position","absolute","reference_only","not_run","Resolve cascade and enclosing media conditions at source line; compare equivalent Bevy layout at target viewport"
"html/css/Workshop.css","92","workshopicon author, workshopicon votes, workshopicon size","bottom","0px","reference_only","not_run","Resolve cascade and enclosing media conditions at source line; compare equivalent Bevy layout at target viewport"
"html/css/Workshop.css","92","workshopicon author, workshopicon votes, workshopicon size","right","0px","reference_only","not_run","Resolve cascade and enclosing media conditions at source line; compare equivalent Bevy layout at target viewport"
"html/css/Workshop.css","92","workshopicon author, workshopicon votes, workshopicon size","text-align","right","reference_only","not_run","Resolve cascade and enclosing media conditions at source line; compare equivalent Bevy layout at target viewport"
"html/css/Workshop.css","92","workshopicon author, workshopicon votes, workshopicon size","font-size","11px","reference_only","not_run","Resolve cascade and enclosing media conditions at source line; compare equivalent Bevy layout at target viewport"
"html/css/Workshop.css","92","workshopicon author, workshopicon votes, workshopicon size","font-weight","bold","reference_only","not_run","Resolve cascade and enclosing media conditions at source line; compare equivalent Bevy layout at target viewport"
"html/css/Workshop.css","92","workshopicon author, workshopicon votes, workshopicon size","z-index","10","reference_only","not_run","Resolve cascade and enclosing media conditions at source line; compare equivalent Bevy layout at target viewport"
"html/css/Workshop.css","92","workshopicon author, workshopicon votes, workshopicon size","white-space","nowrap","reference_only","not_run","Resolve cascade and enclosing media conditions at source line; compare equivalent Bevy layout at target viewport"
"html/css/Workshop.css","92","workshopicon author, workshopicon votes, workshopicon size","overflow","hidden","reference_only","not_run","Resolve cascade and enclosing media conditions at source line; compare equivalent Bevy layout at target viewport"
"html/css/Workshop.css","92","workshopicon author, workshopicon votes, workshopicon size","font-family","""Arial""","reference_only","not_run","Resolve cascade and enclosing media conditions at source line; compare equivalent Bevy layout at target viewport"
"html/css/Workshop.css","92","workshopicon author, workshopicon votes, workshopicon size","color","#333","reference_only","not_run","Resolve cascade and enclosing media conditions at source line; compare equivalent Bevy layout at target viewport"
"html/css/Workshop.css","92","workshopicon author, workshopicon votes, workshopicon size","background-color","#fff","reference_only","not_run","Resolve cascade and enclosing media conditions at source line; compare equivalent Bevy layout at target viewport"
"html/css/Workshop.css","92","workshopicon author, workshopicon votes, workshopicon size","border-radius","4px 0 0 0","reference_only","not_run","Resolve cascade and enclosing media conditions at source line; compare equivalent Bevy layout at target viewport"
"html/css/Workshop.css","92","workshopicon author, workshopicon votes, workshopicon size","padding","3px 6px","reference_only","not_run","Resolve cascade and enclosing media conditions at source line; compare equivalent Bevy layout at target viewport"
"html/css/Workshop.css","113","workshopicon size","top","22px","reference_only","not_run","Resolve cascade and enclosing media conditions at source line; compare equivalent Bevy layout at target viewport"
"html/css/Workshop.css","113","workshopicon size","bottom","auto","reference_only","not_run","Resolve cascade and enclosing media conditions at source line; compare equivalent Bevy layout at target viewport"
"html/css/Workshop.css","113","workshopicon size","border-radius","0 0 0 4px","reference_only","not_run","Resolve cascade and enclosing media conditions at source line; compare equivalent Bevy layout at target viewport"
"html/css/Workshop.css","119","workshopicon author, workshopicon size","right","0px","reference_only","not_run","Resolve cascade and enclosing media conditions at source line; compare equivalent Bevy layout at target viewport"
"html/css/Workshop.css","125","workshopicon:hover author, workshopicon:hover size","right","-200px","reference_only","not_run","Resolve cascade and enclosing media conditions at source line; compare equivalent Bevy layout at target viewport"
"html/css/Workshop.css","131","workshopicon votes","left","0px","reference_only","not_run","Resolve cascade and enclosing media conditions at source line; compare equivalent Bevy layout at target viewport"
"html/css/Workshop.css","131","workshopicon votes","color","#4a4","reference_only","not_run","Resolve cascade and enclosing media conditions at source line; compare equivalent Bevy layout at target viewport"
"html/css/Workshop.css","138","workshopicon votes.negative","color","#a44","reference_only","not_run","Resolve cascade and enclosing media conditions at source line; compare equivalent Bevy layout at target viewport"
"html/css/Workshop.css","143","workshopicon:hover votes","left","-200px","reference_only","not_run","Resolve cascade and enclosing media conditions at source line; compare equivalent Bevy layout at target viewport"
"html/css/Workshop.css","149","workshopicon votes","bottom","0px","reference_only","not_run","Resolve cascade and enclosing media conditions at source line; compare equivalent Bevy layout at target viewport"
"html/css/Workshop.css","149","workshopicon votes","right","inherit","reference_only","not_run","Resolve cascade and enclosing media conditions at source line; compare equivalent Bevy layout at target viewport"
"html/css/Workshop.css","149","workshopicon votes","border-radius","0 4px 0 0","reference_only","not_run","Resolve cascade and enclosing media conditions at source line; compare equivalent Bevy layout at target viewport"
"html/css/Workshop.css","156","workshopicon description","position","absolute","reference_only","not_run","Resolve cascade and enclosing media conditions at source line; compare equivalent Bevy layout at target viewport"
"html/css/Workshop.css","156","workshopicon description","left","0","reference_only","not_run","Resolve cascade and enclosing media conditions at source line; compare equivalent Bevy layout at target viewport"
"html/css/Workshop.css","156","workshopicon description","top","0px","reference_only","not_run","Resolve cascade and enclosing media conditions at source line; compare equivalent Bevy layout at target viewport"
"html/css/Workshop.css","156","workshopicon description","bottom","0px","reference_only","not_run","Resolve cascade and enclosing media conditions at source line; compare equivalent Bevy layout at target viewport"
"html/css/Workshop.css","156","workshopicon description","right","0","reference_only","not_run","Resolve cascade and enclosing media conditions at source line; compare equivalent Bevy layout at target viewport"
"html/css/Workshop.css","156","workshopicon description","text-align","left","reference_only","not_run","Resolve cascade and enclosing media conditions at source line; compare equivalent Bevy layout at target viewport"
"html/css/Workshop.css","156","workshopicon description","background-color","rgba( 70, 180, 250, 0.95 )","reference_only","not_run","Resolve cascade and enclosing media conditions at source line; compare equivalent Bevy layout at target viewport"
"html/css/Workshop.css","156","workshopicon description","font-size","11px","reference_only","not_run","Resolve cascade and enclosing media conditions at source line; compare equivalent Bevy layout at target viewport"
"html/css/Workshop.css","156","workshopicon description","padding","32px 8px","reference_only","not_run","Resolve cascade and enclosing media conditions at source line; compare equivalent Bevy layout at target viewport"
"html/css/Workshop.css","156","workshopicon description","color","#fff","reference_only","not_run","Resolve cascade and enclosing media conditions at source line; compare equivalent Bevy layout at target viewport"
"html/css/Workshop.css","175","workshopicon .checkbox","position","absolute","reference_only","not_run","Resolve cascade and enclosing media conditions at source line; compare equivalent Bevy layout at target viewport"
"html/css/Workshop.css","175","workshopicon .checkbox","top","0px","reference_only","not_run","Resolve cascade and enclosing media conditions at source line; compare equivalent Bevy layout at target viewport"
"html/css/Workshop.css","175","workshopicon .checkbox","right","0px","reference_only","not_run","Resolve cascade and enclosing media conditions at source line; compare equivalent Bevy layout at target viewport"
"html/css/Workshop.css","175","workshopicon .checkbox","margin","0","reference_only","not_run","Resolve cascade and enclosing media conditions at source line; compare equivalent Bevy layout at target viewport"
"html/css/Workshop.css","175","workshopicon .checkbox","z-index","32","reference_only","not_run","Resolve cascade and enclosing media conditions at source line; compare equivalent Bevy layout at target viewport"
"html/css/Workshop.css","175","workshopicon .checkbox","height","19px","reference_only","not_run","Resolve cascade and enclosing media conditions at source line; compare equivalent Bevy layout at target viewport"
"html/css/Workshop.css","175","workshopicon .checkbox","width","19px","reference_only","not_run","Resolve cascade and enclosing media conditions at source line; compare equivalent Bevy layout at target viewport"
"html/css/Workshop.css","186","workshopicon:hover description","display","inherit","reference_only","not_run","Resolve cascade and enclosing media conditions at source line; compare equivalent Bevy layout at target viewport"
"html/css/Workshop.css","194","workshopmessage","font-size","48px","reference_only","not_run","Resolve cascade and enclosing media conditions at source line; compare equivalent Bevy layout at target viewport"
"html/css/Workshop.css","194","workshopmessage","font-weight","bolder","reference_only","not_run","Resolve cascade and enclosing media conditions at source line; compare equivalent Bevy layout at target viewport"
"html/css/Workshop.css","194","workshopmessage","color","#999","reference_only","not_run","Resolve cascade and enclosing media conditions at source line; compare equivalent Bevy layout at target viewport"
"html/css/Workshop.css","194","workshopmessage","text-align","center","reference_only","not_run","Resolve cascade and enclosing media conditions at source line; compare equivalent Bevy layout at target viewport"
"html/css/Workshop.css","194","workshopmessage","display","block","reference_only","not_run","Resolve cascade and enclosing media conditions at source line; compare equivalent Bevy layout at target viewport"
"html/css/Workshop.css","194","workshopmessage","margin","64px","reference_only","not_run","Resolve cascade and enclosing media conditions at source line; compare equivalent Bevy layout at target viewport"
"html/css/Workshop.css","207","workshopmessage","margin","16px","reference_only","not_run","Resolve cascade and enclosing media conditions at source line; compare equivalent Bevy layout at target viewport"
"html/css/Workshop.css","212","workshopcontainer","position","absolute","reference_only","not_run","Resolve cascade and enclosing media conditions at source line; compare equivalent Bevy layout at target viewport"
"html/css/Workshop.css","212","workshopcontainer","left","0px","reference_only","not_run","Resolve cascade and enclosing media conditions at source line; compare equivalent Bevy layout at target viewport"
"html/css/Workshop.css","212","workshopcontainer","top","64px","reference_only","not_run","Resolve cascade and enclosing media conditions at source line; compare equivalent Bevy layout at target viewport"
"html/css/Workshop.css","212","workshopcontainer","bottom","0px","reference_only","not_run","Resolve cascade and enclosing media conditions at source line; compare equivalent Bevy layout at target viewport"
"html/css/Workshop.css","212","workshopcontainer","right","0px","reference_only","not_run","Resolve cascade and enclosing media conditions at source line; compare equivalent Bevy layout at target viewport"
"html/css/Workshop.css","212","workshopcontainer","background-color","white","reference_only","not_run","Resolve cascade and enclosing media conditions at source line; compare equivalent Bevy layout at target viewport"
"html/css/Workshop.css","212","workshopcontainer","border-radius","3px","reference_only","not_run","Resolve cascade and enclosing media conditions at source line; compare equivalent Bevy layout at target viewport"
"html/css/Workshop.css","212","workshopcontainer","padding","8px","reference_only","not_run","Resolve cascade and enclosing media conditions at source line; compare equivalent Bevy layout at target viewport"
"html/css/Workshop.css","224","controls","position","absolute","reference_only","not_run","Resolve cascade and enclosing media conditions at source line; compare equivalent Bevy layout at target viewport"
"html/css/Workshop.css","224","controls","bottom","0px","reference_only","not_run","Resolve cascade and enclosing media conditions at source line; compare equivalent Bevy layout at target viewport"
"html/css/Workshop.css","224","controls","left","0px","reference_only","not_run","Resolve cascade and enclosing media conditions at source line; compare equivalent Bevy layout at target viewport"
"html/css/Workshop.css","224","controls","right","0px","reference_only","not_run","Resolve cascade and enclosing media conditions at source line; compare equivalent Bevy layout at target viewport"
"html/css/Workshop.css","224","controls","padding","3px","reference_only","not_run","Resolve cascade and enclosing media conditions at source line; compare equivalent Bevy layout at target viewport"
"html/css/Workshop.css","224","controls","margin","6px 5px","reference_only","not_run","Resolve cascade and enclosing media conditions at source line; compare equivalent Bevy layout at target viewport"
"html/css/Workshop.css","224","controls","overflow","display","reference_only","not_run","Resolve cascade and enclosing media conditions at source line; compare equivalent Bevy layout at target viewport"
"html/css/Workshop.css","235","controls control","font-size","11px","reference_only","not_run","Resolve cascade and enclosing media conditions at source line; compare equivalent Bevy layout at target viewport"
"html/css/Workshop.css","235","controls control","display","inline-block","reference_only","not_run","Resolve cascade and enclosing media conditions at source line; compare equivalent Bevy layout at target viewport"
"html/css/Workshop.css","235","controls control","background-color","#F5FF80","reference_only","not_run","Resolve cascade and enclosing media conditions at source line; compare equivalent Bevy layout at target viewport"
"html/css/Workshop.css","235","controls control","padding","2px 4px","reference_only","not_run","Resolve cascade and enclosing media conditions at source line; compare equivalent Bevy layout at target viewport"
"html/css/Workshop.css","235","controls control","border-radius","2px","reference_only","not_run","Resolve cascade and enclosing media conditions at source line; compare equivalent Bevy layout at target viewport"
"html/css/Workshop.css","235","controls control","height","15px","reference_only","not_run","Resolve cascade and enclosing media conditions at source line; compare equivalent Bevy layout at target viewport"
"html/css/Workshop.css","235","controls control","position","relative","reference_only","not_run","Resolve cascade and enclosing media conditions at source line; compare equivalent Bevy layout at target viewport"
"html/css/Workshop.css","248","controls control IMG","padding-top","3px","reference_only","not_run","Resolve cascade and enclosing media conditions at source line; compare equivalent Bevy layout at target viewport"
"html/css/Workshop.css","253","controls control:hover","background-color","white","reference_only","not_run","Resolve cascade and enclosing media conditions at source line; compare equivalent Bevy layout at target viewport"
"html/css/Workshop.css","258","controls control.disabled","background-color","#bfbfbf","reference_only","not_run","Resolve cascade and enclosing media conditions at source line; compare equivalent Bevy layout at target viewport"
"html/css/Workshop.css","265",".ugc_settings_button","height","44px","reference_only","not_run","Resolve cascade and enclosing media conditions at source line; compare equivalent Bevy layout at target viewport"
"html/css/Workshop.css","265",".ugc_settings_button","width","44px","reference_only","not_run","Resolve cascade and enclosing media conditions at source line; compare equivalent Bevy layout at target viewport"
"html/css/Workshop.css","265",".ugc_settings_button","padding","6px","reference_only","not_run","Resolve cascade and enclosing media conditions at source line; compare equivalent Bevy layout at target viewport"
"html/css/Workshop.css","265",".ugc_settings_button","border-radius","4px","reference_only","not_run","Resolve cascade and enclosing media conditions at source line; compare equivalent Bevy layout at target viewport"
"html/css/Workshop.css","265",".ugc_settings_button","box-sizing","border-box","reference_only","not_run","Resolve cascade and enclosing media conditions at source line; compare equivalent Bevy layout at target viewport"
"html/css/Workshop.css","265",".ugc_settings_button","position","absolute","reference_only","not_run","Resolve cascade and enclosing media conditions at source line; compare equivalent Bevy layout at target viewport"
"html/css/Workshop.css","265",".ugc_settings_button","bottom","4px","reference_only","not_run","Resolve cascade and enclosing media conditions at source line; compare equivalent Bevy layout at target viewport"
"html/css/Workshop.css","265",".ugc_settings_button","right","4px","reference_only","not_run","Resolve cascade and enclosing media conditions at source line; compare equivalent Bevy layout at target viewport"
"html/css/Workshop.css","285",".ugc_settings","width","100%","reference_only","not_run","Resolve cascade and enclosing media conditions at source line; compare equivalent Bevy layout at target viewport"
"html/css/Workshop.css","285",".ugc_settings","padding","10px","reference_only","not_run","Resolve cascade and enclosing media conditions at source line; compare equivalent Bevy layout at target viewport"
"html/css/Workshop.css","285",".ugc_settings","z-index","128","reference_only","not_run","Resolve cascade and enclosing media conditions at source line; compare equivalent Bevy layout at target viewport"
"html/css/Workshop.css","285",".ugc_settings","position","absolute","reference_only","not_run","Resolve cascade and enclosing media conditions at source line; compare equivalent Bevy layout at target viewport"
"html/css/Workshop.css","285",".ugc_settings","bottom","52px","reference_only","not_run","Resolve cascade and enclosing media conditions at source line; compare equivalent Bevy layout at target viewport"
"html/css/Workshop.css","285",".ugc_settings","left","0","reference_only","not_run","Resolve cascade and enclosing media conditions at source line; compare equivalent Bevy layout at target viewport"
"html/css/Workshop.css","285",".ugc_settings","box-sizing","border-box","reference_only","not_run","Resolve cascade and enclosing media conditions at source line; compare equivalent Bevy layout at target viewport"
"html/css/Workshop.css","285",".ugc_settings","overflow","hidden","reference_only","not_run","Resolve cascade and enclosing media conditions at source line; compare equivalent Bevy layout at target viewport"
"html/css/Workshop.css","306",".ugc_settings span","display","block","reference_only","not_run","Resolve cascade and enclosing media conditions at source line; compare equivalent Bevy layout at target viewport"
"html/css/Workshop.css","306",".ugc_settings span","font-weight","bold","reference_only","not_run","Resolve cascade and enclosing media conditions at source line; compare equivalent Bevy layout at target viewport"
"html/css/Workshop.css","312",".ugc_settings label","position","relative","reference_only","not_run","Resolve cascade and enclosing media conditions at source line; compare equivalent Bevy layout at target viewport"
"html/css/Workshop.css","312",".ugc_settings label","top","-2px","reference_only","not_run","Resolve cascade and enclosing media conditions at source line; compare equivalent Bevy layout at target viewport"
"html/css/Workshop.css","317",".ugc_settings a","font-weight","bold","reference_only","not_run","Resolve cascade and enclosing media conditions at source line; compare equivalent Bevy layout at target viewport"
"html/css/Workshop.css","317",".ugc_settings a","color","#000","reference_only","not_run","Resolve cascade and enclosing media conditions at source line; compare equivalent Bevy layout at target viewport"
"html/css/Workshop.css","317",".ugc_settings a","padding","4px 15px","reference_only","not_run","Resolve cascade and enclosing media conditions at source line; compare equivalent Bevy layout at target viewport"
"html/css/Workshop.css","317",".ugc_settings a","display","block","reference_only","not_run","Resolve cascade and enclosing media conditions at source line; compare equivalent Bevy layout at target viewport"
"html/css/Workshop.css","317",".ugc_settings a","margin-top","2px","reference_only","not_run","Resolve cascade and enclosing media conditions at source line; compare equivalent Bevy layout at target viewport"
"html/css/Workshop.css","317",".ugc_settings a","text-align","center","reference_only","not_run","Resolve cascade and enclosing media conditions at source line; compare equivalent Bevy layout at target viewport"
"html/css/Workshop.css","317",".ugc_settings a","border-radius","4px","reference_only","not_run","Resolve cascade and enclosing media conditions at source line; compare equivalent Bevy layout at target viewport"
"html/css/Workshop.css","317",".ugc_settings a","min-width","140px","reference_only","not_run","Resolve cascade and enclosing media conditions at source line; compare equivalent Bevy layout at target viewport"
"html/css/Workshop.css","339",".ugc_settings_cat","vertical-align","top","reference_only","not_run","Resolve cascade and enclosing media conditions at source line; compare equivalent Bevy layout at target viewport"
"html/css/Workshop.css","339",".ugc_settings_cat","display","inline-block","reference_only","not_run","Resolve cascade and enclosing media conditions at source line; compare equivalent Bevy layout at target viewport"
"html/css/Workshop.css","339",".ugc_settings_cat","padding","0px 1%","reference_only","not_run","Resolve cascade and enclosing media conditions at source line; compare equivalent Bevy layout at target viewport"
"html/css/Workshop.css","339",".ugc_settings_cat","margin","0 auto","reference_only","not_run","Resolve cascade and enclosing media conditions at source line; compare equivalent Bevy layout at target viewport"
"html/css/Workshop.css","347",".create_preset","min-width","350px","reference_only","not_run","Resolve cascade and enclosing media conditions at source line; compare equivalent Bevy layout at target viewport"
"html/css/Workshop.css","352",".preset_content","max-height","400px","reference_only","not_run","Resolve cascade and enclosing media conditions at source line; compare equivalent Bevy layout at target viewport"
"html/css/Workshop.css","352",".preset_content","min-height","290px","reference_only","not_run","Resolve cascade and enclosing media conditions at source line; compare equivalent Bevy layout at target viewport"
"html/css/Workshop.css","352",".preset_content","min-width","500px","reference_only","not_run","Resolve cascade and enclosing media conditions at source line; compare equivalent Bevy layout at target viewport"
"html/css/Workshop.css","352",".preset_content","margin-bottom","5px","reference_only","not_run","Resolve cascade and enclosing media conditions at source line; compare equivalent Bevy layout at target viewport"
"html/css/Workshop.css","352",".preset_content","display","-webkit-box","reference_only","not_run","Resolve cascade and enclosing media conditions at source line; compare equivalent Bevy layout at target viewport"
"html/css/Workshop.css","361",".preset_side","width","150px","reference_only","not_run","Resolve cascade and enclosing media conditions at source line; compare equivalent Bevy layout at target viewport"
"html/css/Workshop.css","361",".preset_side","display","-webkit-box","reference_only","not_run","Resolve cascade and enclosing media conditions at source line; compare equivalent Bevy layout at target viewport"
"html/css/Workshop.css","367",".preset_side input[type=""text""]","padding","2px 4px","reference_only","not_run","Resolve cascade and enclosing media conditions at source line; compare equivalent Bevy layout at target viewport"
"html/css/Workshop.css","367",".preset_side input[type=""text""]","box-sizing","border-box","reference_only","not_run","Resolve cascade and enclosing media conditions at source line; compare equivalent Bevy layout at target viewport"
"html/css/Workshop.css","367",".preset_side input[type=""text""]","margin-bottom","8px","reference_only","not_run","Resolve cascade and enclosing media conditions at source line; compare equivalent Bevy layout at target viewport"
"html/css/Workshop.css","367",".preset_side input[type=""text""]","margin-right","8px","reference_only","not_run","Resolve cascade and enclosing media conditions at source line; compare equivalent Bevy layout at target viewport"
"html/css/Workshop.css","367",".preset_side input[type=""text""]","display","block","reference_only","not_run","Resolve cascade and enclosing media conditions at source line; compare equivalent Bevy layout at target viewport"
"html/css/Workshop.css","375",".preset_list","overflow-y","scroll","reference_only","not_run","Resolve cascade and enclosing media conditions at source line; compare equivalent Bevy layout at target viewport"
"html/css/Workshop.css","375",".preset_list","overflow-x","hidden","reference_only","not_run","Resolve cascade and enclosing media conditions at source line; compare equivalent Bevy layout at target viewport"
"html/css/Workshop.css","382",".preset_list font","display","block","reference_only","not_run","Resolve cascade and enclosing media conditions at source line; compare equivalent Bevy layout at target viewport"
"html/css/Workshop.css","382",".preset_list font","padding","5px","reference_only","not_run","Resolve cascade and enclosing media conditions at source line; compare equivalent Bevy layout at target viewport"
"html/css/Workshop.css","396",".preset_data","padding-left","5px","reference_only","not_run","Resolve cascade and enclosing media conditions at source line; compare equivalent Bevy layout at target viewport"
"html/css/Workshop.css","402","pagination","background-color","#fff","reference_only","not_run","Resolve cascade and enclosing media conditions at source line; compare equivalent Bevy layout at target viewport"
"html/css/Workshop.css","402","pagination","border-radius","4px","reference_only","not_run","Resolve cascade and enclosing media conditions at source line; compare equivalent Bevy layout at target viewport"
"html/css/Workshop.css","402","pagination","margin","0 auto","reference_only","not_run","Resolve cascade and enclosing media conditions at source line; compare equivalent Bevy layout at target viewport"
"html/css/Workshop.css","402","pagination","padding","4px 4px","reference_only","not_run","Resolve cascade and enclosing media conditions at source line; compare equivalent Bevy layout at target viewport"
"html/css/Workshop.css","402","pagination","max-width","500px","reference_only","not_run","Resolve cascade and enclosing media conditions at source line; compare equivalent Bevy layout at target viewport"
"html/css/Workshop.css","402","pagination","z-index","64","reference_only","not_run","Resolve cascade and enclosing media conditions at source line; compare equivalent Bevy layout at target viewport"
"html/css/Workshop.css","416","pagination","margin","0","reference_only","not_run","Resolve cascade and enclosing media conditions at source line; compare equivalent Bevy layout at target viewport"
"html/css/Workshop.css","416","pagination","margin-right","48px","reference_only","not_run","Resolve cascade and enclosing media conditions at source line; compare equivalent Bevy layout at target viewport"
"html/css/Workshop.css","422","pagination .back, pagination .next","display","block","reference_only","not_run","Resolve cascade and enclosing media conditions at source line; compare equivalent Bevy layout at target viewport"
"html/css/Workshop.css","422","pagination .back, pagination .next","width","48px","reference_only","not_run","Resolve cascade and enclosing media conditions at source line; compare equivalent Bevy layout at target viewport"
"html/css/Workshop.css","422","pagination .back, pagination .next","height","36px","reference_only","not_run","Resolve cascade and enclosing media conditions at source line; compare equivalent Bevy layout at target viewport"
"html/css/Workshop.css","422","pagination .back, pagination .next","background-color","#2387ed","reference_only","not_run","Resolve cascade and enclosing media conditions at source line; compare equivalent Bevy layout at target viewport"
"html/css/Workshop.css","422","pagination .back, pagination .next","border-radius","3px","reference_only","not_run","Resolve cascade and enclosing media conditions at source line; compare equivalent Bevy layout at target viewport"
"html/css/Workshop.css","434","pagination .back:hover, pagination .next:hover","background-color","#4f9ded","reference_only","not_run","Resolve cascade and enclosing media conditions at source line; compare equivalent Bevy layout at target viewport"
"html/css/Workshop.css","445","pagination .pages","overflow","hidden","reference_only","not_run","Resolve cascade and enclosing media conditions at source line; compare equivalent Bevy layout at target viewport"
"html/css/Workshop.css","445","pagination .pages","margin-top","6px","reference_only","not_run","Resolve cascade and enclosing media conditions at source line; compare equivalent Bevy layout at target viewport"
"html/css/Workshop.css","451","pagination span.pagenum","font-size","14px","reference_only","not_run","Resolve cascade and enclosing media conditions at source line; compare equivalent Bevy layout at target viewport"
"html/css/Workshop.css","487","workshopicon.invalid name, workshopicon.invalid author, workshopicon.invalid votes, workshopicon.invalid size","color","#fff","reference_only","not_run","Resolve cascade and enclosing media conditions at source line; compare equivalent Bevy layout at target viewport"
"html/css/Workshop.css","497","workshopicon.invalid.disabled name, workshopicon.invalid.disabled author, workshopicon.invalid.disabled votes, workshopicon.invalid.disabled size","color","#fff","reference_only","not_run","Resolve cascade and enclosing media conditions at source line; compare equivalent Bevy layout at target viewport"
