"source","line","receiver","method","literal_arguments","numeric_atoms","status","result","limitation"
"gamemodes/sandbox/gamemode/spawnmenu/contextmenu.lua","12","self","SetWorldClicker","","","reference_only","not_run","Single-line literal scan; multiline calls expressions and inheritance require review; numbers are atoms not coordinates"
"gamemodes/sandbox/gamemode/spawnmenu/contextmenu.lua","14","vgui","Create","DCategoryList","","reference_only","not_run","Single-line literal scan; multiline calls expressions and inheritance require review; numbers are atoms not coordinates"
"gamemodes/sandbox/gamemode/spawnmenu/contextmenu.lua","17","self","Dock","","","reference_only","not_run","Single-line literal scan; multiline calls expressions and inheritance require review; numbers are atoms not coordinates"
"gamemodes/sandbox/gamemode/spawnmenu/contextmenu.lua","36","self","SetKeyboardInputEnabled","","","reference_only","not_run","Single-line literal scan; multiline calls expressions and inheritance require review; numbers are atoms not coordinates"
"gamemodes/sandbox/gamemode/spawnmenu/contextmenu.lua","37","self","SetMouseInputEnabled","","","reference_only","not_run","Single-line literal scan; multiline calls expressions and inheritance require review; numbers are atoms not coordinates"
"gamemodes/sandbox/gamemode/spawnmenu/contextmenu.lua","78","self","SetKeyboardInputEnabled","","","reference_only","not_run","Single-line literal scan; multiline calls expressions and inheritance require review; numbers are atoms not coordinates"
"gamemodes/sandbox/gamemode/spawnmenu/contextmenu.lua","79","self","SetMouseInputEnabled","","","reference_only","not_run","Single-line literal scan; multiline calls expressions and inheritance require review; numbers are atoms not coordinates"
"gamemodes/sandbox/gamemode/spawnmenu/contextmenu.lua","94","self.Canvas","SetTall","","","reference_only","not_run","Single-line literal scan; multiline calls expressions and inheritance require review; numbers are atoms not coordinates"
"gamemodes/sandbox/gamemode/spawnmenu/contextmenu.lua","95","self.Canvas","SetWide","","320","reference_only","not_run","Single-line literal scan; multiline calls expressions and inheritance require review; numbers are atoms not coordinates"
"gamemodes/sandbox/gamemode/spawnmenu/contextmenu.lua","97","self.Canvas","SetPos","","50|50","reference_only","not_run","Single-line literal scan; multiline calls expressions and inheritance require review; numbers are atoms not coordinates"
"gamemodes/sandbox/gamemode/spawnmenu/contextmenu.lua","106","self","SetKeyboardInputEnabled","","","reference_only","not_run","Single-line literal scan; multiline calls expressions and inheritance require review; numbers are atoms not coordinates"
"gamemodes/sandbox/gamemode/spawnmenu/contextmenu.lua","113","self","SetKeyboardInputEnabled","","","reference_only","not_run","Single-line literal scan; multiline calls expressions and inheritance require review; numbers are atoms not coordinates"
"gamemodes/sandbox/gamemode/spawnmenu/contextmenu.lua","135","vgui","Register","ContextMenu|EditablePanel","","reference_only","not_run","Single-line literal scan; multiline calls expressions and inheritance require review; numbers are atoms not coordinates"
"gamemodes/sandbox/gamemode/spawnmenu/contextmenu.lua","146","vgui","Create","ContextMenu","","reference_only","not_run","Single-line literal scan; multiline calls expressions and inheritance require review; numbers are atoms not coordinates"
"gamemodes/sandbox/gamemode/spawnmenu/contextmenu.lua","166","IconLayout","SetBorder","","8","reference_only","not_run","Single-line literal scan; multiline calls expressions and inheritance require review; numbers are atoms not coordinates"
"gamemodes/sandbox/gamemode/spawnmenu/contextmenu.lua","167","IconLayout","SetSpaceX","","8","reference_only","not_run","Single-line literal scan; multiline calls expressions and inheritance require review; numbers are atoms not coordinates"
"gamemodes/sandbox/gamemode/spawnmenu/contextmenu.lua","168","IconLayout","SetSpaceY","","8","reference_only","not_run","Single-line literal scan; multiline calls expressions and inheritance require review; numbers are atoms not coordinates"
"gamemodes/sandbox/gamemode/spawnmenu/contextmenu.lua","170","IconLayout","SetWorldClicker","","","reference_only","not_run","Single-line literal scan; multiline calls expressions and inheritance require review; numbers are atoms not coordinates"
"gamemodes/sandbox/gamemode/spawnmenu/contextmenu.lua","173","IconLayout","Dock","","","reference_only","not_run","Single-line literal scan; multiline calls expressions and inheritance require review; numbers are atoms not coordinates"
"gamemodes/sandbox/gamemode/spawnmenu/contextmenu.lua","183","icon","SetText","","","reference_only","not_run","Single-line literal scan; multiline calls expressions and inheritance require review; numbers are atoms not coordinates"
"gamemodes/sandbox/gamemode/spawnmenu/contextmenu.lua","184","icon","SetSize","","80|82","reference_only","not_run","Single-line literal scan; multiline calls expressions and inheritance require review; numbers are atoms not coordinates"
"gamemodes/sandbox/gamemode/spawnmenu/contextmenu.lua","189","image","SetImage","","","reference_only","not_run","Single-line literal scan; multiline calls expressions and inheritance require review; numbers are atoms not coordinates"
"gamemodes/sandbox/gamemode/spawnmenu/contextmenu.lua","190","image","SetSize","","64|64","reference_only","not_run","Single-line literal scan; multiline calls expressions and inheritance require review; numbers are atoms not coordinates"
"gamemodes/sandbox/gamemode/spawnmenu/contextmenu.lua","191","image","Dock","","","reference_only","not_run","Single-line literal scan; multiline calls expressions and inheritance require review; numbers are atoms not coordinates"
"gamemodes/sandbox/gamemode/spawnmenu/contextmenu.lua","192","image","DockMargin","","8|0|8|0","reference_only","not_run","Single-line literal scan; multiline calls expressions and inheritance require review; numbers are atoms not coordinates"
"gamemodes/sandbox/gamemode/spawnmenu/contextmenu.lua","195","label","Dock","","","reference_only","not_run","Single-line literal scan; multiline calls expressions and inheritance require review; numbers are atoms not coordinates"
"gamemodes/sandbox/gamemode/spawnmenu/contextmenu.lua","196","label","SetText","","","reference_only","not_run","Single-line literal scan; multiline calls expressions and inheritance require review; numbers are atoms not coordinates"
"gamemodes/sandbox/gamemode/spawnmenu/contextmenu.lua","218","icon.Window","SetSize","","","reference_only","not_run","Single-line literal scan; multiline calls expressions and inheritance require review; numbers are atoms not coordinates"
"gamemodes/sandbox/gamemode/spawnmenu/controlpanel.lua","38","vgui","Create","MatSelect","","reference_only","not_run","Single-line literal scan; multiline calls expressions and inheritance require review; numbers are atoms not coordinates"
"gamemodes/sandbox/gamemode/spawnmenu/controlpanel.lua","41","MatSelect","SetConVar","","","reference_only","not_run","Single-line literal scan; multiline calls expressions and inheritance require review; numbers are atoms not coordinates"
"gamemodes/sandbox/gamemode/spawnmenu/controlpanel.lua","61","vgui","Create","RopeMaterial","","reference_only","not_run","Single-line literal scan; multiline calls expressions and inheritance require review; numbers are atoms not coordinates"
"gamemodes/sandbox/gamemode/spawnmenu/controlpanel.lua","62","ctrl","SetConVar","","","reference_only","not_run","Single-line literal scan; multiline calls expressions and inheritance require review; numbers are atoms not coordinates"
"gamemodes/sandbox/gamemode/spawnmenu/controlpanel.lua","71","vgui","Create","PropSelect","","reference_only","not_run","Single-line literal scan; multiline calls expressions and inheritance require review; numbers are atoms not coordinates"
"gamemodes/sandbox/gamemode/spawnmenu/controlpanel.lua","73","PropSelect","SetConVar","","","reference_only","not_run","Single-line literal scan; multiline calls expressions and inheritance require review; numbers are atoms not coordinates"
"gamemodes/sandbox/gamemode/spawnmenu/controlpanel.lua","74","PropSelect.Label","SetText","","","reference_only","not_run","Single-line literal scan; multiline calls expressions and inheritance require review; numbers are atoms not coordinates"
"gamemodes/sandbox/gamemode/spawnmenu/controlpanel.lua","102","vgui","Create","ControlPresets","","reference_only","not_run","Single-line literal scan; multiline calls expressions and inheritance require review; numbers are atoms not coordinates"
"gamemodes/sandbox/gamemode/spawnmenu/controlpanel.lua","105","preset","AddOption","#preset.default","","reference_only","not_run","Single-line literal scan; multiline calls expressions and inheritance require review; numbers are atoms not coordinates"
"gamemodes/sandbox/gamemode/spawnmenu/controlpanel.lua","119","vgui","Create","CtrlNumPad","","reference_only","not_run","Single-line literal scan; multiline calls expressions and inheritance require review; numbers are atoms not coordinates"
"gamemodes/sandbox/gamemode/spawnmenu/controlpanel.lua","137","vgui","Create","CtrlColor","","reference_only","not_run","Single-line literal scan; multiline calls expressions and inheritance require review; numbers are atoms not coordinates"
"gamemodes/sandbox/gamemode/spawnmenu/controlpanel.lua","139","color","Dock","","","reference_only","not_run","Single-line literal scan; multiline calls expressions and inheritance require review; numbers are atoms not coordinates"
"gamemodes/sandbox/gamemode/spawnmenu/controlpanel.lua","160","vgui","Create","DLabel","","reference_only","not_run","Single-line literal scan; multiline calls expressions and inheritance require review; numbers are atoms not coordinates"
"gamemodes/sandbox/gamemode/spawnmenu/controlpanel.lua","161","labelPnl","SetText","","","reference_only","not_run","Single-line literal scan; multiline calls expressions and inheritance require review; numbers are atoms not coordinates"
"gamemodes/sandbox/gamemode/spawnmenu/controlpanel.lua","164","vgui","Create","CtrlListBox","","reference_only","not_run","Single-line literal scan; multiline calls expressions and inheritance require review; numbers are atoms not coordinates"
"gamemodes/sandbox/gamemode/spawnmenu/controlpanel.lua","166","cbox","Dock","","","reference_only","not_run","Single-line literal scan; multiline calls expressions and inheritance require review; numbers are atoms not coordinates"
"gamemodes/sandbox/gamemode/spawnmenu/controlpanel.lua","169","cbox","AddOption","","","reference_only","not_run","Single-line literal scan; multiline calls expressions and inheritance require review; numbers are atoms not coordinates"
"gamemodes/sandbox/gamemode/spawnmenu/controlpanel.lua","231","self","TextEntry","Untitled","","reference_only","not_run","Single-line literal scan; multiline calls expressions and inheritance require review; numbers are atoms not coordinates"
"gamemodes/sandbox/gamemode/spawnmenu/controlpanel.lua","245","self","CheckBox","Untitled","","reference_only","not_run","Single-line literal scan; multiline calls expressions and inheritance require review; numbers are atoms not coordinates"
"gamemodes/sandbox/gamemode/spawnmenu/controlpanel.lua","260","self","NumSlider","Untitled","0|100","reference_only","not_run","Single-line literal scan; multiline calls expressions and inheritance require review; numbers are atoms not coordinates"
"gamemodes/sandbox/gamemode/spawnmenu/controlpanel.lua","276","vgui","Create","PropSelect","","reference_only","not_run","Single-line literal scan; multiline calls expressions and inheritance require review; numbers are atoms not coordinates"
"gamemodes/sandbox/gamemode/spawnmenu/controlpanel.lua","285","vgui","Create","MatSelect","","reference_only","not_run","Single-line literal scan; multiline calls expressions and inheritance require review; numbers are atoms not coordinates"
"gamemodes/sandbox/gamemode/spawnmenu/controlpanel.lua","297","vgui","Create","RopeMaterial","","reference_only","not_run","Single-line literal scan; multiline calls expressions and inheritance require review; numbers are atoms not coordinates"
"gamemodes/sandbox/gamemode/spawnmenu/controlpanel.lua","298","ctrl","SetConVar","","","reference_only","not_run","Single-line literal scan; multiline calls expressions and inheritance require review; numbers are atoms not coordinates"
"gamemodes/sandbox/gamemode/spawnmenu/controlpanel.lua","307","vgui","Create","DButton","","reference_only","not_run","Single-line literal scan; multiline calls expressions and inheritance require review; numbers are atoms not coordinates"
"gamemodes/sandbox/gamemode/spawnmenu/controlpanel.lua","316","ctrl","SetText","No Label","","reference_only","not_run","Single-line literal scan; multiline calls expressions and inheritance require review; numbers are atoms not coordinates"
"gamemodes/sandbox/gamemode/spawnmenu/controlpanel.lua","324","vgui","Create","CtrlNumPad","","reference_only","not_run","Single-line literal scan; multiline calls expressions and inheritance require review; numbers are atoms not coordinates"
"gamemodes/sandbox/gamemode/spawnmenu/controlpanel.lua","337","vgui","Create","CtrlColor","","reference_only","not_run","Single-line literal scan; multiline calls expressions and inheritance require review; numbers are atoms not coordinates"
"gamemodes/sandbox/gamemode/spawnmenu/controlpanel.lua","354","vgui","Create","ControlPresets","","reference_only","not_run","Single-line literal scan; multiline calls expressions and inheritance require review; numbers are atoms not coordinates"
"gamemodes/sandbox/gamemode/spawnmenu/controlpanel.lua","358","ctrl","AddOption","","","reference_only","not_run","Single-line literal scan; multiline calls expressions and inheritance require review; numbers are atoms not coordinates"
"gamemodes/sandbox/gamemode/spawnmenu/controlpanel.lua","381","vgui","Create","DListView","","reference_only","not_run","Single-line literal scan; multiline calls expressions and inheritance require review; numbers are atoms not coordinates"
"gamemodes/sandbox/gamemode/spawnmenu/controlpanel.lua","404","ctrl","SetTall","","","reference_only","not_run","Single-line literal scan; multiline calls expressions and inheritance require review; numbers are atoms not coordinates"
"gamemodes/sandbox/gamemode/spawnmenu/controlpanel.lua","419","vgui","Create","DLabel","","reference_only","not_run","Single-line literal scan; multiline calls expressions and inheritance require review; numbers are atoms not coordinates"
"gamemodes/sandbox/gamemode/spawnmenu/controlpanel.lua","420","left","SetText","","","reference_only","not_run","Single-line literal scan; multiline calls expressions and inheritance require review; numbers are atoms not coordinates"
"gamemodes/sandbox/gamemode/spawnmenu/controlpanel.lua","423","vgui","Create","CtrlListBox","","reference_only","not_run","Single-line literal scan; multiline calls expressions and inheritance require review; numbers are atoms not coordinates"
"gamemodes/sandbox/gamemode/spawnmenu/controlpanel.lua","425","ctrl","Dock","","","reference_only","not_run","Single-line literal scan; multiline calls expressions and inheritance require review; numbers are atoms not coordinates"
"gamemodes/sandbox/gamemode/spawnmenu/controlpanel.lua","428","ctrl","AddOption","","","reference_only","not_run","Single-line literal scan; multiline calls expressions and inheritance require review; numbers are atoms not coordinates"
"gamemodes/sandbox/gamemode/spawnmenu/controlpanel.lua","442","vgui","Create","MatSelect","","reference_only","not_run","Single-line literal scan; multiline calls expressions and inheritance require review; numbers are atoms not coordinates"
"gamemodes/sandbox/gamemode/spawnmenu/controlpanel.lua","448","ctrl","SetConVar","","","reference_only","not_run","Single-line literal scan; multiline calls expressions and inheritance require review; numbers are atoms not coordinates"
"gamemodes/sandbox/gamemode/spawnmenu/controlpanel.lua","469","vgui","Create","","","reference_only","not_run","Single-line literal scan; multiline calls expressions and inheritance require review; numbers are atoms not coordinates"
"gamemodes/sandbox/gamemode/spawnmenu/controlpanel.lua","472","vgui","Create","","","reference_only","not_run","Single-line literal scan; multiline calls expressions and inheritance require review; numbers are atoms not coordinates"
"gamemodes/sandbox/gamemode/spawnmenu/controlpanel.lua","491","vgui","Register","ControlPanel|DForm","","reference_only","not_run","Single-line literal scan; multiline calls expressions and inheritance require review; numbers are atoms not coordinates"
"gamemodes/sandbox/gamemode/spawnmenu/controls/control_presets.lua","8","vgui","Create","DComboBox","","reference_only","not_run","Single-line literal scan; multiline calls expressions and inheritance require review; numbers are atoms not coordinates"
"gamemodes/sandbox/gamemode/spawnmenu/controls/control_presets.lua","10","self.DropDown","SetText","Presets","","reference_only","not_run","Single-line literal scan; multiline calls expressions and inheritance require review; numbers are atoms not coordinates"
"gamemodes/sandbox/gamemode/spawnmenu/controls/control_presets.lua","11","self.DropDown","Dock","","","reference_only","not_run","Single-line literal scan; multiline calls expressions and inheritance require review; numbers are atoms not coordinates"
"gamemodes/sandbox/gamemode/spawnmenu/controls/control_presets.lua","13","vgui","Create","DImageButton","","reference_only","not_run","Single-line literal scan; multiline calls expressions and inheritance require review; numbers are atoms not coordinates"
"gamemodes/sandbox/gamemode/spawnmenu/controls/control_presets.lua","15","self.Button","Dock","","","reference_only","not_run","Single-line literal scan; multiline calls expressions and inheritance require review; numbers are atoms not coordinates"
"gamemodes/sandbox/gamemode/spawnmenu/controls/control_presets.lua","17","self.Button","SetImage","icon16/wrench.png","","reference_only","not_run","Single-line literal scan; multiline calls expressions and inheritance require review; numbers are atoms not coordinates"
"gamemodes/sandbox/gamemode/spawnmenu/controls/control_presets.lua","19","self.Button","SetSize","","20|20","reference_only","not_run","Single-line literal scan; multiline calls expressions and inheritance require review; numbers are atoms not coordinates"
"gamemodes/sandbox/gamemode/spawnmenu/controls/control_presets.lua","20","self.Button","DockMargin","","0|0|0|0","reference_only","not_run","Single-line literal scan; multiline calls expressions and inheritance require review; numbers are atoms not coordinates"
"gamemodes/sandbox/gamemode/spawnmenu/controls/control_presets.lua","22","vgui","Create","DImageButton","","reference_only","not_run","Single-line literal scan; multiline calls expressions and inheritance require review; numbers are atoms not coordinates"
"gamemodes/sandbox/gamemode/spawnmenu/controls/control_presets.lua","28","self.AddButton","Dock","","","reference_only","not_run","Single-line literal scan; multiline calls expressions and inheritance require review; numbers are atoms not coordinates"
"gamemodes/sandbox/gamemode/spawnmenu/controls/control_presets.lua","30","self.AddButton","SetImage","icon16/add.png","","reference_only","not_run","Single-line literal scan; multiline calls expressions and inheritance require review; numbers are atoms not coordinates"
"gamemodes/sandbox/gamemode/spawnmenu/controls/control_presets.lua","32","self.AddButton","SetSize","","20|20","reference_only","not_run","Single-line literal scan; multiline calls expressions and inheritance require review; numbers are atoms not coordinates"
"gamemodes/sandbox/gamemode/spawnmenu/controls/control_presets.lua","33","self.AddButton","DockMargin","","2|0|0|0","reference_only","not_run","Single-line literal scan; multiline calls expressions and inheritance require review; numbers are atoms not coordinates"
"gamemodes/sandbox/gamemode/spawnmenu/controls/control_presets.lua","35","self","SetTall","","20","reference_only","not_run","Single-line literal scan; multiline calls expressions and inheritance require review; numbers are atoms not coordinates"
"gamemodes/sandbox/gamemode/spawnmenu/controls/control_presets.lua","44","self.Label","SetText","","","reference_only","not_run","Single-line literal scan; multiline calls expressions and inheritance require review; numbers are atoms not coordinates"
"gamemodes/sandbox/gamemode/spawnmenu/controls/control_presets.lua","48","PANEL","AddOption","","","reference_only","not_run","Single-line literal scan; multiline calls expressions and inheritance require review; numbers are atoms not coordinates"
"gamemodes/sandbox/gamemode/spawnmenu/controls/control_presets.lua","50","self.DropDown","AddChoice","","","reference_only","not_run","Single-line literal scan; multiline calls expressions and inheritance require review; numbers are atoms not coordinates"
"gamemodes/sandbox/gamemode/spawnmenu/controls/control_presets.lua","101","vgui","Create","PresetEditor","","reference_only","not_run","Single-line literal scan; multiline calls expressions and inheritance require review; numbers are atoms not coordinates"
"gamemodes/sandbox/gamemode/spawnmenu/controls/control_presets.lua","134","self","AddOption","","","reference_only","not_run","Single-line literal scan; multiline calls expressions and inheritance require review; numbers are atoms not coordinates"
"gamemodes/sandbox/gamemode/spawnmenu/controls/control_presets.lua","146","self.DropDown","AddChoice","","","reference_only","not_run","Single-line literal scan; multiline calls expressions and inheritance require review; numbers are atoms not coordinates"
"gamemodes/sandbox/gamemode/spawnmenu/controls/control_presets.lua","163","vgui","Register","ControlPresets|Panel","","reference_only","not_run","Single-line literal scan; multiline calls expressions and inheritance require review; numbers are atoms not coordinates"
"gamemodes/sandbox/gamemode/spawnmenu/controls/ctrlcolor.lua","6","vgui","Create","DColorMixer","","reference_only","not_run","Single-line literal scan; multiline calls expressions and inheritance require review; numbers are atoms not coordinates"
"gamemodes/sandbox/gamemode/spawnmenu/controls/ctrlcolor.lua","7","self.Mixer","Dock","","","reference_only","not_run","Single-line literal scan; multiline calls expressions and inheritance require review; numbers are atoms not coordinates"
"gamemodes/sandbox/gamemode/spawnmenu/controls/ctrlcolor.lua","9","self","SetTall","","245","reference_only","not_run","Single-line literal scan; multiline calls expressions and inheritance require review; numbers are atoms not coordinates"
"gamemodes/sandbox/gamemode/spawnmenu/controls/ctrlcolor.lua","21","self.Mixer","DockMargin","","8|0","reference_only","not_run","Single-line literal scan; multiline calls expressions and inheritance require review; numbers are atoms not coordinates"
"gamemodes/sandbox/gamemode/spawnmenu/controls/ctrlcolor.lua","49","vgui","Register","CtrlColor|DPanel","","reference_only","not_run","Single-line literal scan; multiline calls expressions and inheritance require review; numbers are atoms not coordinates"
"gamemodes/sandbox/gamemode/spawnmenu/controls/ctrllistbox.lua","11","PANEL","AddOption","","","reference_only","not_run","Single-line literal scan; multiline calls expressions and inheritance require review; numbers are atoms not coordinates"
"gamemodes/sandbox/gamemode/spawnmenu/controls/ctrllistbox.lua","13","self","AddChoice","","","reference_only","not_run","Single-line literal scan; multiline calls expressions and inheritance require review; numbers are atoms not coordinates"
"gamemodes/sandbox/gamemode/spawnmenu/controls/ctrllistbox.lua","77","self","SetText","","","reference_only","not_run","Single-line literal scan; multiline calls expressions and inheritance require review; numbers are atoms not coordinates"
"gamemodes/sandbox/gamemode/spawnmenu/controls/ctrllistbox.lua","85","vgui","Register","CtrlListBox|DComboBox","","reference_only","not_run","Single-line literal scan; multiline calls expressions and inheritance require review; numbers are atoms not coordinates"
"gamemodes/sandbox/gamemode/spawnmenu/controls/ctrlnumpad.lua","12","vgui","Create","DBinder","","reference_only","not_run","Single-line literal scan; multiline calls expressions and inheritance require review; numbers are atoms not coordinates"
"gamemodes/sandbox/gamemode/spawnmenu/controls/ctrlnumpad.lua","13","vgui","Create","DLabel","","reference_only","not_run","Single-line literal scan; multiline calls expressions and inheritance require review; numbers are atoms not coordinates"
"gamemodes/sandbox/gamemode/spawnmenu/controls/ctrlnumpad.lua","16","vgui","Create","DBinder","","reference_only","not_run","Single-line literal scan; multiline calls expressions and inheritance require review; numbers are atoms not coordinates"
"gamemodes/sandbox/gamemode/spawnmenu/controls/ctrlnumpad.lua","17","vgui","Create","DLabel","","reference_only","not_run","Single-line literal scan; multiline calls expressions and inheritance require review; numbers are atoms not coordinates"
"gamemodes/sandbox/gamemode/spawnmenu/controls/ctrlnumpad.lua","31","self.Label1","SetText","","","reference_only","not_run","Single-line literal scan; multiline calls expressions and inheritance require review; numbers are atoms not coordinates"
"gamemodes/sandbox/gamemode/spawnmenu/controls/ctrlnumpad.lua","39","self.Label2","SetText","","","reference_only","not_run","Single-line literal scan; multiline calls expressions and inheritance require review; numbers are atoms not coordinates"
"gamemodes/sandbox/gamemode/spawnmenu/controls/ctrlnumpad.lua","46","self.NumPad1","SetConVar","","","reference_only","not_run","Single-line literal scan; multiline calls expressions and inheritance require review; numbers are atoms not coordinates"
"gamemodes/sandbox/gamemode/spawnmenu/controls/ctrlnumpad.lua","54","self.NumPad2","SetConVar","","","reference_only","not_run","Single-line literal scan; multiline calls expressions and inheritance require review; numbers are atoms not coordinates"
"gamemodes/sandbox/gamemode/spawnmenu/controls/ctrlnumpad.lua","79","self","SetTall","","70","reference_only","not_run","Single-line literal scan; multiline calls expressions and inheritance require review; numbers are atoms not coordinates"
"gamemodes/sandbox/gamemode/spawnmenu/controls/ctrlnumpad.lua","82","self.NumPad1","SetSize","","110|50","reference_only","not_run","Single-line literal scan; multiline calls expressions and inheritance require review; numbers are atoms not coordinates"
"gamemodes/sandbox/gamemode/spawnmenu/controls/ctrlnumpad.lua","86","self.NumPad2","SetSize","","110|50","reference_only","not_run","Single-line literal scan; multiline calls expressions and inheritance require review; numbers are atoms not coordinates"
"gamemodes/sandbox/gamemode/spawnmenu/controls/ctrlnumpad.lua","123","vgui","Register","CtrlNumPad|DPanel","","reference_only","not_run","Single-line literal scan; multiline calls expressions and inheritance require review; numbers are atoms not coordinates"
"gamemodes/sandbox/gamemode/spawnmenu/controls/preset_editor.lua","10","self","SetSize","","450|350","reference_only","not_run","Single-line literal scan; multiline calls expressions and inheritance require review; numbers are atoms not coordinates"
"gamemodes/sandbox/gamemode/spawnmenu/controls/preset_editor.lua","15","self","DockPadding","","6|29|6|6","reference_only","not_run","Single-line literal scan; multiline calls expressions and inheritance require review; numbers are atoms not coordinates"
"gamemodes/sandbox/gamemode/spawnmenu/controls/preset_editor.lua","17","vgui","Create","Panel","","reference_only","not_run","Single-line literal scan; multiline calls expressions and inheritance require review; numbers are atoms not coordinates"
"gamemodes/sandbox/gamemode/spawnmenu/controls/preset_editor.lua","18","pnlTop","Dock","","","reference_only","not_run","Single-line literal scan; multiline calls expressions and inheritance require review; numbers are atoms not coordinates"
"gamemodes/sandbox/gamemode/spawnmenu/controls/preset_editor.lua","19","pnlTop","DockMargin","","0|0|0|5","reference_only","not_run","Single-line literal scan; multiline calls expressions and inheritance require review; numbers are atoms not coordinates"
"gamemodes/sandbox/gamemode/spawnmenu/controls/preset_editor.lua","21","vgui","Create","DListView","","reference_only","not_run","Single-line literal scan; multiline calls expressions and inheritance require review; numbers are atoms not coordinates"
"gamemodes/sandbox/gamemode/spawnmenu/controls/preset_editor.lua","22","self.PresetList","Dock","","","reference_only","not_run","Single-line literal scan; multiline calls expressions and inheritance require review; numbers are atoms not coordinates"
"gamemodes/sandbox/gamemode/spawnmenu/controls/preset_editor.lua","23","self.PresetList","DockMargin","","0|0|5|0","reference_only","not_run","Single-line literal scan; multiline calls expressions and inheritance require review; numbers are atoms not coordinates"
"gamemodes/sandbox/gamemode/spawnmenu/controls/preset_editor.lua","24","self.PresetList","SetWide","","150","reference_only","not_run","Single-line literal scan; multiline calls expressions and inheritance require review; numbers are atoms not coordinates"
"gamemodes/sandbox/gamemode/spawnmenu/controls/preset_editor.lua","29","vgui","Create","DPanel","","reference_only","not_run","Single-line literal scan; multiline calls expressions and inheritance require review; numbers are atoms not coordinates"
"gamemodes/sandbox/gamemode/spawnmenu/controls/preset_editor.lua","30","pnlEditor","Dock","","","reference_only","not_run","Single-line literal scan; multiline calls expressions and inheritance require review; numbers are atoms not coordinates"
"gamemodes/sandbox/gamemode/spawnmenu/controls/preset_editor.lua","32","vgui","Create","DProperties","","reference_only","not_run","Single-line literal scan; multiline calls expressions and inheritance require review; numbers are atoms not coordinates"
"gamemodes/sandbox/gamemode/spawnmenu/controls/preset_editor.lua","33","self.pnlDetails","Dock","","","reference_only","not_run","Single-line literal scan; multiline calls expressions and inheritance require review; numbers are atoms not coordinates"
"gamemodes/sandbox/gamemode/spawnmenu/controls/preset_editor.lua","34","self.pnlDetails","DockMargin","","5|5|5|5","reference_only","not_run","Single-line literal scan; multiline calls expressions and inheritance require review; numbers are atoms not coordinates"
"gamemodes/sandbox/gamemode/spawnmenu/controls/preset_editor.lua","38","vgui","Create","Panel","","reference_only","not_run","Single-line literal scan; multiline calls expressions and inheritance require review; numbers are atoms not coordinates"
"gamemodes/sandbox/gamemode/spawnmenu/controls/preset_editor.lua","39","pnlModify","Dock","","","reference_only","not_run","Single-line literal scan; multiline calls expressions and inheritance require review; numbers are atoms not coordinates"
"gamemodes/sandbox/gamemode/spawnmenu/controls/preset_editor.lua","40","pnlModify","SetTall","","20","reference_only","not_run","Single-line literal scan; multiline calls expressions and inheritance require review; numbers are atoms not coordinates"
"gamemodes/sandbox/gamemode/spawnmenu/controls/preset_editor.lua","41","pnlModify","DockMargin","","5|0|5|5","reference_only","not_run","Single-line literal scan; multiline calls expressions and inheritance require review; numbers are atoms not coordinates"
"gamemodes/sandbox/gamemode/spawnmenu/controls/preset_editor.lua","43","vgui","Create","DButton","","reference_only","not_run","Single-line literal scan; multiline calls expressions and inheritance require review; numbers are atoms not coordinates"
"gamemodes/sandbox/gamemode/spawnmenu/controls/preset_editor.lua","46","btnDelete","SetImage","icon16/bin.png","","reference_only","not_run","Single-line literal scan; multiline calls expressions and inheritance require review; numbers are atoms not coordinates"
"gamemodes/sandbox/gamemode/spawnmenu/controls/preset_editor.lua","47","btnDelete","SetText","","","reference_only","not_run","Single-line literal scan; multiline calls expressions and inheritance require review; numbers are atoms not coordinates"
"gamemodes/sandbox/gamemode/spawnmenu/controls/preset_editor.lua","48","btnDelete","Dock","","","reference_only","not_run","Single-line literal scan; multiline calls expressions and inheritance require review; numbers are atoms not coordinates"
"gamemodes/sandbox/gamemode/spawnmenu/controls/preset_editor.lua","49","btnDelete","SetWide","","25","reference_only","not_run","Single-line literal scan; multiline calls expressions and inheritance require review; numbers are atoms not coordinates"
"gamemodes/sandbox/gamemode/spawnmenu/controls/preset_editor.lua","52","vgui","Create","DTextEntry","","reference_only","not_run","Single-line literal scan; multiline calls expressions and inheritance require review; numbers are atoms not coordinates"
"gamemodes/sandbox/gamemode/spawnmenu/controls/preset_editor.lua","53","self.txtRename","Dock","","","reference_only","not_run","Single-line literal scan; multiline calls expressions and inheritance require review; numbers are atoms not coordinates"
"gamemodes/sandbox/gamemode/spawnmenu/controls/preset_editor.lua","57","vgui","Create","DButton","","reference_only","not_run","Single-line literal scan; multiline calls expressions and inheritance require review; numbers are atoms not coordinates"
"gamemodes/sandbox/gamemode/spawnmenu/controls/preset_editor.lua","59","btnRename","SetImage","icon16/disk.png","","reference_only","not_run","Single-line literal scan; multiline calls expressions and inheritance require review; numbers are atoms not coordinates"
"gamemodes/sandbox/gamemode/spawnmenu/controls/preset_editor.lua","60","btnRename","SetText","","","reference_only","not_run","Single-line literal scan; multiline calls expressions and inheritance require review; numbers are atoms not coordinates"
"gamemodes/sandbox/gamemode/spawnmenu/controls/preset_editor.lua","61","btnRename","Dock","","","reference_only","not_run","Single-line literal scan; multiline calls expressions and inheritance require review; numbers are atoms not coordinates"
"gamemodes/sandbox/gamemode/spawnmenu/controls/preset_editor.lua","62","btnRename","DockMargin","","5|0|5|0","reference_only","not_run","Single-line literal scan; multiline calls expressions and inheritance require review; numbers are atoms not coordinates"
"gamemodes/sandbox/gamemode/spawnmenu/controls/preset_editor.lua","63","btnRename","SetWide","","24","reference_only","not_run","Single-line literal scan; multiline calls expressions and inheritance require review; numbers are atoms not coordinates"
"gamemodes/sandbox/gamemode/spawnmenu/controls/preset_editor.lua","69","vgui","Create","Panel","","reference_only","not_run","Single-line literal scan; multiline calls expressions and inheritance require review; numbers are atoms not coordinates"
"gamemodes/sandbox/gamemode/spawnmenu/controls/preset_editor.lua","70","bottom","Dock","","","reference_only","not_run","Single-line literal scan; multiline calls expressions and inheritance require review; numbers are atoms not coordinates"
"gamemodes/sandbox/gamemode/spawnmenu/controls/preset_editor.lua","71","bottom","SetTall","","30","reference_only","not_run","Single-line literal scan; multiline calls expressions and inheritance require review; numbers are atoms not coordinates"
"gamemodes/sandbox/gamemode/spawnmenu/controls/preset_editor.lua","73","vgui","Create","DPanel","","reference_only","not_run","Single-line literal scan; multiline calls expressions and inheritance require review; numbers are atoms not coordinates"
"gamemodes/sandbox/gamemode/spawnmenu/controls/preset_editor.lua","74","self.pnlAdd","Dock","","","reference_only","not_run","Single-line literal scan; multiline calls expressions and inheritance require review; numbers are atoms not coordinates"
"gamemodes/sandbox/gamemode/spawnmenu/controls/preset_editor.lua","75","self.pnlAdd","DockPadding","","5|5|5|5","reference_only","not_run","Single-line literal scan; multiline calls expressions and inheritance require review; numbers are atoms not coordinates"
"gamemodes/sandbox/gamemode/spawnmenu/controls/preset_editor.lua","76","self.pnlAdd","DockMargin","","0|0|5|0","reference_only","not_run","Single-line literal scan; multiline calls expressions and inheritance require review; numbers are atoms not coordinates"
"gamemodes/sandbox/gamemode/spawnmenu/controls/preset_editor.lua","78","vgui","Create","DTextEntry","","reference_only","not_run","Single-line literal scan; multiline calls expressions and inheritance require review; numbers are atoms not coordinates"
"gamemodes/sandbox/gamemode/spawnmenu/controls/preset_editor.lua","80","self.txtName","Dock","","","reference_only","not_run","Single-line literal scan; multiline calls expressions and inheritance require review; numbers are atoms not coordinates"
"gamemodes/sandbox/gamemode/spawnmenu/controls/preset_editor.lua","81","self.txtName","DockMargin","","0|0|5|0","reference_only","not_run","Single-line literal scan; multiline calls expressions and inheritance require review; numbers are atoms not coordinates"
"gamemodes/sandbox/gamemode/spawnmenu/controls/preset_editor.lua","84","vgui","Create","DButton","","reference_only","not_run","Single-line literal scan; multiline calls expressions and inheritance require review; numbers are atoms not coordinates"
"gamemodes/sandbox/gamemode/spawnmenu/controls/preset_editor.lua","85","self.btnAdd","SetText","#preset.addnew","","reference_only","not_run","Single-line literal scan; multiline calls expressions and inheritance require review; numbers are atoms not coordinates"
"gamemodes/sandbox/gamemode/spawnmenu/controls/preset_editor.lua","86","self.btnAdd","Dock","","","reference_only","not_run","Single-line literal scan; multiline calls expressions and inheritance require review; numbers are atoms not coordinates"
"gamemodes/sandbox/gamemode/spawnmenu/controls/preset_editor.lua","92","vgui","Create","DPanel","","reference_only","not_run","Single-line literal scan; multiline calls expressions and inheritance require review; numbers are atoms not coordinates"
"gamemodes/sandbox/gamemode/spawnmenu/controls/preset_editor.lua","93","pnlClose","Dock","","","reference_only","not_run","Single-line literal scan; multiline calls expressions and inheritance require review; numbers are atoms not coordinates"
"gamemodes/sandbox/gamemode/spawnmenu/controls/preset_editor.lua","94","pnlClose","SetWide","","100","reference_only","not_run","Single-line literal scan; multiline calls expressions and inheritance require review; numbers are atoms not coordinates"
"gamemodes/sandbox/gamemode/spawnmenu/controls/preset_editor.lua","95","pnlClose","DockPadding","","5|5|5|5","reference_only","not_run","Single-line literal scan; multiline calls expressions and inheritance require review; numbers are atoms not coordinates"
"gamemodes/sandbox/gamemode/spawnmenu/controls/preset_editor.lua","97","vgui","Create","DButton","","reference_only","not_run","Single-line literal scan; multiline calls expressions and inheritance require review; numbers are atoms not coordinates"
"gamemodes/sandbox/gamemode/spawnmenu/controls/preset_editor.lua","98","btnCloseIt","SetText","#preset.close","","reference_only","not_run","Single-line literal scan; multiline calls expressions and inheritance require review; numbers are atoms not coordinates"
"gamemodes/sandbox/gamemode/spawnmenu/controls/preset_editor.lua","99","btnCloseIt","Dock","","","reference_only","not_run","Single-line literal scan; multiline calls expressions and inheritance require review; numbers are atoms not coordinates"
"gamemodes/sandbox/gamemode/spawnmenu/controls/preset_editor.lua","117","self.txtRename","SetText","","","reference_only","not_run","Single-line literal scan; multiline calls expressions and inheritance require review; numbers are atoms not coordinates"
"gamemodes/sandbox/gamemode/spawnmenu/controls/preset_editor.lua","142","self.txtRename","SetText","","","reference_only","not_run","Single-line literal scan; multiline calls expressions and inheritance require review; numbers are atoms not coordinates"
"gamemodes/sandbox/gamemode/spawnmenu/controls/preset_editor.lua","199","self.txtRename","SetText","","","reference_only","not_run","Single-line literal scan; multiline calls expressions and inheritance require review; numbers are atoms not coordinates"
"gamemodes/sandbox/gamemode/spawnmenu/controls/preset_editor.lua","237","self.txtName","SetText","","","reference_only","not_run","Single-line literal scan; multiline calls expressions and inheritance require review; numbers are atoms not coordinates"
"gamemodes/sandbox/gamemode/spawnmenu/controls/preset_editor.lua","262","vgui","Register","PresetEditor|DFrame","","reference_only","not_run","Single-line literal scan; multiline calls expressions and inheritance require review; numbers are atoms not coordinates"
"gamemodes/sandbox/gamemode/spawnmenu/controls/ropematerial.lua","36","vgui","Register","RopeMaterial|MatSelect","","reference_only","not_run","Single-line literal scan; multiline calls expressions and inheritance require review; numbers are atoms not coordinates"
"gamemodes/sandbox/gamemode/spawnmenu/creationmenu.lua","38","vgui","Create","Panel","","reference_only","not_run","Single-line literal scan; multiline calls expressions and inheritance require review; numbers are atoms not coordinates"
"gamemodes/sandbox/gamemode/spawnmenu/creationmenu.lua","50","childpnl","Dock","","","reference_only","not_run","Single-line literal scan; multiline calls expressions and inheritance require review; numbers are atoms not coordinates"
"gamemodes/sandbox/gamemode/spawnmenu/creationmenu.lua","59","vgui","Register","CreationMenu|DPropertySheet","","reference_only","not_run","Single-line literal scan; multiline calls expressions and inheritance require review; numbers are atoms not coordinates"
"gamemodes/sandbox/gamemode/spawnmenu/creationmenu/content/content.lua","30","vgui","Create","DHorizontalDivider","","reference_only","not_run","Single-line literal scan; multiline calls expressions and inheritance require review; numbers are atoms not coordinates"
"gamemodes/sandbox/gamemode/spawnmenu/creationmenu/content/content.lua","31","self.HorizontalDivider","Dock","","","reference_only","not_run","Single-line literal scan; multiline calls expressions and inheritance require review; numbers are atoms not coordinates"
"gamemodes/sandbox/gamemode/spawnmenu/creationmenu/content/content.lua","32","self.HorizontalDivider","SetLeftWidth","","192","reference_only","not_run","Single-line literal scan; multiline calls expressions and inheritance require review; numbers are atoms not coordinates"
"gamemodes/sandbox/gamemode/spawnmenu/creationmenu/content/content.lua","33","self.HorizontalDivider","SetLeftMin","","100","reference_only","not_run","Single-line literal scan; multiline calls expressions and inheritance require review; numbers are atoms not coordinates"
"gamemodes/sandbox/gamemode/spawnmenu/creationmenu/content/content.lua","34","self.HorizontalDivider","SetRightMin","","100","reference_only","not_run","Single-line literal scan; multiline calls expressions and inheritance require review; numbers are atoms not coordinates"
"gamemodes/sandbox/gamemode/spawnmenu/creationmenu/content/content.lua","35","self.HorizontalDivider","SetDividerWidth","","6","reference_only","not_run","Single-line literal scan; multiline calls expressions and inheritance require review; numbers are atoms not coordinates"
"gamemodes/sandbox/gamemode/spawnmenu/creationmenu/content/content.lua","36","self.HorizontalDivider","SetCookieName","SpawnMenuCreationMenuDiv","","reference_only","not_run","Single-line literal scan; multiline calls expressions and inheritance require review; numbers are atoms not coordinates"
"gamemodes/sandbox/gamemode/spawnmenu/creationmenu/content/content.lua","39","self.HorizontalDivider","SetLeftMin","","192","reference_only","not_run","Single-line literal scan; multiline calls expressions and inheritance require review; numbers are atoms not coordinates"
"gamemodes/sandbox/gamemode/spawnmenu/creationmenu/content/content.lua","40","self.HorizontalDivider","SetRightMin","","400","reference_only","not_run","Single-line literal scan; multiline calls expressions and inheritance require review; numbers are atoms not coordinates"
"gamemodes/sandbox/gamemode/spawnmenu/creationmenu/content/content.lua","43","vgui","Create","ContentSidebar","","reference_only","not_run","Single-line literal scan; multiline calls expressions and inheritance require review; numbers are atoms not coordinates"
"gamemodes/sandbox/gamemode/spawnmenu/creationmenu/content/content.lua","128","vgui","Create","ContentContainer","","reference_only","not_run","Single-line literal scan; multiline calls expressions and inheritance require review; numbers are atoms not coordinates"
"gamemodes/sandbox/gamemode/spawnmenu/creationmenu/content/content.lua","149","vgui","Create","ContentHeader","","reference_only","not_run","Single-line literal scan; multiline calls expressions and inheritance require review; numbers are atoms not coordinates"
"gamemodes/sandbox/gamemode/spawnmenu/creationmenu/content/content.lua","150","header","SetText","","","reference_only","not_run","Single-line literal scan; multiline calls expressions and inheritance require review; numbers are atoms not coordinates"
"gamemodes/sandbox/gamemode/spawnmenu/creationmenu/content/content.lua","242","vgui","Create","ContentHeader","","reference_only","not_run","Single-line literal scan; multiline calls expressions and inheritance require review; numbers are atoms not coordinates"
"gamemodes/sandbox/gamemode/spawnmenu/creationmenu/content/content.lua","243","header","SetText","","","reference_only","not_run","Single-line literal scan; multiline calls expressions and inheritance require review; numbers are atoms not coordinates"
"gamemodes/sandbox/gamemode/spawnmenu/creationmenu/content/content.lua","271","vgui","Register","SpawnmenuContentPanel|DPanel","","reference_only","not_run","Single-line literal scan; multiline calls expressions and inheritance require review; numbers are atoms not coordinates"
"gamemodes/sandbox/gamemode/spawnmenu/creationmenu/content/content.lua","275","vgui","Create","SpawnmenuContentPanel","","reference_only","not_run","Single-line literal scan; multiline calls expressions and inheritance require review; numbers are atoms not coordinates"
"gamemodes/sandbox/gamemode/spawnmenu/creationmenu/content/content.lua","290","spawnmenu","AddCreationTab","#spawnmenu.content_tab|icon16/application_view_tile.png","-10","reference_only","not_run","Single-line literal scan; multiline calls expressions and inheritance require review; numbers are atoms not coordinates"
"gamemodes/sandbox/gamemode/spawnmenu/creationmenu/content/contentcontainer.lua","17","vgui","Create","DTileLayout","","reference_only","not_run","Single-line literal scan; multiline calls expressions and inheritance require review; numbers are atoms not coordinates"
"gamemodes/sandbox/gamemode/spawnmenu/creationmenu/content/contentcontainer.lua","22","self.IconList","Dock","","","reference_only","not_run","Single-line literal scan; multiline calls expressions and inheritance require review; numbers are atoms not coordinates"
"gamemodes/sandbox/gamemode/spawnmenu/creationmenu/content/contentcontainer.lua","38","menu","AddOption","#spawnmenu.newlabel","","reference_only","not_run","Single-line literal scan; multiline calls expressions and inheritance require review; numbers are atoms not coordinates"
"gamemodes/sandbox/gamemode/spawnmenu/creationmenu/content/contentcontainer.lua","40","vgui","Create","ContentHeader","","reference_only","not_run","Single-line literal scan; multiline calls expressions and inheritance require review; numbers are atoms not coordinates"
"gamemodes/sandbox/gamemode/spawnmenu/creationmenu/content/contentcontainer.lua","149","vgui","Create","ContentContainer","","reference_only","not_run","Single-line literal scan; multiline calls expressions and inheritance require review; numbers are atoms not coordinates"
"gamemodes/sandbox/gamemode/spawnmenu/creationmenu/content/contentcontainer.lua","158","vgui","Register","ContentContainer|DScrollPanel","","reference_only","not_run","Single-line literal scan; multiline calls expressions and inheritance require review; numbers are atoms not coordinates"
"gamemodes/sandbox/gamemode/spawnmenu/creationmenu/content/contentcontainer.lua","183","pnl","SetSize","","","reference_only","not_run","Single-line literal scan; multiline calls expressions and inheritance require review; numbers are atoms not coordinates"
"gamemodes/sandbox/gamemode/spawnmenu/creationmenu/content/contentcontainer.lua","192","menu","AddOption","spawnmenu.menu.rerenderx","","reference_only","not_run","Single-line literal scan; multiline calls expressions and inheritance require review; numbers are atoms not coordinates"
"gamemodes/sandbox/gamemode/spawnmenu/creationmenu/content/contentcontainer.lua","202","menu","AddOption","spawnmenu.menu.deletex","","reference_only","not_run","Single-line literal scan; multiline calls expressions and inheritance require review; numbers are atoms not coordinates"
"gamemodes/sandbox/gamemode/spawnmenu/creationmenu/content/contentheader.lua","12","self","SetFont","ContentHeader","","reference_only","not_run","Single-line literal scan; multiline calls expressions and inheritance require review; numbers are atoms not coordinates"
"gamemodes/sandbox/gamemode/spawnmenu/creationmenu/content/contentheader.lua","16","self","SetSize","","64|64","reference_only","not_run","Single-line literal scan; multiline calls expressions and inheritance require review; numbers are atoms not coordinates"
"gamemodes/sandbox/gamemode/spawnmenu/creationmenu/content/contentheader.lua","40","self","SetSize","","64|16|64","reference_only","not_run","Single-line literal scan; multiline calls expressions and inheritance require review; numbers are atoms not coordinates"
"gamemodes/sandbox/gamemode/spawnmenu/creationmenu/content/contentheader.lua","57","vgui","Create","ContentHeader","","reference_only","not_run","Single-line literal scan; multiline calls expressions and inheritance require review; numbers are atoms not coordinates"
"gamemodes/sandbox/gamemode/spawnmenu/creationmenu/content/contentheader.lua","58","copy","SetText","","","reference_only","not_run","Single-line literal scan; multiline calls expressions and inheritance require review; numbers are atoms not coordinates"
"gamemodes/sandbox/gamemode/spawnmenu/creationmenu/content/contentheader.lua","112","menu","AddOption","#spawnmenu.menu.delete","","reference_only","not_run","Single-line literal scan; multiline calls expressions and inheritance require review; numbers are atoms not coordinates"
"gamemodes/sandbox/gamemode/spawnmenu/creationmenu/content/contentheader.lua","117","vgui","Register","ContentHeader|DLabelEditable","","reference_only","not_run","Single-line literal scan; multiline calls expressions and inheritance require review; numbers are atoms not coordinates"
"gamemodes/sandbox/gamemode/spawnmenu/creationmenu/content/contentheader.lua","119","spawnmenu","AddContentType","header","","reference_only","not_run","Single-line literal scan; multiline calls expressions and inheritance require review; numbers are atoms not coordinates"
"gamemodes/sandbox/gamemode/spawnmenu/creationmenu/content/contentheader.lua","123","vgui","Create","ContentHeader","","reference_only","not_run","Single-line literal scan; multiline calls expressions and inheritance require review; numbers are atoms not coordinates"
"gamemodes/sandbox/gamemode/spawnmenu/creationmenu/content/contentheader.lua","124","label","SetText","","","reference_only","not_run","Single-line literal scan; multiline calls expressions and inheritance require review; numbers are atoms not coordinates"
"gamemodes/sandbox/gamemode/spawnmenu/creationmenu/content/contenticon.lua","25","menu","AddOption","#spawnmenu.menu.copy","","reference_only","not_run","Single-line literal scan; multiline calls expressions and inheritance require review; numbers are atoms not coordinates"
"gamemodes/sandbox/gamemode/spawnmenu/creationmenu/content/contenticon.lua","36","menu","AddOption","#spawnmenu.menu.delete","","reference_only","not_run","Single-line literal scan; multiline calls expressions and inheritance require review; numbers are atoms not coordinates"
"gamemodes/sandbox/gamemode/spawnmenu/creationmenu/content/contenticon.lua","48","self","SetSize","","128|128","reference_only","not_run","Single-line literal scan; multiline calls expressions and inheritance require review; numbers are atoms not coordinates"
"gamemodes/sandbox/gamemode/spawnmenu/creationmenu/content/contenticon.lua","49","self","SetText","","","reference_only","not_run","Single-line literal scan; multiline calls expressions and inheritance require review; numbers are atoms not coordinates"
"gamemodes/sandbox/gamemode/spawnmenu/creationmenu/content/contenticon.lua","50","self","SetDoubleClickingEnabled","","","reference_only","not_run","Single-line literal scan; multiline calls expressions and inheritance require review; numbers are atoms not coordinates"
"gamemodes/sandbox/gamemode/spawnmenu/creationmenu/content/contenticon.lua","53","self.Image","SetPos","","3|3","reference_only","not_run","Single-line literal scan; multiline calls expressions and inheritance require review; numbers are atoms not coordinates"
"gamemodes/sandbox/gamemode/spawnmenu/creationmenu/content/contenticon.lua","54","self.Image","SetSize","","128|6|128|6","reference_only","not_run","Single-line literal scan; multiline calls expressions and inheritance require review; numbers are atoms not coordinates"
"gamemodes/sandbox/gamemode/spawnmenu/creationmenu/content/contenticon.lua","68","PANEL","SetMaterial","","","reference_only","not_run","Single-line literal scan; multiline calls expressions and inheritance require review; numbers are atoms not coordinates"
"gamemodes/sandbox/gamemode/spawnmenu/creationmenu/content/contenticon.lua","88","self.Image","SetMaterial","","","reference_only","not_run","Single-line literal scan; multiline calls expressions and inheritance require review; numbers are atoms not coordinates"
"gamemodes/sandbox/gamemode/spawnmenu/creationmenu/content/contenticon.lua","145","surface","SetMaterial","","","reference_only","not_run","Single-line literal scan; multiline calls expressions and inheritance require review; numbers are atoms not coordinates"
"gamemodes/sandbox/gamemode/spawnmenu/creationmenu/content/contenticon.lua","149","surface","SetMaterial","","","reference_only","not_run","Single-line literal scan; multiline calls expressions and inheritance require review; numbers are atoms not coordinates"
"gamemodes/sandbox/gamemode/spawnmenu/creationmenu/content/contenticon.lua","158","surface","SetMaterial","","","reference_only","not_run","Single-line literal scan; multiline calls expressions and inheritance require review; numbers are atoms not coordinates"
"gamemodes/sandbox/gamemode/spawnmenu/creationmenu/content/contenticon.lua","165","surface","SetMaterial","","","reference_only","not_run","Single-line literal scan; multiline calls expressions and inheritance require review; numbers are atoms not coordinates"
"gamemodes/sandbox/gamemode/spawnmenu/creationmenu/content/contenticon.lua","168","surface","SetMaterial","","","reference_only","not_run","Single-line literal scan; multiline calls expressions and inheritance require review; numbers are atoms not coordinates"
"gamemodes/sandbox/gamemode/spawnmenu/creationmenu/content/contenticon.lua","185","surface","SetFont","DermaDefault","","reference_only","not_run","Single-line literal scan; multiline calls expressions and inheritance require review; numbers are atoms not coordinates"
"gamemodes/sandbox/gamemode/spawnmenu/creationmenu/content/contenticon.lua","238","vgui","Create","ContentIcon","","reference_only","not_run","Single-line literal scan; multiline calls expressions and inheritance require review; numbers are atoms not coordinates"
"gamemodes/sandbox/gamemode/spawnmenu/creationmenu/content/contenticon.lua","243","copy","SetMaterial","","","reference_only","not_run","Single-line literal scan; multiline calls expressions and inheritance require review; numbers are atoms not coordinates"
"gamemodes/sandbox/gamemode/spawnmenu/creationmenu/content/contenticon.lua","256","vgui","Register","ContentIcon|DButton","","reference_only","not_run","Single-line literal scan; multiline calls expressions and inheritance require review; numbers are atoms not coordinates"
"gamemodes/sandbox/gamemode/spawnmenu/creationmenu/content/contenticon.lua","258","spawnmenu","AddContentType","entity","","reference_only","not_run","Single-line literal scan; multiline calls expressions and inheritance require review; numbers are atoms not coordinates"
"gamemodes/sandbox/gamemode/spawnmenu/creationmenu/content/contenticon.lua","264","vgui","Create","ContentIcon","","reference_only","not_run","Single-line literal scan; multiline calls expressions and inheritance require review; numbers are atoms not coordinates"
"gamemodes/sandbox/gamemode/spawnmenu/creationmenu/content/contenticon.lua","268","icon","SetMaterial","","","reference_only","not_run","Single-line literal scan; multiline calls expressions and inheritance require review; numbers are atoms not coordinates"
"gamemodes/sandbox/gamemode/spawnmenu/creationmenu/content/contenticon.lua","291","menu","AddOption","#spawnmenu.menu.spawn_with_toolgun","","reference_only","not_run","Single-line literal scan; multiline calls expressions and inheritance require review; numbers are atoms not coordinates"
"gamemodes/sandbox/gamemode/spawnmenu/creationmenu/content/contenticon.lua","307","spawnmenu","AddContentType","vehicle","","reference_only","not_run","Single-line literal scan; multiline calls expressions and inheritance require review; numbers are atoms not coordinates"
"gamemodes/sandbox/gamemode/spawnmenu/creationmenu/content/contenticon.lua","313","vgui","Create","ContentIcon","","reference_only","not_run","Single-line literal scan; multiline calls expressions and inheritance require review; numbers are atoms not coordinates"
"gamemodes/sandbox/gamemode/spawnmenu/creationmenu/content/contenticon.lua","317","icon","SetMaterial","","","reference_only","not_run","Single-line literal scan; multiline calls expressions and inheritance require review; numbers are atoms not coordinates"
"gamemodes/sandbox/gamemode/spawnmenu/creationmenu/content/contenticon.lua","339","menu","AddOption","#spawnmenu.menu.spawn_with_toolgun","","reference_only","not_run","Single-line literal scan; multiline calls expressions and inheritance require review; numbers are atoms not coordinates"
"gamemodes/sandbox/gamemode/spawnmenu/creationmenu/content/contenticon.lua","357","spawnmenu","AddContentType","npc","","reference_only","not_run","Single-line literal scan; multiline calls expressions and inheritance require review; numbers are atoms not coordinates"
"gamemodes/sandbox/gamemode/spawnmenu/creationmenu/content/contenticon.lua","365","vgui","Create","ContentIcon","","reference_only","not_run","Single-line literal scan; multiline calls expressions and inheritance require review; numbers are atoms not coordinates"
"gamemodes/sandbox/gamemode/spawnmenu/creationmenu/content/contenticon.lua","369","icon","SetMaterial","","","reference_only","not_run","Single-line literal scan; multiline calls expressions and inheritance require review; numbers are atoms not coordinates"
"gamemodes/sandbox/gamemode/spawnmenu/creationmenu/content/contenticon.lua","398","menu","AddOption","#spawnmenu.menu.spawn_with_toolgun","","reference_only","not_run","Single-line literal scan; multiline calls expressions and inheritance require review; numbers are atoms not coordinates"
"gamemodes/sandbox/gamemode/spawnmenu/creationmenu/content/contenticon.lua","419","menu1","AddOption","","","reference_only","not_run","Single-line literal scan; multiline calls expressions and inheritance require review; numbers are atoms not coordinates"
"gamemodes/sandbox/gamemode/spawnmenu/creationmenu/content/contenticon.lua","424","menu2","AddOption","","","reference_only","not_run","Single-line literal scan; multiline calls expressions and inheritance require review; numbers are atoms not coordinates"
"gamemodes/sandbox/gamemode/spawnmenu/creationmenu/content/contenticon.lua","470","spawnmenu","AddContentType","weapon","","reference_only","not_run","Single-line literal scan; multiline calls expressions and inheritance require review; numbers are atoms not coordinates"
"gamemodes/sandbox/gamemode/spawnmenu/creationmenu/content/contenticon.lua","476","vgui","Create","ContentIcon","","reference_only","not_run","Single-line literal scan; multiline calls expressions and inheritance require review; numbers are atoms not coordinates"
"gamemodes/sandbox/gamemode/spawnmenu/creationmenu/content/contenticon.lua","480","icon","SetMaterial","","","reference_only","not_run","Single-line literal scan; multiline calls expressions and inheritance require review; numbers are atoms not coordinates"
"gamemodes/sandbox/gamemode/spawnmenu/creationmenu/content/contenticon.lua","518","menu","AddOption","#spawnmenu.menu.spawn_with_toolgun","","reference_only","not_run","Single-line literal scan; multiline calls expressions and inheritance require review; numbers are atoms not coordinates"
"gamemodes/sandbox/gamemode/spawnmenu/creationmenu/content/contenticon.lua","525","menu","AddOption","#spawnmenu.menu.use_as_npc_gun","","reference_only","not_run","Single-line literal scan; multiline calls expressions and inheritance require review; numbers are atoms not coordinates"
"gamemodes/sandbox/gamemode/spawnmenu/creationmenu/content/contentsearch.lua","12","self","Dock","","","reference_only","not_run","Single-line literal scan; multiline calls expressions and inheritance require review; numbers are atoms not coordinates"
"gamemodes/sandbox/gamemode/spawnmenu/creationmenu/content/contentsearch.lua","14","self","DockMargin","","0|0|0|3","reference_only","not_run","Single-line literal scan; multiline calls expressions and inheritance require review; numbers are atoms not coordinates"
"gamemodes/sandbox/gamemode/spawnmenu/creationmenu/content/contentsearch.lua","17","self.Search","Dock","","","reference_only","not_run","Single-line literal scan; multiline calls expressions and inheritance require review; numbers are atoms not coordinates"
"gamemodes/sandbox/gamemode/spawnmenu/creationmenu/content/contentsearch.lua","26","btn","SetImage","icon16/magnifier.png","","reference_only","not_run","Single-line literal scan; multiline calls expressions and inheritance require review; numbers are atoms not coordinates"
"gamemodes/sandbox/gamemode/spawnmenu/creationmenu/content/contentsearch.lua","27","btn","SetText","","","reference_only","not_run","Single-line literal scan; multiline calls expressions and inheritance require review; numbers are atoms not coordinates"
"gamemodes/sandbox/gamemode/spawnmenu/creationmenu/content/contentsearch.lua","28","btn","Dock","","","reference_only","not_run","Single-line literal scan; multiline calls expressions and inheritance require review; numbers are atoms not coordinates"
"gamemodes/sandbox/gamemode/spawnmenu/creationmenu/content/contentsearch.lua","29","btn","DockMargin","","4|2|4|2","reference_only","not_run","Single-line literal scan; multiline calls expressions and inheritance require review; numbers are atoms not coordinates"
"gamemodes/sandbox/gamemode/spawnmenu/creationmenu/content/contentsearch.lua","30","btn","SetSize","","16|16","reference_only","not_run","Single-line literal scan; multiline calls expressions and inheritance require review; numbers are atoms not coordinates"
"gamemodes/sandbox/gamemode/spawnmenu/creationmenu/content/contentsearch.lua","43","vgui","Create","ContentContainer","","reference_only","not_run","Single-line literal scan; multiline calls expressions and inheritance require review; numbers are atoms not coordinates"
"gamemodes/sandbox/gamemode/spawnmenu/creationmenu/content/contentsearch.lua","49","Header","SetText","#spawnmenu.enter_search","","reference_only","not_run","Single-line literal scan; multiline calls expressions and inheritance require review; numbers are atoms not coordinates"
"gamemodes/sandbox/gamemode/spawnmenu/creationmenu/content/contentsearch.lua","88","self.Search","SetText","","","reference_only","not_run","Single-line literal scan; multiline calls expressions and inheritance require review; numbers are atoms not coordinates"
"gamemodes/sandbox/gamemode/spawnmenu/creationmenu/content/contentsearch.lua","134","Header","SetText"," Results for \""|\""","","reference_only","not_run","Single-line literal scan; multiline calls expressions and inheritance require review; numbers are atoms not coordinates"
"gamemodes/sandbox/gamemode/spawnmenu/creationmenu/content/contentsidebar.lua","10","vgui","Create","DTree","","reference_only","not_run","Single-line literal scan; multiline calls expressions and inheritance require review; numbers are atoms not coordinates"
"gamemodes/sandbox/gamemode/spawnmenu/creationmenu/content/contentsidebar.lua","13","self.Tree","Dock","","","reference_only","not_run","Single-line literal scan; multiline calls expressions and inheritance require review; numbers are atoms not coordinates"
"gamemodes/sandbox/gamemode/spawnmenu/creationmenu/content/contentsidebar.lua","30","vgui","Create","ContentSidebarToolbox","","reference_only","not_run","Single-line literal scan; multiline calls expressions and inheritance require review; numbers are atoms not coordinates"
"gamemodes/sandbox/gamemode/spawnmenu/creationmenu/content/contentsidebar.lua","31","self.Toolbox","Dock","","","reference_only","not_run","Single-line literal scan; multiline calls expressions and inheritance require review; numbers are atoms not coordinates"
"gamemodes/sandbox/gamemode/spawnmenu/creationmenu/content/contentsidebar.lua","45","vgui","Create","Panel","","reference_only","not_run","Single-line literal scan; multiline calls expressions and inheritance require review; numbers are atoms not coordinates"
"gamemodes/sandbox/gamemode/spawnmenu/creationmenu/content/contentsidebar.lua","46","SavePanel","Dock","","","reference_only","not_run","Single-line literal scan; multiline calls expressions and inheritance require review; numbers are atoms not coordinates"
"gamemodes/sandbox/gamemode/spawnmenu/creationmenu/content/contentsidebar.lua","48","SavePanel","DockMargin","","8|1|8|4","reference_only","not_run","Single-line literal scan; multiline calls expressions and inheritance require review; numbers are atoms not coordinates"
"gamemodes/sandbox/gamemode/spawnmenu/creationmenu/content/contentsidebar.lua","50","vgui","Create","DButton","","reference_only","not_run","Single-line literal scan; multiline calls expressions and inheritance require review; numbers are atoms not coordinates"
"gamemodes/sandbox/gamemode/spawnmenu/creationmenu/content/contentsidebar.lua","51","SaveButton","Dock","","","reference_only","not_run","Single-line literal scan; multiline calls expressions and inheritance require review; numbers are atoms not coordinates"
"gamemodes/sandbox/gamemode/spawnmenu/creationmenu/content/contentsidebar.lua","53","SaveButton","SetText","#spawnmenu.savechanges","","reference_only","not_run","Single-line literal scan; multiline calls expressions and inheritance require review; numbers are atoms not coordinates"
"gamemodes/sandbox/gamemode/spawnmenu/creationmenu/content/contentsidebar.lua","61","vgui","Create","DButton","","reference_only","not_run","Single-line literal scan; multiline calls expressions and inheritance require review; numbers are atoms not coordinates"
"gamemodes/sandbox/gamemode/spawnmenu/creationmenu/content/contentsidebar.lua","62","RevertButton","Dock","","","reference_only","not_run","Single-line literal scan; multiline calls expressions and inheritance require review; numbers are atoms not coordinates"
"gamemodes/sandbox/gamemode/spawnmenu/creationmenu/content/contentsidebar.lua","64","RevertButton","SetText","","","reference_only","not_run","Single-line literal scan; multiline calls expressions and inheritance require review; numbers are atoms not coordinates"
"gamemodes/sandbox/gamemode/spawnmenu/creationmenu/content/contentsidebar.lua","66","RevertButton","SetWide","","26","reference_only","not_run","Single-line literal scan; multiline calls expressions and inheritance require review; numbers are atoms not coordinates"
"gamemodes/sandbox/gamemode/spawnmenu/creationmenu/content/contentsidebar.lua","67","RevertButton","DockMargin","","4|0|0|0","reference_only","not_run","Single-line literal scan; multiline calls expressions and inheritance require review; numbers are atoms not coordinates"
"gamemodes/sandbox/gamemode/spawnmenu/creationmenu/content/contentsidebar.lua","87","vgui","Register","ContentSidebar|DPanel","","reference_only","not_run","Single-line literal scan; multiline calls expressions and inheritance require review; numbers are atoms not coordinates"
"gamemodes/sandbox/gamemode/spawnmenu/creationmenu/content/contentsidebartoolbox.lua","11","self","SetOpenSize","","200","reference_only","not_run","Single-line literal scan; multiline calls expressions and inheritance require review; numbers are atoms not coordinates"
"gamemodes/sandbox/gamemode/spawnmenu/creationmenu/content/contentsidebartoolbox.lua","12","self","DockPadding","","5|5|5|5","reference_only","not_run","Single-line literal scan; multiline calls expressions and inheritance require review; numbers are atoms not coordinates"
"gamemodes/sandbox/gamemode/spawnmenu/creationmenu/content/contentsidebartoolbox.lua","14","vgui","Create","DTextEntry","","reference_only","not_run","Single-line literal scan; multiline calls expressions and inheritance require review; numbers are atoms not coordinates"
"gamemodes/sandbox/gamemode/spawnmenu/creationmenu/content/contentsidebartoolbox.lua","15","label","Dock","","","reference_only","not_run","Single-line literal scan; multiline calls expressions and inheritance require review; numbers are atoms not coordinates"
"gamemodes/sandbox/gamemode/spawnmenu/creationmenu/content/contentsidebartoolbox.lua","17","label","DockMargin","","0|0|0|2","reference_only","not_run","Single-line literal scan; multiline calls expressions and inheritance require review; numbers are atoms not coordinates"
"gamemodes/sandbox/gamemode/spawnmenu/creationmenu/content/contentsidebartoolbox.lua","20","vgui","Create","DPanel","","reference_only","not_run","Single-line literal scan; multiline calls expressions and inheritance require review; numbers are atoms not coordinates"
"gamemodes/sandbox/gamemode/spawnmenu/creationmenu/content/contentsidebartoolbox.lua","21","panel","Dock","","","reference_only","not_run","Single-line literal scan; multiline calls expressions and inheritance require review; numbers are atoms not coordinates"
"gamemodes/sandbox/gamemode/spawnmenu/creationmenu/content/contentsidebartoolbox.lua","23","panel","SetSize","","24|24","reference_only","not_run","Single-line literal scan; multiline calls expressions and inheritance require review; numbers are atoms not coordinates"
"gamemodes/sandbox/gamemode/spawnmenu/creationmenu/content/contentsidebartoolbox.lua","24","panel","DockPadding","","2|2|2|2","reference_only","not_run","Single-line literal scan; multiline calls expressions and inheritance require review; numbers are atoms not coordinates"
"gamemodes/sandbox/gamemode/spawnmenu/creationmenu/content/contentsidebartoolbox.lua","26","vgui","Create","DImageButton","","reference_only","not_run","Single-line literal scan; multiline calls expressions and inheritance require review; numbers are atoms not coordinates"
"gamemodes/sandbox/gamemode/spawnmenu/creationmenu/content/contentsidebartoolbox.lua","27","Button","SetImage","icon16/text_heading_1.png","","reference_only","not_run","Single-line literal scan; multiline calls expressions and inheritance require review; numbers are atoms not coordinates"
"gamemodes/sandbox/gamemode/spawnmenu/creationmenu/content/contentsidebartoolbox.lua","28","Button","Dock","","","reference_only","not_run","Single-line literal scan; multiline calls expressions and inheritance require review; numbers are atoms not coordinates"
"gamemodes/sandbox/gamemode/spawnmenu/creationmenu/content/contentsidebartoolbox.lua","30","Button","SetSize","","20|20","reference_only","not_run","Single-line literal scan; multiline calls expressions and inheritance require review; numbers are atoms not coordinates"
"gamemodes/sandbox/gamemode/spawnmenu/creationmenu/content/contentsidebartoolbox.lua","37","vgui","Create","ContentHeader","","reference_only","not_run","Single-line literal scan; multiline calls expressions and inheritance require review; numbers are atoms not coordinates"
"gamemodes/sandbox/gamemode/spawnmenu/creationmenu/content/contentsidebartoolbox.lua","42","vgui","Create","Panel","","reference_only","not_run","Single-line literal scan; multiline calls expressions and inheritance require review; numbers are atoms not coordinates"
"gamemodes/sandbox/gamemode/spawnmenu/creationmenu/content/contentsidebartoolbox.lua","43","panel","Dock","","","reference_only","not_run","Single-line literal scan; multiline calls expressions and inheritance require review; numbers are atoms not coordinates"
"gamemodes/sandbox/gamemode/spawnmenu/creationmenu/content/contentsidebartoolbox.lua","46","vgui","Create","DTextEntry","","reference_only","not_run","Single-line literal scan; multiline calls expressions and inheritance require review; numbers are atoms not coordinates"
"gamemodes/sandbox/gamemode/spawnmenu/creationmenu/content/contentsidebartoolbox.lua","47","icon_filter","Dock","","","reference_only","not_run","Single-line literal scan; multiline calls expressions and inheritance require review; numbers are atoms not coordinates"
"gamemodes/sandbox/gamemode/spawnmenu/creationmenu/content/contentsidebartoolbox.lua","50","icon_filter","DockMargin","","0|2|0|1","reference_only","not_run","Single-line literal scan; multiline calls expressions and inheritance require review; numbers are atoms not coordinates"
"gamemodes/sandbox/gamemode/spawnmenu/creationmenu/content/contentsidebartoolbox.lua","52","vgui","Create","DIconBrowser","","reference_only","not_run","Single-line literal scan; multiline calls expressions and inheritance require review; numbers are atoms not coordinates"
"gamemodes/sandbox/gamemode/spawnmenu/creationmenu/content/contentsidebartoolbox.lua","53","icons","Dock","","","reference_only","not_run","Single-line literal scan; multiline calls expressions and inheritance require review; numbers are atoms not coordinates"
"gamemodes/sandbox/gamemode/spawnmenu/creationmenu/content/contentsidebartoolbox.lua","59","vgui","Create","DPanel","","reference_only","not_run","Single-line literal scan; multiline calls expressions and inheritance require review; numbers are atoms not coordinates"
"gamemodes/sandbox/gamemode/spawnmenu/creationmenu/content/contentsidebartoolbox.lua","74","label","SetText","","","reference_only","not_run","Single-line literal scan; multiline calls expressions and inheritance require review; numbers are atoms not coordinates"
"gamemodes/sandbox/gamemode/spawnmenu/creationmenu/content/contentsidebartoolbox.lua","79","label","SetText","","","reference_only","not_run","Single-line literal scan; multiline calls expressions and inheritance require review; numbers are atoms not coordinates"
"gamemodes/sandbox/gamemode/spawnmenu/creationmenu/content/contentsidebartoolbox.lua","85","node","SetText","","","reference_only","not_run","Single-line literal scan; multiline calls expressions and inheritance require review; numbers are atoms not coordinates"
"gamemodes/sandbox/gamemode/spawnmenu/creationmenu/content/contentsidebartoolbox.lua","101","self.Overlay","SetSize","","","reference_only","not_run","Single-line literal scan; multiline calls expressions and inheritance require review; numbers are atoms not coordinates"
"gamemodes/sandbox/gamemode/spawnmenu/creationmenu/content/contentsidebartoolbox.lua","104","vgui","Register","ContentSidebarToolbox|DDrawer","","reference_only","not_run","Single-line literal scan; multiline calls expressions and inheritance require review; numbers are atoms not coordinates"
"gamemodes/sandbox/gamemode/spawnmenu/creationmenu/content/contenttypes/addonprops.lua","81","menu","AddOption","#spawnmenu.openaddononworkshop","","reference_only","not_run","Single-line literal scan; multiline calls expressions and inheritance require review; numbers are atoms not coordinates"
"gamemodes/sandbox/gamemode/spawnmenu/creationmenu/content/contenttypes/addonprops.lua","85","menu","AddOption","#spawnmenu.createautospawnlist","","reference_only","not_run","Single-line literal scan; multiline calls expressions and inheritance require review; numbers are atoms not coordinates"
"gamemodes/sandbox/gamemode/spawnmenu/creationmenu/content/contenttypes/addonprops.lua","113","vgui","Create","Panel","","reference_only","not_run","Single-line literal scan; multiline calls expressions and inheritance require review; numbers are atoms not coordinates"
"gamemodes/sandbox/gamemode/spawnmenu/creationmenu/content/contenttypes/addonprops.lua","124","s","SetSize","","","reference_only","not_run","Single-line literal scan; multiline calls expressions and inheritance require review; numbers are atoms not coordinates"
"gamemodes/sandbox/gamemode/spawnmenu/creationmenu/content/contenttypes/addonprops.lua","143","vgui","Create","ContentContainer","","reference_only","not_run","Single-line literal scan; multiline calls expressions and inheritance require review; numbers are atoms not coordinates"
"gamemodes/sandbox/gamemode/spawnmenu/creationmenu/content/contenttypes/custom.lua","50","menu","AddOption","#spawnmenu.menu.edit","","reference_only","not_run","Single-line literal scan; multiline calls expressions and inheritance require review; numbers are atoms not coordinates"
"gamemodes/sandbox/gamemode/spawnmenu/creationmenu/content/contenttypes/custom.lua","51","menu","AddOption","#spawnmenu.menu.add_subcategory","","reference_only","not_run","Single-line literal scan; multiline calls expressions and inheritance require review; numbers are atoms not coordinates"
"gamemodes/sandbox/gamemode/spawnmenu/creationmenu/content/contenttypes/custom.lua","53","menu","AddOption","#spawnmenu.menu.delete","","reference_only","not_run","Single-line literal scan; multiline calls expressions and inheritance require review; numbers are atoms not coordinates"
"gamemodes/sandbox/gamemode/spawnmenu/creationmenu/content/contenttypes/custom.lua","64","vgui","Create","ContentContainer","","reference_only","not_run","Single-line literal scan; multiline calls expressions and inheritance require review; numbers are atoms not coordinates"
"gamemodes/sandbox/gamemode/spawnmenu/creationmenu/content/contenttypes/custom.lua","154","vgui","Create","ContentContainer","","reference_only","not_run","Single-line literal scan; multiline calls expressions and inheritance require review; numbers are atoms not coordinates"
"gamemodes/sandbox/gamemode/spawnmenu/creationmenu/content/contenttypes/custom.lua","209","menu","AddOption","#spawnmenu.menu.new_category","","reference_only","not_run","Single-line literal scan; multiline calls expressions and inheritance require review; numbers are atoms not coordinates"
"gamemodes/sandbox/gamemode/spawnmenu/creationmenu/content/contenttypes/dupes.lua","5","spawnmenu","AddCreationTab","#spawnmenu.category.dupes","","reference_only","not_run","Single-line literal scan; multiline calls expressions and inheritance require review; numbers are atoms not coordinates"
"gamemodes/sandbox/gamemode/spawnmenu/creationmenu/content/contenttypes/dupes.lua","7","vgui","Create","DHTML","","reference_only","not_run","Single-line literal scan; multiline calls expressions and inheritance require review; numbers are atoms not coordinates"
"gamemodes/sandbox/gamemode/spawnmenu/creationmenu/content/contenttypes/entities.lua","9","spawnmenu","CreateContentIcon","entity","","reference_only","not_run","Single-line literal scan; multiline calls expressions and inheritance require review; numbers are atoms not coordinates"
"gamemodes/sandbox/gamemode/spawnmenu/creationmenu/content/contenttypes/entities.lua","32","spawnmenu","AddCreationTab","#spawnmenu.category.entities","","reference_only","not_run","Single-line literal scan; multiline calls expressions and inheritance require review; numbers are atoms not coordinates"
"gamemodes/sandbox/gamemode/spawnmenu/creationmenu/content/contenttypes/entities.lua","34","vgui","Create","SpawnmenuContentPanel","","reference_only","not_run","Single-line literal scan; multiline calls expressions and inheritance require review; numbers are atoms not coordinates"
"gamemodes/sandbox/gamemode/spawnmenu/creationmenu/content/contenttypes/gameprops.lua","47","menu","AddOption","#spawnmenu.createautospawnlist","","reference_only","not_run","Single-line literal scan; multiline calls expressions and inheritance require review; numbers are atoms not coordinates"
"gamemodes/sandbox/gamemode/spawnmenu/creationmenu/content/contenttypes/gameprops.lua","160","vgui","Create","ContentContainer","","reference_only","not_run","Single-line literal scan; multiline calls expressions and inheritance require review; numbers are atoms not coordinates"
"gamemodes/sandbox/gamemode/spawnmenu/creationmenu/content/contenttypes/npcs.lua","11","spawnmenu","CreateContentIcon","npc","","reference_only","not_run","Single-line literal scan; multiline calls expressions and inheritance require review; numbers are atoms not coordinates"
"gamemodes/sandbox/gamemode/spawnmenu/creationmenu/content/contenttypes/npcs.lua","38","DermaCheckbox","Dock","","","reference_only","not_run","Single-line literal scan; multiline calls expressions and inheritance require review; numbers are atoms not coordinates"
"gamemodes/sandbox/gamemode/spawnmenu/creationmenu/content/contenttypes/npcs.lua","39","DermaCheckbox","SetText","","","reference_only","not_run","Single-line literal scan; multiline calls expressions and inheritance require review; numbers are atoms not coordinates"
"gamemodes/sandbox/gamemode/spawnmenu/creationmenu/content/contenttypes/npcs.lua","41","DermaCheckbox","SetConVar","","","reference_only","not_run","Single-line literal scan; multiline calls expressions and inheritance require review; numbers are atoms not coordinates"
"gamemodes/sandbox/gamemode/spawnmenu/creationmenu/content/contenttypes/npcs.lua","43","DermaCheckbox","DockMargin","","0|5|0|0","reference_only","not_run","Single-line literal scan; multiline calls expressions and inheritance require review; numbers are atoms not coordinates"
"gamemodes/sandbox/gamemode/spawnmenu/creationmenu/content/contenttypes/npcs.lua","48","self","SetOpenSize","","150","reference_only","not_run","Single-line literal scan; multiline calls expressions and inheritance require review; numbers are atoms not coordinates"
"gamemodes/sandbox/gamemode/spawnmenu/creationmenu/content/contenttypes/npcs.lua","49","self","DockPadding","","15|10|15|10","reference_only","not_run","Single-line literal scan; multiline calls expressions and inheritance require review; numbers are atoms not coordinates"
"gamemodes/sandbox/gamemode/spawnmenu/creationmenu/content/contenttypes/npcs.lua","56","vgui","Create","DLabel","","reference_only","not_run","Single-line literal scan; multiline calls expressions and inheritance require review; numbers are atoms not coordinates"
"gamemodes/sandbox/gamemode/spawnmenu/creationmenu/content/contenttypes/npcs.lua","57","label","Dock","","","reference_only","not_run","Single-line literal scan; multiline calls expressions and inheritance require review; numbers are atoms not coordinates"
"gamemodes/sandbox/gamemode/spawnmenu/creationmenu/content/contenttypes/npcs.lua","58","label","DockMargin","","0|5|0|0","reference_only","not_run","Single-line literal scan; multiline calls expressions and inheritance require review; numbers are atoms not coordinates"
"gamemodes/sandbox/gamemode/spawnmenu/creationmenu/content/contenttypes/npcs.lua","60","label","SetText","#menubar.npcs.weapon","","reference_only","not_run","Single-line literal scan; multiline calls expressions and inheritance require review; numbers are atoms not coordinates"
"gamemodes/sandbox/gamemode/spawnmenu/creationmenu/content/contenttypes/npcs.lua","62","vgui","Create","DComboBox","","reference_only","not_run","Single-line literal scan; multiline calls expressions and inheritance require review; numbers are atoms not coordinates"
"gamemodes/sandbox/gamemode/spawnmenu/creationmenu/content/contenttypes/npcs.lua","63","DComboBox","Dock","","","reference_only","not_run","Single-line literal scan; multiline calls expressions and inheritance require review; numbers are atoms not coordinates"
"gamemodes/sandbox/gamemode/spawnmenu/creationmenu/content/contenttypes/npcs.lua","64","DComboBox","DockMargin","","0|0|0|0","reference_only","not_run","Single-line literal scan; multiline calls expressions and inheritance require review; numbers are atoms not coordinates"
"gamemodes/sandbox/gamemode/spawnmenu/creationmenu/content/contenttypes/npcs.lua","65","DComboBox","SetConVar","gmod_npcweapon","","reference_only","not_run","Single-line literal scan; multiline calls expressions and inheritance require review; numbers are atoms not coordinates"
"gamemodes/sandbox/gamemode/spawnmenu/creationmenu/content/contenttypes/npcs.lua","68","DComboBox","AddChoice","#menubar.npcs.defaultweapon||icon16/gun.png","","reference_only","not_run","Single-line literal scan; multiline calls expressions and inheritance require review; numbers are atoms not coordinates"
"gamemodes/sandbox/gamemode/spawnmenu/creationmenu/content/contenttypes/npcs.lua","69","DComboBox","AddChoice","#menubar.npcs.noweapon|none|icon16/cross.png","","reference_only","not_run","Single-line literal scan; multiline calls expressions and inheritance require review; numbers are atoms not coordinates"
"gamemodes/sandbox/gamemode/spawnmenu/creationmenu/content/contenttypes/npcs.lua","83","DComboBox","AddChoice","","","reference_only","not_run","Single-line literal scan; multiline calls expressions and inheritance require review; numbers are atoms not coordinates"
"gamemodes/sandbox/gamemode/spawnmenu/creationmenu/content/contenttypes/npcs.lua","98","vgui","Register","SpawnmenuNPCSidebarToolbox|DDrawer","","reference_only","not_run","Single-line literal scan; multiline calls expressions and inheritance require review; numbers are atoms not coordinates"
"gamemodes/sandbox/gamemode/spawnmenu/creationmenu/content/contenttypes/npcs.lua","100","spawnmenu","AddCreationTab","#spawnmenu.category.npcs","","reference_only","not_run","Single-line literal scan; multiline calls expressions and inheritance require review; numbers are atoms not coordinates"
"gamemodes/sandbox/gamemode/spawnmenu/creationmenu/content/contenttypes/npcs.lua","102","vgui","Create","SpawnmenuContentPanel","","reference_only","not_run","Single-line literal scan; multiline calls expressions and inheritance require review; numbers are atoms not coordinates"
"gamemodes/sandbox/gamemode/spawnmenu/creationmenu/content/contenttypes/npcs.lua","107","vgui","Create","SpawnmenuNPCSidebarToolbox","","reference_only","not_run","Single-line literal scan; multiline calls expressions and inheritance require review; numbers are atoms not coordinates"
"gamemodes/sandbox/gamemode/spawnmenu/creationmenu/content/contenttypes/npcs.lua","108","sidebar.Options","Dock","","","reference_only","not_run","Single-line literal scan; multiline calls expressions and inheritance require review; numbers are atoms not coordinates"
"gamemodes/sandbox/gamemode/spawnmenu/creationmenu/content/contenttypes/postprocess.lua","14","spawnmenu","CreateContentIcon","postprocess","","reference_only","not_run","Single-line literal scan; multiline calls expressions and inheritance require review; numbers are atoms not coordinates"
"gamemodes/sandbox/gamemode/spawnmenu/creationmenu/content/contenttypes/postprocess.lua","31","spawnmenu","AddCreationTab","#spawnmenu.category.postprocess","","reference_only","not_run","Single-line literal scan; multiline calls expressions and inheritance require review; numbers are atoms not coordinates"
"gamemodes/sandbox/gamemode/spawnmenu/creationmenu/content/contenttypes/postprocess.lua","33","vgui","Create","SpawnmenuContentPanel","","reference_only","not_run","Single-line literal scan; multiline calls expressions and inheritance require review; numbers are atoms not coordinates"
"gamemodes/sandbox/gamemode/spawnmenu/creationmenu/content/contenttypes/saves.lua","4","spawnmenu","AddCreationTab","#spawnmenu.category.saves","","reference_only","not_run","Single-line literal scan; multiline calls expressions and inheritance require review; numbers are atoms not coordinates"
"gamemodes/sandbox/gamemode/spawnmenu/creationmenu/content/contenttypes/saves.lua","6","vgui","Create","DHTML","","reference_only","not_run","Single-line literal scan; multiline calls expressions and inheritance require review; numbers are atoms not coordinates"
"gamemodes/sandbox/gamemode/spawnmenu/creationmenu/content/contenttypes/vehicles.lua","8","spawnmenu","CreateContentIcon","vehicle","","reference_only","not_run","Single-line literal scan; multiline calls expressions and inheritance require review; numbers are atoms not coordinates"
"gamemodes/sandbox/gamemode/spawnmenu/creationmenu/content/contenttypes/vehicles.lua","27","spawnmenu","AddCreationTab","#spawnmenu.category.vehicles","","reference_only","not_run","Single-line literal scan; multiline calls expressions and inheritance require review; numbers are atoms not coordinates"
"gamemodes/sandbox/gamemode/spawnmenu/creationmenu/content/contenttypes/vehicles.lua","29","vgui","Create","SpawnmenuContentPanel","","reference_only","not_run","Single-line literal scan; multiline calls expressions and inheritance require review; numbers are atoms not coordinates"
"gamemodes/sandbox/gamemode/spawnmenu/creationmenu/content/contenttypes/weapons.lua","3","spawnmenu","CreateContentIcon","weapon","","reference_only","not_run","Single-line literal scan; multiline calls expressions and inheritance require review; numbers are atoms not coordinates"
"gamemodes/sandbox/gamemode/spawnmenu/creationmenu/content/contenttypes/weapons.lua","41","spawnmenu","AddCreationTab","#spawnmenu.category.weapons","","reference_only","not_run","Single-line literal scan; multiline calls expressions and inheritance require review; numbers are atoms not coordinates"
"gamemodes/sandbox/gamemode/spawnmenu/creationmenu/content/contenttypes/weapons.lua","43","vgui","Create","SpawnmenuContentPanel","","reference_only","not_run","Single-line literal scan; multiline calls expressions and inheritance require review; numbers are atoms not coordinates"
"gamemodes/sandbox/gamemode/spawnmenu/creationmenu/content/postprocessicon.lua","10","self","SetSize","","128|128","reference_only","not_run","Single-line literal scan; multiline calls expressions and inheritance require review; numbers are atoms not coordinates"
"gamemodes/sandbox/gamemode/spawnmenu/creationmenu/content/postprocessicon.lua","11","self","SetText","","","reference_only","not_run","Single-line literal scan; multiline calls expressions and inheritance require review; numbers are atoms not coordinates"
"gamemodes/sandbox/gamemode/spawnmenu/creationmenu/content/postprocessicon.lua","29","self","SetMaterial","","","reference_only","not_run","Single-line literal scan; multiline calls expressions and inheritance require review; numbers are atoms not coordinates"
"gamemodes/sandbox/gamemode/spawnmenu/creationmenu/content/postprocessicon.lua","45","vgui","Create","ControlPanel","","reference_only","not_run","Single-line literal scan; multiline calls expressions and inheritance require review; numbers are atoms not coordinates"
"gamemodes/sandbox/gamemode/spawnmenu/creationmenu/content/postprocessicon.lua","58","self.checkbox","SetConVar","","","reference_only","not_run","Single-line literal scan; multiline calls expressions and inheritance require review; numbers are atoms not coordinates"
"gamemodes/sandbox/gamemode/spawnmenu/creationmenu/content/postprocessicon.lua","59","self.checkbox","SetSize","","20|20","reference_only","not_run","Single-line literal scan; multiline calls expressions and inheritance require review; numbers are atoms not coordinates"
"gamemodes/sandbox/gamemode/spawnmenu/creationmenu/content/postprocessicon.lua","60","self.checkbox","SetPos","","20|8|8","reference_only","not_run","Single-line literal scan; multiline calls expressions and inheritance require review; numbers are atoms not coordinates"
"gamemodes/sandbox/gamemode/spawnmenu/creationmenu/content/postprocessicon.lua","67","self.checkbox","SetSize","","20|20","reference_only","not_run","Single-line literal scan; multiline calls expressions and inheritance require review; numbers are atoms not coordinates"
"gamemodes/sandbox/gamemode/spawnmenu/creationmenu/content/postprocessicon.lua","68","self.checkbox","SetPos","","20|8|8","reference_only","not_run","Single-line literal scan; multiline calls expressions and inheritance require review; numbers are atoms not coordinates"
"gamemodes/sandbox/gamemode/spawnmenu/creationmenu/content/postprocessicon.lua","132","vgui","Create","PostProcessIcon","","reference_only","not_run","Single-line literal scan; multiline calls expressions and inheritance require review; numbers are atoms not coordinates"
"gamemodes/sandbox/gamemode/spawnmenu/creationmenu/content/postprocessicon.lua","141","vgui","Register","PostProcessIcon|ContentIcon","","reference_only","not_run","Single-line literal scan; multiline calls expressions and inheritance require review; numbers are atoms not coordinates"
"gamemodes/sandbox/gamemode/spawnmenu/creationmenu/content/postprocessicon.lua","143","spawnmenu","AddContentType","postprocess","","reference_only","not_run","Single-line literal scan; multiline calls expressions and inheritance require review; numbers are atoms not coordinates"
"gamemodes/sandbox/gamemode/spawnmenu/creationmenu/content/postprocessicon.lua","148","vgui","Create","PostProcessIcon","","reference_only","not_run","Single-line literal scan; multiline calls expressions and inheritance require review; numbers are atoms not coordinates"
"gamemodes/sandbox/gamemode/spawnmenu/spawnmenu.lua","19","self","Dock","","","reference_only","not_run","Single-line literal scan; multiline calls expressions and inheritance require review; numbers are atoms not coordinates"
"gamemodes/sandbox/gamemode/spawnmenu/spawnmenu.lua","21","vgui","Create","DHorizontalDivider","","reference_only","not_run","Single-line literal scan; multiline calls expressions and inheritance require review; numbers are atoms not coordinates"
"gamemodes/sandbox/gamemode/spawnmenu/spawnmenu.lua","22","self.HorizontalDivider","Dock","","","reference_only","not_run","Single-line literal scan; multiline calls expressions and inheritance require review; numbers are atoms not coordinates"
"gamemodes/sandbox/gamemode/spawnmenu/spawnmenu.lua","23","self.HorizontalDivider","SetLeftWidth","","","reference_only","not_run","Single-line literal scan; multiline calls expressions and inheritance require review; numbers are atoms not coordinates"
"gamemodes/sandbox/gamemode/spawnmenu/spawnmenu.lua","24","self.HorizontalDivider","SetDividerWidth","","6","reference_only","not_run","Single-line literal scan; multiline calls expressions and inheritance require review; numbers are atoms not coordinates"
"gamemodes/sandbox/gamemode/spawnmenu/spawnmenu.lua","25","self.HorizontalDivider","SetCookieName","SpawnMenuDiv","","reference_only","not_run","Single-line literal scan; multiline calls expressions and inheritance require review; numbers are atoms not coordinates"
"gamemodes/sandbox/gamemode/spawnmenu/spawnmenu.lua","26","self.HorizontalDivider","SetRightMin","","300","reference_only","not_run","Single-line literal scan; multiline calls expressions and inheritance require review; numbers are atoms not coordinates"
"gamemodes/sandbox/gamemode/spawnmenu/spawnmenu.lua","27","self.HorizontalDivider","SetRightMin","","460","reference_only","not_run","Single-line literal scan; multiline calls expressions and inheritance require review; numbers are atoms not coordinates"
"gamemodes/sandbox/gamemode/spawnmenu/spawnmenu.lua","29","vgui","Create","ToolMenu","","reference_only","not_run","Single-line literal scan; multiline calls expressions and inheritance require review; numbers are atoms not coordinates"
"gamemodes/sandbox/gamemode/spawnmenu/spawnmenu.lua","32","vgui","Create","CreationMenu","","reference_only","not_run","Single-line literal scan; multiline calls expressions and inheritance require review; numbers are atoms not coordinates"
"gamemodes/sandbox/gamemode/spawnmenu/spawnmenu.lua","37","self","SetMouseInputEnabled","","","reference_only","not_run","Single-line literal scan; multiline calls expressions and inheritance require review; numbers are atoms not coordinates"
"gamemodes/sandbox/gamemode/spawnmenu/spawnmenu.lua","39","vgui","Create","DImageButton","","reference_only","not_run","Single-line literal scan; multiline calls expressions and inheritance require review; numbers are atoms not coordinates"
"gamemodes/sandbox/gamemode/spawnmenu/spawnmenu.lua","40","self.ToolToggle","SetImage","gui/spawnmenu_toggle","","reference_only","not_run","Single-line literal scan; multiline calls expressions and inheritance require review; numbers are atoms not coordinates"
"gamemodes/sandbox/gamemode/spawnmenu/spawnmenu.lua","41","self.ToolToggle","SetSize","","16|16","reference_only","not_run","Single-line literal scan; multiline calls expressions and inheritance require review; numbers are atoms not coordinates"
"gamemodes/sandbox/gamemode/spawnmenu/spawnmenu.lua","48","self.ToolToggle","SetImage","gui/spawnmenu_toggle","","reference_only","not_run","Single-line literal scan; multiline calls expressions and inheritance require review; numbers are atoms not coordinates"
"gamemodes/sandbox/gamemode/spawnmenu/spawnmenu.lua","49","self.CreateMenu","Dock","","","reference_only","not_run","Single-line literal scan; multiline calls expressions and inheritance require review; numbers are atoms not coordinates"
"gamemodes/sandbox/gamemode/spawnmenu/spawnmenu.lua","53","self.ToolToggle","SetImage","gui/spawnmenu_toggle_back","","reference_only","not_run","Single-line literal scan; multiline calls expressions and inheritance require review; numbers are atoms not coordinates"
"gamemodes/sandbox/gamemode/spawnmenu/spawnmenu.lua","57","self.CreateMenu","Dock","","","reference_only","not_run","Single-line literal scan; multiline calls expressions and inheritance require review; numbers are atoms not coordinates"
"gamemodes/sandbox/gamemode/spawnmenu/spawnmenu.lua","105","self","SetKeyboardInputEnabled","","","reference_only","not_run","Single-line literal scan; multiline calls expressions and inheritance require review; numbers are atoms not coordinates"
"gamemodes/sandbox/gamemode/spawnmenu/spawnmenu.lua","106","self","SetMouseInputEnabled","","","reference_only","not_run","Single-line literal scan; multiline calls expressions and inheritance require review; numbers are atoms not coordinates"
"gamemodes/sandbox/gamemode/spawnmenu/spawnmenu.lua","130","self","SetKeyboardInputEnabled","","","reference_only","not_run","Single-line literal scan; multiline calls expressions and inheritance require review; numbers are atoms not coordinates"
"gamemodes/sandbox/gamemode/spawnmenu/spawnmenu.lua","131","self","SetMouseInputEnabled","","","reference_only","not_run","Single-line literal scan; multiline calls expressions and inheritance require review; numbers are atoms not coordinates"
"gamemodes/sandbox/gamemode/spawnmenu/spawnmenu.lua","147","self","DockPadding","","0|0|0|0","reference_only","not_run","Single-line literal scan; multiline calls expressions and inheritance require review; numbers are atoms not coordinates"
"gamemodes/sandbox/gamemode/spawnmenu/spawnmenu.lua","148","self.HorizontalDivider","DockMargin","","","reference_only","not_run","Single-line literal scan; multiline calls expressions and inheritance require review; numbers are atoms not coordinates"
"gamemodes/sandbox/gamemode/spawnmenu/spawnmenu.lua","149","self.HorizontalDivider","SetLeftMin","","3","reference_only","not_run","Single-line literal scan; multiline calls expressions and inheritance require review; numbers are atoms not coordinates"
"gamemodes/sandbox/gamemode/spawnmenu/spawnmenu.lua","159","self","SetKeyboardInputEnabled","","","reference_only","not_run","Single-line literal scan; multiline calls expressions and inheritance require review; numbers are atoms not coordinates"
"gamemodes/sandbox/gamemode/spawnmenu/spawnmenu.lua","167","self","SetKeyboardInputEnabled","","","reference_only","not_run","Single-line literal scan; multiline calls expressions and inheritance require review; numbers are atoms not coordinates"
"gamemodes/sandbox/gamemode/spawnmenu/spawnmenu.lua","179","self.HorizontalDivider","SetLeftWidth","","","reference_only","not_run","Single-line literal scan; multiline calls expressions and inheritance require review; numbers are atoms not coordinates"
"gamemodes/sandbox/gamemode/spawnmenu/spawnmenu.lua","183","vgui","Register","SpawnMenu|EditablePanel","","reference_only","not_run","Single-line literal scan; multiline calls expressions and inheritance require review; numbers are atoms not coordinates"
"gamemodes/sandbox/gamemode/spawnmenu/spawnmenu.lua","223","vgui","Create","SpawnMenu","","reference_only","not_run","Single-line literal scan; multiline calls expressions and inheritance require review; numbers are atoms not coordinates"
"gamemodes/sandbox/gamemode/spawnmenu/toolmenu.lua","42","vgui","Create","ToolPanel","","reference_only","not_run","Single-line literal scan; multiline calls expressions and inheritance require review; numbers are atoms not coordinates"
"gamemodes/sandbox/gamemode/spawnmenu/toolmenu.lua","70","vgui","Register","ToolMenu|DPropertySheet","","reference_only","not_run","Single-line literal scan; multiline calls expressions and inheritance require review; numbers are atoms not coordinates"
"gamemodes/sandbox/gamemode/spawnmenu/toolpanel.lua","13","vgui","Create","DHorizontalDivider","","reference_only","not_run","Single-line literal scan; multiline calls expressions and inheritance require review; numbers are atoms not coordinates"
"gamemodes/sandbox/gamemode/spawnmenu/toolpanel.lua","14","self.HorizontalDivider","Dock","","","reference_only","not_run","Single-line literal scan; multiline calls expressions and inheritance require review; numbers are atoms not coordinates"
"gamemodes/sandbox/gamemode/spawnmenu/toolpanel.lua","15","self.HorizontalDivider","SetLeftWidth","","130","reference_only","not_run","Single-line literal scan; multiline calls expressions and inheritance require review; numbers are atoms not coordinates"
"gamemodes/sandbox/gamemode/spawnmenu/toolpanel.lua","16","self.HorizontalDivider","SetLeftMin","","130","reference_only","not_run","Single-line literal scan; multiline calls expressions and inheritance require review; numbers are atoms not coordinates"
"gamemodes/sandbox/gamemode/spawnmenu/toolpanel.lua","17","self.HorizontalDivider","SetRightMin","","200","reference_only","not_run","Single-line literal scan; multiline calls expressions and inheritance require review; numbers are atoms not coordinates"
"gamemodes/sandbox/gamemode/spawnmenu/toolpanel.lua","18","self.HorizontalDivider","SetRightMin","","256","reference_only","not_run","Single-line literal scan; multiline calls expressions and inheritance require review; numbers are atoms not coordinates"
"gamemodes/sandbox/gamemode/spawnmenu/toolpanel.lua","19","self.HorizontalDivider","SetDividerWidth","","6","reference_only","not_run","Single-line literal scan; multiline calls expressions and inheritance require review; numbers are atoms not coordinates"
"gamemodes/sandbox/gamemode/spawnmenu/toolpanel.lua","20","self.HorizontalDivider","SetCookieName","SpawnMenuToolMenuDiv","","reference_only","not_run","Single-line literal scan; multiline calls expressions and inheritance require review; numbers are atoms not coordinates"
"gamemodes/sandbox/gamemode/spawnmenu/toolpanel.lua","22","vgui","Create","Panel","","reference_only","not_run","Single-line literal scan; multiline calls expressions and inheritance require review; numbers are atoms not coordinates"
"gamemodes/sandbox/gamemode/spawnmenu/toolpanel.lua","24","vgui","Create","Panel","","reference_only","not_run","Single-line literal scan; multiline calls expressions and inheritance require review; numbers are atoms not coordinates"
"gamemodes/sandbox/gamemode/spawnmenu/toolpanel.lua","25","searchContainer","Dock","","","reference_only","not_run","Single-line literal scan; multiline calls expressions and inheritance require review; numbers are atoms not coordinates"
"gamemodes/sandbox/gamemode/spawnmenu/toolpanel.lua","26","searchContainer","SetTall","","21","reference_only","not_run","Single-line literal scan; multiline calls expressions and inheritance require review; numbers are atoms not coordinates"
"gamemodes/sandbox/gamemode/spawnmenu/toolpanel.lua","27","searchContainer","DockMargin","","0|0|0|5","reference_only","not_run","Single-line literal scan; multiline calls expressions and inheritance require review; numbers are atoms not coordinates"
"gamemodes/sandbox/gamemode/spawnmenu/toolpanel.lua","29","vgui","Create","DTextEntry","","reference_only","not_run","Single-line literal scan; multiline calls expressions and inheritance require review; numbers are atoms not coordinates"
"gamemodes/sandbox/gamemode/spawnmenu/toolpanel.lua","31","self.SearchBar","DockMargin","","0|0|0|0","reference_only","not_run","Single-line literal scan; multiline calls expressions and inheritance require review; numbers are atoms not coordinates"
"gamemodes/sandbox/gamemode/spawnmenu/toolpanel.lua","32","self.SearchBar","Dock","","","reference_only","not_run","Single-line literal scan; multiline calls expressions and inheritance require review; numbers are atoms not coordinates"
"gamemodes/sandbox/gamemode/spawnmenu/toolpanel.lua","38","vgui","Create","DCheckBox","","reference_only","not_run","Single-line literal scan; multiline calls expressions and inheritance require review; numbers are atoms not coordinates"
"gamemodes/sandbox/gamemode/spawnmenu/toolpanel.lua","40","self.HideDeactivated","Dock","","","reference_only","not_run","Single-line literal scan; multiline calls expressions and inheritance require review; numbers are atoms not coordinates"
"gamemodes/sandbox/gamemode/spawnmenu/toolpanel.lua","41","self.HideDeactivated","DockMargin","","3|3|0|3","reference_only","not_run","Single-line literal scan; multiline calls expressions and inheritance require review; numbers are atoms not coordinates"
"gamemodes/sandbox/gamemode/spawnmenu/toolpanel.lua","42","self.HideDeactivated","SetConVar","","","reference_only","not_run","Single-line literal scan; multiline calls expressions and inheritance require review; numbers are atoms not coordinates"
"gamemodes/sandbox/gamemode/spawnmenu/toolpanel.lua","48","vgui","Create","DCategoryList","","reference_only","not_run","Single-line literal scan; multiline calls expressions and inheritance require review; numbers are atoms not coordinates"
"gamemodes/sandbox/gamemode/spawnmenu/toolpanel.lua","50","self.List","Dock","","","reference_only","not_run","Single-line literal scan; multiline calls expressions and inheritance require review; numbers are atoms not coordinates"
"gamemodes/sandbox/gamemode/spawnmenu/toolpanel.lua","54","vgui","Create","DCategoryList","","reference_only","not_run","Single-line literal scan; multiline calls expressions and inheritance require review; numbers are atoms not coordinates"
"gamemodes/sandbox/gamemode/spawnmenu/toolpanel.lua","60","vgui","Create","Panel","","reference_only","not_run","Single-line literal scan; multiline calls expressions and inheritance require review; numbers are atoms not coordinates"
"gamemodes/sandbox/gamemode/spawnmenu/toolpanel.lua","61","label","Dock","","","reference_only","not_run","Single-line literal scan; multiline calls expressions and inheritance require review; numbers are atoms not coordinates"
"gamemodes/sandbox/gamemode/spawnmenu/toolpanel.lua","63","label","SetTall","","72","reference_only","not_run","Single-line literal scan; multiline calls expressions and inheritance require review; numbers are atoms not coordinates"
"gamemodes/sandbox/gamemode/spawnmenu/toolpanel.lua","238","Category","SetCookieName","ToolMenu.|.","","reference_only","not_run","Single-line literal scan; multiline calls expressions and inheritance require review; numbers are atoms not coordinates"
"gamemodes/sandbox/gamemode/spawnmenu/toolpanel.lua","259","menu","AddOption","#spawnmenu.menu.copy","","reference_only","not_run","Single-line literal scan; multiline calls expressions and inheritance require review; numbers are atoms not coordinates"
"gamemodes/sandbox/gamemode/spawnmenu/toolpanel.lua","312","cp","Dock","","","reference_only","not_run","Single-line literal scan; multiline calls expressions and inheritance require review; numbers are atoms not coordinates"
"gamemodes/sandbox/gamemode/spawnmenu/toolpanel.lua","316","vgui","Register","ToolPanel|Panel","","reference_only","not_run","Single-line literal scan; multiline calls expressions and inheritance require review; numbers are atoms not coordinates"
"lua/autorun/properties/bodygroups.lua","63","submenu","AddOption","","","reference_only","not_run","Single-line literal scan; multiline calls expressions and inheritance require review; numbers are atoms not coordinates"
"lua/autorun/properties/bodygroups.lua","84","groups","AddOption","","","reference_only","not_run","Single-line literal scan; multiline calls expressions and inheritance require review; numbers are atoms not coordinates"
"lua/autorun/properties/bone_manipulate.lua","38","ents","Create","widget_bones","","reference_only","not_run","Single-line literal scan; multiline calls expressions and inheritance require review; numbers are atoms not coordinates"
"lua/autorun/properties/bone_manipulate.lua","74","ents","Create","","1","reference_only","not_run","Single-line literal scan; multiline calls expressions and inheritance require review; numbers are atoms not coordinates"
"lua/autorun/properties/bone_manipulate.lua","176","scripted_ents","Register","widget_bonemanip_move","","reference_only","not_run","Single-line literal scan; multiline calls expressions and inheritance require review; numbers are atoms not coordinates"
"lua/autorun/properties/bone_manipulate.lua","202","scripted_ents","Register","widget_bonemanip_rotate","","reference_only","not_run","Single-line literal scan; multiline calls expressions and inheritance require review; numbers are atoms not coordinates"
"lua/autorun/properties/bone_manipulate.lua","252","scripted_ents","Register","widget_bonemanip_scale","","reference_only","not_run","Single-line literal scan; multiline calls expressions and inheritance require review; numbers are atoms not coordinates"
"lua/autorun/properties/editentity.lua","34","window","SetSize","","320|400","reference_only","not_run","Single-line literal scan; multiline calls expressions and inheritance require review; numbers are atoms not coordinates"
"lua/autorun/properties/editentity.lua","41","control","Dock","","","reference_only","not_run","Single-line literal scan; multiline calls expressions and inheritance require review; numbers are atoms not coordinates"
"lua/autorun/properties/kinect_controller.lua","66","ents","Create","ragdoll_motion","","reference_only","not_run","Single-line literal scan; multiline calls expressions and inheritance require review; numbers are atoms not coordinates"
"lua/autorun/properties/kinect_controller.lua","71","ragdoll_motion","SetPos","","10","reference_only","not_run","Single-line literal scan; multiline calls expressions and inheritance require review; numbers are atoms not coordinates"
"lua/autorun/properties/kinect_controller.lua","77","undo","Create","ragdoll_motion","","reference_only","not_run","Single-line literal scan; multiline calls expressions and inheritance require review; numbers are atoms not coordinates"
"lua/autorun/properties/skin.lua","37","submenu","AddOption","skinX","","reference_only","not_run","Single-line literal scan; multiline calls expressions and inheritance require review; numbers are atoms not coordinates"
"lua/autorun/properties/statue.lua","99","undo","Create","Statue","","reference_only","not_run","Single-line literal scan; multiline calls expressions and inheritance require review; numbers are atoms not coordinates"
"lua/autorun/utilities_menu.lua","43","pnl","TextEntry","#utilities.hostname|hostname","","reference_only","not_run","Single-line literal scan; multiline calls expressions and inheritance require review; numbers are atoms not coordinates"
"lua/autorun/utilities_menu.lua","44","pnl","TextEntry","#utilities.password|sv_password","","reference_only","not_run","Single-line literal scan; multiline calls expressions and inheritance require review; numbers are atoms not coordinates"
"lua/autorun/utilities_menu.lua","46","pnl","CheckBox","#utilities.kickerrornum|sv_kickerrornum","","reference_only","not_run","Single-line literal scan; multiline calls expressions and inheritance require review; numbers are atoms not coordinates"
"lua/autorun/utilities_menu.lua","47","pnl","CheckBox","#utilities.allowcslua|sv_allowcslua","","reference_only","not_run","Single-line literal scan; multiline calls expressions and inheritance require review; numbers are atoms not coordinates"
"lua/autorun/utilities_menu.lua","49","pnl","CheckBox","#utilities.sticktoground|sv_sticktoground","","reference_only","not_run","Single-line literal scan; multiline calls expressions and inheritance require review; numbers are atoms not coordinates"
"lua/autorun/utilities_menu.lua","52","pnl","CheckBox","#utilities.epickupallowed|sv_playerpickupallowed","","reference_only","not_run","Single-line literal scan; multiline calls expressions and inheritance require review; numbers are atoms not coordinates"
"lua/autorun/utilities_menu.lua","53","pnl","CheckBox","#utilities.falldamage|mp_falldamage","","reference_only","not_run","Single-line literal scan; multiline calls expressions and inheritance require review; numbers are atoms not coordinates"
"lua/autorun/utilities_menu.lua","54","pnl","CheckBox","#utilities.gmod_suit|gmod_suit","","reference_only","not_run","Single-line literal scan; multiline calls expressions and inheritance require review; numbers are atoms not coordinates"
"lua/autorun/utilities_menu.lua","57","pnl","NumSlider","#utilities.gravity|sv_gravity","-500|1000|0","reference_only","not_run","Single-line literal scan; multiline calls expressions and inheritance require review; numbers are atoms not coordinates"
"lua/autorun/utilities_menu.lua","58","pnl","NumSlider","#utilities.friction|sv_friction","0|16|0","reference_only","not_run","Single-line literal scan; multiline calls expressions and inheritance require review; numbers are atoms not coordinates"
"lua/autorun/utilities_menu.lua","59","pnl","NumSlider","#utilities.timescale|phys_timescale","0|2","reference_only","not_run","Single-line literal scan; multiline calls expressions and inheritance require review; numbers are atoms not coordinates"
"lua/autorun/utilities_menu.lua","60","pnl","NumSlider","#utilities.deployspeed|sv_defaultdeployspeed","0.1|10","reference_only","not_run","Single-line literal scan; multiline calls expressions and inheritance require review; numbers are atoms not coordinates"
"lua/autorun/utilities_menu.lua","61","pnl","NumSlider","#utilities.noclipspeed|sv_noclipspeed","1|10|0","reference_only","not_run","Single-line literal scan; multiline calls expressions and inheritance require review; numbers are atoms not coordinates"
"lua/autorun/utilities_menu.lua","63","pnl","NumSlider","#utilities.maxammo|gmod_maxammo","0|9999|0","reference_only","not_run","Single-line literal scan; multiline calls expressions and inheritance require review; numbers are atoms not coordinates"
"lua/autorun/utilities_menu.lua","66","pnl","NumSlider","#utilities.max_ragdolls|g_ragdoll_maxcount","0|128|0","reference_only","not_run","Single-line literal scan; multiline calls expressions and inheritance require review; numbers are atoms not coordinates"
"lua/autorun/utilities_menu.lua","70","pnl","NumSlider","#utilities.iterations|gmod_physiterations","1|10|0","reference_only","not_run","Single-line literal scan; multiline calls expressions and inheritance require review; numbers are atoms not coordinates"
"lua/autorun/utilities_menu.lua","71","pnl","NumSlider","#utilities.sv_timeout|sv_timeout","60|300|0","reference_only","not_run","Single-line literal scan; multiline calls expressions and inheritance require review; numbers are atoms not coordinates"
"lua/autorun/utilities_menu.lua","95","pnl","NumSlider","#utilities.max_results|sbox_search_maxresults","1024|8192|0","reference_only","not_run","Single-line literal scan; multiline calls expressions and inheritance require review; numbers are atoms not coordinates"
"lua/autorun/utilities_menu.lua","98","pnl","CheckBox","#menubar.drawing.hud|cl_drawhud","","reference_only","not_run","Single-line literal scan; multiline calls expressions and inheritance require review; numbers are atoms not coordinates"
"lua/autorun/utilities_menu.lua","99","pnl","CheckBox","#menubar.drawing.toolhelp|gmod_drawhelp","","reference_only","not_run","Single-line literal scan; multiline calls expressions and inheritance require review; numbers are atoms not coordinates"
"lua/autorun/utilities_menu.lua","100","pnl","CheckBox","#menubar.drawing.toolui|gmod_drawtooleffects","","reference_only","not_run","Single-line literal scan; multiline calls expressions and inheritance require review; numbers are atoms not coordinates"
"lua/autorun/utilities_menu.lua","101","pnl","CheckBox","#menubar.drawing.world_tooltips|cl_drawworldtooltips","","reference_only","not_run","Single-line literal scan; multiline calls expressions and inheritance require review; numbers are atoms not coordinates"
"lua/autorun/utilities_menu.lua","102","pnl","CheckBox","#menubar.drawing.spawn_effect|cl_drawspawneffect","","reference_only","not_run","Single-line literal scan; multiline calls expressions and inheritance require review; numbers are atoms not coordinates"
"lua/autorun/utilities_menu.lua","103","pnl","CheckBox","#menubar.drawing.effect_rings|cl_draweffectrings","","reference_only","not_run","Single-line literal scan; multiline calls expressions and inheritance require review; numbers are atoms not coordinates"
"lua/autorun/utilities_menu.lua","104","pnl","CheckBox","#menubar.drawing.cameras|cl_drawcameras","","reference_only","not_run","Single-line literal scan; multiline calls expressions and inheritance require review; numbers are atoms not coordinates"
"lua/autorun/utilities_menu.lua","105","pnl","CheckBox","#menubar.drawing.thrusters|cl_drawthrusterseffects","","reference_only","not_run","Single-line literal scan; multiline calls expressions and inheritance require review; numbers are atoms not coordinates"
"lua/autorun/utilities_menu.lua","106","pnl","CheckBox","#menubar.drawing.hints|cl_showhints","","reference_only","not_run","Single-line literal scan; multiline calls expressions and inheritance require review; numbers are atoms not coordinates"
"lua/autorun/utilities_menu.lua","108","pnl","CheckBox","#utilities.spawnmenu_toggle|spawnmenu_toggle","","reference_only","not_run","Single-line literal scan; multiline calls expressions and inheritance require review; numbers are atoms not coordinates"
"lua/autorun/utilities_menu.lua","148","pnl","TextEntry","#persistent_mode|sbox_persist","","reference_only","not_run","Single-line literal scan; multiline calls expressions and inheritance require review; numbers are atoms not coordinates"
"lua/autorun/utilities_menu.lua","151","pnl","CheckBox","#enable_weapons|sbox_weapons","","reference_only","not_run","Single-line literal scan; multiline calls expressions and inheritance require review; numbers are atoms not coordinates"
"lua/autorun/utilities_menu.lua","152","pnl","CheckBox","#allow_god_mode|sbox_godmode","","reference_only","not_run","Single-line literal scan; multiline calls expressions and inheritance require review; numbers are atoms not coordinates"
"lua/autorun/utilities_menu.lua","156","pnl","CheckBox","#players_damage_players|sbox_playershurtplayers","","reference_only","not_run","Single-line literal scan; multiline calls expressions and inheritance require review; numbers are atoms not coordinates"
"lua/autorun/utilities_menu.lua","157","pnl","CheckBox","#allow_noclip|sbox_noclip","","reference_only","not_run","Single-line literal scan; multiline calls expressions and inheritance require review; numbers are atoms not coordinates"
"lua/autorun/utilities_menu.lua","159","pnl","CheckBox","#bone_manipulate_npcs|sbox_bonemanip_npc","","reference_only","not_run","Single-line literal scan; multiline calls expressions and inheritance require review; numbers are atoms not coordinates"
"lua/autorun/utilities_menu.lua","160","pnl","CheckBox","#bone_manipulate_players|sbox_bonemanip_player","","reference_only","not_run","Single-line literal scan; multiline calls expressions and inheritance require review; numbers are atoms not coordinates"
"lua/autorun/utilities_menu.lua","161","pnl","CheckBox","#bone_manipulate_others|sbox_bonemanip_misc","","reference_only","not_run","Single-line literal scan; multiline calls expressions and inheritance require review; numbers are atoms not coordinates"
"lua/autorun/utilities_menu.lua","164","pnl","NumSlider","","0","reference_only","not_run","Single-line literal scan; multiline calls expressions and inheritance require review; numbers are atoms not coordinates"
"lua/autorun/utilities_menu.lua","186","pnl","CheckBox","#utilities.physgun_halo|physgun_halo","","reference_only","not_run","Single-line literal scan; multiline calls expressions and inheritance require review; numbers are atoms not coordinates"
"lua/autorun/utilities_menu.lua","187","pnl","CheckBox","#utilities.physgun_drawbeams|physgun_drawbeams","","reference_only","not_run","Single-line literal scan; multiline calls expressions and inheritance require review; numbers are atoms not coordinates"
"lua/autorun/utilities_menu.lua","188","pnl","CheckBox","#menubar.drawing.freeze|effects_freeze","","reference_only","not_run","Single-line literal scan; multiline calls expressions and inheritance require review; numbers are atoms not coordinates"
"lua/autorun/utilities_menu.lua","189","pnl","CheckBox","#menubar.drawing.unfreeze|effects_unfreeze","","reference_only","not_run","Single-line literal scan; multiline calls expressions and inheritance require review; numbers are atoms not coordinates"
"lua/autorun/utilities_menu.lua","191","pnl","NumSlider","#utilities.gm_snapgrid|gm_snapgrid","0|128|0","reference_only","not_run","Single-line literal scan; multiline calls expressions and inheritance require review; numbers are atoms not coordinates"
"lua/autorun/utilities_menu.lua","192","pnl","NumSlider","#utilities.gm_snapangles|gm_snapangles","5|90|0","reference_only","not_run","Single-line literal scan; multiline calls expressions and inheritance require review; numbers are atoms not coordinates"
"lua/autorun/utilities_menu.lua","194","pnl","NumSlider","#utilities.physgun_rotation_sensitivity|physgun_rotation_sensitivity","0.01|1|2","reference_only","not_run","Single-line literal scan; multiline calls expressions and inheritance require review; numbers are atoms not coordinates"
"lua/autorun/utilities_menu.lua","195","pnl","NumSlider","#utilities.physgun_wheelspeed|physgun_wheelspeed","0|50|0","reference_only","not_run","Single-line literal scan; multiline calls expressions and inheritance require review; numbers are atoms not coordinates"
"lua/autorun/utilities_menu.lua","215","pnl","CheckBox","#utilities.physgun_limited|physgun_limited","","reference_only","not_run","Single-line literal scan; multiline calls expressions and inheritance require review; numbers are atoms not coordinates"
"lua/autorun/utilities_menu.lua","218","pnl","NumSlider","#utilities.physgun_maxrange|physgun_maxrange","128|8192|0","reference_only","not_run","Single-line literal scan; multiline calls expressions and inheritance require review; numbers are atoms not coordinates"
"lua/autorun/utilities_menu.lua","219","pnl","NumSlider","#utilities.physgun_tpdist|physgun_teleportdistance","0|10000|0","reference_only","not_run","Single-line literal scan; multiline calls expressions and inheritance require review; numbers are atoms not coordinates"
"lua/autorun/utilities_menu.lua","220","pnl","NumSlider","#utilities.physgun_maxspeed|physgun_maxspeed","0|10000|0","reference_only","not_run","Single-line literal scan; multiline calls expressions and inheritance require review; numbers are atoms not coordinates"
"lua/autorun/utilities_menu.lua","221","pnl","NumSlider","#utilities.physgun_maxangular|physgun_maxangular","0|10000|0","reference_only","not_run","Single-line literal scan; multiline calls expressions and inheritance require review; numbers are atoms not coordinates"
"lua/autorun/utilities_menu.lua","222","pnl","NumSlider","#utilities.physgun_timetoarrive|physgun_timetoarrive","0|2|2","reference_only","not_run","Single-line literal scan; multiline calls expressions and inheritance require review; numbers are atoms not coordinates"
"lua/autorun/utilities_menu.lua","223","pnl","NumSlider","#utilities.physgun_timetoarriveragdoll|physgun_timetoarriveragdoll","0|2|2","reference_only","not_run","Single-line literal scan; multiline calls expressions and inheritance require review; numbers are atoms not coordinates"
"lua/autorun/utilities_menu.lua","239","spawnmenu","AddToolMenuOption","Utilities|User|PhysgunSettings|#spawnmenu.utilities.physgunsettings||","","reference_only","not_run","Single-line literal scan; multiline calls expressions and inheritance require review; numbers are atoms not coordinates"
"lua/autorun/utilities_menu.lua","240","spawnmenu","AddToolMenuOption","Utilities|User|SandboxClientSettings|#spawnmenu.utilities.sandbox_settings||","","reference_only","not_run","Single-line literal scan; multiline calls expressions and inheritance require review; numbers are atoms not coordinates"
"lua/autorun/utilities_menu.lua","241","spawnmenu","AddToolMenuOption","Utilities|User|PlayerModelSelector|#smwidget.playermodel_title||","","reference_only","not_run","Single-line literal scan; multiline calls expressions and inheritance require review; numbers are atoms not coordinates"
"lua/autorun/utilities_menu.lua","243","spawnmenu","AddToolMenuOption","Utilities|Admin|ServerSettings|#spawnmenu.utilities.server_settings||","","reference_only","not_run","Single-line literal scan; multiline calls expressions and inheritance require review; numbers are atoms not coordinates"
"lua/autorun/utilities_menu.lua","244","spawnmenu","AddToolMenuOption","Utilities|Admin|SandboxSettings|#spawnmenu.utilities.sandbox_settings||","","reference_only","not_run","Single-line literal scan; multiline calls expressions and inheritance require review; numbers are atoms not coordinates"
"lua/autorun/utilities_menu.lua","245","spawnmenu","AddToolMenuOption","Utilities|Admin|PhysgunSVSettings|#spawnmenu.utilities.physgunsettings||","","reference_only","not_run","Single-line literal scan; multiline calls expressions and inheritance require review; numbers are atoms not coordinates"
"lua/skins/default.lua","485","panel","SetText","","","reference_only","not_run","Single-line literal scan; multiline calls expressions and inheritance require review; numbers are atoms not coordinates"
"lua/skins/default.lua","487","panel","SetText","","","reference_only","not_run","Single-line literal scan; multiline calls expressions and inheritance require review; numbers are atoms not coordinates"
"lua/vgui/contextbase.lua","6","vgui","Create","DLabel","","reference_only","not_run","Single-line literal scan; multiline calls expressions and inheritance require review; numbers are atoms not coordinates"
"lua/vgui/contextbase.lua","7","self.Label","SetText","","","reference_only","not_run","Single-line literal scan; multiline calls expressions and inheritance require review; numbers are atoms not coordinates"
"lua/vgui/contextbase.lua","12","PANEL","SetConVar","","","reference_only","not_run","Single-line literal scan; multiline calls expressions and inheritance require review; numbers are atoms not coordinates"
"lua/vgui/contextbase.lua","22","self","SetConVar","","","reference_only","not_run","Single-line literal scan; multiline calls expressions and inheritance require review; numbers are atoms not coordinates"
"lua/vgui/contextbase.lua","23","self.Label","SetText","","","reference_only","not_run","Single-line literal scan; multiline calls expressions and inheritance require review; numbers are atoms not coordinates"
"lua/vgui/contextbase.lua","30","self.Label","SetPos","","5","reference_only","not_run","Single-line literal scan; multiline calls expressions and inheritance require review; numbers are atoms not coordinates"
"lua/vgui/contextbase.lua","31","self.Label","SetWide","","","reference_only","not_run","Single-line literal scan; multiline calls expressions and inheritance require review; numbers are atoms not coordinates"
"lua/vgui/contextbase.lua","57","vgui","Register","ContextBase|Panel","","reference_only","not_run","Single-line literal scan; multiline calls expressions and inheritance require review; numbers are atoms not coordinates"
"lua/vgui/dadjustablemodelpanel.lua","173","vgui","Create","","","reference_only","not_run","Single-line literal scan; multiline calls expressions and inheritance require review; numbers are atoms not coordinates"
"lua/vgui/dadjustablemodelpanel.lua","174","ctrl","SetSize","","300|300","reference_only","not_run","Single-line literal scan; multiline calls expressions and inheritance require review; numbers are atoms not coordinates"
"lua/vgui/dalphabar.lua","13","self","SetSize","","26|26","reference_only","not_run","Single-line literal scan; multiline calls expressions and inheritance require review; numbers are atoms not coordinates"
"lua/vgui/dalphabar.lua","51","surface","SetMaterial","","","reference_only","not_run","Single-line literal scan; multiline calls expressions and inheritance require review; numbers are atoms not coordinates"
"lua/vgui/dalphabar.lua","58","surface","SetMaterial","","","reference_only","not_run","Single-line literal scan; multiline calls expressions and inheritance require review; numbers are atoms not coordinates"
"lua/vgui/dbinder.lua","13","self","SetSize","","60|30","reference_only","not_run","Single-line literal scan; multiline calls expressions and inheritance require review; numbers are atoms not coordinates"
"lua/vgui/dbinder.lua","26","self","SetText","","","reference_only","not_run","Single-line literal scan; multiline calls expressions and inheritance require review; numbers are atoms not coordinates"
"lua/vgui/dbinder.lua","32","self","SetText","#dbinder.press_a_key","","reference_only","not_run","Single-line literal scan; multiline calls expressions and inheritance require review; numbers are atoms not coordinates"
"lua/vgui/dbinder.lua","55","m","AddOption","#tool.reset_to_default","","reference_only","not_run","Single-line literal scan; multiline calls expressions and inheritance require review; numbers are atoms not coordinates"
"lua/vgui/dbinder.lua","56","m","AddOption","#tool.clear","","reference_only","not_run","Single-line literal scan; multiline calls expressions and inheritance require review; numbers are atoms not coordinates"
"lua/vgui/dbinder.lua","70","PANEL","SetConVar","","","reference_only","not_run","Single-line literal scan; multiline calls expressions and inheritance require review; numbers are atoms not coordinates"
"lua/vgui/dbubblecontainer.lua","9","self","DockPadding","","0|0|0|32","reference_only","not_run","Single-line literal scan; multiline calls expressions and inheritance require review; numbers are atoms not coordinates"
"lua/vgui/dbubblecontainer.lua","24","self","SetPos","","","reference_only","not_run","Single-line literal scan; multiline calls expressions and inheritance require review; numbers are atoms not coordinates"
"lua/vgui/dbubblecontainer.lua","25","self","SetSize","","","reference_only","not_run","Single-line literal scan; multiline calls expressions and inheritance require review; numbers are atoms not coordinates"
"lua/vgui/dbubblecontainer.lua","44","surface","SetMaterial","","","reference_only","not_run","Single-line literal scan; multiline calls expressions and inheritance require review; numbers are atoms not coordinates"
"lua/vgui/dbutton.lua","17","self","SetTall","","22","reference_only","not_run","Single-line literal scan; multiline calls expressions and inheritance require review; numbers are atoms not coordinates"
"lua/vgui/dbutton.lua","18","self","SetMouseInputEnabled","","","reference_only","not_run","Single-line literal scan; multiline calls expressions and inheritance require review; numbers are atoms not coordinates"
"lua/vgui/dbutton.lua","19","self","SetKeyboardInputEnabled","","","reference_only","not_run","Single-line literal scan; multiline calls expressions and inheritance require review; numbers are atoms not coordinates"
"lua/vgui/dbutton.lua","22","self","SetFont","DermaDefault","","reference_only","not_run","Single-line literal scan; multiline calls expressions and inheritance require review; numbers are atoms not coordinates"
"lua/vgui/dbutton.lua","32","PANEL","SetImage","","","reference_only","not_run","Single-line literal scan; multiline calls expressions and inheritance require review; numbers are atoms not coordinates"
"lua/vgui/dbutton.lua","44","vgui","Create","DImage","","reference_only","not_run","Single-line literal scan; multiline calls expressions and inheritance require review; numbers are atoms not coordinates"
"lua/vgui/dbutton.lua","47","self.m_Image","SetImage","","","reference_only","not_run","Single-line literal scan; multiline calls expressions and inheritance require review; numbers are atoms not coordinates"
"lua/vgui/dbutton.lua","54","PANEL","SetMaterial","","","reference_only","not_run","Single-line literal scan; multiline calls expressions and inheritance require review; numbers are atoms not coordinates"
"lua/vgui/dbutton.lua","66","vgui","Create","DImage","","reference_only","not_run","Single-line literal scan; multiline calls expressions and inheritance require review; numbers are atoms not coordinates"
"lua/vgui/dbutton.lua","69","self.m_Image","SetMaterial","","","reference_only","not_run","Single-line literal scan; multiline calls expressions and inheritance require review; numbers are atoms not coordinates"
"lua/vgui/dbutton.lua","111","self.m_Image","SetWide","","","reference_only","not_run","Single-line literal scan; multiline calls expressions and inheritance require review; numbers are atoms not coordinates"
"lua/vgui/dbutton.lua","112","self.m_Image","SetTall","","","reference_only","not_run","Single-line literal scan; multiline calls expressions and inheritance require review; numbers are atoms not coordinates"
"lua/vgui/dbutton.lua","115","self.m_Image","SetPos","","4|0.5","reference_only","not_run","Single-line literal scan; multiline calls expressions and inheritance require review; numbers are atoms not coordinates"
"lua/vgui/dbutton.lua","117","self.m_Image","SetPos","","2|0.5|0.5","reference_only","not_run","Single-line literal scan; multiline calls expressions and inheritance require review; numbers are atoms not coordinates"
"lua/vgui/dbutton.lua","159","self","SetSize","","8|4","reference_only","not_run","Single-line literal scan; multiline calls expressions and inheritance require review; numbers are atoms not coordinates"
"lua/vgui/dbutton.lua","166","self","SetWide","","8|0","reference_only","not_run","Single-line literal scan; multiline calls expressions and inheritance require review; numbers are atoms not coordinates"
"lua/vgui/dbutton.lua","171","vgui","Create","","","reference_only","not_run","Single-line literal scan; multiline calls expressions and inheritance require review; numbers are atoms not coordinates"
"lua/vgui/dbutton.lua","172","ctrl","SetText","Example Button","","reference_only","not_run","Single-line literal scan; multiline calls expressions and inheritance require review; numbers are atoms not coordinates"
"lua/vgui/dbutton.lua","173","ctrl","SetWide","","200","reference_only","not_run","Single-line literal scan; multiline calls expressions and inheritance require review; numbers are atoms not coordinates"
"lua/vgui/dcategorycollapse.lua","8","self","SetFont","DermaDefaultBold","","reference_only","not_run","Single-line literal scan; multiline calls expressions and inheritance require review; numbers are atoms not coordinates"
"lua/vgui/dcategorycollapse.lua","58","vgui","Create","DCategoryHeader","","reference_only","not_run","Single-line literal scan; multiline calls expressions and inheritance require review; numbers are atoms not coordinates"
"lua/vgui/dcategorycollapse.lua","59","self.Header","Dock","","","reference_only","not_run","Single-line literal scan; multiline calls expressions and inheritance require review; numbers are atoms not coordinates"
"lua/vgui/dcategorycollapse.lua","60","self.Header","SetSize","","20|20","reference_only","not_run","Single-line literal scan; multiline calls expressions and inheritance require review; numbers are atoms not coordinates"
"lua/vgui/dcategorycollapse.lua","62","self","SetSize","","16|16","reference_only","not_run","Single-line literal scan; multiline calls expressions and inheritance require review; numbers are atoms not coordinates"
"lua/vgui/dcategorycollapse.lua","64","self","SetMouseInputEnabled","","","reference_only","not_run","Single-line literal scan; multiline calls expressions and inheritance require review; numbers are atoms not coordinates"
"lua/vgui/dcategorycollapse.lua","70","self","DockMargin","","0|0|0|2","reference_only","not_run","Single-line literal scan; multiline calls expressions and inheritance require review; numbers are atoms not coordinates"
"lua/vgui/dcategorycollapse.lua","71","self","DockPadding","","0|0|0|0","reference_only","not_run","Single-line literal scan; multiline calls expressions and inheritance require review; numbers are atoms not coordinates"
"lua/vgui/dcategorycollapse.lua","77","vgui","Create","DButton","","reference_only","not_run","Single-line literal scan; multiline calls expressions and inheritance require review; numbers are atoms not coordinates"
"lua/vgui/dcategorycollapse.lua","101","button","DockMargin","","1|0|1|0","reference_only","not_run","Single-line literal scan; multiline calls expressions and inheritance require review; numbers are atoms not coordinates"
"lua/vgui/dcategorycollapse.lua","114","button","Dock","","","reference_only","not_run","Single-line literal scan; multiline calls expressions and inheritance require review; numbers are atoms not coordinates"
"lua/vgui/dcategorycollapse.lua","115","button","SetText","","","reference_only","not_run","Single-line literal scan; multiline calls expressions and inheritance require review; numbers are atoms not coordinates"
"lua/vgui/dcategorycollapse.lua","152","self.Header","SetText","","","reference_only","not_run","Single-line literal scan; multiline calls expressions and inheritance require review; numbers are atoms not coordinates"
"lua/vgui/dcategorycollapse.lua","158","self.Header","SetTall","","","reference_only","not_run","Single-line literal scan; multiline calls expressions and inheritance require review; numbers are atoms not coordinates"
"lua/vgui/dcategorycollapse.lua","180","self.Contents","Dock","","","reference_only","not_run","Single-line literal scan; multiline calls expressions and inheritance require review; numbers are atoms not coordinates"
"lua/vgui/dcategorycollapse.lua","190","self","SetTall","","","reference_only","not_run","Single-line literal scan; multiline calls expressions and inheritance require review; numbers are atoms not coordinates"
"lua/vgui/dcategorycollapse.lua","261","self","SetTall","","","reference_only","not_run","Single-line literal scan; multiline calls expressions and inheritance require review; numbers are atoms not coordinates"
"lua/vgui/dcategorycollapse.lua","305","self","SetTall","","","reference_only","not_run","Single-line literal scan; multiline calls expressions and inheritance require review; numbers are atoms not coordinates"
"lua/vgui/dcategorycollapse.lua","331","vgui","Create","","","reference_only","not_run","Single-line literal scan; multiline calls expressions and inheritance require review; numbers are atoms not coordinates"
"lua/vgui/dcategorycollapse.lua","333","ctrl","SetSize","","300|300","reference_only","not_run","Single-line literal scan; multiline calls expressions and inheritance require review; numbers are atoms not coordinates"
"lua/vgui/dcategorycollapse.lua","338","vgui","Create","DButton","","reference_only","not_run","Single-line literal scan; multiline calls expressions and inheritance require review; numbers are atoms not coordinates"
"lua/vgui/dcategorycollapse.lua","339","Contents","SetText","This is the content of the control","","reference_only","not_run","Single-line literal scan; multiline calls expressions and inheritance require review; numbers are atoms not coordinates"
"lua/vgui/dcategorylist.lua","6","self.pnlCanvas","DockPadding","","2|2|2|2","reference_only","not_run","Single-line literal scan; multiline calls expressions and inheritance require review; numbers are atoms not coordinates"
"lua/vgui/dcategorylist.lua","12","item","Dock","","","reference_only","not_run","Single-line literal scan; multiline calls expressions and inheritance require review; numbers are atoms not coordinates"
"lua/vgui/dcategorylist.lua","20","vgui","Create","DCollapsibleCategory","","reference_only","not_run","Single-line literal scan; multiline calls expressions and inheritance require review; numbers are atoms not coordinates"
"lua/vgui/dcategorylist.lua","51","vgui","Create","","","reference_only","not_run","Single-line literal scan; multiline calls expressions and inheritance require review; numbers are atoms not coordinates"
"lua/vgui/dcategorylist.lua","52","ctrl","SetSize","","300|300","reference_only","not_run","Single-line literal scan; multiline calls expressions and inheritance require review; numbers are atoms not coordinates"
"lua/vgui/dcategorylist.lua","60","Cat2","SetTall","","100","reference_only","not_run","Single-line literal scan; multiline calls expressions and inheritance require review; numbers are atoms not coordinates"
"lua/vgui/dcategorylist.lua","61","vgui","Create","DButton","","reference_only","not_run","Single-line literal scan; multiline calls expressions and inheritance require review; numbers are atoms not coordinates"
"lua/vgui/dcategorylist.lua","62","Contents","SetText","This is the content of the category","","reference_only","not_run","Single-line literal scan; multiline calls expressions and inheritance require review; numbers are atoms not coordinates"
"lua/vgui/dcheckbox.lua","14","self","SetSize","","15|15","reference_only","not_run","Single-line literal scan; multiline calls expressions and inheritance require review; numbers are atoms not coordinates"
"lua/vgui/dcheckbox.lua","15","self","SetText","","","reference_only","not_run","Single-line literal scan; multiline calls expressions and inheritance require review; numbers are atoms not coordinates"
"lua/vgui/dcheckbox.lua","84","self","SetTall","","16","reference_only","not_run","Single-line literal scan; multiline calls expressions and inheritance require review; numbers are atoms not coordinates"
"lua/vgui/dcheckbox.lua","86","vgui","Create","DCheckBox","","reference_only","not_run","Single-line literal scan; multiline calls expressions and inheritance require review; numbers are atoms not coordinates"
"lua/vgui/dcheckbox.lua","89","vgui","Create","DLabel","","reference_only","not_run","Single-line literal scan; multiline calls expressions and inheritance require review; numbers are atoms not coordinates"
"lua/vgui/dcheckbox.lua","90","self.Label","SetMouseInputEnabled","","","reference_only","not_run","Single-line literal scan; multiline calls expressions and inheritance require review; numbers are atoms not coordinates"
"lua/vgui/dcheckbox.lua","102","PANEL","SetConVar","","","reference_only","not_run","Single-line literal scan; multiline calls expressions and inheritance require review; numbers are atoms not coordinates"
"lua/vgui/dcheckbox.lua","103","self.Button","SetConVar","","","reference_only","not_run","Single-line literal scan; multiline calls expressions and inheritance require review; numbers are atoms not coordinates"
"lua/vgui/dcheckbox.lua","126","self.Button","SetSize","","15|15","reference_only","not_run","Single-line literal scan; multiline calls expressions and inheritance require review; numbers are atoms not coordinates"
"lua/vgui/dcheckbox.lua","127","self.Button","SetPos","","2","reference_only","not_run","Single-line literal scan; multiline calls expressions and inheritance require review; numbers are atoms not coordinates"
"lua/vgui/dcheckbox.lua","130","self.Label","SetPos","","9|2","reference_only","not_run","Single-line literal scan; multiline calls expressions and inheritance require review; numbers are atoms not coordinates"
"lua/vgui/dcheckbox.lua","143","self","SetWide","","","reference_only","not_run","Single-line literal scan; multiline calls expressions and inheritance require review; numbers are atoms not coordinates"
"lua/vgui/dcheckbox.lua","144","self","SetTall","","","reference_only","not_run","Single-line literal scan; multiline calls expressions and inheritance require review; numbers are atoms not coordinates"
"lua/vgui/dcheckbox.lua","149","PANEL","SetText","","","reference_only","not_run","Single-line literal scan; multiline calls expressions and inheritance require review; numbers are atoms not coordinates"
"lua/vgui/dcheckbox.lua","151","self.Label","SetText","","","reference_only","not_run","Single-line literal scan; multiline calls expressions and inheritance require review; numbers are atoms not coordinates"
"lua/vgui/dcheckbox.lua","156","PANEL","SetFont","","","reference_only","not_run","Single-line literal scan; multiline calls expressions and inheritance require review; numbers are atoms not coordinates"
"lua/vgui/dcheckbox.lua","158","self.Label","SetFont","","","reference_only","not_run","Single-line literal scan; multiline calls expressions and inheritance require review; numbers are atoms not coordinates"
"lua/vgui/dcheckbox.lua","170","PANEL","SetCookieName","","","reference_only","not_run","Single-line literal scan; multiline calls expressions and inheritance require review; numbers are atoms not coordinates"
"lua/vgui/dcheckbox.lua","172","self.Button","SetCookieName","","","reference_only","not_run","Single-line literal scan; multiline calls expressions and inheritance require review; numbers are atoms not coordinates"
"lua/vgui/dcheckbox.lua","187","vgui","Create","","","reference_only","not_run","Single-line literal scan; multiline calls expressions and inheritance require review; numbers are atoms not coordinates"
"lua/vgui/dcheckbox.lua","188","ctrl","SetText","CheckBox","","reference_only","not_run","Single-line literal scan; multiline calls expressions and inheritance require review; numbers are atoms not coordinates"
"lua/vgui/dcheckbox.lua","189","ctrl","SetWide","","200","reference_only","not_run","Single-line literal scan; multiline calls expressions and inheritance require review; numbers are atoms not coordinates"
"lua/vgui/dcolorbutton.lua","14","self","SetSize","","10|10","reference_only","not_run","Single-line literal scan; multiline calls expressions and inheritance require review; numbers are atoms not coordinates"
"lua/vgui/dcolorbutton.lua","15","self","SetMouseInputEnabled","","","reference_only","not_run","Single-line literal scan; multiline calls expressions and inheritance require review; numbers are atoms not coordinates"
"lua/vgui/dcolorbutton.lua","16","self","SetText","","","reference_only","not_run","Single-line literal scan; multiline calls expressions and inheritance require review; numbers are atoms not coordinates"
"lua/vgui/dcolorbutton.lua","48","surface","SetMaterial","","","reference_only","not_run","Single-line literal scan; multiline calls expressions and inheritance require review; numbers are atoms not coordinates"
"lua/vgui/dcolorbutton.lua","70","vgui","Create","","","reference_only","not_run","Single-line literal scan; multiline calls expressions and inheritance require review; numbers are atoms not coordinates"
"lua/vgui/dcolorbutton.lua","71","ctrl","SetSize","","64|64","reference_only","not_run","Single-line literal scan; multiline calls expressions and inheritance require review; numbers are atoms not coordinates"
"lua/vgui/dcolorcombo.lua","8","self","SetSize","","256|256","reference_only","not_run","Single-line literal scan; multiline calls expressions and inheritance require review; numbers are atoms not coordinates"
"lua/vgui/dcolorcombo.lua","20","mixer","Dock","","","reference_only","not_run","Single-line literal scan; multiline calls expressions and inheritance require review; numbers are atoms not coordinates"
"lua/vgui/dcolorcombo.lua","21","mixer","DockMargin","","8|0|8|8","reference_only","not_run","Single-line literal scan; multiline calls expressions and inheritance require review; numbers are atoms not coordinates"
"lua/vgui/dcolorcombo.lua","39","ctrl","Dock","","","reference_only","not_run","Single-line literal scan; multiline calls expressions and inheritance require review; numbers are atoms not coordinates"
"lua/vgui/dcolorcombo.lua","40","ctrl","DockMargin","","8|0|8|8","reference_only","not_run","Single-line literal scan; multiline calls expressions and inheritance require review; numbers are atoms not coordinates"
"lua/vgui/dcolorcube.lua","11","self","SetImage","vgui/minixhair","","reference_only","not_run","Single-line literal scan; multiline calls expressions and inheritance require review; numbers are atoms not coordinates"
"lua/vgui/dcolorcube.lua","24","vgui","Create","DImage","","reference_only","not_run","Single-line literal scan; multiline calls expressions and inheritance require review; numbers are atoms not coordinates"
"lua/vgui/dcolorcube.lua","25","self.BGSaturation","SetImage","vgui/gradient-r","","reference_only","not_run","Single-line literal scan; multiline calls expressions and inheritance require review; numbers are atoms not coordinates"
"lua/vgui/dcolorcube.lua","27","vgui","Create","DImage","","reference_only","not_run","Single-line literal scan; multiline calls expressions and inheritance require review; numbers are atoms not coordinates"
"lua/vgui/dcolorcube.lua","28","self.BGValue","SetImage","vgui/gradient-d","","reference_only","not_run","Single-line literal scan; multiline calls expressions and inheritance require review; numbers are atoms not coordinates"
"lua/vgui/dcolorcube.lua","108","m","AddOption","#tool.reset_to_default","","reference_only","not_run","Single-line literal scan; multiline calls expressions and inheritance require review; numbers are atoms not coordinates"
"lua/vgui/dcolorcube.lua","109","m","AddOption","#spawnmenu.menu.copy","","reference_only","not_run","Single-line literal scan; multiline calls expressions and inheritance require review; numbers are atoms not coordinates"
"lua/vgui/dcolormixer.lua","41","vgui","Create","DColorPalette","","reference_only","not_run","Single-line literal scan; multiline calls expressions and inheritance require review; numbers are atoms not coordinates"
"lua/vgui/dcolormixer.lua","42","self.Palette","Dock","","","reference_only","not_run","Single-line literal scan; multiline calls expressions and inheritance require review; numbers are atoms not coordinates"
"lua/vgui/dcolormixer.lua","43","self.Palette","SetTall","","75","reference_only","not_run","Single-line literal scan; multiline calls expressions and inheritance require review; numbers are atoms not coordinates"
"lua/vgui/dcolormixer.lua","45","self.Palette","DockMargin","","0|8|0|0","reference_only","not_run","Single-line literal scan; multiline calls expressions and inheritance require review; numbers are atoms not coordinates"
"lua/vgui/dcolormixer.lua","53","m","AddOption","#spawnmenu.menu.save_palette","","reference_only","not_run","Single-line literal scan; multiline calls expressions and inheritance require review; numbers are atoms not coordinates"
"lua/vgui/dcolormixer.lua","54","m","AddOption","#spawnmenu.menu.reset_palette","","reference_only","not_run","Single-line literal scan; multiline calls expressions and inheritance require review; numbers are atoms not coordinates"
"lua/vgui/dcolormixer.lua","60","vgui","Create","DLabel","","reference_only","not_run","Single-line literal scan; multiline calls expressions and inheritance require review; numbers are atoms not coordinates"
"lua/vgui/dcolormixer.lua","61","self.label","SetText","","","reference_only","not_run","Single-line literal scan; multiline calls expressions and inheritance require review; numbers are atoms not coordinates"
"lua/vgui/dcolormixer.lua","62","self.label","Dock","","","reference_only","not_run","Single-line literal scan; multiline calls expressions and inheritance require review; numbers are atoms not coordinates"
"lua/vgui/dcolormixer.lua","67","vgui","Create","Panel","","reference_only","not_run","Single-line literal scan; multiline calls expressions and inheritance require review; numbers are atoms not coordinates"
"lua/vgui/dcolormixer.lua","68","self.WangsPanel","SetWide","","50","reference_only","not_run","Single-line literal scan; multiline calls expressions and inheritance require review; numbers are atoms not coordinates"
"lua/vgui/dcolormixer.lua","69","self.WangsPanel","Dock","","","reference_only","not_run","Single-line literal scan; multiline calls expressions and inheritance require review; numbers are atoms not coordinates"
"lua/vgui/dcolormixer.lua","70","self.WangsPanel","DockMargin","","4|0|0|0","reference_only","not_run","Single-line literal scan; multiline calls expressions and inheritance require review; numbers are atoms not coordinates"
"lua/vgui/dcolormixer.lua","76","self.txtR","SetTall","","20","reference_only","not_run","Single-line literal scan; multiline calls expressions and inheritance require review; numbers are atoms not coordinates"
"lua/vgui/dcolormixer.lua","77","self.txtR","Dock","","","reference_only","not_run","Single-line literal scan; multiline calls expressions and inheritance require review; numbers are atoms not coordinates"
"lua/vgui/dcolormixer.lua","78","self.txtR","DockMargin","","0|0|0|0","reference_only","not_run","Single-line literal scan; multiline calls expressions and inheritance require review; numbers are atoms not coordinates"
"lua/vgui/dcolormixer.lua","84","self.txtG","SetTall","","20","reference_only","not_run","Single-line literal scan; multiline calls expressions and inheritance require review; numbers are atoms not coordinates"
"lua/vgui/dcolormixer.lua","85","self.txtG","Dock","","","reference_only","not_run","Single-line literal scan; multiline calls expressions and inheritance require review; numbers are atoms not coordinates"
"lua/vgui/dcolormixer.lua","86","self.txtG","DockMargin","","0|4|0|0","reference_only","not_run","Single-line literal scan; multiline calls expressions and inheritance require review; numbers are atoms not coordinates"
"lua/vgui/dcolormixer.lua","92","self.txtB","SetTall","","20","reference_only","not_run","Single-line literal scan; multiline calls expressions and inheritance require review; numbers are atoms not coordinates"
"lua/vgui/dcolormixer.lua","93","self.txtB","Dock","","","reference_only","not_run","Single-line literal scan; multiline calls expressions and inheritance require review; numbers are atoms not coordinates"
"lua/vgui/dcolormixer.lua","94","self.txtB","DockMargin","","0|4|0|0","reference_only","not_run","Single-line literal scan; multiline calls expressions and inheritance require review; numbers are atoms not coordinates"
"lua/vgui/dcolormixer.lua","100","self.txtA","SetTall","","20","reference_only","not_run","Single-line literal scan; multiline calls expressions and inheritance require review; numbers are atoms not coordinates"
"lua/vgui/dcolormixer.lua","101","self.txtA","Dock","","","reference_only","not_run","Single-line literal scan; multiline calls expressions and inheritance require review; numbers are atoms not coordinates"
"lua/vgui/dcolormixer.lua","102","self.txtA","DockMargin","","0|4|0|0","reference_only","not_run","Single-line literal scan; multiline calls expressions and inheritance require review; numbers are atoms not coordinates"
"lua/vgui/dcolormixer.lua","111","vgui","Create","DColorCube","","reference_only","not_run","Single-line literal scan; multiline calls expressions and inheritance require review; numbers are atoms not coordinates"
"lua/vgui/dcolormixer.lua","112","self.HSV","Dock","","","reference_only","not_run","Single-line literal scan; multiline calls expressions and inheritance require review; numbers are atoms not coordinates"
"lua/vgui/dcolormixer.lua","118","vgui","Create","DRGBPicker","","reference_only","not_run","Single-line literal scan; multiline calls expressions and inheritance require review; numbers are atoms not coordinates"
"lua/vgui/dcolormixer.lua","119","self.RGB","Dock","","","reference_only","not_run","Single-line literal scan; multiline calls expressions and inheritance require review; numbers are atoms not coordinates"
"lua/vgui/dcolormixer.lua","121","self.RGB","DockMargin","","4|0|0|0","reference_only","not_run","Single-line literal scan; multiline calls expressions and inheritance require review; numbers are atoms not coordinates"
"lua/vgui/dcolormixer.lua","126","vgui","Create","DAlphaBar","","reference_only","not_run","Single-line literal scan; multiline calls expressions and inheritance require review; numbers are atoms not coordinates"
"lua/vgui/dcolormixer.lua","127","self.Alpha","DockMargin","","4|0|0|0","reference_only","not_run","Single-line literal scan; multiline calls expressions and inheritance require review; numbers are atoms not coordinates"
"lua/vgui/dcolormixer.lua","128","self.Alpha","Dock","","","reference_only","not_run","Single-line literal scan; multiline calls expressions and inheritance require review; numbers are atoms not coordinates"
"lua/vgui/dcolormixer.lua","138","self","SetSize","","256|230","reference_only","not_run","Single-line literal scan; multiline calls expressions and inheritance require review; numbers are atoms not coordinates"
"lua/vgui/dcolormixer.lua","153","self.label","SetText","","","reference_only","not_run","Single-line literal scan; multiline calls expressions and inheritance require review; numbers are atoms not coordinates"
"lua/vgui/dcolormixer.lua","168","self.Palette","SetCookieName","","","reference_only","not_run","Single-line literal scan; multiline calls expressions and inheritance require review; numbers are atoms not coordinates"
"lua/vgui/dcolormixer.lua","247","self.Palette","DockMargin","","8|0","reference_only","not_run","Single-line literal scan; multiline calls expressions and inheritance require review; numbers are atoms not coordinates"
"lua/vgui/dcolormixer.lua","398","vgui","Create","","","reference_only","not_run","Single-line literal scan; multiline calls expressions and inheritance require review; numbers are atoms not coordinates"
"lua/vgui/dcolormixer.lua","399","ctrl","SetSize","","256|256","reference_only","not_run","Single-line literal scan; multiline calls expressions and inheritance require review; numbers are atoms not coordinates"
"lua/vgui/dcolorpalette.lua","57","vgui","Create","DColorButton","","reference_only","not_run","Single-line literal scan; multiline calls expressions and inheritance require review; numbers are atoms not coordinates"
"lua/vgui/dcolorpalette.lua","58","button","SetSize","","10|10","reference_only","not_run","Single-line literal scan; multiline calls expressions and inheritance require review; numbers are atoms not coordinates"
"lua/vgui/dcolorpalette.lua","91","self","SetSize","","80|120","reference_only","not_run","Single-line literal scan; multiline calls expressions and inheritance require review; numbers are atoms not coordinates"
"lua/vgui/dcolorpalette.lua","94","self","SetCookieName","palette","","reference_only","not_run","Single-line literal scan; multiline calls expressions and inheritance require review; numbers are atoms not coordinates"
"lua/vgui/dcolorpalette.lua","186","v","SetSize","","","reference_only","not_run","Single-line literal scan; multiline calls expressions and inheritance require review; numbers are atoms not coordinates"
"lua/vgui/dcolorpalette.lua","238","vgui","Create","","","reference_only","not_run","Single-line literal scan; multiline calls expressions and inheritance require review; numbers are atoms not coordinates"
"lua/vgui/dcolorpalette.lua","239","ctrl","SetSize","","160|256","reference_only","not_run","Single-line literal scan; multiline calls expressions and inheritance require review; numbers are atoms not coordinates"
"lua/vgui/dcolumnsheet.lua","8","vgui","Create","DScrollPanel","","reference_only","not_run","Single-line literal scan; multiline calls expressions and inheritance require review; numbers are atoms not coordinates"
"lua/vgui/dcolumnsheet.lua","9","self.Navigation","Dock","","","reference_only","not_run","Single-line literal scan; multiline calls expressions and inheritance require review; numbers are atoms not coordinates"
"lua/vgui/dcolumnsheet.lua","11","self.Navigation","DockMargin","","10|10|10|0","reference_only","not_run","Single-line literal scan; multiline calls expressions and inheritance require review; numbers are atoms not coordinates"
"lua/vgui/dcolumnsheet.lua","13","vgui","Create","Panel","","reference_only","not_run","Single-line literal scan; multiline calls expressions and inheritance require review; numbers are atoms not coordinates"
"lua/vgui/dcolumnsheet.lua","14","self.Content","Dock","","","reference_only","not_run","Single-line literal scan; multiline calls expressions and inheritance require review; numbers are atoms not coordinates"
"lua/vgui/dcolumnsheet.lua","31","vgui","Create","DImageButton","","reference_only","not_run","Single-line literal scan; multiline calls expressions and inheritance require review; numbers are atoms not coordinates"
"lua/vgui/dcolumnsheet.lua","33","vgui","Create","DButton","","reference_only","not_run","Single-line literal scan; multiline calls expressions and inheritance require review; numbers are atoms not coordinates"
"lua/vgui/dcolumnsheet.lua","36","Sheet.Button","SetImage","","","reference_only","not_run","Single-line literal scan; multiline calls expressions and inheritance require review; numbers are atoms not coordinates"
"lua/vgui/dcolumnsheet.lua","38","Sheet.Button","Dock","","","reference_only","not_run","Single-line literal scan; multiline calls expressions and inheritance require review; numbers are atoms not coordinates"
"lua/vgui/dcolumnsheet.lua","39","Sheet.Button","SetText","","","reference_only","not_run","Single-line literal scan; multiline calls expressions and inheritance require review; numbers are atoms not coordinates"
"lua/vgui/dcolumnsheet.lua","40","Sheet.Button","DockMargin","","0|1|0|0","reference_only","not_run","Single-line literal scan; multiline calls expressions and inheritance require review; numbers are atoms not coordinates"
"lua/vgui/dcombobox.lua","13","vgui","Create","DPanel","","reference_only","not_run","Single-line literal scan; multiline calls expressions and inheritance require review; numbers are atoms not coordinates"
"lua/vgui/dcombobox.lua","15","self.DropButton","SetMouseInputEnabled","","","reference_only","not_run","Single-line literal scan; multiline calls expressions and inheritance require review; numbers are atoms not coordinates"
"lua/vgui/dcombobox.lua","19","self","SetTall","","22","reference_only","not_run","Single-line literal scan; multiline calls expressions and inheritance require review; numbers are atoms not coordinates"
"lua/vgui/dcombobox.lua","31","self","SetText","","","reference_only","not_run","Single-line literal scan; multiline calls expressions and inheritance require review; numbers are atoms not coordinates"
"lua/vgui/dcombobox.lua","76","self.DropButton","SetSize","","15|15","reference_only","not_run","Single-line literal scan; multiline calls expressions and inheritance require review; numbers are atoms not coordinates"
"lua/vgui/dcombobox.lua","88","self","SetText","","","reference_only","not_run","Single-line literal scan; multiline calls expressions and inheritance require review; numbers are atoms not coordinates"
"lua/vgui/dcombobox.lua","138","PANEL","AddChoice","","","reference_only","not_run","Single-line literal scan; multiline calls expressions and inheritance require review; numbers are atoms not coordinates"
"lua/vgui/dcombobox.lua","207","self.Menu","AddOption","","","reference_only","not_run","Single-line literal scan; multiline calls expressions and inheritance require review; numbers are atoms not coordinates"
"lua/vgui/dcombobox.lua","217","self.Menu","AddOption","","","reference_only","not_run","Single-line literal scan; multiline calls expressions and inheritance require review; numbers are atoms not coordinates"
"lua/vgui/dcombobox.lua","268","self","SetText","","","reference_only","not_run","Single-line literal scan; multiline calls expressions and inheritance require review; numbers are atoms not coordinates"
"lua/vgui/dcombobox.lua","284","vgui","Create","","","reference_only","not_run","Single-line literal scan; multiline calls expressions and inheritance require review; numbers are atoms not coordinates"
"lua/vgui/dcombobox.lua","285","ctrl","AddChoice","Some Choice","","reference_only","not_run","Single-line literal scan; multiline calls expressions and inheritance require review; numbers are atoms not coordinates"
"lua/vgui/dcombobox.lua","286","ctrl","AddChoice","Another Choice|myData","","reference_only","not_run","Single-line literal scan; multiline calls expressions and inheritance require review; numbers are atoms not coordinates"
"lua/vgui/dcombobox.lua","287","ctrl","AddChoice","Default Choice|myData2","","reference_only","not_run","Single-line literal scan; multiline calls expressions and inheritance require review; numbers are atoms not coordinates"
"lua/vgui/dcombobox.lua","288","ctrl","AddChoice","Icon Choice|myData3|icon16/star.png","","reference_only","not_run","Single-line literal scan; multiline calls expressions and inheritance require review; numbers are atoms not coordinates"
"lua/vgui/dcombobox.lua","289","ctrl","SetWide","","150","reference_only","not_run","Single-line literal scan; multiline calls expressions and inheritance require review; numbers are atoms not coordinates"
"lua/vgui/ddragbase.lua","12","self","SetMouseInputEnabled","","","reference_only","not_run","Single-line literal scan; multiline calls expressions and inheritance require review; numbers are atoms not coordinates"
"lua/vgui/ddrawer.lua","11","self","SetOpenSize","","100","reference_only","not_run","Single-line literal scan; multiline calls expressions and inheritance require review; numbers are atoms not coordinates"
"lua/vgui/ddrawer.lua","14","self","SetSize","","0|0","reference_only","not_run","Single-line literal scan; multiline calls expressions and inheritance require review; numbers are atoms not coordinates"
"lua/vgui/ddrawer.lua","16","vgui","Create","DButton","","reference_only","not_run","Single-line literal scan; multiline calls expressions and inheritance require review; numbers are atoms not coordinates"
"lua/vgui/ddrawer.lua","17","self.ToggleButton","SetSize","","18|18","reference_only","not_run","Single-line literal scan; multiline calls expressions and inheritance require review; numbers are atoms not coordinates"
"lua/vgui/ddrawer.lua","18","self.ToggleButton","SetText","","","reference_only","not_run","Single-line literal scan; multiline calls expressions and inheritance require review; numbers are atoms not coordinates"
"lua/vgui/ddrawer.lua","44","self","SetPos","","0","reference_only","not_run","Single-line literal scan; multiline calls expressions and inheritance require review; numbers are atoms not coordinates"
"lua/vgui/ddrawer.lua","45","self","SetWide","","","reference_only","not_run","Single-line literal scan; multiline calls expressions and inheritance require review; numbers are atoms not coordinates"
"lua/vgui/dexpandbutton.lua","9","self","SetSize","","15|15","reference_only","not_run","Single-line literal scan; multiline calls expressions and inheritance require review; numbers are atoms not coordinates"
"lua/vgui/dexpandbutton.lua","10","self","SetText","","","reference_only","not_run","Single-line literal scan; multiline calls expressions and inheritance require review; numbers are atoms not coordinates"
"lua/vgui/dfilebrowser.lua","18","self.Divider","Dock","","","reference_only","not_run","Single-line literal scan; multiline calls expressions and inheritance require review; numbers are atoms not coordinates"
"lua/vgui/dfilebrowser.lua","19","self.Divider","SetLeftWidth","","160","reference_only","not_run","Single-line literal scan; multiline calls expressions and inheritance require review; numbers are atoms not coordinates"
"lua/vgui/dfilebrowser.lua","20","self.Divider","SetDividerWidth","","4","reference_only","not_run","Single-line literal scan; multiline calls expressions and inheritance require review; numbers are atoms not coordinates"
"lua/vgui/dfilebrowser.lua","21","self.Divider","SetLeftMin","","100","reference_only","not_run","Single-line literal scan; multiline calls expressions and inheritance require review; numbers are atoms not coordinates"
"lua/vgui/dfilebrowser.lua","22","self.Divider","SetRightMin","","100","reference_only","not_run","Single-line literal scan; multiline calls expressions and inheritance require review; numbers are atoms not coordinates"
"lua/vgui/dfilebrowser.lua","217","self.FileHeader","SetText","Files","","reference_only","not_run","Single-line literal scan; multiline calls expressions and inheritance require review; numbers are atoms not coordinates"
"lua/vgui/dfilebrowser.lua","311","vgui","Create","","","reference_only","not_run","Single-line literal scan; multiline calls expressions and inheritance require review; numbers are atoms not coordinates"
"lua/vgui/dfilebrowser.lua","312","browser","Dock","","","reference_only","not_run","Single-line literal scan; multiline calls expressions and inheritance require review; numbers are atoms not coordinates"
"lua/vgui/dfilebrowser.lua","313","browser","DockMargin","","5|0|5|5","reference_only","not_run","Single-line literal scan; multiline calls expressions and inheritance require review; numbers are atoms not coordinates"
"lua/vgui/dform.lua","19","self","SetMouseInputEnabled","","","reference_only","not_run","Single-line literal scan; multiline calls expressions and inheritance require review; numbers are atoms not coordinates"
"lua/vgui/dform.lua","20","self","SetKeyboardInputEnabled","","","reference_only","not_run","Single-line literal scan; multiline calls expressions and inheritance require review; numbers are atoms not coordinates"
"lua/vgui/dform.lua","46","vgui","Create","DSizeToContents","","reference_only","not_run","Single-line literal scan; multiline calls expressions and inheritance require review; numbers are atoms not coordinates"
"lua/vgui/dform.lua","49","Panel","Dock","","","reference_only","not_run","Single-line literal scan; multiline calls expressions and inheritance require review; numbers are atoms not coordinates"
"lua/vgui/dform.lua","50","Panel","DockPadding","","10|10|10|0","reference_only","not_run","Single-line literal scan; multiline calls expressions and inheritance require review; numbers are atoms not coordinates"
"lua/vgui/dform.lua","56","left","Dock","","","reference_only","not_run","Single-line literal scan; multiline calls expressions and inheritance require review; numbers are atoms not coordinates"
"lua/vgui/dform.lua","58","left","SetSize","","100|20","reference_only","not_run","Single-line literal scan; multiline calls expressions and inheritance require review; numbers are atoms not coordinates"
"lua/vgui/dform.lua","61","right","SetPos","","110|0","reference_only","not_run","Single-line literal scan; multiline calls expressions and inheritance require review; numbers are atoms not coordinates"
"lua/vgui/dform.lua","67","left","Dock","","","reference_only","not_run","Single-line literal scan; multiline calls expressions and inheritance require review; numbers are atoms not coordinates"
"lua/vgui/dform.lua","75","PANEL","TextEntry","","","reference_only","not_run","Single-line literal scan; multiline calls expressions and inheritance require review; numbers are atoms not coordinates"
"lua/vgui/dform.lua","77","vgui","Create","DLabel","","reference_only","not_run","Single-line literal scan; multiline calls expressions and inheritance require review; numbers are atoms not coordinates"
"lua/vgui/dform.lua","78","left","SetText","","","reference_only","not_run","Single-line literal scan; multiline calls expressions and inheritance require review; numbers are atoms not coordinates"
"lua/vgui/dform.lua","81","vgui","Create","DTextEntry","","reference_only","not_run","Single-line literal scan; multiline calls expressions and inheritance require review; numbers are atoms not coordinates"
"lua/vgui/dform.lua","82","right","SetConVar","","","reference_only","not_run","Single-line literal scan; multiline calls expressions and inheritance require review; numbers are atoms not coordinates"
"lua/vgui/dform.lua","83","right","Dock","","","reference_only","not_run","Single-line literal scan; multiline calls expressions and inheritance require review; numbers are atoms not coordinates"
"lua/vgui/dform.lua","93","vgui","Create","PropSelect","","reference_only","not_run","Single-line literal scan; multiline calls expressions and inheritance require review; numbers are atoms not coordinates"
"lua/vgui/dform.lua","95","props","SetConVar","","","reference_only","not_run","Single-line literal scan; multiline calls expressions and inheritance require review; numbers are atoms not coordinates"
"lua/vgui/dform.lua","96","props.Label","SetText","","","reference_only","not_run","Single-line literal scan; multiline calls expressions and inheritance require review; numbers are atoms not coordinates"
"lua/vgui/dform.lua","134","PANEL","ComboBox","","","reference_only","not_run","Single-line literal scan; multiline calls expressions and inheritance require review; numbers are atoms not coordinates"
"lua/vgui/dform.lua","136","vgui","Create","DLabel","","reference_only","not_run","Single-line literal scan; multiline calls expressions and inheritance require review; numbers are atoms not coordinates"
"lua/vgui/dform.lua","137","left","SetText","","","reference_only","not_run","Single-line literal scan; multiline calls expressions and inheritance require review; numbers are atoms not coordinates"
"lua/vgui/dform.lua","140","vgui","Create","DComboBox","","reference_only","not_run","Single-line literal scan; multiline calls expressions and inheritance require review; numbers are atoms not coordinates"
"lua/vgui/dform.lua","141","right","SetConVar","","","reference_only","not_run","Single-line literal scan; multiline calls expressions and inheritance require review; numbers are atoms not coordinates"
"lua/vgui/dform.lua","142","right","Dock","","","reference_only","not_run","Single-line literal scan; multiline calls expressions and inheritance require review; numbers are atoms not coordinates"
"lua/vgui/dform.lua","156","vgui","Create","DLabel","","reference_only","not_run","Single-line literal scan; multiline calls expressions and inheritance require review; numbers are atoms not coordinates"
"lua/vgui/dform.lua","157","left","SetText","","","reference_only","not_run","Single-line literal scan; multiline calls expressions and inheritance require review; numbers are atoms not coordinates"
"lua/vgui/dform.lua","160","vgui","Create","DNumberWang","","reference_only","not_run","Single-line literal scan; multiline calls expressions and inheritance require review; numbers are atoms not coordinates"
"lua/vgui/dform.lua","165","right","SetConVar","","","reference_only","not_run","Single-line literal scan; multiline calls expressions and inheritance require review; numbers are atoms not coordinates"
"lua/vgui/dform.lua","174","PANEL","NumSlider","","","reference_only","not_run","Single-line literal scan; multiline calls expressions and inheritance require review; numbers are atoms not coordinates"
"lua/vgui/dform.lua","176","vgui","Create","DNumSlider","","reference_only","not_run","Single-line literal scan; multiline calls expressions and inheritance require review; numbers are atoms not coordinates"
"lua/vgui/dform.lua","177","left","SetText","","","reference_only","not_run","Single-line literal scan; multiline calls expressions and inheritance require review; numbers are atoms not coordinates"
"lua/vgui/dform.lua","183","left","SetConVar","","","reference_only","not_run","Single-line literal scan; multiline calls expressions and inheritance require review; numbers are atoms not coordinates"
"lua/vgui/dform.lua","200","PANEL","CheckBox","","","reference_only","not_run","Single-line literal scan; multiline calls expressions and inheritance require review; numbers are atoms not coordinates"
"lua/vgui/dform.lua","202","vgui","Create","DCheckBoxLabel","","reference_only","not_run","Single-line literal scan; multiline calls expressions and inheritance require review; numbers are atoms not coordinates"
"lua/vgui/dform.lua","203","left","SetText","","","reference_only","not_run","Single-line literal scan; multiline calls expressions and inheritance require review; numbers are atoms not coordinates"
"lua/vgui/dform.lua","205","left","SetConVar","","","reference_only","not_run","Single-line literal scan; multiline calls expressions and inheritance require review; numbers are atoms not coordinates"
"lua/vgui/dform.lua","215","vgui","Create","DLabel","","reference_only","not_run","Single-line literal scan; multiline calls expressions and inheritance require review; numbers are atoms not coordinates"
"lua/vgui/dform.lua","220","left","SetText","","","reference_only","not_run","Single-line literal scan; multiline calls expressions and inheritance require review; numbers are atoms not coordinates"
"lua/vgui/dform.lua","223","left","DockMargin","","8|0|8|8","reference_only","not_run","Single-line literal scan; multiline calls expressions and inheritance require review; numbers are atoms not coordinates"
"lua/vgui/dform.lua","235","vgui","Create","DSizeToContents","","reference_only","not_run","Single-line literal scan; multiline calls expressions and inheritance require review; numbers are atoms not coordinates"
"lua/vgui/dform.lua","237","Panel","Dock","","","reference_only","not_run","Single-line literal scan; multiline calls expressions and inheritance require review; numbers are atoms not coordinates"
"lua/vgui/dform.lua","240","vgui","Create","DLabel","","reference_only","not_run","Single-line literal scan; multiline calls expressions and inheritance require review; numbers are atoms not coordinates"
"lua/vgui/dform.lua","244","left","SetText","","","reference_only","not_run","Single-line literal scan; multiline calls expressions and inheritance require review; numbers are atoms not coordinates"
"lua/vgui/dform.lua","247","left","DockMargin","","32|0|32|8","reference_only","not_run","Single-line literal scan; multiline calls expressions and inheritance require review; numbers are atoms not coordinates"
"lua/vgui/dform.lua","248","left","Dock","","","reference_only","not_run","Single-line literal scan; multiline calls expressions and inheritance require review; numbers are atoms not coordinates"
"lua/vgui/dform.lua","264","vgui","Create","DButton","","reference_only","not_run","Single-line literal scan; multiline calls expressions and inheritance require review; numbers are atoms not coordinates"
"lua/vgui/dform.lua","270","left","SetText","","","reference_only","not_run","Single-line literal scan; multiline calls expressions and inheritance require review; numbers are atoms not coordinates"
"lua/vgui/dform.lua","279","vgui","Create","DPanelSelect","","reference_only","not_run","Single-line literal scan; multiline calls expressions and inheritance require review; numbers are atoms not coordinates"
"lua/vgui/dform.lua","289","vgui","Create","DLabel","","reference_only","not_run","Single-line literal scan; multiline calls expressions and inheritance require review; numbers are atoms not coordinates"
"lua/vgui/dform.lua","290","left","SetText","","","reference_only","not_run","Single-line literal scan; multiline calls expressions and inheritance require review; numbers are atoms not coordinates"
"lua/vgui/dform.lua","295","vgui","Create","DListBox","","reference_only","not_run","Single-line literal scan; multiline calls expressions and inheritance require review; numbers are atoms not coordinates"
"lua/vgui/dframe.lua","24","vgui","Create","DButton","","reference_only","not_run","Single-line literal scan; multiline calls expressions and inheritance require review; numbers are atoms not coordinates"
"lua/vgui/dframe.lua","25","self.btnClose","SetText","","","reference_only","not_run","Single-line literal scan; multiline calls expressions and inheritance require review; numbers are atoms not coordinates"
"lua/vgui/dframe.lua","29","vgui","Create","DButton","","reference_only","not_run","Single-line literal scan; multiline calls expressions and inheritance require review; numbers are atoms not coordinates"
"lua/vgui/dframe.lua","30","self.btnMaxim","SetText","","","reference_only","not_run","Single-line literal scan; multiline calls expressions and inheritance require review; numbers are atoms not coordinates"
"lua/vgui/dframe.lua","35","vgui","Create","DButton","","reference_only","not_run","Single-line literal scan; multiline calls expressions and inheritance require review; numbers are atoms not coordinates"
"lua/vgui/dframe.lua","36","self.btnMinim","SetText","","","reference_only","not_run","Single-line literal scan; multiline calls expressions and inheritance require review; numbers are atoms not coordinates"
"lua/vgui/dframe.lua","41","vgui","Create","DLabel","","reference_only","not_run","Single-line literal scan; multiline calls expressions and inheritance require review; numbers are atoms not coordinates"
"lua/vgui/dframe.lua","65","self","DockPadding","","5|24|5|5|5","reference_only","not_run","Single-line literal scan; multiline calls expressions and inheritance require review; numbers are atoms not coordinates"
"lua/vgui/dframe.lua","85","self.lblTitle","SetText","","","reference_only","not_run","Single-line literal scan; multiline calls expressions and inheritance require review; numbers are atoms not coordinates"
"lua/vgui/dframe.lua","128","vgui","Create","DImage","","reference_only","not_run","Single-line literal scan; multiline calls expressions and inheritance require review; numbers are atoms not coordinates"
"lua/vgui/dframe.lua","132","self.imgIcon","SetMaterial","","","reference_only","not_run","Single-line literal scan; multiline calls expressions and inheritance require review; numbers are atoms not coordinates"
"lua/vgui/dframe.lua","155","self","SetPos","","","reference_only","not_run","Single-line literal scan; multiline calls expressions and inheritance require review; numbers are atoms not coordinates"
"lua/vgui/dframe.lua","168","self","SetSize","","","reference_only","not_run","Single-line literal scan; multiline calls expressions and inheritance require review; numbers are atoms not coordinates"
"lua/vgui/dframe.lua","192","self","SetPos","","0","reference_only","not_run","Single-line literal scan; multiline calls expressions and inheritance require review; numbers are atoms not coordinates"
"lua/vgui/dframe.lua","243","self.imgIcon","SetPos","","5|5","reference_only","not_run","Single-line literal scan; multiline calls expressions and inheritance require review; numbers are atoms not coordinates"
"lua/vgui/dframe.lua","244","self.imgIcon","SetSize","","16|16","reference_only","not_run","Single-line literal scan; multiline calls expressions and inheritance require review; numbers are atoms not coordinates"
"lua/vgui/dframe.lua","249","self.btnClose","SetPos","","31|4|0","reference_only","not_run","Single-line literal scan; multiline calls expressions and inheritance require review; numbers are atoms not coordinates"
"lua/vgui/dframe.lua","250","self.btnClose","SetSize","","31|24","reference_only","not_run","Single-line literal scan; multiline calls expressions and inheritance require review; numbers are atoms not coordinates"
"lua/vgui/dframe.lua","252","self.btnMaxim","SetPos","","31|2|4|0","reference_only","not_run","Single-line literal scan; multiline calls expressions and inheritance require review; numbers are atoms not coordinates"
"lua/vgui/dframe.lua","253","self.btnMaxim","SetSize","","31|24","reference_only","not_run","Single-line literal scan; multiline calls expressions and inheritance require review; numbers are atoms not coordinates"
"lua/vgui/dframe.lua","255","self.btnMinim","SetPos","","31|3|4|0","reference_only","not_run","Single-line literal scan; multiline calls expressions and inheritance require review; numbers are atoms not coordinates"
"lua/vgui/dframe.lua","256","self.btnMinim","SetSize","","31|24","reference_only","not_run","Single-line literal scan; multiline calls expressions and inheritance require review; numbers are atoms not coordinates"
"lua/vgui/dframe.lua","258","self.lblTitle","SetPos","","8|2","reference_only","not_run","Single-line literal scan; multiline calls expressions and inheritance require review; numbers are atoms not coordinates"
"lua/vgui/dframe.lua","259","self.lblTitle","SetSize","","25|20","reference_only","not_run","Single-line literal scan; multiline calls expressions and inheritance require review; numbers are atoms not coordinates"
"lua/vgui/dgrid.lua","16","self","SetMouseInputEnabled","","","reference_only","not_run","Single-line literal scan; multiline calls expressions and inheritance require review; numbers are atoms not coordinates"
"lua/vgui/dgrid.lua","76","panel","SetPos","","","reference_only","not_run","Single-line literal scan; multiline calls expressions and inheritance require review; numbers are atoms not coordinates"
"lua/vgui/dgrid.lua","81","self","SetWide","","","reference_only","not_run","Single-line literal scan; multiline calls expressions and inheritance require review; numbers are atoms not coordinates"
"lua/vgui/dgrid.lua","82","self","SetTall","","","reference_only","not_run","Single-line literal scan; multiline calls expressions and inheritance require review; numbers are atoms not coordinates"
"lua/vgui/dhorizontaldivider.lua","37","self","SetDividerWidth","","8","reference_only","not_run","Single-line literal scan; multiline calls expressions and inheritance require review; numbers are atoms not coordinates"
"lua/vgui/dhorizontaldivider.lua","38","self","SetLeftWidth","","100","reference_only","not_run","Single-line literal scan; multiline calls expressions and inheritance require review; numbers are atoms not coordinates"
"lua/vgui/dhorizontaldivider.lua","40","self","SetLeftMin","","50","reference_only","not_run","Single-line literal scan; multiline calls expressions and inheritance require review; numbers are atoms not coordinates"
"lua/vgui/dhorizontaldivider.lua","41","self","SetRightMin","","50","reference_only","not_run","Single-line literal scan; multiline calls expressions and inheritance require review; numbers are atoms not coordinates"
"lua/vgui/dhorizontaldivider.lua","45","vgui","Create","DHorizontalDividerBar","","reference_only","not_run","Single-line literal scan; multiline calls expressions and inheritance require review; numbers are atoms not coordinates"
"lua/vgui/dhorizontaldivider.lua","54","self","SetLeftWidth","","","reference_only","not_run","Single-line literal scan; multiline calls expressions and inheritance require review; numbers are atoms not coordinates"
"lua/vgui/dhorizontaldivider.lua","59","self","SetLeftWidth","LeftWidth","","reference_only","not_run","Single-line literal scan; multiline calls expressions and inheritance require review; numbers are atoms not coordinates"
"lua/vgui/dhorizontaldivider.lua","101","self","SetLeftWidth","","","reference_only","not_run","Single-line literal scan; multiline calls expressions and inheritance require review; numbers are atoms not coordinates"
"lua/vgui/dhorizontaldivider.lua","107","self","SetLeftWidth","","","reference_only","not_run","Single-line literal scan; multiline calls expressions and inheritance require review; numbers are atoms not coordinates"
"lua/vgui/dhorizontaldivider.lua","112","self.m_pLeft","SetWide","","","reference_only","not_run","Single-line literal scan; multiline calls expressions and inheritance require review; numbers are atoms not coordinates"
"lua/vgui/dhorizontaldivider.lua","117","self.m_DragBar","SetPos","","0","reference_only","not_run","Single-line literal scan; multiline calls expressions and inheritance require review; numbers are atoms not coordinates"
"lua/vgui/dhorizontaldivider.lua","118","self.m_DragBar","SetSize","","","reference_only","not_run","Single-line literal scan; multiline calls expressions and inheritance require review; numbers are atoms not coordinates"
"lua/vgui/dhorizontaldivider.lua","145","self","SetLeftWidth","","","reference_only","not_run","Single-line literal scan; multiline calls expressions and inheritance require review; numbers are atoms not coordinates"
"lua/vgui/dhorizontaldivider.lua","188","vgui","Create","","","reference_only","not_run","Single-line literal scan; multiline calls expressions and inheritance require review; numbers are atoms not coordinates"
"lua/vgui/dhorizontaldivider.lua","189","ctrl","SetSize","","256|256","reference_only","not_run","Single-line literal scan; multiline calls expressions and inheritance require review; numbers are atoms not coordinates"
"lua/vgui/dhorizontaldivider.lua","190","vgui","Create","DButton","","reference_only","not_run","Single-line literal scan; multiline calls expressions and inheritance require review; numbers are atoms not coordinates"
"lua/vgui/dhorizontaldivider.lua","191","vgui","Create","DButton","","reference_only","not_run","Single-line literal scan; multiline calls expressions and inheritance require review; numbers are atoms not coordinates"
"lua/vgui/dhorizontalscroller.lua","13","vgui","Create","DDragBase","","reference_only","not_run","Single-line literal scan; multiline calls expressions and inheritance require review; numbers are atoms not coordinates"
"lua/vgui/dhorizontalscroller.lua","52","vgui","Create","DButton","","reference_only","not_run","Single-line literal scan; multiline calls expressions and inheritance require review; numbers are atoms not coordinates"
"lua/vgui/dhorizontalscroller.lua","53","self.btnLeft","SetText","","","reference_only","not_run","Single-line literal scan; multiline calls expressions and inheritance require review; numbers are atoms not coordinates"
"lua/vgui/dhorizontalscroller.lua","56","vgui","Create","DButton","","reference_only","not_run","Single-line literal scan; multiline calls expressions and inheritance require review; numbers are atoms not coordinates"
"lua/vgui/dhorizontalscroller.lua","57","self.btnRight","SetText","","","reference_only","not_run","Single-line literal scan; multiline calls expressions and inheritance require review; numbers are atoms not coordinates"
"lua/vgui/dhorizontalscroller.lua","156","self.pnlCanvas","SetTall","","","reference_only","not_run","Single-line literal scan; multiline calls expressions and inheritance require review; numbers are atoms not coordinates"
"lua/vgui/dhorizontalscroller.lua","164","v","SetPos","","0","reference_only","not_run","Single-line literal scan; multiline calls expressions and inheritance require review; numbers are atoms not coordinates"
"lua/vgui/dhorizontalscroller.lua","165","v","SetTall","","","reference_only","not_run","Single-line literal scan; multiline calls expressions and inheritance require review; numbers are atoms not coordinates"
"lua/vgui/dhorizontalscroller.lua","172","self.pnlCanvas","SetWide","","","reference_only","not_run","Single-line literal scan; multiline calls expressions and inheritance require review; numbers are atoms not coordinates"
"lua/vgui/dhorizontalscroller.lua","182","self.btnLeft","SetSize","","15|15","reference_only","not_run","Single-line literal scan; multiline calls expressions and inheritance require review; numbers are atoms not coordinates"
"lua/vgui/dhorizontalscroller.lua","186","self.btnRight","SetSize","","15|15","reference_only","not_run","Single-line literal scan; multiline calls expressions and inheritance require review; numbers are atoms not coordinates"
"lua/vgui/dhorizontalscroller.lua","201","vgui","Create","DHorizontalScroller","","reference_only","not_run","Single-line literal scan; multiline calls expressions and inheritance require review; numbers are atoms not coordinates"
"lua/vgui/dhorizontalscroller.lua","202","scroller","Dock","","","reference_only","not_run","Single-line literal scan; multiline calls expressions and inheritance require review; numbers are atoms not coordinates"
"lua/vgui/dhorizontalscroller.lua","204","scroller","DockMargin","","5|50|5|50","reference_only","not_run","Single-line literal scan; multiline calls expressions and inheritance require review; numbers are atoms not coordinates"
"lua/vgui/dhorizontalscroller.lua","208","vgui","Create","DImage","","reference_only","not_run","Single-line literal scan; multiline calls expressions and inheritance require review; numbers are atoms not coordinates"
"lua/vgui/dhorizontalscroller.lua","209","img","SetImage","scripted/breen_fakemonitor_1","","reference_only","not_run","Single-line literal scan; multiline calls expressions and inheritance require review; numbers are atoms not coordinates"
"lua/vgui/dhscrollbar.lua","13","vgui","Create","DButton","","reference_only","not_run","Single-line literal scan; multiline calls expressions and inheritance require review; numbers are atoms not coordinates"
"lua/vgui/dhscrollbar.lua","14","self.btnLeft","SetText","","","reference_only","not_run","Single-line literal scan; multiline calls expressions and inheritance require review; numbers are atoms not coordinates"
"lua/vgui/dhscrollbar.lua","18","vgui","Create","DButton","","reference_only","not_run","Single-line literal scan; multiline calls expressions and inheritance require review; numbers are atoms not coordinates"
"lua/vgui/dhscrollbar.lua","19","self.btnRight","SetText","","","reference_only","not_run","Single-line literal scan; multiline calls expressions and inheritance require review; numbers are atoms not coordinates"
"lua/vgui/dhscrollbar.lua","23","vgui","Create","DScrollBarGrip","","reference_only","not_run","Single-line literal scan; multiline calls expressions and inheritance require review; numbers are atoms not coordinates"
"lua/vgui/dhscrollbar.lua","25","self","SetSize","","15|15","reference_only","not_run","Single-line literal scan; multiline calls expressions and inheritance require review; numbers are atoms not coordinates"
"lua/vgui/dhscrollbar.lua","40","self","SetMouseInputEnabled","","","reference_only","not_run","Single-line literal scan; multiline calls expressions and inheritance require review; numbers are atoms not coordinates"
"lua/vgui/dhscrollbar.lua","236","self.btnGrip","SetPos","","0","reference_only","not_run","Single-line literal scan; multiline calls expressions and inheritance require review; numbers are atoms not coordinates"
"lua/vgui/dhscrollbar.lua","237","self.btnGrip","SetSize","","","reference_only","not_run","Single-line literal scan; multiline calls expressions and inheritance require review; numbers are atoms not coordinates"
"lua/vgui/dhscrollbar.lua","240","self.btnLeft","SetPos","","0|0","reference_only","not_run","Single-line literal scan; multiline calls expressions and inheritance require review; numbers are atoms not coordinates"
"lua/vgui/dhscrollbar.lua","241","self.btnLeft","SetSize","","","reference_only","not_run","Single-line literal scan; multiline calls expressions and inheritance require review; numbers are atoms not coordinates"
"lua/vgui/dhscrollbar.lua","243","self.btnRight","SetPos","","0","reference_only","not_run","Single-line literal scan; multiline calls expressions and inheritance require review; numbers are atoms not coordinates"
"lua/vgui/dhscrollbar.lua","244","self.btnRight","SetSize","","","reference_only","not_run","Single-line literal scan; multiline calls expressions and inheritance require review; numbers are atoms not coordinates"
"lua/vgui/dhscrollbar.lua","251","self.btnRight","SetSize","","","reference_only","not_run","Single-line literal scan; multiline calls expressions and inheritance require review; numbers are atoms not coordinates"
"lua/vgui/dhscrollbar.lua","252","self.btnLeft","SetSize","","","reference_only","not_run","Single-line literal scan; multiline calls expressions and inheritance require review; numbers are atoms not coordinates"
"lua/vgui/dhtmlcontrols.lua","10","vgui","Create","DImageButton","","reference_only","not_run","Single-line literal scan; multiline calls expressions and inheritance require review; numbers are atoms not coordinates"
"lua/vgui/dhtmlcontrols.lua","11","self.BackButton","SetSize","","","reference_only","not_run","Single-line literal scan; multiline calls expressions and inheritance require review; numbers are atoms not coordinates"
"lua/vgui/dhtmlcontrols.lua","12","self.BackButton","SetImage","gui/HTML/back","","reference_only","not_run","Single-line literal scan; multiline calls expressions and inheritance require review; numbers are atoms not coordinates"
"lua/vgui/dhtmlcontrols.lua","13","self.BackButton","Dock","","","reference_only","not_run","Single-line literal scan; multiline calls expressions and inheritance require review; numbers are atoms not coordinates"
"lua/vgui/dhtmlcontrols.lua","14","self.BackButton","DockMargin","","3","reference_only","not_run","Single-line literal scan; multiline calls expressions and inheritance require review; numbers are atoms not coordinates"
"lua/vgui/dhtmlcontrols.lua","22","vgui","Create","DImageButton","","reference_only","not_run","Single-line literal scan; multiline calls expressions and inheritance require review; numbers are atoms not coordinates"
"lua/vgui/dhtmlcontrols.lua","23","self.ForwardButton","SetSize","","","reference_only","not_run","Single-line literal scan; multiline calls expressions and inheritance require review; numbers are atoms not coordinates"
"lua/vgui/dhtmlcontrols.lua","24","self.ForwardButton","SetImage","gui/HTML/forward","","reference_only","not_run","Single-line literal scan; multiline calls expressions and inheritance require review; numbers are atoms not coordinates"
"lua/vgui/dhtmlcontrols.lua","25","self.ForwardButton","Dock","","","reference_only","not_run","Single-line literal scan; multiline calls expressions and inheritance require review; numbers are atoms not coordinates"
"lua/vgui/dhtmlcontrols.lua","26","self.ForwardButton","DockMargin","","","reference_only","not_run","Single-line literal scan; multiline calls expressions and inheritance require review; numbers are atoms not coordinates"
"lua/vgui/dhtmlcontrols.lua","34","vgui","Create","DImageButton","","reference_only","not_run","Single-line literal scan; multiline calls expressions and inheritance require review; numbers are atoms not coordinates"
"lua/vgui/dhtmlcontrols.lua","35","self.RefreshButton","SetSize","","","reference_only","not_run","Single-line literal scan; multiline calls expressions and inheritance require review; numbers are atoms not coordinates"
"lua/vgui/dhtmlcontrols.lua","36","self.RefreshButton","SetImage","gui/HTML/refresh","","reference_only","not_run","Single-line literal scan; multiline calls expressions and inheritance require review; numbers are atoms not coordinates"
"lua/vgui/dhtmlcontrols.lua","37","self.RefreshButton","Dock","","","reference_only","not_run","Single-line literal scan; multiline calls expressions and inheritance require review; numbers are atoms not coordinates"
"lua/vgui/dhtmlcontrols.lua","38","self.RefreshButton","DockMargin","","","reference_only","not_run","Single-line literal scan; multiline calls expressions and inheritance require review; numbers are atoms not coordinates"
"lua/vgui/dhtmlcontrols.lua","41","vgui","Create","DImageButton","","reference_only","not_run","Single-line literal scan; multiline calls expressions and inheritance require review; numbers are atoms not coordinates"
"lua/vgui/dhtmlcontrols.lua","42","self.HomeButton","SetSize","","","reference_only","not_run","Single-line literal scan; multiline calls expressions and inheritance require review; numbers are atoms not coordinates"
"lua/vgui/dhtmlcontrols.lua","43","self.HomeButton","SetImage","gui/HTML/home","","reference_only","not_run","Single-line literal scan; multiline calls expressions and inheritance require review; numbers are atoms not coordinates"
"lua/vgui/dhtmlcontrols.lua","44","self.HomeButton","Dock","","","reference_only","not_run","Single-line literal scan; multiline calls expressions and inheritance require review; numbers are atoms not coordinates"
"lua/vgui/dhtmlcontrols.lua","45","self.HomeButton","DockMargin","","3","reference_only","not_run","Single-line literal scan; multiline calls expressions and inheritance require review; numbers are atoms not coordinates"
"lua/vgui/dhtmlcontrols.lua","52","vgui","Create","DImageButton","","reference_only","not_run","Single-line literal scan; multiline calls expressions and inheritance require review; numbers are atoms not coordinates"
"lua/vgui/dhtmlcontrols.lua","53","self.StopButton","SetSize","","","reference_only","not_run","Single-line literal scan; multiline calls expressions and inheritance require review; numbers are atoms not coordinates"
"lua/vgui/dhtmlcontrols.lua","54","self.StopButton","SetImage","gui/HTML/stop","","reference_only","not_run","Single-line literal scan; multiline calls expressions and inheritance require review; numbers are atoms not coordinates"
"lua/vgui/dhtmlcontrols.lua","55","self.StopButton","Dock","","","reference_only","not_run","Single-line literal scan; multiline calls expressions and inheritance require review; numbers are atoms not coordinates"
"lua/vgui/dhtmlcontrols.lua","56","self.StopButton","DockMargin","","3|3","reference_only","not_run","Single-line literal scan; multiline calls expressions and inheritance require review; numbers are atoms not coordinates"
"lua/vgui/dhtmlcontrols.lua","59","vgui","Create","DTextEntry","","reference_only","not_run","Single-line literal scan; multiline calls expressions and inheritance require review; numbers are atoms not coordinates"
"lua/vgui/dhtmlcontrols.lua","60","self.AddressBar","Dock","","","reference_only","not_run","Single-line literal scan; multiline calls expressions and inheritance require review; numbers are atoms not coordinates"
"lua/vgui/dhtmlcontrols.lua","61","self.AddressBar","DockMargin","","3|3|3","reference_only","not_run","Single-line literal scan; multiline calls expressions and inheritance require review; numbers are atoms not coordinates"
"lua/vgui/dhtmlcontrols.lua","88","self.AddressBar","SetText","","","reference_only","not_run","Single-line literal scan; multiline calls expressions and inheritance require review; numbers are atoms not coordinates"
"lua/vgui/dhtmlcontrols.lua","94","self.AddressBar","SetText","","","reference_only","not_run","Single-line literal scan; multiline calls expressions and inheritance require review; numbers are atoms not coordinates"
"lua/vgui/diconbrowser.lua","34","self.IconLayout","SetSpaceX","","0","reference_only","not_run","Single-line literal scan; multiline calls expressions and inheritance require review; numbers are atoms not coordinates"
"lua/vgui/diconbrowser.lua","35","self.IconLayout","SetSpaceY","","0","reference_only","not_run","Single-line literal scan; multiline calls expressions and inheritance require review; numbers are atoms not coordinates"
"lua/vgui/diconbrowser.lua","36","self.IconLayout","SetBorder","","4","reference_only","not_run","Single-line literal scan; multiline calls expressions and inheritance require review; numbers are atoms not coordinates"
"lua/vgui/diconbrowser.lua","37","self.IconLayout","Dock","","","reference_only","not_run","Single-line literal scan; multiline calls expressions and inheritance require review; numbers are atoms not coordinates"
"lua/vgui/diconbrowser.lua","77","btn","SetSize","","22|22","reference_only","not_run","Single-line literal scan; multiline calls expressions and inheritance require review; numbers are atoms not coordinates"
"lua/vgui/diconbrowser.lua","78","btn","SetPos","","-22|-22","reference_only","not_run","Single-line literal scan; multiline calls expressions and inheritance require review; numbers are atoms not coordinates"
"lua/vgui/diconbrowser.lua","151","vgui","Create","","","reference_only","not_run","Single-line literal scan; multiline calls expressions and inheritance require review; numbers are atoms not coordinates"
"lua/vgui/diconbrowser.lua","152","ctrl","SetSize","","300|300","reference_only","not_run","Single-line literal scan; multiline calls expressions and inheritance require review; numbers are atoms not coordinates"
"lua/vgui/diconlayout.lua","16","self","SetSpaceX","","0","reference_only","not_run","Single-line literal scan; multiline calls expressions and inheritance require review; numbers are atoms not coordinates"
"lua/vgui/diconlayout.lua","17","self","SetSpaceY","","0","reference_only","not_run","Single-line literal scan; multiline calls expressions and inheritance require review; numbers are atoms not coordinates"
"lua/vgui/diconlayout.lua","18","self","SetBorder","","0","reference_only","not_run","Single-line literal scan; multiline calls expressions and inheritance require review; numbers are atoms not coordinates"
"lua/vgui/diconlayout.lua","57","v","SetPos","","","reference_only","not_run","Single-line literal scan; multiline calls expressions and inheritance require review; numbers are atoms not coordinates"
"lua/vgui/diconlayout.lua","91","v","SetPos","","","reference_only","not_run","Single-line literal scan; multiline calls expressions and inheritance require review; numbers are atoms not coordinates"
"lua/vgui/diconlayout.lua","155","vgui","Create","DIconLayout","","reference_only","not_run","Single-line literal scan; multiline calls expressions and inheritance require review; numbers are atoms not coordinates"
"lua/vgui/diconlayout.lua","159","copy","SetSpaceX","","","reference_only","not_run","Single-line literal scan; multiline calls expressions and inheritance require review; numbers are atoms not coordinates"
"lua/vgui/diconlayout.lua","160","copy","SetSpaceX","","","reference_only","not_run","Single-line literal scan; multiline calls expressions and inheritance require review; numbers are atoms not coordinates"
"lua/vgui/diconlayout.lua","161","copy","SetSpaceY","","","reference_only","not_run","Single-line literal scan; multiline calls expressions and inheritance require review; numbers are atoms not coordinates"
"lua/vgui/diconlayout.lua","162","copy","SetBorder","","","reference_only","not_run","Single-line literal scan; multiline calls expressions and inheritance require review; numbers are atoms not coordinates"
"lua/vgui/diconlayout.lua","184","vgui","Create","","","reference_only","not_run","Single-line literal scan; multiline calls expressions and inheritance require review; numbers are atoms not coordinates"
"lua/vgui/diconlayout.lua","186","pnl","SetSize","","200|200","reference_only","not_run","Single-line literal scan; multiline calls expressions and inheritance require review; numbers are atoms not coordinates"
"lua/vgui/diconlayout.lua","189","pnl","SetSpaceX","","4","reference_only","not_run","Single-line literal scan; multiline calls expressions and inheritance require review; numbers are atoms not coordinates"
"lua/vgui/diconlayout.lua","190","pnl","SetSpaceY","","4","reference_only","not_run","Single-line literal scan; multiline calls expressions and inheritance require review; numbers are atoms not coordinates"
"lua/vgui/diconlayout.lua","195","btn","SetSize","","32|32","reference_only","not_run","Single-line literal scan; multiline calls expressions and inheritance require review; numbers are atoms not coordinates"
"lua/vgui/diconlayout.lua","196","btn","SetText","","","reference_only","not_run","Single-line literal scan; multiline calls expressions and inheritance require review; numbers are atoms not coordinates"
"lua/vgui/dimage.lua","13","self","SetMouseInputEnabled","","","reference_only","not_run","Single-line literal scan; multiline calls expressions and inheritance require review; numbers are atoms not coordinates"
"lua/vgui/dimage.lua","14","self","SetKeyboardInputEnabled","","","reference_only","not_run","Single-line literal scan; multiline calls expressions and inheritance require review; numbers are atoms not coordinates"
"lua/vgui/dimage.lua","50","self","SetMaterial","","","reference_only","not_run","Single-line literal scan; multiline calls expressions and inheritance require review; numbers are atoms not coordinates"
"lua/vgui/dimage.lua","53","self","SetMaterial","","","reference_only","not_run","Single-line literal scan; multiline calls expressions and inheritance require review; numbers are atoms not coordinates"
"lua/vgui/dimage.lua","67","PANEL","SetMaterial","","","reference_only","not_run","Single-line literal scan; multiline calls expressions and inheritance require review; numbers are atoms not coordinates"
"lua/vgui/dimage.lua","72","self","SetImage","","","reference_only","not_run","Single-line literal scan; multiline calls expressions and inheritance require review; numbers are atoms not coordinates"
"lua/vgui/dimage.lua","91","PANEL","SetImage","","","reference_only","not_run","Single-line literal scan; multiline calls expressions and inheritance require review; numbers are atoms not coordinates"
"lua/vgui/dimage.lua","100","self","SetMaterial","","","reference_only","not_run","Single-line literal scan; multiline calls expressions and inheritance require review; numbers are atoms not coordinates"
"lua/vgui/dimage.lua","139","self","SetMaterial","","","reference_only","not_run","Single-line literal scan; multiline calls expressions and inheritance require review; numbers are atoms not coordinates"
"lua/vgui/dimage.lua","145","self","SetSize","","","reference_only","not_run","Single-line literal scan; multiline calls expressions and inheritance require review; numbers are atoms not coordinates"
"lua/vgui/dimage.lua","163","surface","SetMaterial","","","reference_only","not_run","Single-line literal scan; multiline calls expressions and inheritance require review; numbers are atoms not coordinates"
"lua/vgui/dimage.lua","223","vgui","Create","","","reference_only","not_run","Single-line literal scan; multiline calls expressions and inheritance require review; numbers are atoms not coordinates"
"lua/vgui/dimage.lua","224","ctrl","SetImage","gui/tool.png","","reference_only","not_run","Single-line literal scan; multiline calls expressions and inheritance require review; numbers are atoms not coordinates"
"lua/vgui/dimage.lua","225","ctrl","SetSize","","200|200","reference_only","not_run","Single-line literal scan; multiline calls expressions and inheritance require review; numbers are atoms not coordinates"
"lua/vgui/dimagebutton.lua","14","vgui","Create","DImage","","reference_only","not_run","Single-line literal scan; multiline calls expressions and inheritance require review; numbers are atoms not coordinates"
"lua/vgui/dimagebutton.lua","16","self","SetText","","","reference_only","not_run","Single-line literal scan; multiline calls expressions and inheritance require review; numbers are atoms not coordinates"
"lua/vgui/dimagebutton.lua","32","PANEL","SetImage","","","reference_only","not_run","Single-line literal scan; multiline calls expressions and inheritance require review; numbers are atoms not coordinates"
"lua/vgui/dimagebutton.lua","34","self.m_Image","SetImage","","","reference_only","not_run","Single-line literal scan; multiline calls expressions and inheritance require review; numbers are atoms not coordinates"
"lua/vgui/dimagebutton.lua","59","PANEL","SetMaterial","","","reference_only","not_run","Single-line literal scan; multiline calls expressions and inheritance require review; numbers are atoms not coordinates"
"lua/vgui/dimagebutton.lua","61","self.m_Image","SetMaterial","","","reference_only","not_run","Single-line literal scan; multiline calls expressions and inheritance require review; numbers are atoms not coordinates"
"lua/vgui/dimagebutton.lua","68","self","SetSize","","","reference_only","not_run","Single-line literal scan; multiline calls expressions and inheritance require review; numbers are atoms not coordinates"
"lua/vgui/dimagebutton.lua","80","self.m_Image","SetPos","","2|2","reference_only","not_run","Single-line literal scan; multiline calls expressions and inheritance require review; numbers are atoms not coordinates"
"lua/vgui/dimagebutton.lua","81","self.m_Image","SetSize","","4|4","reference_only","not_run","Single-line literal scan; multiline calls expressions and inheritance require review; numbers are atoms not coordinates"
"lua/vgui/dimagebutton.lua","86","self.m_Image","SetSize","","0.8|0.8","reference_only","not_run","Single-line literal scan; multiline calls expressions and inheritance require review; numbers are atoms not coordinates"
"lua/vgui/dimagebutton.lua","118","self.m_Image","SetPos","","0|0","reference_only","not_run","Single-line literal scan; multiline calls expressions and inheritance require review; numbers are atoms not coordinates"
"lua/vgui/dimagebutton.lua","119","self.m_Image","SetSize","","","reference_only","not_run","Single-line literal scan; multiline calls expressions and inheritance require review; numbers are atoms not coordinates"
"lua/vgui/dimagebutton.lua","150","vgui","Create","","","reference_only","not_run","Single-line literal scan; multiline calls expressions and inheritance require review; numbers are atoms not coordinates"
"lua/vgui/dimagebutton.lua","151","ctrl","SetImage","gui/dupe_bg.png","","reference_only","not_run","Single-line literal scan; multiline calls expressions and inheritance require review; numbers are atoms not coordinates"
"lua/vgui/dimagebutton.lua","152","ctrl","SetSize","","200|200","reference_only","not_run","Single-line literal scan; multiline calls expressions and inheritance require review; numbers are atoms not coordinates"
"lua/vgui/dkillicon.lua","18","self","SetSize","","5","reference_only","not_run","Single-line literal scan; multiline calls expressions and inheritance require review; numbers are atoms not coordinates"
"lua/vgui/dlabel.lua","28","self","SetMouseInputEnabled","","","reference_only","not_run","Single-line literal scan; multiline calls expressions and inheritance require review; numbers are atoms not coordinates"
"lua/vgui/dlabel.lua","29","self","SetKeyboardInputEnabled","","","reference_only","not_run","Single-line literal scan; multiline calls expressions and inheritance require review; numbers are atoms not coordinates"
"lua/vgui/dlabel.lua","30","self","SetDoubleClickingEnabled","","","reference_only","not_run","Single-line literal scan; multiline calls expressions and inheritance require review; numbers are atoms not coordinates"
"lua/vgui/dlabel.lua","33","self","SetTall","","20","reference_only","not_run","Single-line literal scan; multiline calls expressions and inheritance require review; numbers are atoms not coordinates"
"lua/vgui/dlabel.lua","39","self","SetFont","DermaDefault","","reference_only","not_run","Single-line literal scan; multiline calls expressions and inheritance require review; numbers are atoms not coordinates"
"lua/vgui/dlabel.lua","43","PANEL","SetFont","","","reference_only","not_run","Single-line literal scan; multiline calls expressions and inheritance require review; numbers are atoms not coordinates"
"lua/vgui/dlabel.lua","299","vgui","Create","","","reference_only","not_run","Single-line literal scan; multiline calls expressions and inheritance require review; numbers are atoms not coordinates"
"lua/vgui/dlabel.lua","300","ctrl","SetText","This is a label example.","","reference_only","not_run","Single-line literal scan; multiline calls expressions and inheritance require review; numbers are atoms not coordinates"
"lua/vgui/dlabel.lua","312","vgui","Create","DLabel","","reference_only","not_run","Single-line literal scan; multiline calls expressions and inheritance require review; numbers are atoms not coordinates"
"lua/vgui/dlabel.lua","313","lbl","SetText","","","reference_only","not_run","Single-line literal scan; multiline calls expressions and inheritance require review; numbers are atoms not coordinates"
"lua/vgui/dlabeleditable.lua","15","self","SetSize","","16","reference_only","not_run","Single-line literal scan; multiline calls expressions and inheritance require review; numbers are atoms not coordinates"
"lua/vgui/dlabeleditable.lua","25","surface","SetFont","","","reference_only","not_run","Single-line literal scan; multiline calls expressions and inheritance require review; numbers are atoms not coordinates"
"lua/vgui/dlabeleditable.lua","37","vgui","Create","DTextEntry","","reference_only","not_run","Single-line literal scan; multiline calls expressions and inheritance require review; numbers are atoms not coordinates"
"lua/vgui/dlabeleditable.lua","38","TextEdit","Dock","","","reference_only","not_run","Single-line literal scan; multiline calls expressions and inheritance require review; numbers are atoms not coordinates"
"lua/vgui/dlabeleditable.lua","39","TextEdit","SetText","","","reference_only","not_run","Single-line literal scan; multiline calls expressions and inheritance require review; numbers are atoms not coordinates"
"lua/vgui/dlabeleditable.lua","40","TextEdit","SetFont","","","reference_only","not_run","Single-line literal scan; multiline calls expressions and inheritance require review; numbers are atoms not coordinates"
"lua/vgui/dlabeleditable.lua","53","self","SetText","","","reference_only","not_run","Single-line literal scan; multiline calls expressions and inheritance require review; numbers are atoms not coordinates"
"lua/vgui/dlabelurl.lua","14","self","SetTall","","20","reference_only","not_run","Single-line literal scan; multiline calls expressions and inheritance require review; numbers are atoms not coordinates"
"lua/vgui/dlistbox.lua","8","self","SetMouseInputEnabled","","","reference_only","not_run","Single-line literal scan; multiline calls expressions and inheritance require review; numbers are atoms not coordinates"
"lua/vgui/dlistbox.lua","10","self","SetTall","","19","reference_only","not_run","Single-line literal scan; multiline calls expressions and inheritance require review; numbers are atoms not coordinates"
"lua/vgui/dlistbox.lua","92","vgui","Create","DListBoxItem","","reference_only","not_run","Single-line literal scan; multiline calls expressions and inheritance require review; numbers are atoms not coordinates"
"lua/vgui/dlistbox.lua","94","item","SetText","","","reference_only","not_run","Single-line literal scan; multiline calls expressions and inheritance require review; numbers are atoms not coordinates"
"lua/vgui/dlistbox.lua","112","panel","SetPos","","","reference_only","not_run","Single-line literal scan; multiline calls expressions and inheritance require review; numbers are atoms not coordinates"
"lua/vgui/dlistbox.lua","113","panel","SetWide","","2","reference_only","not_run","Single-line literal scan; multiline calls expressions and inheritance require review; numbers are atoms not coordinates"
"lua/vgui/dlistbox.lua","183","vgui","Create","","","reference_only","not_run","Single-line literal scan; multiline calls expressions and inheritance require review; numbers are atoms not coordinates"
"lua/vgui/dlistbox.lua","189","ctrl","SetSize","","100|300","reference_only","not_run","Single-line literal scan; multiline calls expressions and inheritance require review; numbers are atoms not coordinates"
"lua/vgui/dlistlayout.lua","30","child","Dock","","","reference_only","not_run","Single-line literal scan; multiline calls expressions and inheritance require review; numbers are atoms not coordinates"
"lua/vgui/dlistlayout.lua","45","vgui","Create","","","reference_only","not_run","Single-line literal scan; multiline calls expressions and inheritance require review; numbers are atoms not coordinates"
"lua/vgui/dlistlayout.lua","47","pnl","SetSize","","200|200","reference_only","not_run","Single-line literal scan; multiline calls expressions and inheritance require review; numbers are atoms not coordinates"
"lua/vgui/dlistlayout.lua","52","btn","SetText","Button ","","reference_only","not_run","Single-line literal scan; multiline calls expressions and inheritance require review; numbers are atoms not coordinates"
"lua/vgui/dlistlayout.lua","59","btn","SetText","Label ","","reference_only","not_run","Single-line literal scan; multiline calls expressions and inheritance require review; numbers are atoms not coordinates"
"lua/vgui/dlistlayout.lua","60","btn","SetMouseInputEnabled","","","reference_only","not_run","Single-line literal scan; multiline calls expressions and inheritance require review; numbers are atoms not coordinates"
"lua/vgui/dlistview.lua","18","self","SetMouseInputEnabled","","","reference_only","not_run","Single-line literal scan; multiline calls expressions and inheritance require review; numbers are atoms not coordinates"
"lua/vgui/dlistview.lua","33","vgui","Create","Panel","","reference_only","not_run","Single-line literal scan; multiline calls expressions and inheritance require review; numbers are atoms not coordinates"
"lua/vgui/dlistview.lua","35","vgui","Create","DVScrollBar","","reference_only","not_run","Single-line literal scan; multiline calls expressions and inheritance require review; numbers are atoms not coordinates"
"lua/vgui/dlistview.lua","79","vgui","Create","DListView_Column","","reference_only","not_run","Single-line literal scan; multiline calls expressions and inheritance require review; numbers are atoms not coordinates"
"lua/vgui/dlistview.lua","81","vgui","Create","DListView_ColumnPlain","","reference_only","not_run","Single-line literal scan; multiline calls expressions and inheritance require review; numbers are atoms not coordinates"
"lua/vgui/dlistview.lua","189","Column","SetTall","","","reference_only","not_run","Single-line literal scan; multiline calls expressions and inheritance require review; numbers are atoms not coordinates"
"lua/vgui/dlistview.lua","204","self.VBar","SetPos","","16|0","reference_only","not_run","Single-line literal scan; multiline calls expressions and inheritance require review; numbers are atoms not coordinates"
"lua/vgui/dlistview.lua","205","self.VBar","SetSize","","16","reference_only","not_run","Single-line literal scan; multiline calls expressions and inheritance require review; numbers are atoms not coordinates"
"lua/vgui/dlistview.lua","214","self.pnlCanvas","SetPos","","0","reference_only","not_run","Single-line literal scan; multiline calls expressions and inheritance require review; numbers are atoms not coordinates"
"lua/vgui/dlistview.lua","216","self.pnlCanvas","SetPos","","0","reference_only","not_run","Single-line literal scan; multiline calls expressions and inheritance require review; numbers are atoms not coordinates"
"lua/vgui/dlistview.lua","219","self.pnlCanvas","SetSize","","","reference_only","not_run","Single-line literal scan; multiline calls expressions and inheritance require review; numbers are atoms not coordinates"
"lua/vgui/dlistview.lua","230","self.pnlCanvas","SetTall","","","reference_only","not_run","Single-line literal scan; multiline calls expressions and inheritance require review; numbers are atoms not coordinates"
"lua/vgui/dlistview.lua","266","RightColumn","SetWide","","","reference_only","not_run","Single-line literal scan; multiline calls expressions and inheritance require review; numbers are atoms not coordinates"
"lua/vgui/dlistview.lua","270","SizingColumn","SetWide","","","reference_only","not_run","Single-line literal scan; multiline calls expressions and inheritance require review; numbers are atoms not coordinates"
"lua/vgui/dlistview.lua","288","Line","SetPos","","1","reference_only","not_run","Single-line literal scan; multiline calls expressions and inheritance require review; numbers are atoms not coordinates"
"lua/vgui/dlistview.lua","289","Line","SetSize","","2","reference_only","not_run","Single-line literal scan; multiline calls expressions and inheritance require review; numbers are atoms not coordinates"
"lua/vgui/dlistview.lua","308","vgui","Create","DListView_Line","","reference_only","not_run","Single-line literal scan; multiline calls expressions and inheritance require review; numbers are atoms not coordinates"
"lua/vgui/dlistview.lua","578","vgui","Create","","","reference_only","not_run","Single-line literal scan; multiline calls expressions and inheritance require review; numbers are atoms not coordinates"
"lua/vgui/dlistview.lua","589","ctrl","SetSize","","300|200","reference_only","not_run","Single-line literal scan; multiline calls expressions and inheritance require review; numbers are atoms not coordinates"
"lua/vgui/dlistview_column.lua","73","vgui","Create","DButton","","reference_only","not_run","Single-line literal scan; multiline calls expressions and inheritance require review; numbers are atoms not coordinates"
"lua/vgui/dlistview_column.lua","77","vgui","Create","DListView_DraggerBar","","reference_only","not_run","Single-line literal scan; multiline calls expressions and inheritance require review; numbers are atoms not coordinates"
"lua/vgui/dlistview_column.lua","88","self","SetWide","","","reference_only","not_run","Single-line literal scan; multiline calls expressions and inheritance require review; numbers are atoms not coordinates"
"lua/vgui/dlistview_column.lua","105","self.Header","SetText","","","reference_only","not_run","Single-line literal scan; multiline calls expressions and inheritance require review; numbers are atoms not coordinates"
"lua/vgui/dlistview_column.lua","119","self.Header","SetPos","","0|0","reference_only","not_run","Single-line literal scan; multiline calls expressions and inheritance require review; numbers are atoms not coordinates"
"lua/vgui/dlistview_column.lua","120","self.Header","SetSize","","","reference_only","not_run","Single-line literal scan; multiline calls expressions and inheritance require review; numbers are atoms not coordinates"
"lua/vgui/dlistview_column.lua","122","self.DraggerBar","SetWide","","4","reference_only","not_run","Single-line literal scan; multiline calls expressions and inheritance require review; numbers are atoms not coordinates"
"lua/vgui/dlistview_column.lua","144","self","SetWide","","","reference_only","not_run","Single-line literal scan; multiline calls expressions and inheritance require review; numbers are atoms not coordinates"
"lua/vgui/dlistview_line.lua","43","self","SetMouseInputEnabled","","","reference_only","not_run","Single-line literal scan; multiline calls expressions and inheritance require review; numbers are atoms not coordinates"
"lua/vgui/dlistview_line.lua","126","vgui","Create","DListViewLabel","","reference_only","not_run","Single-line literal scan; multiline calls expressions and inheritance require review; numbers are atoms not coordinates"
"lua/vgui/dlistview_line.lua","179","Column","SetPos","","0","reference_only","not_run","Single-line literal scan; multiline calls expressions and inheritance require review; numbers are atoms not coordinates"
"lua/vgui/dlistview_line.lua","180","Column","SetSize","","","reference_only","not_run","Single-line literal scan; multiline calls expressions and inheritance require review; numbers are atoms not coordinates"
"lua/vgui/dmenu.lua","36","PANEL","AddOption","","","reference_only","not_run","Single-line literal scan; multiline calls expressions and inheritance require review; numbers are atoms not coordinates"
"lua/vgui/dmenu.lua","38","vgui","Create","DMenuOption","","reference_only","not_run","Single-line literal scan; multiline calls expressions and inheritance require review; numbers are atoms not coordinates"
"lua/vgui/dmenu.lua","40","pnl","SetText","","","reference_only","not_run","Single-line literal scan; multiline calls expressions and inheritance require review; numbers are atoms not coordinates"
"lua/vgui/dmenu.lua","51","vgui","Create","DMenuOptionCVar","","reference_only","not_run","Single-line literal scan; multiline calls expressions and inheritance require review; numbers are atoms not coordinates"
"lua/vgui/dmenu.lua","53","pnl","SetText","","","reference_only","not_run","Single-line literal scan; multiline calls expressions and inheritance require review; numbers are atoms not coordinates"
"lua/vgui/dmenu.lua","56","pnl","SetConVar","","","reference_only","not_run","Single-line literal scan; multiline calls expressions and inheritance require review; numbers are atoms not coordinates"
"lua/vgui/dmenu.lua","68","vgui","Create","DPanel","","reference_only","not_run","Single-line literal scan; multiline calls expressions and inheritance require review; numbers are atoms not coordinates"
"lua/vgui/dmenu.lua","73","pnl","SetTall","","1","reference_only","not_run","Single-line literal scan; multiline calls expressions and inheritance require review; numbers are atoms not coordinates"
"lua/vgui/dmenu.lua","82","vgui","Create","DMenuOption","","reference_only","not_run","Single-line literal scan; multiline calls expressions and inheritance require review; numbers are atoms not coordinates"
"lua/vgui/dmenu.lua","85","pnl","SetText","","","reference_only","not_run","Single-line literal scan; multiline calls expressions and inheritance require review; numbers are atoms not coordinates"
"lua/vgui/dmenu.lua","165","self","SetWide","","","reference_only","not_run","Single-line literal scan; multiline calls expressions and inheritance require review; numbers are atoms not coordinates"
"lua/vgui/dmenu.lua","171","pnl","SetWide","","","reference_only","not_run","Single-line literal scan; multiline calls expressions and inheritance require review; numbers are atoms not coordinates"
"lua/vgui/dmenu.lua","172","pnl","SetPos","","0","reference_only","not_run","Single-line literal scan; multiline calls expressions and inheritance require review; numbers are atoms not coordinates"
"lua/vgui/dmenu.lua","181","self","SetTall","","","reference_only","not_run","Single-line literal scan; multiline calls expressions and inheritance require review; numbers are atoms not coordinates"
"lua/vgui/dmenu.lua","215","self","SetSize","","","reference_only","not_run","Single-line literal scan; multiline calls expressions and inheritance require review; numbers are atoms not coordinates"
"lua/vgui/dmenu.lua","235","self","SetPos","","","reference_only","not_run","Single-line literal scan; multiline calls expressions and inheritance require review; numbers are atoms not coordinates"
"lua/vgui/dmenu.lua","237","self","SetPos","","","reference_only","not_run","Single-line literal scan; multiline calls expressions and inheritance require review; numbers are atoms not coordinates"
"lua/vgui/dmenu.lua","247","self","SetKeyboardInputEnabled","","","reference_only","not_run","Single-line literal scan; multiline calls expressions and inheritance require review; numbers are atoms not coordinates"
"lua/vgui/dmenu.lua","290","vgui","Create","Button","","reference_only","not_run","Single-line literal scan; multiline calls expressions and inheritance require review; numbers are atoms not coordinates"
"lua/vgui/dmenu.lua","291","ctrl","SetText","Test Me!","","reference_only","not_run","Single-line literal scan; multiline calls expressions and inheritance require review; numbers are atoms not coordinates"
"lua/vgui/dmenu.lua","295","menu","AddOption","Option One","","reference_only","not_run","Single-line literal scan; multiline calls expressions and inheritance require review; numbers are atoms not coordinates"
"lua/vgui/dmenu.lua","296","menu","AddOption","Option 2","2","reference_only","not_run","Single-line literal scan; multiline calls expressions and inheritance require review; numbers are atoms not coordinates"
"lua/vgui/dmenu.lua","299","submenu","AddOption","Submenu 1","1","reference_only","not_run","Single-line literal scan; multiline calls expressions and inheritance require review; numbers are atoms not coordinates"
"lua/vgui/dmenu.lua","300","submenu","AddOption","Submenu 2","2","reference_only","not_run","Single-line literal scan; multiline calls expressions and inheritance require review; numbers are atoms not coordinates"
"lua/vgui/dmenu.lua","302","menu","AddOption","Option For","","reference_only","not_run","Single-line literal scan; multiline calls expressions and inheritance require review; numbers are atoms not coordinates"
"lua/vgui/dmenubar.lua","12","self","Dock","","","reference_only","not_run","Single-line literal scan; multiline calls expressions and inheritance require review; numbers are atoms not coordinates"
"lua/vgui/dmenubar.lua","13","self","SetTall","","24","reference_only","not_run","Single-line literal scan; multiline calls expressions and inheritance require review; numbers are atoms not coordinates"
"lua/vgui/dmenubar.lua","45","b","SetText","","","reference_only","not_run","Single-line literal scan; multiline calls expressions and inheritance require review; numbers are atoms not coordinates"
"lua/vgui/dmenubar.lua","46","b","Dock","","","reference_only","not_run","Single-line literal scan; multiline calls expressions and inheritance require review; numbers are atoms not coordinates"
"lua/vgui/dmenubar.lua","47","b","DockMargin","","0|0|1|0","reference_only","not_run","Single-line literal scan; multiline calls expressions and inheritance require review; numbers are atoms not coordinates"
"lua/vgui/dmenubar.lua","84","vgui","Create","Panel","","reference_only","not_run","Single-line literal scan; multiline calls expressions and inheritance require review; numbers are atoms not coordinates"
"lua/vgui/dmenubar.lua","85","pnl","Dock","","","reference_only","not_run","Single-line literal scan; multiline calls expressions and inheritance require review; numbers are atoms not coordinates"
"lua/vgui/dmenubar.lua","86","pnl","DockMargin","","2|22|2|2","reference_only","not_run","Single-line literal scan; multiline calls expressions and inheritance require review; numbers are atoms not coordinates"
"lua/vgui/dmenubar.lua","90","m","AddOption","New","","reference_only","not_run","Single-line literal scan; multiline calls expressions and inheritance require review; numbers are atoms not coordinates"
"lua/vgui/dmenubar.lua","91","m","AddOption","File","","reference_only","not_run","Single-line literal scan; multiline calls expressions and inheritance require review; numbers are atoms not coordinates"
"lua/vgui/dmenubar.lua","92","m","AddOption","Exit","","reference_only","not_run","Single-line literal scan; multiline calls expressions and inheritance require review; numbers are atoms not coordinates"
"lua/vgui/dmenubar.lua","95","m2","AddOption","Copy","","reference_only","not_run","Single-line literal scan; multiline calls expressions and inheritance require review; numbers are atoms not coordinates"
"lua/vgui/dmenubar.lua","96","m2","AddOption","Paste","","reference_only","not_run","Single-line literal scan; multiline calls expressions and inheritance require review; numbers are atoms not coordinates"
"lua/vgui/dmenubar.lua","97","m2","AddOption","Blah","","reference_only","not_run","Single-line literal scan; multiline calls expressions and inheritance require review; numbers are atoms not coordinates"
"lua/vgui/dmenubar.lua","102","sub","AddOption","Option ","","reference_only","not_run","Single-line literal scan; multiline calls expressions and inheritance require review; numbers are atoms not coordinates"
"lua/vgui/dmenuoption.lua","23","vgui","Create","DPanel","","reference_only","not_run","Single-line literal scan; multiline calls expressions and inheritance require review; numbers are atoms not coordinates"
"lua/vgui/dmenuoption.lua","142","self","SetSize","","22","reference_only","not_run","Single-line literal scan; multiline calls expressions and inheritance require review; numbers are atoms not coordinates"
"lua/vgui/dmenuoption.lua","146","self.SubMenuArrow","SetSize","","15|15","reference_only","not_run","Single-line literal scan; multiline calls expressions and inheritance require review; numbers are atoms not coordinates"
"lua/vgui/dmodelpanel.lua","25","self","SetText","","","reference_only","not_run","Single-line literal scan; multiline calls expressions and inheritance require review; numbers are atoms not coordinates"
"lua/vgui/dmodelpanel.lua","177","vgui","Create","","","reference_only","not_run","Single-line literal scan; multiline calls expressions and inheritance require review; numbers are atoms not coordinates"
"lua/vgui/dmodelpanel.lua","178","ctrl","SetSize","","300|300","reference_only","not_run","Single-line literal scan; multiline calls expressions and inheritance require review; numbers are atoms not coordinates"
"lua/vgui/dmodelselect.lua","13","self","SetTall","","66|2|2","reference_only","not_run","Single-line literal scan; multiline calls expressions and inheritance require review; numbers are atoms not coordinates"
"lua/vgui/dmodelselect.lua","21","vgui","Create","SpawnIcon","","reference_only","not_run","Single-line literal scan; multiline calls expressions and inheritance require review; numbers are atoms not coordinates"
"lua/vgui/dmodelselect.lua","23","icon","SetSize","","64|64","reference_only","not_run","Single-line literal scan; multiline calls expressions and inheritance require review; numbers are atoms not coordinates"
"lua/vgui/dmodelselectmulti.lua","13","self","SetTall","","66|2|26","reference_only","not_run","Single-line literal scan; multiline calls expressions and inheritance require review; numbers are atoms not coordinates"
"lua/vgui/dmodelselectmulti.lua","19","vgui","Create","DModelSelect","","reference_only","not_run","Single-line literal scan; multiline calls expressions and inheritance require review; numbers are atoms not coordinates"
"lua/vgui/dnotify.lua","91","panel","SetPos","","","reference_only","not_run","Single-line literal scan; multiline calls expressions and inheritance require review; numbers are atoms not coordinates"
"lua/vgui/dnotify.lua","93","panel","SetPos","","","reference_only","not_run","Single-line literal scan; multiline calls expressions and inheritance require review; numbers are atoms not coordinates"
"lua/vgui/dnumberscratch.lua","32","self","SetImage","icon16/scratchnumber.png","","reference_only","not_run","Single-line literal scan; multiline calls expressions and inheritance require review; numbers are atoms not coordinates"
"lua/vgui/dnumberscratch.lua","34","self","SetSize","","16|16","reference_only","not_run","Single-line literal scan; multiline calls expressions and inheritance require review; numbers are atoms not coordinates"
"lua/vgui/dnumberscratch.lua","193","surface","SetFont","DermaDefault","","reference_only","not_run","Single-line literal scan; multiline calls expressions and inheritance require review; numbers are atoms not coordinates"
"lua/vgui/dnumberscratch.lua","274","surface","SetMaterial","","","reference_only","not_run","Single-line literal scan; multiline calls expressions and inheritance require review; numbers are atoms not coordinates"
"lua/vgui/dnumberscratch.lua","304","surface","SetMaterial","","","reference_only","not_run","Single-line literal scan; multiline calls expressions and inheritance require review; numbers are atoms not coordinates"
"lua/vgui/dnumberscratch.lua","311","surface","SetFont","DermaLarge","","reference_only","not_run","Single-line literal scan; multiline calls expressions and inheritance require review; numbers are atoms not coordinates"
"lua/vgui/dnumberwang.lua","30","self","SetTall","","20","reference_only","not_run","Single-line literal scan; multiline calls expressions and inheritance require review; numbers are atoms not coordinates"
"lua/vgui/dnumberwang.lua","40","vgui","Create","DButton","","reference_only","not_run","Single-line literal scan; multiline calls expressions and inheritance require review; numbers are atoms not coordinates"
"lua/vgui/dnumberwang.lua","41","self.Up","SetText","","","reference_only","not_run","Single-line literal scan; multiline calls expressions and inheritance require review; numbers are atoms not coordinates"
"lua/vgui/dnumberwang.lua","51","vgui","Create","DButton","","reference_only","not_run","Single-line literal scan; multiline calls expressions and inheritance require review; numbers are atoms not coordinates"
"lua/vgui/dnumberwang.lua","52","self.Down","SetText","","","reference_only","not_run","Single-line literal scan; multiline calls expressions and inheritance require review; numbers are atoms not coordinates"
"lua/vgui/dnumberwang.lua","156","self","SetText","","","reference_only","not_run","Single-line literal scan; multiline calls expressions and inheritance require review; numbers are atoms not coordinates"
"lua/vgui/dnumberwang.lua","178","self.Up","SetSize","","1","reference_only","not_run","Single-line literal scan; multiline calls expressions and inheritance require review; numbers are atoms not coordinates"
"lua/vgui/dnumberwang.lua","182","self.Down","SetSize","","1","reference_only","not_run","Single-line literal scan; multiline calls expressions and inheritance require review; numbers are atoms not coordinates"
"lua/vgui/dnumberwang.lua","210","self","SetWide","","6|10|5|5","reference_only","not_run","Single-line literal scan; multiline calls expressions and inheritance require review; numbers are atoms not coordinates"
"lua/vgui/dnumberwang.lua","243","vgui","Create","","","reference_only","not_run","Single-line literal scan; multiline calls expressions and inheritance require review; numbers are atoms not coordinates"
"lua/vgui/dnumpad.lua","24","vgui","Create","DButton","","reference_only","not_run","Single-line literal scan; multiline calls expressions and inheritance require review; numbers are atoms not coordinates"
"lua/vgui/dnumpad.lua","95","self","SetSize","","4|2|5|2","reference_only","not_run","Single-line literal scan; multiline calls expressions and inheritance require review; numbers are atoms not coordinates"
"lua/vgui/dnumslider.lua","9","self.TextArea","Dock","","","reference_only","not_run","Single-line literal scan; multiline calls expressions and inheritance require review; numbers are atoms not coordinates"
"lua/vgui/dnumslider.lua","11","self.TextArea","SetWide","","45","reference_only","not_run","Single-line literal scan; multiline calls expressions and inheritance require review; numbers are atoms not coordinates"
"lua/vgui/dnumslider.lua","21","self.Slider","Dock","","","reference_only","not_run","Single-line literal scan; multiline calls expressions and inheritance require review; numbers are atoms not coordinates"
"lua/vgui/dnumslider.lua","51","vgui","Create","DLabel","","reference_only","not_run","Single-line literal scan; multiline calls expressions and inheritance require review; numbers are atoms not coordinates"
"lua/vgui/dnumslider.lua","52","self.Label","Dock","","","reference_only","not_run","Single-line literal scan; multiline calls expressions and inheritance require review; numbers are atoms not coordinates"
"lua/vgui/dnumslider.lua","53","self.Label","SetMouseInputEnabled","","","reference_only","not_run","Single-line literal scan; multiline calls expressions and inheritance require review; numbers are atoms not coordinates"
"lua/vgui/dnumslider.lua","57","self.Scratch","Dock","","","reference_only","not_run","Single-line literal scan; multiline calls expressions and inheritance require review; numbers are atoms not coordinates"
"lua/vgui/dnumslider.lua","60","self","SetTall","","32","reference_only","not_run","Single-line literal scan; multiline calls expressions and inheritance require review; numbers are atoms not coordinates"
"lua/vgui/dnumslider.lua","65","self","SetText","","","reference_only","not_run","Single-line literal scan; multiline calls expressions and inheritance require review; numbers are atoms not coordinates"
"lua/vgui/dnumslider.lua","79","m","AddOption","#tool.reset_to_default","","reference_only","not_run","Single-line literal scan; multiline calls expressions and inheritance require review; numbers are atoms not coordinates"
"lua/vgui/dnumslider.lua","80","m","AddOption","#spawnmenu.menu.copy","","reference_only","not_run","Single-line literal scan; multiline calls expressions and inheritance require review; numbers are atoms not coordinates"
"lua/vgui/dnumslider.lua","193","self.Label","SetWide","","2.4","reference_only","not_run","Single-line literal scan; multiline calls expressions and inheritance require review; numbers are atoms not coordinates"
"lua/vgui/dnumslider.lua","197","PANEL","SetConVar","","","reference_only","not_run","Single-line literal scan; multiline calls expressions and inheritance require review; numbers are atoms not coordinates"
"lua/vgui/dnumslider.lua","198","self.Scratch","SetConVar","","","reference_only","not_run","Single-line literal scan; multiline calls expressions and inheritance require review; numbers are atoms not coordinates"
"lua/vgui/dnumslider.lua","199","self.TextArea","SetConVar","","","reference_only","not_run","Single-line literal scan; multiline calls expressions and inheritance require review; numbers are atoms not coordinates"
"lua/vgui/dnumslider.lua","202","PANEL","SetText","","","reference_only","not_run","Single-line literal scan; multiline calls expressions and inheritance require review; numbers are atoms not coordinates"
"lua/vgui/dnumslider.lua","203","self.Label","SetText","","","reference_only","not_run","Single-line literal scan; multiline calls expressions and inheritance require review; numbers are atoms not coordinates"
"lua/vgui/dnumslider.lua","274","vgui","Create","","","reference_only","not_run","Single-line literal scan; multiline calls expressions and inheritance require review; numbers are atoms not coordinates"
"lua/vgui/dnumslider.lua","275","ctrl","SetWide","","200","reference_only","not_run","Single-line literal scan; multiline calls expressions and inheritance require review; numbers are atoms not coordinates"
"lua/vgui/dnumslider.lua","278","ctrl","SetText","Example Slider!","","reference_only","not_run","Single-line literal scan; multiline calls expressions and inheritance require review; numbers are atoms not coordinates"
"lua/vgui/dpanel.lua","32","self","SetMouseInputEnabled","","","reference_only","not_run","Single-line literal scan; multiline calls expressions and inheritance require review; numbers are atoms not coordinates"
"lua/vgui/dpanel.lua","35","self","SetMouseInputEnabled","","","reference_only","not_run","Single-line literal scan; multiline calls expressions and inheritance require review; numbers are atoms not coordinates"
"lua/vgui/dpanellist.lua","19","vgui","Create","DPanel","","reference_only","not_run","Single-line literal scan; multiline calls expressions and inheritance require review; numbers are atoms not coordinates"
"lua/vgui/dpanellist.lua","23","self.pnlCanvas","SetMouseInputEnabled","","","reference_only","not_run","Single-line literal scan; multiline calls expressions and inheritance require review; numbers are atoms not coordinates"
"lua/vgui/dpanellist.lua","39","self","SetMouseInputEnabled","","","reference_only","not_run","Single-line literal scan; multiline calls expressions and inheritance require review; numbers are atoms not coordinates"
"lua/vgui/dpanellist.lua","55","self","SetSize","","","reference_only","not_run","Single-line literal scan; multiline calls expressions and inheritance require review; numbers are atoms not coordinates"
"lua/vgui/dpanellist.lua","77","vgui","Create","DVScrollBar","","reference_only","not_run","Single-line literal scan; multiline calls expressions and inheritance require review; numbers are atoms not coordinates"
"lua/vgui/dpanellist.lua","185","PanelToMove","SetPos","","","reference_only","not_run","Single-line literal scan; multiline calls expressions and inheritance require review; numbers are atoms not coordinates"
"lua/vgui/dpanellist.lua","257","panel","SetPos","","","reference_only","not_run","Single-line literal scan; multiline calls expressions and inheritance require review; numbers are atoms not coordinates"
"lua/vgui/dpanellist.lua","286","panel","SetPos","","0.5","reference_only","not_run","Single-line literal scan; multiline calls expressions and inheritance require review; numbers are atoms not coordinates"
"lua/vgui/dpanellist.lua","289","panel","SetSize","","2","reference_only","not_run","Single-line literal scan; multiline calls expressions and inheritance require review; numbers are atoms not coordinates"
"lua/vgui/dpanellist.lua","293","panel","SetPos","","","reference_only","not_run","Single-line literal scan; multiline calls expressions and inheritance require review; numbers are atoms not coordinates"
"lua/vgui/dpanellist.lua","341","self.pnlCanvas","SetPos","","0","reference_only","not_run","Single-line literal scan; multiline calls expressions and inheritance require review; numbers are atoms not coordinates"
"lua/vgui/dpanellist.lua","359","self.VBar","SetPos","","13|0","reference_only","not_run","Single-line literal scan; multiline calls expressions and inheritance require review; numbers are atoms not coordinates"
"lua/vgui/dpanellist.lua","360","self.VBar","SetSize","","13","reference_only","not_run","Single-line literal scan; multiline calls expressions and inheritance require review; numbers are atoms not coordinates"
"lua/vgui/dpanellist.lua","368","self.pnlCanvas","SetPos","","0","reference_only","not_run","Single-line literal scan; multiline calls expressions and inheritance require review; numbers are atoms not coordinates"
"lua/vgui/dpanellist.lua","369","self.pnlCanvas","SetWide","","","reference_only","not_run","Single-line literal scan; multiline calls expressions and inheritance require review; numbers are atoms not coordinates"
"lua/vgui/dpanellist.lua","375","self","SetTall","","","reference_only","not_run","Single-line literal scan; multiline calls expressions and inheritance require review; numbers are atoms not coordinates"
"lua/vgui/dpanellist.lua","376","self.pnlCanvas","SetPos","","0|0","reference_only","not_run","Single-line literal scan; multiline calls expressions and inheritance require review; numbers are atoms not coordinates"
"lua/vgui/dpaneloverlay.lua","12","self","SetMouseInputEnabled","","","reference_only","not_run","Single-line literal scan; multiline calls expressions and inheritance require review; numbers are atoms not coordinates"
"lua/vgui/dpaneloverlay.lua","13","self","SetKeyboardInputEnabled","","","reference_only","not_run","Single-line literal scan; multiline calls expressions and inheritance require review; numbers are atoms not coordinates"
"lua/vgui/dpaneloverlay.lua","49","self","SetPos","","0|0","reference_only","not_run","Single-line literal scan; multiline calls expressions and inheritance require review; numbers are atoms not coordinates"
"lua/vgui/dpaneloverlay.lua","50","self","SetSize","","","reference_only","not_run","Single-line literal scan; multiline calls expressions and inheritance require review; numbers are atoms not coordinates"
"lua/vgui/DPanPanel.lua","8","vgui","Create","Panel","","reference_only","not_run","Single-line literal scan; multiline calls expressions and inheritance require review; numbers are atoms not coordinates"
"lua/vgui/DPanPanel.lua","28","self","SetPos","","","reference_only","not_run","Single-line literal scan; multiline calls expressions and inheritance require review; numbers are atoms not coordinates"
"lua/vgui/DPanPanel.lua","53","self","SetMouseInputEnabled","","","reference_only","not_run","Single-line literal scan; multiline calls expressions and inheritance require review; numbers are atoms not coordinates"
"lua/vgui/DPanPanel.lua","106","p","SetPos","","","reference_only","not_run","Single-line literal scan; multiline calls expressions and inheritance require review; numbers are atoms not coordinates"
"lua/vgui/DPanPanel.lua","110","can","SetPos","","","reference_only","not_run","Single-line literal scan; multiline calls expressions and inheritance require review; numbers are atoms not coordinates"
"lua/vgui/DPanPanel.lua","116","self","SetSize","","","reference_only","not_run","Single-line literal scan; multiline calls expressions and inheritance require review; numbers are atoms not coordinates"
"lua/vgui/DPanPanel.lua","148","can","SetPos","","0","reference_only","not_run","Single-line literal scan; multiline calls expressions and inheritance require review; numbers are atoms not coordinates"
"lua/vgui/DPanPanel.lua","155","can","SetPos","","","reference_only","not_run","Single-line literal scan; multiline calls expressions and inheritance require review; numbers are atoms not coordinates"
"lua/vgui/DPanPanel.lua","162","can","SetPos","","0","reference_only","not_run","Single-line literal scan; multiline calls expressions and inheritance require review; numbers are atoms not coordinates"
"lua/vgui/DPanPanel.lua","169","can","SetPos","","","reference_only","not_run","Single-line literal scan; multiline calls expressions and inheritance require review; numbers are atoms not coordinates"
"lua/vgui/DPanPanel.lua","176","can","SetPos","","0","reference_only","not_run","Single-line literal scan; multiline calls expressions and inheritance require review; numbers are atoms not coordinates"
"lua/vgui/DPanPanel.lua","183","can","SetPos","","","reference_only","not_run","Single-line literal scan; multiline calls expressions and inheritance require review; numbers are atoms not coordinates"
"lua/vgui/DPanPanel.lua","190","can","SetPos","","0","reference_only","not_run","Single-line literal scan; multiline calls expressions and inheritance require review; numbers are atoms not coordinates"
"lua/vgui/DPanPanel.lua","197","can","SetPos","","","reference_only","not_run","Single-line literal scan; multiline calls expressions and inheritance require review; numbers are atoms not coordinates"
"lua/vgui/DPanPanel.lua","208","vgui","Create","Panel","","reference_only","not_run","Single-line literal scan; multiline calls expressions and inheritance require review; numbers are atoms not coordinates"
"lua/vgui/DPanPanel.lua","209","dpan","Dock","","","reference_only","not_run","Single-line literal scan; multiline calls expressions and inheritance require review; numbers are atoms not coordinates"
"lua/vgui/DPanPanel.lua","212","vgui","Create","DPanel","","reference_only","not_run","Single-line literal scan; multiline calls expressions and inheritance require review; numbers are atoms not coordinates"
"lua/vgui/DPanPanel.lua","213","dpl","SetSize","","200|200","reference_only","not_run","Single-line literal scan; multiline calls expressions and inheritance require review; numbers are atoms not coordinates"
"lua/vgui/DPanPanel.lua","214","dpl","SetPos","","100|100","reference_only","not_run","Single-line literal scan; multiline calls expressions and inheritance require review; numbers are atoms not coordinates"
"lua/vgui/DPanPanel.lua","216","vgui","Create","DPanPanel","","reference_only","not_run","Single-line literal scan; multiline calls expressions and inheritance require review; numbers are atoms not coordinates"
"lua/vgui/DPanPanel.lua","217","panl","Dock","","","reference_only","not_run","Single-line literal scan; multiline calls expressions and inheritance require review; numbers are atoms not coordinates"
"lua/vgui/DPanPanel.lua","220","bl1","SetText","Small","","reference_only","not_run","Single-line literal scan; multiline calls expressions and inheritance require review; numbers are atoms not coordinates"
"lua/vgui/DPanPanel.lua","223","bl2","SetPos","","100|100","reference_only","not_run","Single-line literal scan; multiline calls expressions and inheritance require review; numbers are atoms not coordinates"
"lua/vgui/DPanPanel.lua","224","bl2","SetText","Contents","","reference_only","not_run","Single-line literal scan; multiline calls expressions and inheritance require review; numbers are atoms not coordinates"
"lua/vgui/DPanPanel.lua","228","vgui","Create","DPanel","","reference_only","not_run","Single-line literal scan; multiline calls expressions and inheritance require review; numbers are atoms not coordinates"
"lua/vgui/DPanPanel.lua","229","dpr","SetWide","","2","reference_only","not_run","Single-line literal scan; multiline calls expressions and inheritance require review; numbers are atoms not coordinates"
"lua/vgui/DPanPanel.lua","230","dpr","SetSize","","200|200","reference_only","not_run","Single-line literal scan; multiline calls expressions and inheritance require review; numbers are atoms not coordinates"
"lua/vgui/DPanPanel.lua","231","dpr","SetPos","","310|100","reference_only","not_run","Single-line literal scan; multiline calls expressions and inheritance require review; numbers are atoms not coordinates"
"lua/vgui/DPanPanel.lua","233","vgui","Create","DPanPanel","","reference_only","not_run","Single-line literal scan; multiline calls expressions and inheritance require review; numbers are atoms not coordinates"
"lua/vgui/DPanPanel.lua","234","panr","Dock","","","reference_only","not_run","Single-line literal scan; multiline calls expressions and inheritance require review; numbers are atoms not coordinates"
"lua/vgui/DPanPanel.lua","237","br1","SetText","Big","","reference_only","not_run","Single-line literal scan; multiline calls expressions and inheritance require review; numbers are atoms not coordinates"
"lua/vgui/DPanPanel.lua","240","br2","SetPos","","300|300","reference_only","not_run","Single-line literal scan; multiline calls expressions and inheritance require review; numbers are atoms not coordinates"
"lua/vgui/DPanPanel.lua","241","br2","SetText","Contents","","reference_only","not_run","Single-line literal scan; multiline calls expressions and inheritance require review; numbers are atoms not coordinates"
"lua/vgui/dprogress.lua","10","self","SetMouseInputEnabled","","","reference_only","not_run","Single-line literal scan; multiline calls expressions and inheritance require review; numbers are atoms not coordinates"
"lua/vgui/dprogress.lua","17","vgui","Create","","","reference_only","not_run","Single-line literal scan; multiline calls expressions and inheritance require review; numbers are atoms not coordinates"
"lua/vgui/dprogress.lua","19","ctrl","SetSize","","300|20","reference_only","not_run","Single-line literal scan; multiline calls expressions and inheritance require review; numbers are atoms not coordinates"
"lua/vgui/dproperties.lua","9","self","Dock","","","reference_only","not_run","Single-line literal scan; multiline calls expressions and inheritance require review; numbers are atoms not coordinates"
"lua/vgui/dproperties.lua","12","self.Label","Dock","","","reference_only","not_run","Single-line literal scan; multiline calls expressions and inheritance require review; numbers are atoms not coordinates"
"lua/vgui/dproperties.lua","13","self.Label","DockMargin","","4|2|2|2","reference_only","not_run","Single-line literal scan; multiline calls expressions and inheritance require review; numbers are atoms not coordinates"
"lua/vgui/dproperties.lua","16","self.Container","Dock","","","reference_only","not_run","Single-line literal scan; multiline calls expressions and inheritance require review; numbers are atoms not coordinates"
"lua/vgui/dproperties.lua","22","self","SetTall","","20","reference_only","not_run","Single-line literal scan; multiline calls expressions and inheritance require review; numbers are atoms not coordinates"
"lua/vgui/dproperties.lua","23","self.Label","SetWide","","0.45","reference_only","not_run","Single-line literal scan; multiline calls expressions and inheritance require review; numbers are atoms not coordinates"
"lua/vgui/dproperties.lua","51","self.Inner","Dock","","","reference_only","not_run","Single-line literal scan; multiline calls expressions and inheritance require review; numbers are atoms not coordinates"
"lua/vgui/dproperties.lua","130","self","Dock","","","reference_only","not_run","Single-line literal scan; multiline calls expressions and inheritance require review; numbers are atoms not coordinates"
"lua/vgui/dproperties.lua","136","self.Label","Dock","","","reference_only","not_run","Single-line literal scan; multiline calls expressions and inheritance require review; numbers are atoms not coordinates"
"lua/vgui/dproperties.lua","140","self.Expand","Dock","","","reference_only","not_run","Single-line literal scan; multiline calls expressions and inheritance require review; numbers are atoms not coordinates"
"lua/vgui/dproperties.lua","141","self.Expand","SetSize","","16|16","reference_only","not_run","Single-line literal scan; multiline calls expressions and inheritance require review; numbers are atoms not coordinates"
"lua/vgui/dproperties.lua","142","self.Expand","DockMargin","","0|4|0|4","reference_only","not_run","Single-line literal scan; multiline calls expressions and inheritance require review; numbers are atoms not coordinates"
"lua/vgui/dproperties.lua","152","self.Header","Dock","","","reference_only","not_run","Single-line literal scan; multiline calls expressions and inheritance require review; numbers are atoms not coordinates"
"lua/vgui/dproperties.lua","155","self.Container","Dock","","","reference_only","not_run","Single-line literal scan; multiline calls expressions and inheritance require review; numbers are atoms not coordinates"
"lua/vgui/dproperties.lua","156","self.Container","DockMargin","","16|0|0|0","reference_only","not_run","Single-line literal scan; multiline calls expressions and inheritance require review; numbers are atoms not coordinates"
"lua/vgui/dproperties.lua","171","self.Label","DockMargin","","4|0|0|0","reference_only","not_run","Single-line literal scan; multiline calls expressions and inheritance require review; numbers are atoms not coordinates"
"lua/vgui/dproperties.lua","182","row.Label","SetText","","","reference_only","not_run","Single-line literal scan; multiline calls expressions and inheritance require review; numbers are atoms not coordinates"
"lua/vgui/dproperties.lua","230","self.Canvas","Dock","","","reference_only","not_run","Single-line literal scan; multiline calls expressions and inheritance require review; numbers are atoms not coordinates"
"lua/vgui/dproperties.lua","249","cat.Label","SetText","","","reference_only","not_run","Single-line literal scan; multiline calls expressions and inheritance require review; numbers are atoms not coordinates"
"lua/vgui/dpropertysheet.lua","11","self","SetMouseInputEnabled","","","reference_only","not_run","Single-line literal scan; multiline calls expressions and inheritance require review; numbers are atoms not coordinates"
"lua/vgui/dpropertysheet.lua","19","self","SetText","","","reference_only","not_run","Single-line literal scan; multiline calls expressions and inheritance require review; numbers are atoms not coordinates"
"lua/vgui/dpropertysheet.lua","25","vgui","Create","DImage","","reference_only","not_run","Single-line literal scan; multiline calls expressions and inheritance require review; numbers are atoms not coordinates"
"lua/vgui/dpropertysheet.lua","26","self.Image","SetImage","","","reference_only","not_run","Single-line literal scan; multiline calls expressions and inheritance require review; numbers are atoms not coordinates"
"lua/vgui/dpropertysheet.lua","50","self.Image","SetPos","","7|3","reference_only","not_run","Single-line literal scan; multiline calls expressions and inheritance require review; numbers are atoms not coordinates"
"lua/vgui/dpropertysheet.lua","102","self","SetSize","","10","reference_only","not_run","Single-line literal scan; multiline calls expressions and inheritance require review; numbers are atoms not coordinates"
"lua/vgui/dpropertysheet.lua","130","tabs","AddOption","","","reference_only","not_run","Single-line literal scan; multiline calls expressions and inheritance require review; numbers are atoms not coordinates"
"lua/vgui/dpropertysheet.lua","161","vgui","Create","DHorizontalScroller","","reference_only","not_run","Single-line literal scan; multiline calls expressions and inheritance require review; numbers are atoms not coordinates"
"lua/vgui/dpropertysheet.lua","163","self.tabScroller","Dock","","","reference_only","not_run","Single-line literal scan; multiline calls expressions and inheritance require review; numbers are atoms not coordinates"
"lua/vgui/dpropertysheet.lua","164","self.tabScroller","DockMargin","","3|0|3|0","reference_only","not_run","Single-line literal scan; multiline calls expressions and inheritance require review; numbers are atoms not coordinates"
"lua/vgui/dpropertysheet.lua","187","vgui","Create","DTab","","reference_only","not_run","Single-line literal scan; multiline calls expressions and inheritance require review; numbers are atoms not coordinates"
"lua/vgui/dpropertysheet.lua","194","Sheet.Panel","SetPos","","20","reference_only","not_run","Single-line literal scan; multiline calls expressions and inheritance require review; numbers are atoms not coordinates"
"lua/vgui/dpropertysheet.lua","315","self.tabScroller","SetTall","","","reference_only","not_run","Single-line literal scan; multiline calls expressions and inheritance require review; numbers are atoms not coordinates"
"lua/vgui/dpropertysheet.lua","339","ActivePanel","SetWide","","2","reference_only","not_run","Single-line literal scan; multiline calls expressions and inheritance require review; numbers are atoms not coordinates"
"lua/vgui/dpropertysheet.lua","346","ActivePanel","SetTall","","","reference_only","not_run","Single-line literal scan; multiline calls expressions and inheritance require review; numbers are atoms not coordinates"
"lua/vgui/dpropertysheet.lua","372","self","SetWide","","","reference_only","not_run","Single-line literal scan; multiline calls expressions and inheritance require review; numbers are atoms not coordinates"
"lua/vgui/dpropertysheet.lua","394","self.CloseButton","SetImage","icon16/circlecross.png","","reference_only","not_run","Single-line literal scan; multiline calls expressions and inheritance require review; numbers are atoms not coordinates"
"lua/vgui/dpropertysheet.lua","396","self.CloseButton","DockMargin","","1|1|1|9","reference_only","not_run","Single-line literal scan; multiline calls expressions and inheritance require review; numbers are atoms not coordinates"
"lua/vgui/dpropertysheet.lua","397","self.CloseButton","SetWide","","18","reference_only","not_run","Single-line literal scan; multiline calls expressions and inheritance require review; numbers are atoms not coordinates"
"lua/vgui/dpropertysheet.lua","398","self.CloseButton","Dock","","","reference_only","not_run","Single-line literal scan; multiline calls expressions and inheritance require review; numbers are atoms not coordinates"
"lua/vgui/drgbpicker.lua","71","surface","SetMaterial","","","reference_only","not_run","Single-line literal scan; multiline calls expressions and inheritance require review; numbers are atoms not coordinates"
"lua/vgui/dscrollpanel.lua","9","vgui","Create","Panel","","reference_only","not_run","Single-line literal scan; multiline calls expressions and inheritance require review; numbers are atoms not coordinates"
"lua/vgui/dscrollpanel.lua","11","self.pnlCanvas","SetMouseInputEnabled","","","reference_only","not_run","Single-line literal scan; multiline calls expressions and inheritance require review; numbers are atoms not coordinates"
"lua/vgui/dscrollpanel.lua","20","vgui","Create","DVScrollBar","","reference_only","not_run","Single-line literal scan; multiline calls expressions and inheritance require review; numbers are atoms not coordinates"
"lua/vgui/dscrollpanel.lua","21","self.VBar","Dock","","","reference_only","not_run","Single-line literal scan; multiline calls expressions and inheritance require review; numbers are atoms not coordinates"
"lua/vgui/dscrollpanel.lua","24","self","SetMouseInputEnabled","","","reference_only","not_run","Single-line literal scan; multiline calls expressions and inheritance require review; numbers are atoms not coordinates"
"lua/vgui/dscrollpanel.lua","47","self","SetSize","","","reference_only","not_run","Single-line literal scan; multiline calls expressions and inheritance require review; numbers are atoms not coordinates"
"lua/vgui/dscrollpanel.lua","90","self.pnlCanvas","SetPos","","0","reference_only","not_run","Single-line literal scan; multiline calls expressions and inheritance require review; numbers are atoms not coordinates"
"lua/vgui/dscrollpanel.lua","122","self.pnlCanvas","SetPos","","0","reference_only","not_run","Single-line literal scan; multiline calls expressions and inheritance require review; numbers are atoms not coordinates"
"lua/vgui/dscrollpanel.lua","123","self.pnlCanvas","SetWide","","","reference_only","not_run","Single-line literal scan; multiline calls expressions and inheritance require review; numbers are atoms not coordinates"
"lua/vgui/dshape.lua","21","self","SetMouseInputEnabled","","","reference_only","not_run","Single-line literal scan; multiline calls expressions and inheritance require review; numbers are atoms not coordinates"
"lua/vgui/dshape.lua","22","self","SetKeyboardInputEnabled","","","reference_only","not_run","Single-line literal scan; multiline calls expressions and inheritance require review; numbers are atoms not coordinates"
"lua/vgui/dshape.lua","36","vgui","Create","DShape","","reference_only","not_run","Single-line literal scan; multiline calls expressions and inheritance require review; numbers are atoms not coordinates"
"lua/vgui/dshape.lua","38","shape","SetPos","","","reference_only","not_run","Single-line literal scan; multiline calls expressions and inheritance require review; numbers are atoms not coordinates"
"lua/vgui/dshape.lua","39","shape","SetSize","","","reference_only","not_run","Single-line literal scan; multiline calls expressions and inheritance require review; numbers are atoms not coordinates"
"lua/vgui/dsizetocontents.lua","8","self","SetMouseInputEnabled","","","reference_only","not_run","Single-line literal scan; multiline calls expressions and inheritance require review; numbers are atoms not coordinates"
"lua/vgui/dslider.lua","17","self","SetMouseInputEnabled","","","reference_only","not_run","Single-line literal scan; multiline calls expressions and inheritance require review; numbers are atoms not coordinates"
"lua/vgui/dslider.lua","22","vgui","Create","DButton","","reference_only","not_run","Single-line literal scan; multiline calls expressions and inheritance require review; numbers are atoms not coordinates"
"lua/vgui/dslider.lua","23","self.Knob","SetText","","","reference_only","not_run","Single-line literal scan; multiline calls expressions and inheritance require review; numbers are atoms not coordinates"
"lua/vgui/dslider.lua","24","self.Knob","SetSize","","15|15","reference_only","not_run","Single-line literal scan; multiline calls expressions and inheritance require review; numbers are atoms not coordinates"
"lua/vgui/dslider.lua","68","vgui","Create","DImage","","reference_only","not_run","Single-line literal scan; multiline calls expressions and inheritance require review; numbers are atoms not coordinates"
"lua/vgui/dslider.lua","71","self.BGImage","SetImage","","","reference_only","not_run","Single-line literal scan; multiline calls expressions and inheritance require review; numbers are atoms not coordinates"
"lua/vgui/dslider.lua","149","self.Knob","SetPos","","0|0","reference_only","not_run","Single-line literal scan; multiline calls expressions and inheritance require review; numbers are atoms not coordinates"
"lua/vgui/dslider.lua","153","self.Knob","SetPos","","0|0.5|0|0.5","reference_only","not_run","Single-line literal scan; multiline calls expressions and inheritance require review; numbers are atoms not coordinates"
"lua/vgui/dslider.lua","260","PANEL","SetImage","","","reference_only","not_run","Single-line literal scan; multiline calls expressions and inheritance require review; numbers are atoms not coordinates"
"lua/vgui/dsprite.lua","15","self","SetMouseInputEnabled","","","reference_only","not_run","Single-line literal scan; multiline calls expressions and inheritance require review; numbers are atoms not coordinates"
"lua/vgui/dsprite.lua","16","self","SetKeyboardInputEnabled","","","reference_only","not_run","Single-line literal scan; multiline calls expressions and inheritance require review; numbers are atoms not coordinates"
"lua/vgui/dsprite.lua","27","surface","SetMaterial","","","reference_only","not_run","Single-line literal scan; multiline calls expressions and inheritance require review; numbers are atoms not coordinates"
"lua/vgui/dsprite.lua","40","vgui","Create","","","reference_only","not_run","Single-line literal scan; multiline calls expressions and inheritance require review; numbers are atoms not coordinates"
"lua/vgui/dsprite.lua","41","ctrl","SetMaterial","brick/brick_model","","reference_only","not_run","Single-line literal scan; multiline calls expressions and inheritance require review; numbers are atoms not coordinates"
"lua/vgui/dsprite.lua","42","ctrl","SetSize","","200|200","reference_only","not_run","Single-line literal scan; multiline calls expressions and inheritance require review; numbers are atoms not coordinates"
"lua/vgui/dsprite.lua","52","vgui","Create","DSprite","","reference_only","not_run","Single-line literal scan; multiline calls expressions and inheritance require review; numbers are atoms not coordinates"
"lua/vgui/dsprite.lua","53","sprite","SetMaterial","","","reference_only","not_run","Single-line literal scan; multiline calls expressions and inheritance require review; numbers are atoms not coordinates"
"lua/vgui/dtextentry.lua","52","self","SetTall","","20","reference_only","not_run","Single-line literal scan; multiline calls expressions and inheritance require review; numbers are atoms not coordinates"
"lua/vgui/dtextentry.lua","60","self","SetFont","DermaDefault","","reference_only","not_run","Single-line literal scan; multiline calls expressions and inheritance require review; numbers are atoms not coordinates"
"lua/vgui/dtextentry.lua","149","self","SetText","","","reference_only","not_run","Single-line literal scan; multiline calls expressions and inheritance require review; numbers are atoms not coordinates"
"lua/vgui/dtextentry.lua","170","self","SetText","","","reference_only","not_run","Single-line literal scan; multiline calls expressions and inheritance require review; numbers are atoms not coordinates"
"lua/vgui/dtextentry.lua","179","self","SetText","","","reference_only","not_run","Single-line literal scan; multiline calls expressions and inheritance require review; numbers are atoms not coordinates"
"lua/vgui/dtextentry.lua","230","self.Menu","AddOption","","","reference_only","not_run","Single-line literal scan; multiline calls expressions and inheritance require review; numbers are atoms not coordinates"
"lua/vgui/dtextentry.lua","230","self","SetText","","","reference_only","not_run","Single-line literal scan; multiline calls expressions and inheritance require review; numbers are atoms not coordinates"
"lua/vgui/dtextentry.lua","237","self.Menu","SetPos","","","reference_only","not_run","Single-line literal scan; multiline calls expressions and inheritance require review; numbers are atoms not coordinates"
"lua/vgui/dtextentry.lua","293","self","SetText","","","reference_only","not_run","Single-line literal scan; multiline calls expressions and inheritance require review; numbers are atoms not coordinates"
"lua/vgui/dtextentry.lua","340","self","SetKeyboardInputEnabled","","","reference_only","not_run","Single-line literal scan; multiline calls expressions and inheritance require review; numbers are atoms not coordinates"
"lua/vgui/dtextentry.lua","341","self","SetMouseInputEnabled","","","reference_only","not_run","Single-line literal scan; multiline calls expressions and inheritance require review; numbers are atoms not coordinates"
"lua/vgui/dtextentry.lua","405","vgui","Create","","","reference_only","not_run","Single-line literal scan; multiline calls expressions and inheritance require review; numbers are atoms not coordinates"
"lua/vgui/dtextentry.lua","406","ctrl","SetText","Edit Me!","","reference_only","not_run","Single-line literal scan; multiline calls expressions and inheritance require review; numbers are atoms not coordinates"
"lua/vgui/dtextentry.lua","407","ctrl","SetWide","","150","reference_only","not_run","Single-line literal scan; multiline calls expressions and inheritance require review; numbers are atoms not coordinates"
"lua/vgui/dtilelayout.lua","15","self","SetSpaceX","","0","reference_only","not_run","Single-line literal scan; multiline calls expressions and inheritance require review; numbers are atoms not coordinates"
"lua/vgui/dtilelayout.lua","16","self","SetSpaceY","","0","reference_only","not_run","Single-line literal scan; multiline calls expressions and inheritance require review; numbers are atoms not coordinates"
"lua/vgui/dtilelayout.lua","17","self","SetBorder","","0","reference_only","not_run","Single-line literal scan; multiline calls expressions and inheritance require review; numbers are atoms not coordinates"
"lua/vgui/dtilelayout.lua","141","v","SetPos","","1|1","reference_only","not_run","Single-line literal scan; multiline calls expressions and inheritance require review; numbers are atoms not coordinates"
"lua/vgui/dtilelayout.lua","213","vgui","Create","DTileLayout","","reference_only","not_run","Single-line literal scan; multiline calls expressions and inheritance require review; numbers are atoms not coordinates"
"lua/vgui/dtilelayout.lua","217","copy","SetSpaceX","","","reference_only","not_run","Single-line literal scan; multiline calls expressions and inheritance require review; numbers are atoms not coordinates"
"lua/vgui/dtilelayout.lua","218","copy","SetSpaceY","","","reference_only","not_run","Single-line literal scan; multiline calls expressions and inheritance require review; numbers are atoms not coordinates"
"lua/vgui/dtilelayout.lua","219","copy","SetBorder","","","reference_only","not_run","Single-line literal scan; multiline calls expressions and inheritance require review; numbers are atoms not coordinates"
"lua/vgui/dtilelayout.lua","241","vgui","Create","","","reference_only","not_run","Single-line literal scan; multiline calls expressions and inheritance require review; numbers are atoms not coordinates"
"lua/vgui/dtilelayout.lua","243","pnl","SetWide","","196","reference_only","not_run","Single-line literal scan; multiline calls expressions and inheritance require review; numbers are atoms not coordinates"
"lua/vgui/dtilelayout.lua","246","pnl","SetSpaceX","","4","reference_only","not_run","Single-line literal scan; multiline calls expressions and inheritance require review; numbers are atoms not coordinates"
"lua/vgui/dtilelayout.lua","247","pnl","SetSpaceY","","8","reference_only","not_run","Single-line literal scan; multiline calls expressions and inheritance require review; numbers are atoms not coordinates"
"lua/vgui/dtilelayout.lua","248","pnl","SetBorder","","10","reference_only","not_run","Single-line literal scan; multiline calls expressions and inheritance require review; numbers are atoms not coordinates"
"lua/vgui/dtilelayout.lua","254","btn","SetSize","","32|32","reference_only","not_run","Single-line literal scan; multiline calls expressions and inheritance require review; numbers are atoms not coordinates"
"lua/vgui/dtilelayout.lua","255","btn","SetText","","","reference_only","not_run","Single-line literal scan; multiline calls expressions and inheritance require review; numbers are atoms not coordinates"
"lua/vgui/dtilelayout.lua","260","btn_br","SetSize","","32|32","reference_only","not_run","Single-line literal scan; multiline calls expressions and inheritance require review; numbers are atoms not coordinates"
"lua/vgui/dtilelayout.lua","261","btn_br","SetText","<br>","","reference_only","not_run","Single-line literal scan; multiline calls expressions and inheritance require review; numbers are atoms not coordinates"
"lua/vgui/dtilelayout.lua","267","btn","SetSize","","32|32","reference_only","not_run","Single-line literal scan; multiline calls expressions and inheritance require review; numbers are atoms not coordinates"
"lua/vgui/dtilelayout.lua","268","btn","SetText","","10","reference_only","not_run","Single-line literal scan; multiline calls expressions and inheritance require review; numbers are atoms not coordinates"
"lua/vgui/dtooltip.lua","14","self","SetText","","","reference_only","not_run","Single-line literal scan; multiline calls expressions and inheritance require review; numbers are atoms not coordinates"
"lua/vgui/dtooltip.lua","15","self","SetFont","Default","","reference_only","not_run","Single-line literal scan; multiline calls expressions and inheritance require review; numbers are atoms not coordinates"
"lua/vgui/dtooltip.lua","42","self","SetWide","","8","reference_only","not_run","Single-line literal scan; multiline calls expressions and inheritance require review; numbers are atoms not coordinates"
"lua/vgui/dtooltip.lua","43","self","SetTall","","8","reference_only","not_run","Single-line literal scan; multiline calls expressions and inheritance require review; numbers are atoms not coordinates"
"lua/vgui/dtooltip.lua","44","self.Contents","SetPos","","4|4","reference_only","not_run","Single-line literal scan; multiline calls expressions and inheritance require review; numbers are atoms not coordinates"
"lua/vgui/dtooltip.lua","50","self","SetSize","","8|6","reference_only","not_run","Single-line literal scan; multiline calls expressions and inheritance require review; numbers are atoms not coordinates"
"lua/vgui/dtooltip.lua","63","surface","SetMaterial","","","reference_only","not_run","Single-line literal scan; multiline calls expressions and inheritance require review; numbers are atoms not coordinates"
"lua/vgui/dtooltip.lua","88","self","SetPos","","0.5|0|0","reference_only","not_run","Single-line literal scan; multiline calls expressions and inheritance require review; numbers are atoms not coordinates"
"lua/vgui/dtooltip.lua","139","vgui","Create","DButton","","reference_only","not_run","Single-line literal scan; multiline calls expressions and inheritance require review; numbers are atoms not coordinates"
"lua/vgui/dtooltip.lua","140","ctrl","SetText","Hover me","","reference_only","not_run","Single-line literal scan; multiline calls expressions and inheritance require review; numbers are atoms not coordinates"
"lua/vgui/dtooltip.lua","141","ctrl","SetWide","","200","reference_only","not_run","Single-line literal scan; multiline calls expressions and inheritance require review; numbers are atoms not coordinates"
"lua/vgui/dtree.lua","23","self.RootNode","Dock","","","reference_only","not_run","Single-line literal scan; multiline calls expressions and inheritance require review; numbers are atoms not coordinates"
"lua/vgui/dtree.lua","24","self.RootNode","SetText","","","reference_only","not_run","Single-line literal scan; multiline calls expressions and inheritance require review; numbers are atoms not coordinates"
"lua/vgui/dtree.lua","26","self.RootNode","DockMargin","","0|4|0|0","reference_only","not_run","Single-line literal scan; multiline calls expressions and inheritance require review; numbers are atoms not coordinates"
"lua/vgui/dtree.lua","117","vgui","Create","","","reference_only","not_run","Single-line literal scan; multiline calls expressions and inheritance require review; numbers are atoms not coordinates"
"lua/vgui/dtree.lua","119","ctrl","SetSize","","300|300","reference_only","not_run","Single-line literal scan; multiline calls expressions and inheritance require review; numbers are atoms not coordinates"
"lua/vgui/dtree_node.lua","31","vgui","Create","DTree_Node_Button","","reference_only","not_run","Single-line literal scan; multiline calls expressions and inheritance require review; numbers are atoms not coordinates"
"lua/vgui/dtree_node.lua","38","vgui","Create","DExpandButton","","reference_only","not_run","Single-line literal scan; multiline calls expressions and inheritance require review; numbers are atoms not coordinates"
"lua/vgui/dtree_node.lua","42","vgui","Create","DImage","","reference_only","not_run","Single-line literal scan; multiline calls expressions and inheritance require review; numbers are atoms not coordinates"
"lua/vgui/dtree_node.lua","43","self.Icon","SetImage","icon16/folder.png","","reference_only","not_run","Single-line literal scan; multiline calls expressions and inheritance require review; numbers are atoms not coordinates"
"lua/vgui/dtree_node.lua","118","self","SetTall","","","reference_only","not_run","Single-line literal scan; multiline calls expressions and inheritance require review; numbers are atoms not coordinates"
"lua/vgui/dtree_node.lua","125","self","SetTall","","","reference_only","not_run","Single-line literal scan; multiline calls expressions and inheritance require review; numbers are atoms not coordinates"
"lua/vgui/dtree_node.lua","134","self.Icon","SetImage","","","reference_only","not_run","Single-line literal scan; multiline calls expressions and inheritance require review; numbers are atoms not coordinates"
"lua/vgui/dtree_node.lua","149","PANEL","SetText","","","reference_only","not_run","Single-line literal scan; multiline calls expressions and inheritance require review; numbers are atoms not coordinates"
"lua/vgui/dtree_node.lua","151","self.Label","SetText","","","reference_only","not_run","Single-line literal scan; multiline calls expressions and inheritance require review; numbers are atoms not coordinates"
"lua/vgui/dtree_node.lua","258","self.ChildNodes","Dock","","","reference_only","not_run","Single-line literal scan; multiline calls expressions and inheritance require review; numbers are atoms not coordinates"
"lua/vgui/dtree_node.lua","259","self","SetTall","","","reference_only","not_run","Single-line literal scan; multiline calls expressions and inheritance require review; numbers are atoms not coordinates"
"lua/vgui/dtree_node.lua","277","self.Expander","SetPos","","-11|0","reference_only","not_run","Single-line literal scan; multiline calls expressions and inheritance require review; numbers are atoms not coordinates"
"lua/vgui/dtree_node.lua","278","self.Expander","SetSize","","15|15","reference_only","not_run","Single-line literal scan; multiline calls expressions and inheritance require review; numbers are atoms not coordinates"
"lua/vgui/dtree_node.lua","283","self.Expander","SetPos","","2|0","reference_only","not_run","Single-line literal scan; multiline calls expressions and inheritance require review; numbers are atoms not coordinates"
"lua/vgui/dtree_node.lua","284","self.Expander","SetSize","","15|15","reference_only","not_run","Single-line literal scan; multiline calls expressions and inheritance require review; numbers are atoms not coordinates"
"lua/vgui/dtree_node.lua","291","self.Label","SetTall","","","reference_only","not_run","Single-line literal scan; multiline calls expressions and inheritance require review; numbers are atoms not coordinates"
"lua/vgui/dtree_node.lua","295","self.Icon","SetPos","","4|0.5","reference_only","not_run","Single-line literal scan; multiline calls expressions and inheritance require review; numbers are atoms not coordinates"
"lua/vgui/dtree_node.lua","303","self","SetTall","","","reference_only","not_run","Single-line literal scan; multiline calls expressions and inheritance require review; numbers are atoms not coordinates"
"lua/vgui/dtree_node.lua","308","self","SetTall","","","reference_only","not_run","Single-line literal scan; multiline calls expressions and inheritance require review; numbers are atoms not coordinates"
"lua/vgui/dtree_node.lua","320","vgui","Create","DListLayout","","reference_only","not_run","Single-line literal scan; multiline calls expressions and inheritance require review; numbers are atoms not coordinates"
"lua/vgui/dtree_node.lua","357","vgui","Create","DTree_Node","","reference_only","not_run","Single-line literal scan; multiline calls expressions and inheritance require review; numbers are atoms not coordinates"
"lua/vgui/dtree_node.lua","358","pNode","SetText","","","reference_only","not_run","Single-line literal scan; multiline calls expressions and inheritance require review; numbers are atoms not coordinates"
"lua/vgui/dtree_node.lua","360","pNode","SetTall","","","reference_only","not_run","Single-line literal scan; multiline calls expressions and inheritance require review; numbers are atoms not coordinates"
"lua/vgui/dtree_node.lua","677","vgui","Create","DTree_Node","","reference_only","not_run","Single-line literal scan; multiline calls expressions and inheritance require review; numbers are atoms not coordinates"
"lua/vgui/dtree_node.lua","678","copy","SetText","","","reference_only","not_run","Single-line literal scan; multiline calls expressions and inheritance require review; numbers are atoms not coordinates"
"lua/vgui/dverticaldivider.lua","52","vgui","Create","DVerticalDividerBar","","reference_only","not_run","Single-line literal scan; multiline calls expressions and inheritance require review; numbers are atoms not coordinates"
"lua/vgui/dverticaldivider.lua","91","self.m_pTop","SetTall","","","reference_only","not_run","Single-line literal scan; multiline calls expressions and inheritance require review; numbers are atoms not coordinates"
"lua/vgui/dverticaldivider.lua","104","self.m_DragBar","SetTall","","","reference_only","not_run","Single-line literal scan; multiline calls expressions and inheritance require review; numbers are atoms not coordinates"
"lua/vgui/dverticaldivider.lua","165","vgui","Create","","","reference_only","not_run","Single-line literal scan; multiline calls expressions and inheritance require review; numbers are atoms not coordinates"
"lua/vgui/dverticaldivider.lua","166","ctrl","SetSize","","256|256","reference_only","not_run","Single-line literal scan; multiline calls expressions and inheritance require review; numbers are atoms not coordinates"
"lua/vgui/dverticaldivider.lua","167","vgui","Create","DButton","","reference_only","not_run","Single-line literal scan; multiline calls expressions and inheritance require review; numbers are atoms not coordinates"
"lua/vgui/dverticaldivider.lua","168","vgui","Create","DButton","","reference_only","not_run","Single-line literal scan; multiline calls expressions and inheritance require review; numbers are atoms not coordinates"
"lua/vgui/dvscrollbar.lua","56","vgui","Create","DButton","","reference_only","not_run","Single-line literal scan; multiline calls expressions and inheritance require review; numbers are atoms not coordinates"
"lua/vgui/dvscrollbar.lua","57","self.btnUp","SetText","","","reference_only","not_run","Single-line literal scan; multiline calls expressions and inheritance require review; numbers are atoms not coordinates"
"lua/vgui/dvscrollbar.lua","61","vgui","Create","DButton","","reference_only","not_run","Single-line literal scan; multiline calls expressions and inheritance require review; numbers are atoms not coordinates"
"lua/vgui/dvscrollbar.lua","62","self.btnDown","SetText","","","reference_only","not_run","Single-line literal scan; multiline calls expressions and inheritance require review; numbers are atoms not coordinates"
"lua/vgui/dvscrollbar.lua","66","vgui","Create","DScrollBarGrip","","reference_only","not_run","Single-line literal scan; multiline calls expressions and inheritance require review; numbers are atoms not coordinates"
"lua/vgui/dvscrollbar.lua","68","self","SetSize","","15|15","reference_only","not_run","Single-line literal scan; multiline calls expressions and inheritance require review; numbers are atoms not coordinates"
"lua/vgui/dvscrollbar.lua","83","self","SetMouseInputEnabled","","","reference_only","not_run","Single-line literal scan; multiline calls expressions and inheritance require review; numbers are atoms not coordinates"
"lua/vgui/dvscrollbar.lua","278","self.btnGrip","SetPos","","0","reference_only","not_run","Single-line literal scan; multiline calls expressions and inheritance require review; numbers are atoms not coordinates"
"lua/vgui/dvscrollbar.lua","279","self.btnGrip","SetSize","","","reference_only","not_run","Single-line literal scan; multiline calls expressions and inheritance require review; numbers are atoms not coordinates"
"lua/vgui/dvscrollbar.lua","282","self.btnUp","SetPos","","0|0","reference_only","not_run","Single-line literal scan; multiline calls expressions and inheritance require review; numbers are atoms not coordinates"
"lua/vgui/dvscrollbar.lua","283","self.btnUp","SetSize","","","reference_only","not_run","Single-line literal scan; multiline calls expressions and inheritance require review; numbers are atoms not coordinates"
"lua/vgui/dvscrollbar.lua","285","self.btnDown","SetPos","","0","reference_only","not_run","Single-line literal scan; multiline calls expressions and inheritance require review; numbers are atoms not coordinates"
"lua/vgui/dvscrollbar.lua","286","self.btnDown","SetSize","","","reference_only","not_run","Single-line literal scan; multiline calls expressions and inheritance require review; numbers are atoms not coordinates"
"lua/vgui/dvscrollbar.lua","293","self.btnDown","SetSize","","","reference_only","not_run","Single-line literal scan; multiline calls expressions and inheritance require review; numbers are atoms not coordinates"
"lua/vgui/dvscrollbar.lua","294","self.btnUp","SetSize","","","reference_only","not_run","Single-line literal scan; multiline calls expressions and inheritance require review; numbers are atoms not coordinates"
"lua/vgui/fingerposer.lua","40","vgui","Create","FingerVar","","reference_only","not_run","Single-line literal scan; multiline calls expressions and inheritance require review; numbers are atoms not coordinates"
"lua/vgui/fingerposer.lua","57","self.Label","SetText","#tool.finger.righthand","","reference_only","not_run","Single-line literal scan; multiline calls expressions and inheritance require review; numbers are atoms not coordinates"
"lua/vgui/fingerposer.lua","60","self.Label","SetText","#tool.finger.lefthand","","reference_only","not_run","Single-line literal scan; multiline calls expressions and inheritance require review; numbers are atoms not coordinates"
"lua/vgui/fingerposer.lua","76","self.Label","SetPos","","10|5","reference_only","not_run","Single-line literal scan; multiline calls expressions and inheritance require review; numbers are atoms not coordinates"
"lua/vgui/fingerposer.lua","77","self.Label","SetWide","","","reference_only","not_run","Single-line literal scan; multiline calls expressions and inheritance require review; numbers are atoms not coordinates"
"lua/vgui/fingerposer.lua","100","self","SetTall","","","reference_only","not_run","Single-line literal scan; multiline calls expressions and inheritance require review; numbers are atoms not coordinates"
"lua/vgui/fingerposer.lua","107","surface","SetMaterial","","","reference_only","not_run","Single-line literal scan; multiline calls expressions and inheritance require review; numbers are atoms not coordinates"
"lua/vgui/fingerposer.lua","178","vgui","Register","fingerposer|ContextBase","","reference_only","not_run","Single-line literal scan; multiline calls expressions and inheritance require review; numbers are atoms not coordinates"
"lua/vgui/fingervar.lua","19","self","SetMouseInputEnabled","","","reference_only","not_run","Single-line literal scan; multiline calls expressions and inheritance require review; numbers are atoms not coordinates"
"lua/vgui/fingervar.lua","21","self","SetSize","","48|48","reference_only","not_run","Single-line literal scan; multiline calls expressions and inheritance require review; numbers are atoms not coordinates"
"lua/vgui/fingervar.lua","79","self","SetMouseInputEnabled","","","reference_only","not_run","Single-line literal scan; multiline calls expressions and inheritance require review; numbers are atoms not coordinates"
"lua/vgui/fingervar.lua","92","self","SetMouseInputEnabled","","","reference_only","not_run","Single-line literal scan; multiline calls expressions and inheritance require review; numbers are atoms not coordinates"
"lua/vgui/fingervar.lua","167","vgui","Register","FingerVar|Panel","","reference_only","not_run","Single-line literal scan; multiline calls expressions and inheritance require review; numbers are atoms not coordinates"
"lua/vgui/imagecheckbox.lua","4","PANEL","SetMaterial","","","reference_only","not_run","Single-line literal scan; multiline calls expressions and inheritance require review; numbers are atoms not coordinates"
"lua/vgui/imagecheckbox.lua","10","vgui","Create","Material","","reference_only","not_run","Single-line literal scan; multiline calls expressions and inheritance require review; numbers are atoms not coordinates"
"lua/vgui/imagecheckbox.lua","11","self.MatOn","SetSize","","16|16","reference_only","not_run","Single-line literal scan; multiline calls expressions and inheritance require review; numbers are atoms not coordinates"
"lua/vgui/imagecheckbox.lua","12","self.MatOn","SetMaterial","","","reference_only","not_run","Single-line literal scan; multiline calls expressions and inheritance require review; numbers are atoms not coordinates"
"lua/vgui/imagecheckbox.lua","47","self","SetSize","","","reference_only","not_run","Single-line literal scan; multiline calls expressions and inheritance require review; numbers are atoms not coordinates"
"lua/vgui/imagecheckbox.lua","63","self.MatOn","SetPos","","2|2","reference_only","not_run","Single-line literal scan; multiline calls expressions and inheritance require review; numbers are atoms not coordinates"
"lua/vgui/imagecheckbox.lua","67","vgui","Register","ImageCheckBox|Button","","reference_only","not_run","Single-line literal scan; multiline calls expressions and inheritance require review; numbers are atoms not coordinates"
"lua/vgui/material.lua","10","self","SetMouseInputEnabled","","","reference_only","not_run","Single-line literal scan; multiline calls expressions and inheritance require review; numbers are atoms not coordinates"
"lua/vgui/material.lua","11","self","SetKeyboardInputEnabled","","","reference_only","not_run","Single-line literal scan; multiline calls expressions and inheritance require review; numbers are atoms not coordinates"
"lua/vgui/material.lua","19","surface","SetMaterial","","","reference_only","not_run","Single-line literal scan; multiline calls expressions and inheritance require review; numbers are atoms not coordinates"
"lua/vgui/material.lua","33","PANEL","SetMaterial","","","reference_only","not_run","Single-line literal scan; multiline calls expressions and inheritance require review; numbers are atoms not coordinates"
"lua/vgui/material.lua","56","self","SetSize","","","reference_only","not_run","Single-line literal scan; multiline calls expressions and inheritance require review; numbers are atoms not coordinates"
"lua/vgui/material.lua","60","vgui","Register","Material|Button","","reference_only","not_run","Single-line literal scan; multiline calls expressions and inheritance require review; numbers are atoms not coordinates"
"lua/vgui/matselect.lua","26","vgui","Create","DPanelList","","reference_only","not_run","Single-line literal scan; multiline calls expressions and inheritance require review; numbers are atoms not coordinates"
"lua/vgui/matselect.lua","51","vgui","Create","DImageButton","","reference_only","not_run","Single-line literal scan; multiline calls expressions and inheritance require review; numbers are atoms not coordinates"
"lua/vgui/matselect.lua","84","vgui","Create","DImageButton","","reference_only","not_run","Single-line literal scan; multiline calls expressions and inheritance require review; numbers are atoms not coordinates"
"lua/vgui/matselect.lua","85","Mat","SetImage","","","reference_only","not_run","Single-line literal scan; multiline calls expressions and inheritance require review; numbers are atoms not coordinates"
"lua/vgui/matselect.lua","171","pnl","SetSize","","","reference_only","not_run","Single-line literal scan; multiline calls expressions and inheritance require review; numbers are atoms not coordinates"
"lua/vgui/matselect.lua","194","v","SetSize","","","reference_only","not_run","Single-line literal scan; multiline calls expressions and inheritance require review; numbers are atoms not coordinates"
"lua/vgui/matselect.lua","203","self.List","SetPos","","0|0","reference_only","not_run","Single-line literal scan; multiline calls expressions and inheritance require review; numbers are atoms not coordinates"
"lua/vgui/matselect.lua","210","self.List","SetWide","","","reference_only","not_run","Single-line literal scan; multiline calls expressions and inheritance require review; numbers are atoms not coordinates"
"lua/vgui/matselect.lua","212","self","SetTall","","5","reference_only","not_run","Single-line literal scan; multiline calls expressions and inheritance require review; numbers are atoms not coordinates"
"lua/vgui/matselect.lua","230","self.List","SetSize","","","reference_only","not_run","Single-line literal scan; multiline calls expressions and inheritance require review; numbers are atoms not coordinates"
"lua/vgui/matselect.lua","231","self","SetTall","","5","reference_only","not_run","Single-line literal scan; multiline calls expressions and inheritance require review; numbers are atoms not coordinates"
"lua/vgui/matselect.lua","268","menu","AddOption","#spawnmenu.menu.copy","","reference_only","not_run","Single-line literal scan; multiline calls expressions and inheritance require review; numbers are atoms not coordinates"
"lua/vgui/matselect.lua","274","vgui","Register","MatSelect|ContextBase","","reference_only","not_run","Single-line literal scan; multiline calls expressions and inheritance require review; numbers are atoms not coordinates"
"lua/vgui/prop_boolean.lua","18","ctrl","SetPos","","0|2","reference_only","not_run","Single-line literal scan; multiline calls expressions and inheritance require review; numbers are atoms not coordinates"
"lua/vgui/prop_combo.lua","13","vgui","Create","DComboBox","","reference_only","not_run","Single-line literal scan; multiline calls expressions and inheritance require review; numbers are atoms not coordinates"
"lua/vgui/prop_combo.lua","14","combo","Dock","","","reference_only","not_run","Single-line literal scan; multiline calls expressions and inheritance require review; numbers are atoms not coordinates"
"lua/vgui/prop_combo.lua","15","combo","DockMargin","","0|1|2|2","reference_only","not_run","Single-line literal scan; multiline calls expressions and inheritance require review; numbers are atoms not coordinates"
"lua/vgui/prop_combo.lua","27","combo","AddChoice","","","reference_only","not_run","Single-line literal scan; multiline calls expressions and inheritance require review; numbers are atoms not coordinates"
"lua/vgui/prop_combo.lua","55","combo","AddChoice","","","reference_only","not_run","Single-line literal scan; multiline calls expressions and inheritance require review; numbers are atoms not coordinates"
"lua/vgui/prop_entity.lua","22","btn","Dock","","","reference_only","not_run","Single-line literal scan; multiline calls expressions and inheritance require review; numbers are atoms not coordinates"
"lua/vgui/prop_entity.lua","23","btn","DockMargin","","0|1|4|1","reference_only","not_run","Single-line literal scan; multiline calls expressions and inheritance require review; numbers are atoms not coordinates"
"lua/vgui/prop_entity.lua","24","btn","SetWide","","24","reference_only","not_run","Single-line literal scan; multiline calls expressions and inheritance require review; numbers are atoms not coordinates"
"lua/vgui/prop_entity.lua","25","btn","SetText","","","reference_only","not_run","Single-line literal scan; multiline calls expressions and inheritance require review; numbers are atoms not coordinates"
"lua/vgui/prop_entity.lua","26","btn","SetImage","icon16/wand.png","","reference_only","not_run","Single-line literal scan; multiline calls expressions and inheritance require review; numbers are atoms not coordinates"
"lua/vgui/prop_float.lua","24","ctrl","Dock","","","reference_only","not_run","Single-line literal scan; multiline calls expressions and inheritance require review; numbers are atoms not coordinates"
"lua/vgui/prop_float.lua","33",".Label","SetMouseInputEnabled","","","reference_only","not_run","Single-line literal scan; multiline calls expressions and inheritance require review; numbers are atoms not coordinates"
"lua/vgui/prop_float.lua","39","ctrl.TextArea","Dock","","","reference_only","not_run","Single-line literal scan; multiline calls expressions and inheritance require review; numbers are atoms not coordinates"
"lua/vgui/prop_float.lua","41","ctrl.Slider","DockMargin","","0|3|8|3","reference_only","not_run","Single-line literal scan; multiline calls expressions and inheritance require review; numbers are atoms not coordinates"
"lua/vgui/prop_generic.lua","48","text","Dock","","","reference_only","not_run","Single-line literal scan; multiline calls expressions and inheritance require review; numbers are atoms not coordinates"
"lua/vgui/prop_generic.lua","65","text","SetText","","","reference_only","not_run","Single-line literal scan; multiline calls expressions and inheritance require review; numbers are atoms not coordinates"
"lua/vgui/prop_vectorcolor.lua","43","btn","Dock","","","reference_only","not_run","Single-line literal scan; multiline calls expressions and inheritance require review; numbers are atoms not coordinates"
"lua/vgui/prop_vectorcolor.lua","44","btn","DockMargin","","0|2|4|2","reference_only","not_run","Single-line literal scan; multiline calls expressions and inheritance require review; numbers are atoms not coordinates"
"lua/vgui/prop_vectorcolor.lua","45","btn","SetWide","","16","reference_only","not_run","Single-line literal scan; multiline calls expressions and inheritance require review; numbers are atoms not coordinates"
"lua/vgui/prop_vectorcolor.lua","46","btn","SetText","","","reference_only","not_run","Single-line literal scan; multiline calls expressions and inheritance require review; numbers are atoms not coordinates"
"lua/vgui/prop_vectorcolor.lua","71","vgui","Create","DColorCombo","","reference_only","not_run","Single-line literal scan; multiline calls expressions and inheritance require review; numbers are atoms not coordinates"
"lua/vgui/propselect.lua","20","vgui","Create","DPanelList","","reference_only","not_run","Single-line literal scan; multiline calls expressions and inheritance require review; numbers are atoms not coordinates"
"lua/vgui/propselect.lua","40","vgui","Create","SpawnIcon","","reference_only","not_run","Single-line literal scan; multiline calls expressions and inheritance require review; numbers are atoms not coordinates"
"lua/vgui/propselect.lua","75","vgui","Create","SpawnIcon","","reference_only","not_run","Single-line literal scan; multiline calls expressions and inheritance require review; numbers are atoms not coordinates"
"lua/vgui/propselect.lua","157","self.List","SetPos","","0","reference_only","not_run","Single-line literal scan; multiline calls expressions and inheritance require review; numbers are atoms not coordinates"
"lua/vgui/propselect.lua","158","self.List","SetSize","","","reference_only","not_run","Single-line literal scan; multiline calls expressions and inheritance require review; numbers are atoms not coordinates"
"lua/vgui/propselect.lua","162","self","SetTall","","5","reference_only","not_run","Single-line literal scan; multiline calls expressions and inheritance require review; numbers are atoms not coordinates"
"lua/vgui/propselect.lua","164","self.List","SetWide","","","reference_only","not_run","Single-line literal scan; multiline calls expressions and inheritance require review; numbers are atoms not coordinates"
"lua/vgui/propselect.lua","166","self","SetTall","","5","reference_only","not_run","Single-line literal scan; multiline calls expressions and inheritance require review; numbers are atoms not coordinates"
"lua/vgui/propselect.lua","226","menu","AddOption","#spawnmenu.menu.copy","","reference_only","not_run","Single-line literal scan; multiline calls expressions and inheritance require review; numbers are atoms not coordinates"
"lua/vgui/propselect.lua","231","vgui","Register","PropSelect|ContextBase","","reference_only","not_run","Single-line literal scan; multiline calls expressions and inheritance require review; numbers are atoms not coordinates"
"lua/vgui/slidebar.lua","26","self","SetMouseInputEnabled","","","reference_only","not_run","Single-line literal scan; multiline calls expressions and inheritance require review; numbers are atoms not coordinates"
"lua/vgui/slidebar.lua","67","panel","SetPos","","","reference_only","not_run","Single-line literal scan; multiline calls expressions and inheritance require review; numbers are atoms not coordinates"
"lua/vgui/slidebar.lua","78","panel","SetSize","","","reference_only","not_run","Single-line literal scan; multiline calls expressions and inheritance require review; numbers are atoms not coordinates"
"lua/vgui/slidebar.lua","79","panel","SetPos","","0","reference_only","not_run","Single-line literal scan; multiline calls expressions and inheritance require review; numbers are atoms not coordinates"
"lua/vgui/slidebar.lua","199","vgui","Register","SlideBar|Panel","","reference_only","not_run","Single-line literal scan; multiline calls expressions and inheritance require review; numbers are atoms not coordinates"
"lua/vgui/spawnicon.lua","11","self","SetDoubleClickingEnabled","","","reference_only","not_run","Single-line literal scan; multiline calls expressions and inheritance require review; numbers are atoms not coordinates"
"lua/vgui/spawnicon.lua","12","self","SetText","","","reference_only","not_run","Single-line literal scan; multiline calls expressions and inheritance require review; numbers are atoms not coordinates"
"lua/vgui/spawnicon.lua","14","vgui","Create","ModelImage","","reference_only","not_run","Single-line literal scan; multiline calls expressions and inheritance require review; numbers are atoms not coordinates"
"lua/vgui/spawnicon.lua","15","self.Icon","SetMouseInputEnabled","","","reference_only","not_run","Single-line literal scan; multiline calls expressions and inheritance require review; numbers are atoms not coordinates"
"lua/vgui/spawnicon.lua","16","self.Icon","SetKeyboardInputEnabled","","","reference_only","not_run","Single-line literal scan; multiline calls expressions and inheritance require review; numbers are atoms not coordinates"
"lua/vgui/spawnicon.lua","18","self","SetSize","","64|64","reference_only","not_run","Single-line literal scan; multiline calls expressions and inheritance require review; numbers are atoms not coordinates"
"lua/vgui/spawnicon.lua","81","self.Icon","SetSize","","","reference_only","not_run","Single-line literal scan; multiline calls expressions and inheritance require review; numbers are atoms not coordinates"
"lua/vgui/spawnicon.lua","164","vgui","Create","SpawnIcon","","reference_only","not_run","Single-line literal scan; multiline calls expressions and inheritance require review; numbers are atoms not coordinates"
"lua/vgui/spawnicon.lua","209","submenu","AddOption"," x ","","reference_only","not_run","Single-line literal scan; multiline calls expressions and inheritance require review; numbers are atoms not coordinates"
"lua/vgui/spawnicon.lua","229","vgui","Register","SpawnIcon|DButton","","reference_only","not_run","Single-line literal scan; multiline calls expressions and inheritance require review; numbers are atoms not coordinates"
"lua/vgui/spawnicon.lua","235","spawnmenu","AddContentType","model","","reference_only","not_run","Single-line literal scan; multiline calls expressions and inheritance require review; numbers are atoms not coordinates"
"lua/vgui/spawnicon.lua","239","vgui","Create","SpawnIcon","","reference_only","not_run","Single-line literal scan; multiline calls expressions and inheritance require review; numbers are atoms not coordinates"
"lua/vgui/spawnicon.lua","246","icon","SetWide","","","reference_only","not_run","Single-line literal scan; multiline calls expressions and inheritance require review; numbers are atoms not coordinates"
"lua/vgui/spawnicon.lua","250","icon","SetTall","","","reference_only","not_run","Single-line literal scan; multiline calls expressions and inheritance require review; numbers are atoms not coordinates"
"lua/vgui/spawnicon.lua","271","menu","AddOption","#spawnmenu.menu.copy","","reference_only","not_run","Single-line literal scan; multiline calls expressions and inheritance require review; numbers are atoms not coordinates"
"lua/vgui/spawnicon.lua","273","menu","AddOption","#spawnmenu.menu.spawn_with_toolgun","","reference_only","not_run","Single-line literal scan; multiline calls expressions and inheritance require review; numbers are atoms not coordinates"
"lua/vgui/spawnicon.lua","285","submenu","AddOption","#spawnmenu.menu.rerender_this","","reference_only","not_run","Single-line literal scan; multiline calls expressions and inheritance require review; numbers are atoms not coordinates"
"lua/vgui/spawnicon.lua","288","submenu","AddOption","#spawnmenu.menu.rerender_all","","reference_only","not_run","Single-line literal scan; multiline calls expressions and inheritance require review; numbers are atoms not coordinates"
"lua/vgui/spawnicon.lua","292","menu","AddOption","#spawnmenu.menu.edit_icon","","reference_only","not_run","Single-line literal scan; multiline calls expressions and inheritance require review; numbers are atoms not coordinates"
"lua/vgui/spawnicon.lua","296","vgui","Create","IconEditor","","reference_only","not_run","Single-line literal scan; multiline calls expressions and inheritance require review; numbers are atoms not coordinates"
"lua/vgui/spawnicon.lua","317","pnl","SetSize","","","reference_only","not_run","Single-line literal scan; multiline calls expressions and inheritance require review; numbers are atoms not coordinates"
"lua/vgui/spawnicon.lua","326","menu","AddOption","#spawnmenu.menu.delete","","reference_only","not_run","Single-line literal scan; multiline calls expressions and inheritance require review; numbers are atoms not coordinates"
"lua/vgui/vgui_panellist.lua","6","vgui","Create","Panel","","reference_only","not_run","Single-line literal scan; multiline calls expressions and inheritance require review; numbers are atoms not coordinates"
"lua/vgui/vgui_panellist.lua","28","vgui","Create","SlideBar","","reference_only","not_run","Single-line literal scan; multiline calls expressions and inheritance require review; numbers are atoms not coordinates"
"lua/vgui/vgui_panellist.lua","79","panel","SetPos","","","reference_only","not_run","Single-line literal scan; multiline calls expressions and inheritance require review; numbers are atoms not coordinates"
"lua/vgui/vgui_panellist.lua","90","panel","SetSize","","","reference_only","not_run","Single-line literal scan; multiline calls expressions and inheritance require review; numbers are atoms not coordinates"
"lua/vgui/vgui_panellist.lua","91","panel","SetPos","","0","reference_only","not_run","Single-line literal scan; multiline calls expressions and inheritance require review; numbers are atoms not coordinates"
"lua/vgui/vgui_panellist.lua","147","self.VBar","SetPos","","18|2","reference_only","not_run","Single-line literal scan; multiline calls expressions and inheritance require review; numbers are atoms not coordinates"
"lua/vgui/vgui_panellist.lua","148","self.VBar","SetSize","","16|4","reference_only","not_run","Single-line literal scan; multiline calls expressions and inheritance require review; numbers are atoms not coordinates"
"lua/vgui/vgui_panellist.lua","155","self.pnlCanvas","SetPos","","-1","reference_only","not_run","Single-line literal scan; multiline calls expressions and inheritance require review; numbers are atoms not coordinates"
"lua/vgui/vgui_panellist.lua","156","self.pnlCanvas","SetSize","","2","reference_only","not_run","Single-line literal scan; multiline calls expressions and inheritance require review; numbers are atoms not coordinates"
"lua/vgui/vgui_panellist.lua","170","vgui","Register","PanelList|Panel","","reference_only","not_run","Single-line literal scan; multiline calls expressions and inheritance require review; numbers are atoms not coordinates"
