file,line,declaration,evidence,port_status
garrysmod/gamemodes/base/entities/effects/base.lua,5,"function EFFECT:GetTracerShootPos( Position, Ent, Attachment )",lexical_candidate_not_semantic_analysis,not_ported
garrysmod/gamemodes/base/entities/effects/dof_node.lua,4,function EFFECT:Init( data ),lexical_candidate_not_semantic_analysis,not_ported
garrysmod/gamemodes/base/entities/effects/dof_node.lua,14,function EFFECT:Think(),lexical_candidate_not_semantic_analysis,not_ported
garrysmod/gamemodes/base/entities/effects/dof_node.lua,44,function EFFECT:Render(),lexical_candidate_not_semantic_analysis,not_ported
garrysmod/gamemodes/base/entities/effects/tooltracer.lua,4,function EFFECT:Init( data ),lexical_candidate_not_semantic_analysis,not_ported
garrysmod/gamemodes/base/entities/effects/tooltracer.lua,21,function EFFECT:Think(),lexical_candidate_not_semantic_analysis,not_ported
garrysmod/gamemodes/base/entities/effects/tooltracer.lua,30,function EFFECT:Render(),lexical_candidate_not_semantic_analysis,not_ported
garrysmod/gamemodes/base/entities/entities/base_ai/cl_init.lua,8,function ENT:Draw( flags ),lexical_candidate_not_semantic_analysis,not_ported
garrysmod/gamemodes/base/entities/entities/base_ai/cl_init.lua,16,function ENT:DrawTranslucent( flags ),lexical_candidate_not_semantic_analysis,not_ported
garrysmod/gamemodes/base/entities/entities/base_ai/init.lua,17,function ENT:Initialize(),lexical_candidate_not_semantic_analysis,not_ported
garrysmod/gamemodes/base/entities/entities/base_ai/init.lua,35,function ENT:OnTakeDamage( dmginfo ),lexical_candidate_not_semantic_analysis,not_ported
garrysmod/gamemodes/base/entities/entities/base_ai/init.lua,57,"function ENT:Use( activator, caller, type, value )",lexical_candidate_not_semantic_analysis,not_ported
garrysmod/gamemodes/base/entities/entities/base_ai/init.lua,63,function ENT:StartTouch( entity ),lexical_candidate_not_semantic_analysis,not_ported
garrysmod/gamemodes/base/entities/entities/base_ai/init.lua,69,function ENT:EndTouch( entity ),lexical_candidate_not_semantic_analysis,not_ported
garrysmod/gamemodes/base/entities/entities/base_ai/init.lua,75,function ENT:Touch( entity ),lexical_candidate_not_semantic_analysis,not_ported
garrysmod/gamemodes/base/entities/entities/base_ai/init.lua,84,function ENT:GetRelationship( entity ),lexical_candidate_not_semantic_analysis,not_ported
garrysmod/gamemodes/base/entities/entities/base_ai/init.lua,94,function ENT:ExpressionFinished( strExp ),lexical_candidate_not_semantic_analysis,not_ported
garrysmod/gamemodes/base/entities/entities/base_ai/init.lua,101,function ENT:OnChangeActivity( act ),lexical_candidate_not_semantic_analysis,not_ported
garrysmod/gamemodes/base/entities/entities/base_ai/init.lua,108,function ENT:Think(),lexical_candidate_not_semantic_analysis,not_ported
garrysmod/gamemodes/base/entities/entities/base_ai/init.lua,113,function ENT:GetSoundInterests(),lexical_candidate_not_semantic_analysis,not_ported
garrysmod/gamemodes/base/entities/entities/base_ai/init.lua,119,function ENT:OnMovementFailed(),lexical_candidate_not_semantic_analysis,not_ported
garrysmod/gamemodes/base/entities/entities/base_ai/init.lua,123,function ENT:OnMovementComplete(),lexical_candidate_not_semantic_analysis,not_ported
garrysmod/gamemodes/base/entities/entities/base_ai/init.lua,127,"function ENT:OnActiveWeaponChanged( old, new )",lexical_candidate_not_semantic_analysis,not_ported
garrysmod/gamemodes/base/entities/entities/base_ai/init.lua,135,"function ENT:GetAttackSpread( Weapon, Target )",lexical_candidate_not_semantic_analysis,not_ported
garrysmod/gamemodes/base/entities/entities/base_ai/schedules.lua,5,function ENT:RunAI( strExp ),lexical_candidate_not_semantic_analysis,not_ported
garrysmod/gamemodes/base/entities/entities/base_ai/schedules.lua,39,function ENT:SelectSchedule( iNPCState ),lexical_candidate_not_semantic_analysis,not_ported
garrysmod/gamemodes/base/entities/entities/base_ai/schedules.lua,50,function ENT:StartSchedule( schedule ),lexical_candidate_not_semantic_analysis,not_ported
garrysmod/gamemodes/base/entities/entities/base_ai/schedules.lua,63,function ENT:DoSchedule( schedule ),lexical_candidate_not_semantic_analysis,not_ported
garrysmod/gamemodes/base/entities/entities/base_ai/schedules.lua,80,function ENT:ScheduleFinished(),lexical_candidate_not_semantic_analysis,not_ported
garrysmod/gamemodes/base/entities/entities/base_ai/schedules.lua,93,function ENT:SetTask( task ),lexical_candidate_not_semantic_analysis,not_ported
garrysmod/gamemodes/base/entities/entities/base_ai/schedules.lua,108,function ENT:NextTask( schedule ),lexical_candidate_not_semantic_analysis,not_ported
garrysmod/gamemodes/base/entities/entities/base_ai/schedules.lua,129,function ENT:StartTask( task ),lexical_candidate_not_semantic_analysis,not_ported
garrysmod/gamemodes/base/entities/entities/base_ai/schedules.lua,138,function ENT:RunTask( task ),lexical_candidate_not_semantic_analysis,not_ported
garrysmod/gamemodes/base/entities/entities/base_ai/schedules.lua,146,function ENT:TaskTime(),lexical_candidate_not_semantic_analysis,not_ported
garrysmod/gamemodes/base/entities/entities/base_ai/schedules.lua,156,function ENT:OnTaskComplete(),lexical_candidate_not_semantic_analysis,not_ported
garrysmod/gamemodes/base/entities/entities/base_ai/schedules.lua,166,function ENT:TaskFinished(),lexical_candidate_not_semantic_analysis,not_ported
garrysmod/gamemodes/base/entities/entities/base_ai/schedules.lua,175,"function ENT:StartEngineTask( iTaskID, TaskData )",lexical_candidate_not_semantic_analysis,not_ported
garrysmod/gamemodes/base/entities/entities/base_ai/schedules.lua,183,"function ENT:RunEngineTask( iTaskID, TaskData )",lexical_candidate_not_semantic_analysis,not_ported
garrysmod/gamemodes/base/entities/entities/base_ai/schedules.lua,191,function ENT:StartEngineSchedule( scheduleID ) self:ScheduleFinished() self.bDoingEngineSchedule = true end,lexical_candidate_not_semantic_analysis,not_ported
garrysmod/gamemodes/base/entities/entities/base_ai/schedules.lua,192,function ENT:EngineScheduleFinish() self.bDoingEngineSchedule = nil end,lexical_candidate_not_semantic_analysis,not_ported
garrysmod/gamemodes/base/entities/entities/base_ai/schedules.lua,193,function ENT:DoingEngineSchedule()	return self.bDoingEngineSchedule end,lexical_candidate_not_semantic_analysis,not_ported
garrysmod/gamemodes/base/entities/entities/base_ai/schedules.lua,195,function ENT:OnCondition( iCondition ),lexical_candidate_not_semantic_analysis,not_ported
garrysmod/gamemodes/base/entities/entities/base_ai/schedules.lua,201,function ENT:TranslateActivity( act ),lexical_candidate_not_semantic_analysis,not_ported
garrysmod/gamemodes/base/entities/entities/base_ai/shared.lua,17,function ENT:OnRemove(),lexical_candidate_not_semantic_analysis,not_ported
garrysmod/gamemodes/base/entities/entities/base_ai/shared.lua,25,"function ENT:PhysicsCollide( data, physobj )",lexical_candidate_not_semantic_analysis,not_ported
garrysmod/gamemodes/base/entities/entities/base_ai/shared.lua,32,function ENT:PhysicsUpdate( physobj ),lexical_candidate_not_semantic_analysis,not_ported
garrysmod/gamemodes/base/entities/entities/base_ai/shared.lua,40,function ENT:SetAutomaticFrameAdvance( bUsingAnim ),lexical_candidate_not_semantic_analysis,not_ported
garrysmod/gamemodes/base/entities/entities/base_ai/tasks.lua,14,function ENT:TaskStart_PlaySequence( data ),lexical_candidate_not_semantic_analysis,not_ported
garrysmod/gamemodes/base/entities/entities/base_ai/tasks.lua,37,function ENT:Task_PlaySequence( data ),lexical_candidate_not_semantic_analysis,not_ported
garrysmod/gamemodes/base/entities/entities/base_ai/tasks.lua,61,function ENT:TaskStart_FindEnemy( data ),lexical_candidate_not_semantic_analysis,not_ported
garrysmod/gamemodes/base/entities/entities/base_ai/tasks.lua,79,function ENT:Task_FindEnemy( data ),lexical_candidate_not_semantic_analysis,not_ported
garrysmod/gamemodes/base/entities/entities/base_anim.lua,20,function ENT:SetAutomaticFrameAdvance( bUsingAnim ),lexical_candidate_not_semantic_analysis,not_ported
garrysmod/gamemodes/base/entities/entities/base_anim.lua,25,function ENT:OnRemove(),lexical_candidate_not_semantic_analysis,not_ported
garrysmod/gamemodes/base/entities/entities/base_anim.lua,29,"function ENT:PhysicsCollide( data, physobj )",lexical_candidate_not_semantic_analysis,not_ported
garrysmod/gamemodes/base/entities/entities/base_anim.lua,33,function ENT:PhysicsUpdate( physobj ),lexical_candidate_not_semantic_analysis,not_ported
garrysmod/gamemodes/base/entities/entities/base_anim.lua,38,function ENT:Draw( flags ),lexical_candidate_not_semantic_analysis,not_ported
garrysmod/gamemodes/base/entities/entities/base_anim.lua,44,function ENT:DrawTranslucent( flags ),lexical_candidate_not_semantic_analysis,not_ported
garrysmod/gamemodes/base/entities/entities/base_anim.lua,57,function ENT:OnTakeDamage( dmginfo ),lexical_candidate_not_semantic_analysis,not_ported
garrysmod/gamemodes/base/entities/entities/base_anim.lua,73,"function ENT:Use( activator, caller, type, value )",lexical_candidate_not_semantic_analysis,not_ported
garrysmod/gamemodes/base/entities/entities/base_anim.lua,77,function ENT:StartTouch( entity ),lexical_candidate_not_semantic_analysis,not_ported
garrysmod/gamemodes/base/entities/entities/base_anim.lua,81,function ENT:EndTouch( entity ),lexical_candidate_not_semantic_analysis,not_ported
garrysmod/gamemodes/base/entities/entities/base_anim.lua,85,function ENT:Touch( entity ),lexical_candidate_not_semantic_analysis,not_ported
garrysmod/gamemodes/base/entities/entities/base_anim.lua,100,"function ENT:PhysicsSimulate( phys, deltatime )",lexical_candidate_not_semantic_analysis,not_ported
garrysmod/gamemodes/base/entities/entities/base_brush.lua,8,function ENT:Initialize(),lexical_candidate_not_semantic_analysis,not_ported
garrysmod/gamemodes/base/entities/entities/base_brush.lua,14,function ENT:StartTouch( entity ),lexical_candidate_not_semantic_analysis,not_ported
garrysmod/gamemodes/base/entities/entities/base_brush.lua,20,function ENT:EndTouch( entity ),lexical_candidate_not_semantic_analysis,not_ported
garrysmod/gamemodes/base/entities/entities/base_brush.lua,26,function ENT:Touch( entity ),lexical_candidate_not_semantic_analysis,not_ported
garrysmod/gamemodes/base/entities/entities/base_brush.lua,33,function ENT:PassesTriggerFilters( entity ),lexical_candidate_not_semantic_analysis,not_ported
garrysmod/gamemodes/base/entities/entities/base_brush.lua,41,"function ENT:KeyValue( key, value )",lexical_candidate_not_semantic_analysis,not_ported
garrysmod/gamemodes/base/entities/entities/base_brush.lua,48,function ENT:Think(),lexical_candidate_not_semantic_analysis,not_ported
garrysmod/gamemodes/base/entities/entities/base_brush.lua,55,function ENT:OnRemove(),lexical_candidate_not_semantic_analysis,not_ported
garrysmod/gamemodes/base/entities/entities/base_entity/cl_init.lua,8,function ENT:Initialize(),lexical_candidate_not_semantic_analysis,not_ported
garrysmod/gamemodes/base/entities/entities/base_entity/cl_init.lua,16,function ENT:Think(),lexical_candidate_not_semantic_analysis,not_ported
garrysmod/gamemodes/base/entities/entities/base_entity/cl_init.lua,23,function ENT:OnRestore(),lexical_candidate_not_semantic_analysis,not_ported
garrysmod/gamemodes/base/entities/entities/base_entity/init.lua,12,function ENT:Initialize(),lexical_candidate_not_semantic_analysis,not_ported
garrysmod/gamemodes/base/entities/entities/base_entity/init.lua,19,"function ENT:KeyValue( key, value )",lexical_candidate_not_semantic_analysis,not_ported
garrysmod/gamemodes/base/entities/entities/base_entity/init.lua,27,function ENT:OnRestore(),lexical_candidate_not_semantic_analysis,not_ported
garrysmod/gamemodes/base/entities/entities/base_entity/init.lua,34,"function ENT:AcceptInput( name, activator, caller, data )",lexical_candidate_not_semantic_analysis,not_ported
garrysmod/gamemodes/base/entities/entities/base_entity/init.lua,42,function ENT:UpdateTransmitState(),lexical_candidate_not_semantic_analysis,not_ported
garrysmod/gamemodes/base/entities/entities/base_entity/init.lua,50,function ENT:Think(),lexical_candidate_not_semantic_analysis,not_ported
garrysmod/gamemodes/base/entities/entities/base_entity/init.lua,57,"function ENT:SpawnFunction( ply, tr, ClassName )",lexical_candidate_not_semantic_analysis,not_ported
garrysmod/gamemodes/base/entities/entities/base_entity/outputs.lua,9,"function ENT:StoreOutput( name, info )",lexical_candidate_not_semantic_analysis,not_ported
garrysmod/gamemodes/base/entities/entities/base_entity/outputs.lua,33,"function ENT:AddOutputFromKeyValue( key, value )",lexical_candidate_not_semantic_analysis,not_ported
garrysmod/gamemodes/base/entities/entities/base_entity/outputs.lua,50,"function ENT:AddOutputFromAcceptInput( name, value )",lexical_candidate_not_semantic_analysis,not_ported
garrysmod/gamemodes/base/entities/entities/base_entity/outputs.lua,76,"local function FireSingleOutput( output, this, activator, data )",lexical_candidate_not_semantic_analysis,not_ported
garrysmod/gamemodes/base/entities/entities/base_entity/outputs.lua,105,"function ENT:TriggerOutput( name, activator, data )",lexical_candidate_not_semantic_analysis,not_ported
garrysmod/gamemodes/base/entities/entities/base_filter.lua,8,function ENT:Initialize(),lexical_candidate_not_semantic_analysis,not_ported
garrysmod/gamemodes/base/entities/entities/base_filter.lua,15,"function ENT:KeyValue( key, value )",lexical_candidate_not_semantic_analysis,not_ported
garrysmod/gamemodes/base/entities/entities/base_filter.lua,22,function ENT:Think(),lexical_candidate_not_semantic_analysis,not_ported
garrysmod/gamemodes/base/entities/entities/base_filter.lua,29,function ENT:OnRemove(),lexical_candidate_not_semantic_analysis,not_ported
garrysmod/gamemodes/base/entities/entities/base_filter.lua,35,"function ENT:PassesFilter( trigger, ent )",lexical_candidate_not_semantic_analysis,not_ported
garrysmod/gamemodes/base/entities/entities/base_filter.lua,42,function ENT:PassesDamageFilter( dmg ),lexical_candidate_not_semantic_analysis,not_ported
garrysmod/gamemodes/base/entities/entities/base_nextbot/shared.lua,13,function ENT:Initialize(),lexical_candidate_not_semantic_analysis,not_ported
garrysmod/gamemodes/base/entities/entities/base_nextbot/shared.lua,30,function ENT:Draw( flags ),lexical_candidate_not_semantic_analysis,not_ported
garrysmod/gamemodes/base/entities/entities/base_nextbot/shared.lua,38,function ENT:DrawTranslucent( flags ),lexical_candidate_not_semantic_analysis,not_ported
garrysmod/gamemodes/base/entities/entities/base_nextbot/shared.lua,51,"function ENT:FireAnimationEvent( pos, ang, event, options )",lexical_candidate_not_semantic_analysis,not_ported
garrysmod/gamemodes/base/entities/entities/base_nextbot/sv_nextbot.lua,8,function ENT:BehaveStart(),lexical_candidate_not_semantic_analysis,not_ported
garrysmod/gamemodes/base/entities/entities/base_nextbot/sv_nextbot.lua,14,function ENT:RunBehaviour(),lexical_candidate_not_semantic_analysis,not_ported
garrysmod/gamemodes/base/entities/entities/base_nextbot/sv_nextbot.lua,23,function ENT:BehaveUpdate( fInterval ),lexical_candidate_not_semantic_analysis,not_ported
garrysmod/gamemodes/base/entities/entities/base_nextbot/sv_nextbot.lua,58,function ENT:BodyUpdate(),lexical_candidate_not_semantic_analysis,not_ported
garrysmod/gamemodes/base/entities/entities/base_nextbot/sv_nextbot.lua,88,function ENT:OnLeaveGround( ent ),lexical_candidate_not_semantic_analysis,not_ported
garrysmod/gamemodes/base/entities/entities/base_nextbot/sv_nextbot.lua,100,function ENT:OnLandOnGround( ent ),lexical_candidate_not_semantic_analysis,not_ported
garrysmod/gamemodes/base/entities/entities/base_nextbot/sv_nextbot.lua,112,function ENT:OnStuck(),lexical_candidate_not_semantic_analysis,not_ported
garrysmod/gamemodes/base/entities/entities/base_nextbot/sv_nextbot.lua,124,function ENT:OnUnStuck(),lexical_candidate_not_semantic_analysis,not_ported
garrysmod/gamemodes/base/entities/entities/base_nextbot/sv_nextbot.lua,136,function ENT:OnTakeDamage( damageinfo ),lexical_candidate_not_semantic_analysis,not_ported
garrysmod/gamemodes/base/entities/entities/base_nextbot/sv_nextbot.lua,148,function ENT:OnInjured( damageinfo ),lexical_candidate_not_semantic_analysis,not_ported
garrysmod/gamemodes/base/entities/entities/base_nextbot/sv_nextbot.lua,158,function ENT:OnKilled( dmginfo ),lexical_candidate_not_semantic_analysis,not_ported
garrysmod/gamemodes/base/entities/entities/base_nextbot/sv_nextbot.lua,173,"function ENT:OnOtherKilled( victim, info )",lexical_candidate_not_semantic_analysis,not_ported
garrysmod/gamemodes/base/entities/entities/base_nextbot/sv_nextbot.lua,179,function ENT:OnContact( ent ),lexical_candidate_not_semantic_analysis,not_ported
garrysmod/gamemodes/base/entities/entities/base_nextbot/sv_nextbot.lua,185,function ENT:OnIgnite(),lexical_candidate_not_semantic_analysis,not_ported
garrysmod/gamemodes/base/entities/entities/base_nextbot/sv_nextbot.lua,191,"function ENT:OnNavAreaChanged( old, new )",lexical_candidate_not_semantic_analysis,not_ported
garrysmod/gamemodes/base/entities/entities/base_nextbot/sv_nextbot.lua,203,function ENT:FindSpots( tbl ),lexical_candidate_not_semantic_analysis,not_ported
garrysmod/gamemodes/base/entities/entities/base_nextbot/sv_nextbot.lua,253,"function ENT:FindSpot( type, options )",lexical_candidate_not_semantic_analysis,not_ported
garrysmod/gamemodes/base/entities/entities/base_nextbot/sv_nextbot.lua,283,function ENT:HandleStuck(),lexical_candidate_not_semantic_analysis,not_ported
garrysmod/gamemodes/base/entities/entities/base_nextbot/sv_nextbot.lua,299,"function ENT:MoveToPos( pos, options )",lexical_candidate_not_semantic_analysis,not_ported
garrysmod/gamemodes/base/entities/entities/base_nextbot/sv_nextbot.lua,357,"function ENT:PlaySequenceAndWait( name, speed )",lexical_candidate_not_semantic_analysis,not_ported
garrysmod/gamemodes/base/entities/entities/base_nextbot/sv_nextbot.lua,380,"function ENT:Use( activator, caller, type, value )",lexical_candidate_not_semantic_analysis,not_ported
garrysmod/gamemodes/base/entities/entities/base_nextbot/sv_nextbot.lua,389,function ENT:Think(),lexical_candidate_not_semantic_analysis,not_ported
garrysmod/gamemodes/base/entities/entities/base_nextbot/sv_nextbot.lua,396,"function ENT:HandleAnimEvent( event, eventtime, cycle, typee, options )",lexical_candidate_not_semantic_analysis,not_ported
garrysmod/gamemodes/base/entities/entities/base_nextbot/sv_nextbot.lua,403,"function ENT:OnTraceAttack( dmginfo, dir, trace )",lexical_candidate_not_semantic_analysis,not_ported
garrysmod/gamemodes/base/entities/entities/base_nextbot/sv_nextbot.lua,410,function ENT:OnEntitySight( subject ),lexical_candidate_not_semantic_analysis,not_ported
garrysmod/gamemodes/base/entities/entities/base_nextbot/sv_nextbot.lua,414,function ENT:OnEntitySightLost( subject ),lexical_candidate_not_semantic_analysis,not_ported
garrysmod/gamemodes/base/entities/entities/base_point.lua,9,function ENT:Initialize(),lexical_candidate_not_semantic_analysis,not_ported
garrysmod/gamemodes/base/entities/entities/base_point.lua,16,"function ENT:KeyValue( key, value )",lexical_candidate_not_semantic_analysis,not_ported
garrysmod/gamemodes/base/entities/entities/base_point.lua,23,function ENT:Think(),lexical_candidate_not_semantic_analysis,not_ported
garrysmod/gamemodes/base/entities/entities/base_point.lua,30,function ENT:OnRemove(),lexical_candidate_not_semantic_analysis,not_ported
garrysmod/gamemodes/base/entities/entities/base_point.lua,36,function ENT:UpdateTransmitState(),lexical_candidate_not_semantic_analysis,not_ported
garrysmod/gamemodes/base/entities/entities/env_skypaint.lua,10,function ENT:UpdateTransmitState() return TRANSMIT_ALWAYS end,lexical_candidate_not_semantic_analysis,not_ported
garrysmod/gamemodes/base/entities/entities/env_skypaint.lua,15,function ENT:SetupDataTables(),lexical_candidate_not_semantic_analysis,not_ported
garrysmod/gamemodes/base/entities/entities/env_skypaint.lua,69,function ENT:Initialize(),lexical_candidate_not_semantic_analysis,not_ported
garrysmod/gamemodes/base/entities/entities/env_skypaint.lua,74,"function ENT:KeyValue( key, value )",lexical_candidate_not_semantic_analysis,not_ported
garrysmod/gamemodes/base/entities/entities/env_skypaint.lua,87,"function ENT:AcceptInput( name, activator, caller, data )",lexical_candidate_not_semantic_analysis,not_ported
garrysmod/gamemodes/base/entities/entities/env_skypaint.lua,97,function ENT:Think(),lexical_candidate_not_semantic_analysis,not_ported
garrysmod/gamemodes/base/entities/entities/env_skypaint.lua,141,function ENT:CanEditVariables( ply ),lexical_candidate_not_semantic_analysis,not_ported
garrysmod/gamemodes/base/entities/entities/gmod_hands.lua,8,function ENT:Initialize(),lexical_candidate_not_semantic_analysis,not_ported
garrysmod/gamemodes/base/entities/entities/gmod_hands.lua,18,"function ENT:DoSetup( ply, spec )",lexical_candidate_not_semantic_analysis,not_ported
garrysmod/gamemodes/base/entities/entities/gmod_hands.lua,36,function ENT:GetPlayerColor(),lexical_candidate_not_semantic_analysis,not_ported
garrysmod/gamemodes/base/entities/entities/gmod_hands.lua,50,"function ENT:ViewModelChanged( vm, old, new )",lexical_candidate_not_semantic_analysis,not_ported
garrysmod/gamemodes/base/entities/entities/gmod_hands.lua,59,function ENT:OnRemove( fullUpdate ),lexical_candidate_not_semantic_analysis,not_ported
garrysmod/gamemodes/base/entities/entities/gmod_hands.lua,68,function ENT:AttachToViewmodel( vm ),lexical_candidate_not_semantic_analysis,not_ported
garrysmod/gamemodes/base/entities/entities/gmod_player_start.lua,12,function ENT:Initialize(),lexical_candidate_not_semantic_analysis,not_ported
garrysmod/gamemodes/base/entities/entities/gmod_player_start.lua,41,"function ENT:KeyValue( key, value )",lexical_candidate_not_semantic_analysis,not_ported
garrysmod/gamemodes/base/entities/entities/lua_run.lua,10,function ENT:Initialize(),lexical_candidate_not_semantic_analysis,not_ported
garrysmod/gamemodes/base/entities/entities/lua_run.lua,19,"function ENT:KeyValue( key, value )",lexical_candidate_not_semantic_analysis,not_ported
garrysmod/gamemodes/base/entities/entities/lua_run.lua,27,"function ENT:SetupGlobals( activator, caller )",lexical_candidate_not_semantic_analysis,not_ported
garrysmod/gamemodes/base/entities/entities/lua_run.lua,38,function ENT:KillGlobals(),lexical_candidate_not_semantic_analysis,not_ported
garrysmod/gamemodes/base/entities/entities/lua_run.lua,46,"function ENT:RunCode( activator, caller, code )",lexical_candidate_not_semantic_analysis,not_ported
garrysmod/gamemodes/base/entities/entities/lua_run.lua,56,"function ENT:AcceptInput( name, activator, caller, data )",lexical_candidate_not_semantic_analysis,not_ported
garrysmod/gamemodes/base/entities/entities/prop_effect.lua,14,function ENT:Initialize(),lexical_candidate_not_semantic_analysis,not_ported
garrysmod/gamemodes/base/entities/entities/prop_effect.lua,76,function ENT:Draw( flags ),lexical_candidate_not_semantic_analysis,not_ported
garrysmod/gamemodes/base/entities/entities/prop_effect.lua,85,function ENT:DrawTranslucent( flags ),lexical_candidate_not_semantic_analysis,not_ported
garrysmod/gamemodes/base/entities/entities/prop_effect.lua,108,function ENT:PhysicsUpdate( physobj ),lexical_candidate_not_semantic_analysis,not_ported
garrysmod/gamemodes/base/entities/entities/prop_effect.lua,122,function ENT:OnEntityCopyTableFinish( tab ),lexical_candidate_not_semantic_analysis,not_ported
garrysmod/gamemodes/base/entities/entities/prop_effect.lua,148,function ENT:PostEntityPaste( ply ),lexical_candidate_not_semantic_analysis,not_ported
garrysmod/gamemodes/base/entities/entities/ragdoll_motion.lua,9,function ENT:SetupDataTables(),lexical_candidate_not_semantic_analysis,not_ported
garrysmod/gamemodes/base/entities/entities/ragdoll_motion.lua,45,function ENT:Initialize(),lexical_candidate_not_semantic_analysis,not_ported
garrysmod/gamemodes/base/entities/entities/ragdoll_motion.lua,80,function ENT:PhysicsUpdate( physobj ),lexical_candidate_not_semantic_analysis,not_ported
garrysmod/gamemodes/base/entities/entities/ragdoll_motion.lua,93,function ENT:OnRemove(),lexical_candidate_not_semantic_analysis,not_ported
garrysmod/gamemodes/base/entities/entities/ragdoll_motion.lua,110,function ENT:Draw( flags ),lexical_candidate_not_semantic_analysis,not_ported
garrysmod/gamemodes/base/entities/entities/ragdoll_motion.lua,125,"function ENT:DrawDebug( ragdoll, controller, pos, ang, rotation, scale, center, changed_sensor )",lexical_candidate_not_semantic_analysis,not_ported
garrysmod/gamemodes/base/entities/entities/ragdoll_motion.lua,203,function ENT:SetRagdoll( ragdoll ),lexical_candidate_not_semantic_analysis,not_ported
garrysmod/gamemodes/base/entities/weapons/weapon_base/ai_translations.lua,9,function SWEP:SetupWeaponHoldTypeForAI( t ),lexical_candidate_not_semantic_analysis,not_ported
garrysmod/gamemodes/base/entities/weapons/weapon_base/cl_init.lua,27,function SWEP:DrawHUD(),lexical_candidate_not_semantic_analysis,not_ported
garrysmod/gamemodes/base/entities/weapons/weapon_base/cl_init.lua,34,"function SWEP:DrawWeaponSelection( x, y, wide, tall, alpha )",lexical_candidate_not_semantic_analysis,not_ported
garrysmod/gamemodes/base/entities/weapons/weapon_base/cl_init.lua,63,"function SWEP:PrintWeaponInfo( x, y, alpha )",lexical_candidate_not_semantic_analysis,not_ported
garrysmod/gamemodes/base/entities/weapons/weapon_base/cl_init.lua,95,function SWEP:FreezeMovement(),lexical_candidate_not_semantic_analysis,not_ported
garrysmod/gamemodes/base/entities/weapons/weapon_base/cl_init.lua,103,function SWEP:ViewModelDrawn( vm ),lexical_candidate_not_semantic_analysis,not_ported
garrysmod/gamemodes/base/entities/weapons/weapon_base/cl_init.lua,110,function SWEP:OnRestore(),lexical_candidate_not_semantic_analysis,not_ported
garrysmod/gamemodes/base/entities/weapons/weapon_base/cl_init.lua,117,function SWEP:CustomAmmoDisplay(),lexical_candidate_not_semantic_analysis,not_ported
garrysmod/gamemodes/base/entities/weapons/weapon_base/cl_init.lua,124,"function SWEP:GetViewModelPosition( pos, ang )",lexical_candidate_not_semantic_analysis,not_ported
garrysmod/gamemodes/base/entities/weapons/weapon_base/cl_init.lua,134,function SWEP:TranslateFOV( current_fov ),lexical_candidate_not_semantic_analysis,not_ported
garrysmod/gamemodes/base/entities/weapons/weapon_base/cl_init.lua,144,function SWEP:DrawWorldModel( flags ),lexical_candidate_not_semantic_analysis,not_ported
garrysmod/gamemodes/base/entities/weapons/weapon_base/cl_init.lua,154,function SWEP:DrawWorldModelTranslucent( flags ),lexical_candidate_not_semantic_analysis,not_ported
garrysmod/gamemodes/base/entities/weapons/weapon_base/cl_init.lua,164,function SWEP:AdjustMouseSensitivity(),lexical_candidate_not_semantic_analysis,not_ported
garrysmod/gamemodes/base/entities/weapons/weapon_base/cl_init.lua,175,function SWEP:GetTracerOrigin(),lexical_candidate_not_semantic_analysis,not_ported
garrysmod/gamemodes/base/entities/weapons/weapon_base/cl_init.lua,189,"function SWEP:FireAnimationEvent( pos, ang, event, options )",lexical_candidate_not_semantic_analysis,not_ported
garrysmod/gamemodes/base/entities/weapons/weapon_base/init.lua,20,function SWEP:OnRestore(),lexical_candidate_not_semantic_analysis,not_ported
garrysmod/gamemodes/base/entities/weapons/weapon_base/init.lua,27,"function SWEP:AcceptInput( name, activator, caller, data )",lexical_candidate_not_semantic_analysis,not_ported
garrysmod/gamemodes/base/entities/weapons/weapon_base/init.lua,35,"function SWEP:KeyValue( key, value )",lexical_candidate_not_semantic_analysis,not_ported
garrysmod/gamemodes/base/entities/weapons/weapon_base/init.lua,42,function SWEP:Equip( newOwner ),lexical_candidate_not_semantic_analysis,not_ported
garrysmod/gamemodes/base/entities/weapons/weapon_base/init.lua,50,function SWEP:EquipAmmo( newOwner ),lexical_candidate_not_semantic_analysis,not_ported
garrysmod/gamemodes/base/entities/weapons/weapon_base/init.lua,58,function SWEP:OnDrop(),lexical_candidate_not_semantic_analysis,not_ported
garrysmod/gamemodes/base/entities/weapons/weapon_base/init.lua,65,function SWEP:ShouldDropOnDie(),lexical_candidate_not_semantic_analysis,not_ported
garrysmod/gamemodes/base/entities/weapons/weapon_base/init.lua,73,function SWEP:GetCapabilities(),lexical_candidate_not_semantic_analysis,not_ported
garrysmod/gamemodes/base/entities/weapons/weapon_base/init.lua,83,"function SWEP:NPCShoot_Secondary( shootPos, shootDir )",lexical_candidate_not_semantic_analysis,not_ported
garrysmod/gamemodes/base/entities/weapons/weapon_base/init.lua,93,"function SWEP:NPCShoot_Primary( shootPos, shootDir )",lexical_candidate_not_semantic_analysis,not_ported
garrysmod/gamemodes/base/entities/weapons/weapon_base/sh_anim.lua,29,function SWEP:SetWeaponHoldType( t ),lexical_candidate_not_semantic_analysis,not_ported
garrysmod/gamemodes/base/entities/weapons/weapon_base/sh_anim.lua,73,function SWEP:TranslateActivity( act ),lexical_candidate_not_semantic_analysis,not_ported
garrysmod/gamemodes/base/entities/weapons/weapon_base/shared.lua,32,function SWEP:Initialize(),lexical_candidate_not_semantic_analysis,not_ported
garrysmod/gamemodes/base/entities/weapons/weapon_base/shared.lua,42,function SWEP:PrimaryAttack(),lexical_candidate_not_semantic_analysis,not_ported
garrysmod/gamemodes/base/entities/weapons/weapon_base/shared.lua,66,function SWEP:SecondaryAttack(),lexical_candidate_not_semantic_analysis,not_ported
garrysmod/gamemodes/base/entities/weapons/weapon_base/shared.lua,90,function SWEP:Reload(),lexical_candidate_not_semantic_analysis,not_ported
garrysmod/gamemodes/base/entities/weapons/weapon_base/shared.lua,98,function SWEP:Think(),lexical_candidate_not_semantic_analysis,not_ported
garrysmod/gamemodes/base/entities/weapons/weapon_base/shared.lua,106,function SWEP:Holster( wep ),lexical_candidate_not_semantic_analysis,not_ported
garrysmod/gamemodes/base/entities/weapons/weapon_base/shared.lua,114,function SWEP:Deploy(),lexical_candidate_not_semantic_analysis,not_ported
garrysmod/gamemodes/base/entities/weapons/weapon_base/shared.lua,122,function SWEP:ShootEffects(),lexical_candidate_not_semantic_analysis,not_ported
garrysmod/gamemodes/base/entities/weapons/weapon_base/shared.lua,136,"function SWEP:ShootBullet( damage, num_bullets, aimcone, ammo_type, force, tracer )",lexical_candidate_not_semantic_analysis,not_ported
garrysmod/gamemodes/base/entities/weapons/weapon_base/shared.lua,163,function SWEP:TakePrimaryAmmo( num ),lexical_candidate_not_semantic_analysis,not_ported
garrysmod/gamemodes/base/entities/weapons/weapon_base/shared.lua,182,function SWEP:TakeSecondaryAmmo( num ),lexical_candidate_not_semantic_analysis,not_ported
garrysmod/gamemodes/base/entities/weapons/weapon_base/shared.lua,201,function SWEP:CanPrimaryAttack(),lexical_candidate_not_semantic_analysis,not_ported
garrysmod/gamemodes/base/entities/weapons/weapon_base/shared.lua,220,function SWEP:CanSecondaryAttack(),lexical_candidate_not_semantic_analysis,not_ported
garrysmod/gamemodes/base/entities/weapons/weapon_base/shared.lua,238,function SWEP:OnRemove(),lexical_candidate_not_semantic_analysis,not_ported
garrysmod/gamemodes/base/entities/weapons/weapon_base/shared.lua,245,function SWEP:OwnerChanged(),lexical_candidate_not_semantic_analysis,not_ported
garrysmod/gamemodes/base/entities/weapons/weapon_base/shared.lua,252,function SWEP:Ammo1(),lexical_candidate_not_semantic_analysis,not_ported
garrysmod/gamemodes/base/entities/weapons/weapon_base/shared.lua,263,function SWEP:Ammo2(),lexical_candidate_not_semantic_analysis,not_ported
garrysmod/gamemodes/base/entities/weapons/weapon_base/shared.lua,275,"function SWEP:DoImpactEffect( tr, nDamageType )",lexical_candidate_not_semantic_analysis,not_ported
garrysmod/gamemodes/base/gamemode/animations.lua,2,"function GM:HandlePlayerJumping( ply, velocity, plyTable )",lexical_candidate_not_semantic_analysis,not_ported
garrysmod/gamemodes/base/gamemode/animations.lua,55,"function GM:HandlePlayerDucking( ply, velocity, plyTable )",lexical_candidate_not_semantic_analysis,not_ported
garrysmod/gamemodes/base/gamemode/animations.lua,71,"function GM:HandlePlayerNoClipping( ply, velocity, plyTable )",lexical_candidate_not_semantic_analysis,not_ported
garrysmod/gamemodes/base/gamemode/animations.lua,100,"function GM:HandlePlayerVaulting( ply, velocity, plyTable )",lexical_candidate_not_semantic_analysis,not_ported
garrysmod/gamemodes/base/gamemode/animations.lua,113,"function GM:HandlePlayerSwimming( ply, velocity, plyTable )",lexical_candidate_not_semantic_analysis,not_ported
garrysmod/gamemodes/base/gamemode/animations.lua,129,"function GM:HandlePlayerLanding( ply, velocity, WasOnGround )",lexical_candidate_not_semantic_analysis,not_ported
garrysmod/gamemodes/base/gamemode/animations.lua,139,"function GM:HandlePlayerDriving( ply, plyTable )",lexical_candidate_not_semantic_analysis,not_ported
garrysmod/gamemodes/base/gamemode/animations.lua,197,"function GM:UpdateAnimation( ply, velocity, maxseqgroundspeed )",lexical_candidate_not_semantic_analysis,not_ported
garrysmod/gamemodes/base/gamemode/animations.lua,258,"function GM:GrabEarAnimation( ply, plyTable )",lexical_candidate_not_semantic_analysis,not_ported
garrysmod/gamemodes/base/gamemode/animations.lua,285,function GM:MouthMoveAnimation( ply ),lexical_candidate_not_semantic_analysis,not_ported
garrysmod/gamemodes/base/gamemode/animations.lua,305,"function GM:CalcMainActivity( ply, velocity )",lexical_candidate_not_semantic_analysis,not_ported
garrysmod/gamemodes/base/gamemode/animations.lua,348,"function GM:TranslateActivity( ply, act )",lexical_candidate_not_semantic_analysis,not_ported
garrysmod/gamemodes/base/gamemode/animations.lua,361,"function GM:DoAnimationEvent( ply, event, data )",lexical_candidate_not_semantic_analysis,not_ported
garrysmod/gamemodes/base/gamemode/cl_deathnotice.lua,58,local function HandleAchievements( victimType ),lexical_candidate_not_semantic_analysis,not_ported
garrysmod/gamemodes/base/gamemode/cl_deathnotice.lua,204,"local function getDeathColor( teamID, target )",lexical_candidate_not_semantic_analysis,not_ported
garrysmod/gamemodes/base/gamemode/cl_deathnotice.lua,222,"function GM:AddDeathNotice( attacker, team1, inflictor, victim, team2, flags )",lexical_candidate_not_semantic_analysis,not_ported
garrysmod/gamemodes/base/gamemode/cl_deathnotice.lua,241,"local function DrawDeath( x, y, death, time )",lexical_candidate_not_semantic_analysis,not_ported
garrysmod/gamemodes/base/gamemode/cl_deathnotice.lua,270,"function GM:DrawDeathNotice( x, y )",lexical_candidate_not_semantic_analysis,not_ported
garrysmod/gamemodes/base/gamemode/cl_hudpickup.lua,8,"local function AddGenericPickup( self, itemname )",lexical_candidate_not_semantic_analysis,not_ported
garrysmod/gamemodes/base/gamemode/cl_hudpickup.lua,36,function GM:HUDWeaponPickedUp( wep ),lexical_candidate_not_semantic_analysis,not_ported
garrysmod/gamemodes/base/gamemode/cl_hudpickup.lua,51,function GM:HUDItemPickedUp( itemname ),lexical_candidate_not_semantic_analysis,not_ported
garrysmod/gamemodes/base/gamemode/cl_hudpickup.lua,64,"function GM:HUDAmmoPickedUp( itemname, amount )",lexical_candidate_not_semantic_analysis,not_ported
garrysmod/gamemodes/base/gamemode/cl_hudpickup.lua,94,function GM:HUDDrawPickupHistory(),lexical_candidate_not_semantic_analysis,not_ported
garrysmod/gamemodes/base/gamemode/cl_init.lua,15,function GM:Initialize(),lexical_candidate_not_semantic_analysis,not_ported
garrysmod/gamemodes/base/gamemode/cl_init.lua,25,function GM:InitPostEntity(),lexical_candidate_not_semantic_analysis,not_ported
garrysmod/gamemodes/base/gamemode/cl_init.lua,32,function GM:Think(),lexical_candidate_not_semantic_analysis,not_ported
garrysmod/gamemodes/base/gamemode/cl_init.lua,39,"function GM:PlayerBindPress( pl, bind, down )",lexical_candidate_not_semantic_analysis,not_ported
garrysmod/gamemodes/base/gamemode/cl_init.lua,49,function GM:HUDShouldDraw( name ),lexical_candidate_not_semantic_analysis,not_ported
garrysmod/gamemodes/base/gamemode/cl_init.lua,80,function GM:HUDPaint(),lexical_candidate_not_semantic_analysis,not_ported
garrysmod/gamemodes/base/gamemode/cl_init.lua,92,function GM:HUDPaintBackground(),lexical_candidate_not_semantic_analysis,not_ported
garrysmod/gamemodes/base/gamemode/cl_init.lua,99,"function GM:GUIMouseDoublePressed( mousecode, AimVector )",lexical_candidate_not_semantic_analysis,not_ported
garrysmod/gamemodes/base/gamemode/cl_init.lua,109,function GM:ShutDown(),lexical_candidate_not_semantic_analysis,not_ported
garrysmod/gamemodes/base/gamemode/cl_init.lua,116,function GM:RenderScreenspaceEffects(),lexical_candidate_not_semantic_analysis,not_ported
garrysmod/gamemodes/base/gamemode/cl_init.lua,124,function GM:GetTeamColor( ent ),lexical_candidate_not_semantic_analysis,not_ported
garrysmod/gamemodes/base/gamemode/cl_init.lua,136,function GM:GetTeamNumColor( num ),lexical_candidate_not_semantic_analysis,not_ported
garrysmod/gamemodes/base/gamemode/cl_init.lua,146,"function GM:OnPlayerChat( player, strText, bTeamOnly, bPlayerIsDead )",lexical_candidate_not_semantic_analysis,not_ported
garrysmod/gamemodes/base/gamemode/cl_init.lua,188,function GM:OnChatTab( str ),lexical_candidate_not_semantic_analysis,not_ported
garrysmod/gamemodes/base/gamemode/cl_init.lua,228,function GM:StartChat( teamsay ),lexical_candidate_not_semantic_analysis,not_ported
garrysmod/gamemodes/base/gamemode/cl_init.lua,237,function GM:FinishChat(),lexical_candidate_not_semantic_analysis,not_ported
garrysmod/gamemodes/base/gamemode/cl_init.lua,243,function GM:ChatTextChanged( text ),lexical_candidate_not_semantic_analysis,not_ported
garrysmod/gamemodes/base/gamemode/cl_init.lua,250,"function GM:ChatText( playerindex, playername, text, filter )",lexical_candidate_not_semantic_analysis,not_ported
garrysmod/gamemodes/base/gamemode/cl_init.lua,266,function GM:PostProcessPermitted( str ),lexical_candidate_not_semantic_analysis,not_ported
garrysmod/gamemodes/base/gamemode/cl_init.lua,276,function GM:PostRenderVGUI(),lexical_candidate_not_semantic_analysis,not_ported
garrysmod/gamemodes/base/gamemode/cl_init.lua,284,function GM:PreRender(),lexical_candidate_not_semantic_analysis,not_ported
garrysmod/gamemodes/base/gamemode/cl_init.lua,292,function GM:PostRender(),lexical_candidate_not_semantic_analysis,not_ported
garrysmod/gamemodes/base/gamemode/cl_init.lua,299,"function GM:RenderScene( origin, angle, fov )",lexical_candidate_not_semantic_analysis,not_ported
garrysmod/gamemodes/base/gamemode/cl_init.lua,305,"function GM:CalcVehicleView( Vehicle, ply, view )",lexical_candidate_not_semantic_analysis,not_ported
garrysmod/gamemodes/base/gamemode/cl_init.lua,331,filter = function( e ),lexical_candidate_not_semantic_analysis,not_ported
garrysmod/gamemodes/base/gamemode/cl_init.lua,357,"function GM:CalcView( ply, origin, angles, fov, znear, zfar )",lexical_candidate_not_semantic_analysis,not_ported
garrysmod/gamemodes/base/gamemode/cl_init.lua,406,function GM:ShouldDrawLocalPlayer( ply ),lexical_candidate_not_semantic_analysis,not_ported
garrysmod/gamemodes/base/gamemode/cl_init.lua,418,"function GM:AdjustMouseSensitivity( fDefault, fLocalFOV, fDefaultFOV )",lexical_candidate_not_semantic_analysis,not_ported
garrysmod/gamemodes/base/gamemode/cl_init.lua,437,function GM:ForceDermaSkin(),lexical_candidate_not_semantic_analysis,not_ported
garrysmod/gamemodes/base/gamemode/cl_init.lua,448,function GM:PostPlayerDraw( ply ),lexical_candidate_not_semantic_analysis,not_ported
garrysmod/gamemodes/base/gamemode/cl_init.lua,455,function GM:PrePlayerDraw( ply ),lexical_candidate_not_semantic_analysis,not_ported
garrysmod/gamemodes/base/gamemode/cl_init.lua,462,"function GM:GetMotionBlurValues( x, y, fwd, spin )",lexical_candidate_not_semantic_analysis,not_ported
garrysmod/gamemodes/base/gamemode/cl_init.lua,474,"function GM:InputMouseApply( cmd, x, y, angle )",lexical_candidate_not_semantic_analysis,not_ported
garrysmod/gamemodes/base/gamemode/cl_init.lua,485,"function GM:OnAchievementAchieved( ply, achid )",lexical_candidate_not_semantic_analysis,not_ported
garrysmod/gamemodes/base/gamemode/cl_init.lua,495,function GM:PreDrawSkyBox(),lexical_candidate_not_semantic_analysis,not_ported
garrysmod/gamemodes/base/gamemode/cl_init.lua,505,function GM:PostDrawSkyBox(),lexical_candidate_not_semantic_analysis,not_ported
garrysmod/gamemodes/base/gamemode/cl_init.lua,514,function GM:PostDraw2DSkyBox(),lexical_candidate_not_semantic_analysis,not_ported
garrysmod/gamemodes/base/gamemode/cl_init.lua,521,"function GM:PreDrawOpaqueRenderables( bDrawingDepth, bDrawingSkybox )",lexical_candidate_not_semantic_analysis,not_ported
garrysmod/gamemodes/base/gamemode/cl_init.lua,531,"function GM:PostDrawOpaqueRenderables( bDrawingDepth, bDrawingSkybox )",lexical_candidate_not_semantic_analysis,not_ported
garrysmod/gamemodes/base/gamemode/cl_init.lua,538,"function GM:PreDrawTranslucentRenderables( bDrawingDepth, bDrawingSkybox )",lexical_candidate_not_semantic_analysis,not_ported
garrysmod/gamemodes/base/gamemode/cl_init.lua,548,"function GM:PostDrawTranslucentRenderables( bDrawingDepth, bDrawingSkybox )",lexical_candidate_not_semantic_analysis,not_ported
garrysmod/gamemodes/base/gamemode/cl_init.lua,555,"function GM:CalcViewModelView( wep, vm, oldEyePos, oldEyeAng, eyePos, eyeAng )",lexical_candidate_not_semantic_analysis,not_ported
garrysmod/gamemodes/base/gamemode/cl_init.lua,585,"function GM:PreDrawViewModel( vm, ply, wep, flags )",lexical_candidate_not_semantic_analysis,not_ported
garrysmod/gamemodes/base/gamemode/cl_init.lua,600,"function GM:PostDrawViewModel( vm, ply, wep, flags )",lexical_candidate_not_semantic_analysis,not_ported
garrysmod/gamemodes/base/gamemode/cl_init.lua,634,"function GM:DrawPhysgunBeam( ply, weapon, bOn, target, boneid, pos )",lexical_candidate_not_semantic_analysis,not_ported
garrysmod/gamemodes/base/gamemode/cl_init.lua,645,function GM:NetworkEntityCreated( ent ),lexical_candidate_not_semantic_analysis,not_ported
garrysmod/gamemodes/base/gamemode/cl_init.lua,653,function GM:CreateMove( cmd ),lexical_candidate_not_semantic_analysis,not_ported
garrysmod/gamemodes/base/gamemode/cl_init.lua,665,function GM:PreventScreenClicks( cmd ),lexical_candidate_not_semantic_analysis,not_ported
garrysmod/gamemodes/base/gamemode/cl_init.lua,681,"function GM:GUIMousePressed( mousecode, AimVector )",lexical_candidate_not_semantic_analysis,not_ported
garrysmod/gamemodes/base/gamemode/cl_init.lua,688,"function GM:GUIMouseReleased( mousecode, AimVector )",lexical_candidate_not_semantic_analysis,not_ported
garrysmod/gamemodes/base/gamemode/cl_init.lua,694,"function GM:PlayerClassChanged( ply, newID )",lexical_candidate_not_semantic_analysis,not_ported
garrysmod/gamemodes/base/gamemode/cl_init.lua,708,function GM:PreDrawHUD(),lexical_candidate_not_semantic_analysis,not_ported
garrysmod/gamemodes/base/gamemode/cl_init.lua,711,function GM:PostDrawHUD(),lexical_candidate_not_semantic_analysis,not_ported
garrysmod/gamemodes/base/gamemode/cl_init.lua,714,function GM:DrawOverlay(),lexical_candidate_not_semantic_analysis,not_ported
garrysmod/gamemodes/base/gamemode/cl_init.lua,717,function GM:DrawMonitors(),lexical_candidate_not_semantic_analysis,not_ported
garrysmod/gamemodes/base/gamemode/cl_init.lua,720,function GM:PreDrawEffects(),lexical_candidate_not_semantic_analysis,not_ported
garrysmod/gamemodes/base/gamemode/cl_init.lua,723,function GM:PostDrawEffects(),lexical_candidate_not_semantic_analysis,not_ported
garrysmod/gamemodes/base/gamemode/cl_init.lua,726,function GM:PreDrawHalos(),lexical_candidate_not_semantic_analysis,not_ported
garrysmod/gamemodes/base/gamemode/cl_init.lua,729,function GM:CloseDermaMenus(),lexical_candidate_not_semantic_analysis,not_ported
garrysmod/gamemodes/base/gamemode/cl_init.lua,732,"function GM:CreateClientsideRagdoll( entity, ragdoll )",lexical_candidate_not_semantic_analysis,not_ported
garrysmod/gamemodes/base/gamemode/cl_init.lua,735,"function GM:VehicleMove( ply, vehicle, mv )",lexical_candidate_not_semantic_analysis,not_ported
garrysmod/gamemodes/base/gamemode/cl_pickteam.lua,6,function GM:ShowTeam(),lexical_candidate_not_semantic_analysis,not_ported
garrysmod/gamemodes/base/gamemode/cl_pickteam.lua,21,"function Team.DoClick() self:HideTeam() RunConsoleCommand( ""changeteam"", ID ) end",lexical_candidate_not_semantic_analysis,not_ported
garrysmod/gamemodes/base/gamemode/cl_pickteam.lua,39,"function Team.DoClick() self:HideTeam() RunConsoleCommand( ""autoteam"" ) end",lexical_candidate_not_semantic_analysis,not_ported
garrysmod/gamemodes/base/gamemode/cl_pickteam.lua,58,function GM:HideTeam(),lexical_candidate_not_semantic_analysis,not_ported
garrysmod/gamemodes/base/gamemode/cl_scoreboard.lua,22,Init = function( self ),lexical_candidate_not_semantic_analysis,not_ported
garrysmod/gamemodes/base/gamemode/cl_scoreboard.lua,27,self.AvatarButton.DoClick = function() self.Player:ShowProfile() end,lexical_candidate_not_semantic_analysis,not_ported
garrysmod/gamemodes/base/gamemode/cl_scoreboard.lua,42,"self.Mute.OnMouseWheeled = function( s, delta )",lexical_candidate_not_semantic_analysis,not_ported
garrysmod/gamemodes/base/gamemode/cl_scoreboard.lua,51,"self.Mute.PaintOver = function( s, w, h )",lexical_candidate_not_semantic_analysis,not_ported
garrysmod/gamemodes/base/gamemode/cl_scoreboard.lua,101,"Setup = function( self, pl )",lexical_candidate_not_semantic_analysis,not_ported
garrysmod/gamemodes/base/gamemode/cl_scoreboard.lua,114,Think = function( self ),lexical_candidate_not_semantic_analysis,not_ported
garrysmod/gamemodes/base/gamemode/cl_scoreboard.lua,154,self.Mute.DoClick = function( s ) self.Player:SetMuted( !self.Muted ) end,lexical_candidate_not_semantic_analysis,not_ported
garrysmod/gamemodes/base/gamemode/cl_scoreboard.lua,175,"Paint = function( self, w, h )",lexical_candidate_not_semantic_analysis,not_ported
garrysmod/gamemodes/base/gamemode/cl_scoreboard.lua,183,GetLineColor = function( self ),lexical_candidate_not_semantic_analysis,not_ported
garrysmod/gamemodes/base/gamemode/cl_scoreboard.lua,218,Init = function( self ),lexical_candidate_not_semantic_analysis,not_ported
garrysmod/gamemodes/base/gamemode/cl_scoreboard.lua,244,PerformLayout = function( self ),lexical_candidate_not_semantic_analysis,not_ported
garrysmod/gamemodes/base/gamemode/cl_scoreboard.lua,251,"Paint = function( self, w, h )",lexical_candidate_not_semantic_analysis,not_ported
garrysmod/gamemodes/base/gamemode/cl_scoreboard.lua,257,"Think = function( self, w, h )",lexical_candidate_not_semantic_analysis,not_ported
garrysmod/gamemodes/base/gamemode/cl_scoreboard.lua,285,function GM:ScoreboardShow(),lexical_candidate_not_semantic_analysis,not_ported
garrysmod/gamemodes/base/gamemode/cl_scoreboard.lua,303,function GM:ScoreboardHide(),lexical_candidate_not_semantic_analysis,not_ported
garrysmod/gamemodes/base/gamemode/cl_scoreboard.lua,315,function GM:HUDDrawScoreBoard(),lexical_candidate_not_semantic_analysis,not_ported
garrysmod/gamemodes/base/gamemode/cl_spawnmenu.lua,4,function GM:OnSpawnMenuOpen(),lexical_candidate_not_semantic_analysis,not_ported
garrysmod/gamemodes/base/gamemode/cl_spawnmenu.lua,7,function GM:OnSpawnMenuClose(),lexical_candidate_not_semantic_analysis,not_ported
garrysmod/gamemodes/base/gamemode/cl_spawnmenu.lua,23,function GM:OnContextMenuOpen(),lexical_candidate_not_semantic_analysis,not_ported
garrysmod/gamemodes/base/gamemode/cl_spawnmenu.lua,26,function GM:OnContextMenuClose(),lexical_candidate_not_semantic_analysis,not_ported
garrysmod/gamemodes/base/gamemode/cl_targetid.lua,6,function GM:HUDDrawTargetID(),lexical_candidate_not_semantic_analysis,not_ported
garrysmod/gamemodes/base/gamemode/cl_voice.lua,14,function PANEL:Init(),lexical_candidate_not_semantic_analysis,not_ported
garrysmod/gamemodes/base/gamemode/cl_voice.lua,36,"function PANEL:Setup( ply, playerIndex )",lexical_candidate_not_semantic_analysis,not_ported
garrysmod/gamemodes/base/gamemode/cl_voice.lua,50,"function PANEL:Paint( w, h )",lexical_candidate_not_semantic_analysis,not_ported
garrysmod/gamemodes/base/gamemode/cl_voice.lua,69,function PANEL:SetText( text ),lexical_candidate_not_semantic_analysis,not_ported
garrysmod/gamemodes/base/gamemode/cl_voice.lua,75,function PANEL:UpdatePlayerInfo( setColor ),lexical_candidate_not_semantic_analysis,not_ported
garrysmod/gamemodes/base/gamemode/cl_voice.lua,89,function PANEL:Think(),lexical_candidate_not_semantic_analysis,not_ported
garrysmod/gamemodes/base/gamemode/cl_voice.lua,99,"function PANEL:FadeOut( anim, delta, data )",lexical_candidate_not_semantic_analysis,not_ported
garrysmod/gamemodes/base/gamemode/cl_voice.lua,119,"function GM:PlayerStartVoice( ply, playerIndex )",lexical_candidate_not_semantic_analysis,not_ported
garrysmod/gamemodes/base/gamemode/cl_voice.lua,150,local function VoiceClean(),lexical_candidate_not_semantic_analysis,not_ported
garrysmod/gamemodes/base/gamemode/cl_voice.lua,166,"function GM:PlayerEndVoice( ply, playerIndex )",lexical_candidate_not_semantic_analysis,not_ported
garrysmod/gamemodes/base/gamemode/cl_voice.lua,183,local function CreateVoiceVGUI(),lexical_candidate_not_semantic_analysis,not_ported
garrysmod/gamemodes/base/gamemode/gravitygun.lua,7,"function GM:GravGunPunt( ply, ent )",lexical_candidate_not_semantic_analysis,not_ported
garrysmod/gamemodes/base/gamemode/gravitygun.lua,15,"function GM:GravGunPickupAllowed( ply, ent )",lexical_candidate_not_semantic_analysis,not_ported
garrysmod/gamemodes/base/gamemode/gravitygun.lua,25,"function GM:GravGunOnPickedUp( ply, ent )",lexical_candidate_not_semantic_analysis,not_ported
garrysmod/gamemodes/base/gamemode/gravitygun.lua,33,"function GM:GravGunOnDropped( ply, ent )",lexical_candidate_not_semantic_analysis,not_ported
garrysmod/gamemodes/base/gamemode/init.lua,11,function GM:Initialize(),lexical_candidate_not_semantic_analysis,not_ported
garrysmod/gamemodes/base/gamemode/init.lua,18,function GM:InitPostEntity(),lexical_candidate_not_semantic_analysis,not_ported
garrysmod/gamemodes/base/gamemode/init.lua,25,function GM:Think(),lexical_candidate_not_semantic_analysis,not_ported
garrysmod/gamemodes/base/gamemode/init.lua,32,function GM:ShutDown(),lexical_candidate_not_semantic_analysis,not_ported
garrysmod/gamemodes/base/gamemode/init.lua,39,"function GM:DoPlayerDeath( ply, attacker, dmginfo )",lexical_candidate_not_semantic_analysis,not_ported
garrysmod/gamemodes/base/gamemode/init.lua,63,"function GM:PlayerShouldTakeDamage( ply, attacker )",lexical_candidate_not_semantic_analysis,not_ported
garrysmod/gamemodes/base/gamemode/init.lua,71,"function GM:EntityTakeDamage( ent, info )",lexical_candidate_not_semantic_analysis,not_ported
garrysmod/gamemodes/base/gamemode/init.lua,78,"function GM:PlayerHurt( player, attacker, healthleft, healthtaken )",lexical_candidate_not_semantic_analysis,not_ported
garrysmod/gamemodes/base/gamemode/init.lua,85,"function GM:CreateEntityRagdoll( entity, ragdoll )",lexical_candidate_not_semantic_analysis,not_ported
garrysmod/gamemodes/base/gamemode/init.lua,90,local function HostnameThink(),lexical_candidate_not_semantic_analysis,not_ported
garrysmod/gamemodes/base/gamemode/init.lua,101,function GM:ShowTeam( ply ),lexical_candidate_not_semantic_analysis,not_ported
garrysmod/gamemodes/base/gamemode/init.lua,124,"function GM:CheckPassword( steamid, networkid, server_password, password, name )",lexical_candidate_not_semantic_analysis,not_ported
garrysmod/gamemodes/base/gamemode/init.lua,146,"function GM:VehicleMove( ply, vehicle, mv )",lexical_candidate_not_semantic_analysis,not_ported
garrysmod/gamemodes/base/gamemode/init.lua,172,function GM:PreUndo( undo ),lexical_candidate_not_semantic_analysis,not_ported
garrysmod/gamemodes/base/gamemode/init.lua,179,"function GM:PostUndo( undo, count )",lexical_candidate_not_semantic_analysis,not_ported
garrysmod/gamemodes/base/gamemode/npc.lua,16,"function GM:SendDeathNotice( attacker, inflictor, victim, flags )",lexical_candidate_not_semantic_analysis,not_ported
garrysmod/gamemodes/base/gamemode/npc.lua,54,function GM:GetDeathNoticeEntityName( ent ),lexical_candidate_not_semantic_analysis,not_ported
garrysmod/gamemodes/base/gamemode/npc.lua,93,"function GM:OnNPCKilled( ent, attacker, inflictor )",lexical_candidate_not_semantic_analysis,not_ported
garrysmod/gamemodes/base/gamemode/npc.lua,159,"function GM:ScaleNPCDamage( npc, hitgroup, dmginfo )",lexical_candidate_not_semantic_analysis,not_ported
garrysmod/gamemodes/base/gamemode/obj_player_extend.lua,13,"function meta:AddFrozenPhysicsObject( ent, phys )",lexical_candidate_not_semantic_analysis,not_ported
garrysmod/gamemodes/base/gamemode/obj_player_extend.lua,32,"local function PlayerUnfreezeObject( ply, ent, object )",lexical_candidate_not_semantic_analysis,not_ported
garrysmod/gamemodes/base/gamemode/obj_player_extend.lua,57,function meta:PhysgunUnfreeze(),lexical_candidate_not_semantic_analysis,not_ported
garrysmod/gamemodes/base/gamemode/obj_player_extend.lua,100,function meta:UnfreezePhysicsObjects(),lexical_candidate_not_semantic_analysis,not_ported
garrysmod/gamemodes/base/gamemode/obj_player_extend.lua,158,function meta:UniqueIDTable( key ),lexical_candidate_not_semantic_analysis,not_ported
garrysmod/gamemodes/base/gamemode/obj_player_extend.lua,173,function meta:GetEyeTrace(),lexical_candidate_not_semantic_analysis,not_ported
garrysmod/gamemodes/base/gamemode/obj_player_extend.lua,196,function meta:GetEyeTraceNoCursor(),lexical_candidate_not_semantic_analysis,not_ported
garrysmod/gamemodes/base/gamemode/player.lua,6,"function GM:OnPhysgunFreeze( weapon, phys, ent, ply )",lexical_candidate_not_semantic_analysis,not_ported
garrysmod/gamemodes/base/gamemode/player.lua,26,"function GM:OnPhysgunReload( weapon, ply )",lexical_candidate_not_semantic_analysis,not_ported
garrysmod/gamemodes/base/gamemode/player.lua,36,"function GM:PlayerAuthed( ply, SteamID, UniqueID )",lexical_candidate_not_semantic_analysis,not_ported
garrysmod/gamemodes/base/gamemode/player.lua,44,"function GM:PlayerCanPickupWeapon( ply, entity )",lexical_candidate_not_semantic_analysis,not_ported
garrysmod/gamemodes/base/gamemode/player.lua,55,"function GM:PlayerCanPickupItem( ply, entity )",lexical_candidate_not_semantic_analysis,not_ported
garrysmod/gamemodes/base/gamemode/player.lua,65,"function GM:CanPlayerUnfreeze( ply, entity, physobject )",lexical_candidate_not_semantic_analysis,not_ported
garrysmod/gamemodes/base/gamemode/player.lua,75,function GM:PlayerDisconnected( ply ),lexical_candidate_not_semantic_analysis,not_ported
garrysmod/gamemodes/base/gamemode/player.lua,84,"function GM:PlayerSay( ply, text, teamonly )",lexical_candidate_not_semantic_analysis,not_ported
garrysmod/gamemodes/base/gamemode/player.lua,95,function GM:PlayerDeathThink( pl ),lexical_candidate_not_semantic_analysis,not_ported
garrysmod/gamemodes/base/gamemode/player.lua,112,"function GM:PlayerUse( ply, entity )",lexical_candidate_not_semantic_analysis,not_ported
garrysmod/gamemodes/base/gamemode/player.lua,122,function GM:PlayerSilentDeath( Victim ),lexical_candidate_not_semantic_analysis,not_ported
garrysmod/gamemodes/base/gamemode/player.lua,133,"function GM:PlayerDeath( ply, inflictor, attacker )",lexical_candidate_not_semantic_analysis,not_ported
garrysmod/gamemodes/base/gamemode/player.lua,195,"function GM:PlayerInitialSpawn( pl, transiton )",lexical_candidate_not_semantic_analysis,not_ported
garrysmod/gamemodes/base/gamemode/player.lua,209,function GM:PlayerSpawnAsSpectator( pl ),lexical_candidate_not_semantic_analysis,not_ported
garrysmod/gamemodes/base/gamemode/player.lua,229,"function GM:PlayerSpawn( pl, transiton )",lexical_candidate_not_semantic_analysis,not_ported
garrysmod/gamemodes/base/gamemode/player.lua,265,function GM:PlayerSetModel( pl ),lexical_candidate_not_semantic_analysis,not_ported
garrysmod/gamemodes/base/gamemode/player.lua,275,"function GM:PlayerSetHandsModel( pl, ent )",lexical_candidate_not_semantic_analysis,not_ported
garrysmod/gamemodes/base/gamemode/player.lua,295,function GM:PlayerLoadout( pl ),lexical_candidate_not_semantic_analysis,not_ported
garrysmod/gamemodes/base/gamemode/player.lua,305,"function GM:PlayerSelectTeamSpawn( TeamID, pl )",lexical_candidate_not_semantic_analysis,not_ported
garrysmod/gamemodes/base/gamemode/player.lua,332,"function GM:IsSpawnpointSuitable( pl, spawnpointent, bMakeSuitable )",lexical_candidate_not_semantic_analysis,not_ported
garrysmod/gamemodes/base/gamemode/player.lua,376,local function LoadSpawnpointNamesFromGModPlayerSpawn(),lexical_candidate_not_semantic_analysis,not_ported
garrysmod/gamemodes/base/gamemode/player.lua,392,"function GM:PlayerSelectSpawn( pl, transiton )",lexical_candidate_not_semantic_analysis,not_ported
garrysmod/gamemodes/base/gamemode/player.lua,468,function GM:WeaponEquip( weapon ),lexical_candidate_not_semantic_analysis,not_ported
garrysmod/gamemodes/base/gamemode/player.lua,476,"function GM:ScalePlayerDamage( ply, hitgroup, dmginfo )",lexical_candidate_not_semantic_analysis,not_ported
garrysmod/gamemodes/base/gamemode/player.lua,502,function GM:PlayerDeathSound(),lexical_candidate_not_semantic_analysis,not_ported
garrysmod/gamemodes/base/gamemode/player.lua,510,"function GM:SetupPlayerVisibility( pPlayer, pViewEntity )",lexical_candidate_not_semantic_analysis,not_ported
garrysmod/gamemodes/base/gamemode/player.lua,521,"function GM:OnDamagedByExplosion( ply, info )",lexical_candidate_not_semantic_analysis,not_ported
garrysmod/gamemodes/base/gamemode/player.lua,547,function GM:CanPlayerSuicide( ply ),lexical_candidate_not_semantic_analysis,not_ported
garrysmod/gamemodes/base/gamemode/player.lua,555,"function GM:CanPlayerEnterVehicle( ply, vehicle, role )",lexical_candidate_not_semantic_analysis,not_ported
garrysmod/gamemodes/base/gamemode/player.lua,563,"function GM:PlayerEnteredVehicle( ply, vehicle, role )",lexical_candidate_not_semantic_analysis,not_ported
garrysmod/gamemodes/base/gamemode/player.lua,570,"function GM:CanExitVehicle( vehicle, passenger )",lexical_candidate_not_semantic_analysis,not_ported
garrysmod/gamemodes/base/gamemode/player.lua,578,"function GM:PlayerLeaveVehicle( ply, vehicle )",lexical_candidate_not_semantic_analysis,not_ported
garrysmod/gamemodes/base/gamemode/player.lua,585,"function GM:PlayerSwitchFlashlight( ply, SwitchOn )",lexical_candidate_not_semantic_analysis,not_ported
garrysmod/gamemodes/base/gamemode/player.lua,594,"function GM:PlayerCanJoinTeam( ply, teamid )",lexical_candidate_not_semantic_analysis,not_ported
garrysmod/gamemodes/base/gamemode/player.lua,617,"function GM:PlayerRequestTeam( ply, teamid )",lexical_candidate_not_semantic_analysis,not_ported
garrysmod/gamemodes/base/gamemode/player.lua,640,"function GM:PlayerJoinTeam( ply, teamid )",lexical_candidate_not_semantic_analysis,not_ported
garrysmod/gamemodes/base/gamemode/player.lua,662,"function GM:OnPlayerChangedTeam( ply, oldteam, newteam )",lexical_candidate_not_semantic_analysis,not_ported
garrysmod/gamemodes/base/gamemode/player.lua,695,function GM:PlayerSpray( ply ),lexical_candidate_not_semantic_analysis,not_ported
garrysmod/gamemodes/base/gamemode/player.lua,705,"function GM:OnPlayerHitGround( ply, bInWater, bOnFloater, flFallSpeed )",lexical_candidate_not_semantic_analysis,not_ported
garrysmod/gamemodes/base/gamemode/player.lua,720,"function GM:GetFallDamage( ply, flFallSpeed )",lexical_candidate_not_semantic_analysis,not_ported
garrysmod/gamemodes/base/gamemode/player.lua,734,"function GM:PlayerCanSeePlayersChat( strText, bTeamOnly, pListener, pSpeaker )",lexical_candidate_not_semantic_analysis,not_ported
garrysmod/gamemodes/base/gamemode/player.lua,754,"function GM:PlayerCanHearPlayersVoice( pListener, pTalker )",lexical_candidate_not_semantic_analysis,not_ported
garrysmod/gamemodes/base/gamemode/player.lua,767,"function GM:NetworkIDValidated( name, steamid )",lexical_candidate_not_semantic_analysis,not_ported
garrysmod/gamemodes/base/gamemode/player.lua,776,"function GM:PlayerShouldTaunt( ply, actid )",lexical_candidate_not_semantic_analysis,not_ported
garrysmod/gamemodes/base/gamemode/player.lua,787,"function GM:PlayerStartTaunt( ply, actid, length )",lexical_candidate_not_semantic_analysis,not_ported
garrysmod/gamemodes/base/gamemode/player.lua,793,"function GM:AllowPlayerPickup( ply, object )",lexical_candidate_not_semantic_analysis,not_ported
garrysmod/gamemodes/base/gamemode/player.lua,806,"function GM:PlayerDroppedWeapon( ply, weapon )",lexical_candidate_not_semantic_analysis,not_ported
garrysmod/gamemodes/base/gamemode/player.lua,813,"function GM:PlayerButtonDown( ply, btn ) end",lexical_candidate_not_semantic_analysis,not_ported
garrysmod/gamemodes/base/gamemode/player.lua,814,"function GM:PlayerButtonUp( ply, btn ) end",lexical_candidate_not_semantic_analysis,not_ported
garrysmod/gamemodes/base/gamemode/player.lua,822,"function GM:HandlePlayerArmorReduction( ply, dmginfo )",lexical_candidate_not_semantic_analysis,not_ported
garrysmod/gamemodes/base/gamemode/player_class/player_default.lua,33,function PLAYER:SetupDataTables(),lexical_candidate_not_semantic_analysis,not_ported
garrysmod/gamemodes/base/gamemode/player_class/player_default.lua,42,function PLAYER:Init(),lexical_candidate_not_semantic_analysis,not_ported
garrysmod/gamemodes/base/gamemode/player_class/player_default.lua,51,function PLAYER:Spawn(),lexical_candidate_not_semantic_analysis,not_ported
garrysmod/gamemodes/base/gamemode/player_class/player_default.lua,60,function PLAYER:Loadout(),lexical_candidate_not_semantic_analysis,not_ported
garrysmod/gamemodes/base/gamemode/player_class/player_default.lua,67,function PLAYER:SetModel(),lexical_candidate_not_semantic_analysis,not_ported
garrysmod/gamemodes/base/gamemode/player_class/player_default.lua,76,"function PLAYER:Death( inflictor, attacker )",lexical_candidate_not_semantic_analysis,not_ported
garrysmod/gamemodes/base/gamemode/player_class/player_default.lua,80,function PLAYER:CalcView( view ) end		-- Setup the player's view,lexical_candidate_not_semantic_analysis,not_ported
garrysmod/gamemodes/base/gamemode/player_class/player_default.lua,81,function PLAYER:CreateMove( cmd ) end		-- Creates the user command on the client,lexical_candidate_not_semantic_analysis,not_ported
garrysmod/gamemodes/base/gamemode/player_class/player_default.lua,82,function PLAYER:ShouldDrawLocal() end		-- Return true if we should draw the local player,lexical_candidate_not_semantic_analysis,not_ported
garrysmod/gamemodes/base/gamemode/player_class/player_default.lua,85,"function PLAYER:StartMove( cmd, mv ) end	-- Copies from the user command to the move",lexical_candidate_not_semantic_analysis,not_ported
garrysmod/gamemodes/base/gamemode/player_class/player_default.lua,86,function PLAYER:Move( mv ) end				-- Runs the move (can run multiple times for the same client),lexical_candidate_not_semantic_analysis,not_ported
garrysmod/gamemodes/base/gamemode/player_class/player_default.lua,87,function PLAYER:FinishMove( mv ) end		-- Copy the results of the move back to the Player,lexical_candidate_not_semantic_analysis,not_ported
garrysmod/gamemodes/base/gamemode/player_class/player_default.lua,97,"function PLAYER:ViewModelChanged( vm, old, new )",lexical_candidate_not_semantic_analysis,not_ported
garrysmod/gamemodes/base/gamemode/player_class/player_default.lua,107,"function PLAYER:PreDrawViewModel( vm, weapon )",lexical_candidate_not_semantic_analysis,not_ported
garrysmod/gamemodes/base/gamemode/player_class/player_default.lua,117,"function PLAYER:PostDrawViewModel( vm, weapon )",lexical_candidate_not_semantic_analysis,not_ported
garrysmod/gamemodes/base/gamemode/player_class/player_default.lua,126,function PLAYER:GetHandsModel(),lexical_candidate_not_semantic_analysis,not_ported
garrysmod/gamemodes/base/gamemode/player_class/taunt_camera.lua,14,function TauntCamera(),lexical_candidate_not_semantic_analysis,not_ported
garrysmod/gamemodes/base/gamemode/player_class/taunt_camera.lua,29,"CAM.ShouldDrawLocalPlayer = function( self, ply, on )",lexical_candidate_not_semantic_analysis,not_ported
garrysmod/gamemodes/base/gamemode/player_class/taunt_camera.lua,38,"CAM.CalcView = function( self, view, ply, on )",lexical_candidate_not_semantic_analysis,not_ported
garrysmod/gamemodes/base/gamemode/player_class/taunt_camera.lua,98,"CAM.CreateMove = function( self, cmd, ply, on )",lexical_candidate_not_semantic_analysis,not_ported
garrysmod/gamemodes/base/gamemode/player_shd.lua,7,"function GM:PlayerTraceAttack( ply, dmginfo, dir, trace )",lexical_candidate_not_semantic_analysis,not_ported
garrysmod/gamemodes/base/gamemode/player_shd.lua,17,"function GM:SetPlayerSpeed( ply, walk, run )",lexical_candidate_not_semantic_analysis,not_ported
garrysmod/gamemodes/base/gamemode/player_shd.lua,31,"function GM:PlayerFootstep( ply, vPos, iFoot, strSoundName, fVolume, pFilter )",lexical_candidate_not_semantic_analysis,not_ported
garrysmod/gamemodes/base/gamemode/player_shd.lua,54,"function GM:PlayerStepSoundTime( ply, iType, bWalking )",lexical_candidate_not_semantic_analysis,not_ported
garrysmod/gamemodes/base/gamemode/player_shd.lua,93,"function GM:PlayerNoClip( pl, on )",lexical_candidate_not_semantic_analysis,not_ported
garrysmod/gamemodes/base/gamemode/player_shd.lua,103,"function GM:FindUseEntity( ply, ent )",lexical_candidate_not_semantic_analysis,not_ported
garrysmod/gamemodes/base/gamemode/player_shd.lua,125,"function GM:PlayerTick( ply, mv )",lexical_candidate_not_semantic_analysis,not_ported
garrysmod/gamemodes/base/gamemode/player_shd.lua,131,"function GM:PlayerSwitchWeapon( ply, oldwep, newwep )",lexical_candidate_not_semantic_analysis,not_ported
garrysmod/gamemodes/base/gamemode/shared.lua,30,"function GM:KeyPress( player, key )",lexical_candidate_not_semantic_analysis,not_ported
garrysmod/gamemodes/base/gamemode/shared.lua,37,"function GM:KeyRelease( player, key )",lexical_candidate_not_semantic_analysis,not_ported
garrysmod/gamemodes/base/gamemode/shared.lua,44,"function GM:PlayerConnect( name, address )",lexical_candidate_not_semantic_analysis,not_ported
garrysmod/gamemodes/base/gamemode/shared.lua,51,"function GM:PropBreak( attacker, prop )",lexical_candidate_not_semantic_analysis,not_ported
garrysmod/gamemodes/base/gamemode/shared.lua,58,"function GM:PhysgunPickup( ply, ent )",lexical_candidate_not_semantic_analysis,not_ported
garrysmod/gamemodes/base/gamemode/shared.lua,70,"function GM:PhysgunDrop( ply, ent )",lexical_candidate_not_semantic_analysis,not_ported
garrysmod/gamemodes/base/gamemode/shared.lua,76,function GM:GetGameDescription(),lexical_candidate_not_semantic_analysis,not_ported
garrysmod/gamemodes/base/gamemode/shared.lua,83,function GM:Saved(),lexical_candidate_not_semantic_analysis,not_ported
garrysmod/gamemodes/base/gamemode/shared.lua,89,function GM:Restored(),lexical_candidate_not_semantic_analysis,not_ported
garrysmod/gamemodes/base/gamemode/shared.lua,98,function GM:EntityRemoved( ent ),lexical_candidate_not_semantic_analysis,not_ported
garrysmod/gamemodes/base/gamemode/shared.lua,105,function GM:Tick(),lexical_candidate_not_semantic_analysis,not_ported
garrysmod/gamemodes/base/gamemode/shared.lua,112,function GM:OnEntityCreated( Ent ),lexical_candidate_not_semantic_analysis,not_ported
garrysmod/gamemodes/base/gamemode/shared.lua,120,"function GM:EntityKeyValue( ent, key, value )",lexical_candidate_not_semantic_analysis,not_ported
garrysmod/gamemodes/base/gamemode/shared.lua,127,function GM:CreateTeams(),lexical_candidate_not_semantic_analysis,not_ported
garrysmod/gamemodes/base/gamemode/shared.lua,156,"function GM:ShouldCollide( Ent1, Ent2 )",lexical_candidate_not_semantic_analysis,not_ported
garrysmod/gamemodes/base/gamemode/shared.lua,168,"function GM:Move( ply, mv )",lexical_candidate_not_semantic_analysis,not_ported
garrysmod/gamemodes/base/gamemode/shared.lua,179,"function GM:SetupMove( ply, mv, cmd )",lexical_candidate_not_semantic_analysis,not_ported
garrysmod/gamemodes/base/gamemode/shared.lua,189,"function GM:FinishMove( ply, mv )",lexical_candidate_not_semantic_analysis,not_ported
garrysmod/gamemodes/base/gamemode/shared.lua,199,function GM:PlayerPostThink( ply ),lexical_candidate_not_semantic_analysis,not_ported
garrysmod/gamemodes/base/gamemode/shared.lua,206,"function GM:StartEntityDriving( ent, ply )",lexical_candidate_not_semantic_analysis,not_ported
garrysmod/gamemodes/base/gamemode/shared.lua,215,"function GM:EndEntityDriving( ent, ply )",lexical_candidate_not_semantic_analysis,not_ported
garrysmod/gamemodes/base/gamemode/shared.lua,224,function GM:PlayerDriveAnimate( ply ),lexical_candidate_not_semantic_analysis,not_ported
garrysmod/gamemodes/base/gamemode/shared.lua,231,function GM:OnReloaded(),lexical_candidate_not_semantic_analysis,not_ported
garrysmod/gamemodes/base/gamemode/shared.lua,234,function GM:PreGamemodeLoaded(),lexical_candidate_not_semantic_analysis,not_ported
garrysmod/gamemodes/base/gamemode/shared.lua,237,function GM:OnGamemodeLoaded(),lexical_candidate_not_semantic_analysis,not_ported
garrysmod/gamemodes/base/gamemode/shared.lua,240,function GM:PostGamemodeLoaded(),lexical_candidate_not_semantic_analysis,not_ported
garrysmod/gamemodes/base/gamemode/shared.lua,251,"function GM:OnViewModelChanged( vm, old, new )",lexical_candidate_not_semantic_analysis,not_ported
garrysmod/gamemodes/base/gamemode/shared.lua,263,"function GM:CanProperty( pl, property, ent )",lexical_candidate_not_semantic_analysis,not_ported
garrysmod/gamemodes/base/gamemode/shared.lua,270,"function GM:EntityFireBullets( ent, bullets )",lexical_candidate_not_semantic_analysis,not_ported
garrysmod/gamemodes/base/gamemode/variable_edit.lua,6,"function GM:VariableEdited( ent, ply, key, val, editor )",lexical_candidate_not_semantic_analysis,not_ported
garrysmod/gamemodes/base/gamemode/variable_edit.lua,28,"function GM:CanEditVariable( ent, ply, key, val, editor )",lexical_candidate_not_semantic_analysis,not_ported
garrysmod/gamemodes/sandbox/entities/effects/balloon_pop.lua,2,function EFFECT:Init( data ),lexical_candidate_not_semantic_analysis,not_ported
garrysmod/gamemodes/sandbox/entities/effects/balloon_pop.lua,56,function EFFECT:Think(),lexical_candidate_not_semantic_analysis,not_ported
garrysmod/gamemodes/sandbox/entities/effects/balloon_pop.lua,60,function EFFECT:Render(),lexical_candidate_not_semantic_analysis,not_ported
garrysmod/gamemodes/sandbox/entities/effects/camera_flash.lua,2,function EFFECT:Init( data ),lexical_candidate_not_semantic_analysis,not_ported
garrysmod/gamemodes/sandbox/entities/effects/camera_flash.lua,24,function EFFECT:Think(),lexical_candidate_not_semantic_analysis,not_ported
garrysmod/gamemodes/sandbox/entities/effects/camera_flash.lua,28,function EFFECT:Render(),lexical_candidate_not_semantic_analysis,not_ported
garrysmod/gamemodes/sandbox/entities/effects/entity_remove.lua,2,function EFFECT:Init( data ),lexical_candidate_not_semantic_analysis,not_ported
garrysmod/gamemodes/sandbox/entities/effects/entity_remove.lua,48,function EFFECT:Think(),lexical_candidate_not_semantic_analysis,not_ported
garrysmod/gamemodes/sandbox/entities/effects/entity_remove.lua,52,function EFFECT:Render(),lexical_candidate_not_semantic_analysis,not_ported
garrysmod/gamemodes/sandbox/entities/effects/inflator_magic.lua,2,function EFFECT:GetParticlePosition( i ),lexical_candidate_not_semantic_analysis,not_ported
garrysmod/gamemodes/sandbox/entities/effects/inflator_magic.lua,10,function EFFECT:Init( data ),lexical_candidate_not_semantic_analysis,not_ported
garrysmod/gamemodes/sandbox/entities/effects/inflator_magic.lua,85,function EFFECT:Think(),lexical_candidate_not_semantic_analysis,not_ported
garrysmod/gamemodes/sandbox/entities/effects/inflator_magic.lua,89,function EFFECT:Render(),lexical_candidate_not_semantic_analysis,not_ported
garrysmod/gamemodes/sandbox/entities/effects/lasertracer.lua,4,function EFFECT:Init( data ),lexical_candidate_not_semantic_analysis,not_ported
garrysmod/gamemodes/sandbox/entities/effects/lasertracer.lua,49,function EFFECT:Think(),lexical_candidate_not_semantic_analysis,not_ported
garrysmod/gamemodes/sandbox/entities/effects/lasertracer.lua,69,function EFFECT:Render(),lexical_candidate_not_semantic_analysis,not_ported
garrysmod/gamemodes/sandbox/entities/effects/phys_freeze.lua,4,function EFFECT:Init( data ),lexical_candidate_not_semantic_analysis,not_ported
garrysmod/gamemodes/sandbox/entities/effects/phys_freeze.lua,14,function EFFECT:Think(),lexical_candidate_not_semantic_analysis,not_ported
garrysmod/gamemodes/sandbox/entities/effects/phys_freeze.lua,21,function EFFECT:Render(),lexical_candidate_not_semantic_analysis,not_ported
garrysmod/gamemodes/sandbox/entities/effects/phys_unfreeze.lua,4,function EFFECT:Init( data ),lexical_candidate_not_semantic_analysis,not_ported
garrysmod/gamemodes/sandbox/entities/effects/phys_unfreeze.lua,14,function EFFECT:Think(),lexical_candidate_not_semantic_analysis,not_ported
garrysmod/gamemodes/sandbox/entities/effects/phys_unfreeze.lua,21,function EFFECT:Render(),lexical_candidate_not_semantic_analysis,not_ported
garrysmod/gamemodes/sandbox/entities/effects/propspawn.lua,6,function EFFECT:Init( data ),lexical_candidate_not_semantic_analysis,not_ported
garrysmod/gamemodes/sandbox/entities/effects/propspawn.lua,33,function EFFECT:Think(),lexical_candidate_not_semantic_analysis,not_ported
garrysmod/gamemodes/sandbox/entities/effects/propspawn.lua,55,function EFFECT:Render(),lexical_candidate_not_semantic_analysis,not_ported
garrysmod/gamemodes/sandbox/entities/effects/propspawn.lua,58,"function EFFECT:RenderOverlay( entity, flags )",lexical_candidate_not_semantic_analysis,not_ported
garrysmod/gamemodes/sandbox/entities/effects/propspawn.lua,102,function EFFECT:RenderParent( flags ),lexical_candidate_not_semantic_analysis,not_ported
garrysmod/gamemodes/sandbox/entities/effects/propspawn.lua,124,"function EFFECT:StartClip( model, spd )",lexical_candidate_not_semantic_analysis,not_ported
garrysmod/gamemodes/sandbox/entities/effects/selection_indicator.lua,4,function EFFECT:Init( data ),lexical_candidate_not_semantic_analysis,not_ported
garrysmod/gamemodes/sandbox/entities/effects/selection_indicator.lua,39,function EFFECT:Think(),lexical_candidate_not_semantic_analysis,not_ported
garrysmod/gamemodes/sandbox/entities/effects/selection_indicator.lua,47,function EFFECT:Render(),lexical_candidate_not_semantic_analysis,not_ported
garrysmod/gamemodes/sandbox/entities/effects/selection_ring.lua,4,function EFFECT:Init( data ),lexical_candidate_not_semantic_analysis,not_ported
garrysmod/gamemodes/sandbox/entities/effects/selection_ring.lua,33,function EFFECT:Think(),lexical_candidate_not_semantic_analysis,not_ported
garrysmod/gamemodes/sandbox/entities/effects/selection_ring.lua,43,function EFFECT:Render(),lexical_candidate_not_semantic_analysis,not_ported
garrysmod/gamemodes/sandbox/entities/effects/wheel_indicator.lua,4,function EFFECT:Init( data ),lexical_candidate_not_semantic_analysis,not_ported
garrysmod/gamemodes/sandbox/entities/effects/wheel_indicator.lua,27,function EFFECT:Think(),lexical_candidate_not_semantic_analysis,not_ported
garrysmod/gamemodes/sandbox/entities/effects/wheel_indicator.lua,42,function EFFECT:Render(),lexical_candidate_not_semantic_analysis,not_ported
garrysmod/gamemodes/sandbox/entities/entities/base_edit.lua,9,function ENT:Initialize(),lexical_candidate_not_semantic_analysis,not_ported
garrysmod/gamemodes/sandbox/entities/entities/base_edit.lua,19,"function ENT:SpawnFunction( ply, tr, ClassName )",lexical_candidate_not_semantic_analysis,not_ported
garrysmod/gamemodes/sandbox/entities/entities/base_edit.lua,49,function ENT:EnableForwardArrow(),lexical_candidate_not_semantic_analysis,not_ported
garrysmod/gamemodes/sandbox/entities/entities/base_gmodentity.lua,13,function ENT:BeingLookedAtByLocalPlayer(),lexical_candidate_not_semantic_analysis,not_ported
garrysmod/gamemodes/sandbox/entities/entities/base_gmodentity.lua,50,function ENT:Think(),lexical_candidate_not_semantic_analysis,not_ported
garrysmod/gamemodes/sandbox/entities/entities/base_gmodentity.lua,64,function ENT:SetOverlayText( text ),lexical_candidate_not_semantic_analysis,not_ported
garrysmod/gamemodes/sandbox/entities/entities/base_gmodentity.lua,70,function ENT:GetOverlayText(),lexical_candidate_not_semantic_analysis,not_ported
garrysmod/gamemodes/sandbox/entities/entities/base_gmodentity.lua,84,function ENT:SetPlayer( ply ),lexical_candidate_not_semantic_analysis,not_ported
garrysmod/gamemodes/sandbox/entities/entities/base_gmodentity.lua,105,function ENT:GetPlayer(),lexical_candidate_not_semantic_analysis,not_ported
garrysmod/gamemodes/sandbox/entities/entities/base_gmodentity.lua,134,function ENT:GetPlayerIndex(),lexical_candidate_not_semantic_analysis,not_ported
garrysmod/gamemodes/sandbox/entities/entities/base_gmodentity.lua,140,function ENT:GetPlayerSteamID(),lexical_candidate_not_semantic_analysis,not_ported
garrysmod/gamemodes/sandbox/entities/entities/base_gmodentity.lua,146,function ENT:GetPlayerName(),lexical_candidate_not_semantic_analysis,not_ported
garrysmod/gamemodes/sandbox/entities/entities/edit_fog.lua,12,function ENT:Initialize(),lexical_candidate_not_semantic_analysis,not_ported
garrysmod/gamemodes/sandbox/entities/entities/edit_fog.lua,27,function ENT:SetupWorldFog(),lexical_candidate_not_semantic_analysis,not_ported
garrysmod/gamemodes/sandbox/entities/entities/edit_fog.lua,41,function ENT:SetupSkyFog( skyboxscale ),lexical_candidate_not_semantic_analysis,not_ported
garrysmod/gamemodes/sandbox/entities/entities/edit_fog.lua,55,function ENT:SetupDataTables(),lexical_candidate_not_semantic_analysis,not_ported
garrysmod/gamemodes/sandbox/entities/entities/edit_fog.lua,82,function ENT:UpdateTransmitState(),lexical_candidate_not_semantic_analysis,not_ported
garrysmod/gamemodes/sandbox/entities/entities/edit_sky.lua,12,function ENT:Initialize(),lexical_candidate_not_semantic_analysis,not_ported
garrysmod/gamemodes/sandbox/entities/entities/edit_sky.lua,28,function ENT:Think(),lexical_candidate_not_semantic_analysis,not_ported
garrysmod/gamemodes/sandbox/entities/entities/edit_sky.lua,63,function ENT:SetupDataTables(),lexical_candidate_not_semantic_analysis,not_ported
garrysmod/gamemodes/sandbox/entities/entities/edit_sky.lua,73,function ENT:UpdateTransmitState(),lexical_candidate_not_semantic_analysis,not_ported
garrysmod/gamemodes/sandbox/entities/entities/edit_sun.lua,12,function ENT:Initialize(),lexical_candidate_not_semantic_analysis,not_ported
garrysmod/gamemodes/sandbox/entities/entities/edit_sun.lua,38,function ENT:SetupDataTables(),lexical_candidate_not_semantic_analysis,not_ported
garrysmod/gamemodes/sandbox/entities/entities/edit_sun.lua,66,function ENT:OnAngleChange( newang ),lexical_candidate_not_semantic_analysis,not_ported
garrysmod/gamemodes/sandbox/entities/entities/edit_sun.lua,77,"function ENT:PostEntityPaste( ply, ent )",lexical_candidate_not_semantic_analysis,not_ported
garrysmod/gamemodes/sandbox/entities/entities/edit_sun.lua,87,"function ENT:OnVariableChanged( name, old, new )",lexical_candidate_not_semantic_analysis,not_ported
garrysmod/gamemodes/sandbox/entities/entities/edit_sun.lua,105,function ENT:UpdateTransmitState(),lexical_candidate_not_semantic_analysis,not_ported
garrysmod/gamemodes/sandbox/entities/entities/gmod_anchor.lua,9,function ENT:Initialize(),lexical_candidate_not_semantic_analysis,not_ported
garrysmod/gamemodes/sandbox/entities/entities/gmod_balloon.lua,8,function ENT:SetupDataTables(),lexical_candidate_not_semantic_analysis,not_ported
garrysmod/gamemodes/sandbox/entities/entities/gmod_balloon.lua,18,function ENT:Initialize(),lexical_candidate_not_semantic_analysis,not_ported
garrysmod/gamemodes/sandbox/entities/entities/gmod_balloon.lua,37,function ENT:GetOverlayText(),lexical_candidate_not_semantic_analysis,not_ported
garrysmod/gamemodes/sandbox/entities/entities/gmod_balloon.lua,48,function ENT:OnTakeDamage( dmginfo ),lexical_candidate_not_semantic_analysis,not_ported
garrysmod/gamemodes/sandbox/entities/entities/gmod_balloon.lua,78,"function ENT:PhysicsSimulate( phys, deltatime )",lexical_candidate_not_semantic_analysis,not_ported
garrysmod/gamemodes/sandbox/entities/entities/gmod_button.lua,8,function ENT:SetupDataTables(),lexical_candidate_not_semantic_analysis,not_ported
garrysmod/gamemodes/sandbox/entities/entities/gmod_button.lua,22,function ENT:Initialize(),lexical_candidate_not_semantic_analysis,not_ported
garrysmod/gamemodes/sandbox/entities/entities/gmod_button.lua,37,function ENT:GetOverlayText(),lexical_candidate_not_semantic_analysis,not_ported
garrysmod/gamemodes/sandbox/entities/entities/gmod_button.lua,55,"function ENT:Use( activator, caller, type, value )",lexical_candidate_not_semantic_analysis,not_ported
garrysmod/gamemodes/sandbox/entities/entities/gmod_button.lua,87,function ENT:Think(),lexical_candidate_not_semantic_analysis,not_ported
garrysmod/gamemodes/sandbox/entities/entities/gmod_button.lua,121,"function ENT:Toggle( bEnable, ply )",lexical_candidate_not_semantic_analysis,not_ported
garrysmod/gamemodes/sandbox/entities/entities/gmod_button.lua,144,function ENT:UpdateLever(),lexical_candidate_not_semantic_analysis,not_ported
garrysmod/gamemodes/sandbox/entities/entities/gmod_cameraprop.lua,13,function ENT:SetupDataTables(),lexical_candidate_not_semantic_analysis,not_ported
garrysmod/gamemodes/sandbox/entities/entities/gmod_cameraprop.lua,24,function ENT:GetEntityDriveMode(),lexical_candidate_not_semantic_analysis,not_ported
garrysmod/gamemodes/sandbox/entities/entities/gmod_cameraprop.lua,30,function ENT:Initialize(),lexical_candidate_not_semantic_analysis,not_ported
garrysmod/gamemodes/sandbox/entities/entities/gmod_cameraprop.lua,48,"function ENT:SetTracking( Ent, LPos )",lexical_candidate_not_semantic_analysis,not_ported
garrysmod/gamemodes/sandbox/entities/entities/gmod_cameraprop.lua,69,function ENT:SetLocked( locked ),lexical_candidate_not_semantic_analysis,not_ported
garrysmod/gamemodes/sandbox/entities/entities/gmod_cameraprop.lua,90,function ENT:OnTakeDamage( dmginfo ),lexical_candidate_not_semantic_analysis,not_ported
garrysmod/gamemodes/sandbox/entities/entities/gmod_cameraprop.lua,97,function ENT:OnRemove(),lexical_candidate_not_semantic_analysis,not_ported
garrysmod/gamemodes/sandbox/entities/entities/gmod_cameraprop.lua,109,function ENT:ApplyKeybinds( ply ),lexical_candidate_not_semantic_analysis,not_ported
garrysmod/gamemodes/sandbox/entities/entities/gmod_cameraprop.lua,120,function ENT:OnRestore(),lexical_candidate_not_semantic_analysis,not_ported
garrysmod/gamemodes/sandbox/entities/entities/gmod_cameraprop.lua,181,function ENT:Think(),lexical_candidate_not_semantic_analysis,not_ported
garrysmod/gamemodes/sandbox/entities/entities/gmod_cameraprop.lua,191,"function ENT:TrackEntity( ent, lpos )",lexical_candidate_not_semantic_analysis,not_ported
garrysmod/gamemodes/sandbox/entities/entities/gmod_cameraprop.lua,207,"function ENT:CanTool( ply, trace, mode, tool, click )",lexical_candidate_not_semantic_analysis,not_ported
garrysmod/gamemodes/sandbox/entities/entities/gmod_cameraprop.lua,215,function ENT:Draw( flags ),lexical_candidate_not_semantic_analysis,not_ported
garrysmod/gamemodes/sandbox/entities/entities/gmod_dynamite.lua,8,function ENT:SetupDataTables(),lexical_candidate_not_semantic_analysis,not_ported
garrysmod/gamemodes/sandbox/entities/entities/gmod_dynamite.lua,16,function ENT:Initialize(),lexical_candidate_not_semantic_analysis,not_ported
garrysmod/gamemodes/sandbox/entities/entities/gmod_dynamite.lua,26,function ENT:Setup( damage ),lexical_candidate_not_semantic_analysis,not_ported
garrysmod/gamemodes/sandbox/entities/entities/gmod_dynamite.lua,33,function ENT:Think(),lexical_candidate_not_semantic_analysis,not_ported
garrysmod/gamemodes/sandbox/entities/entities/gmod_dynamite.lua,44,function ENT:HandleQueuedExplosions(),lexical_candidate_not_semantic_analysis,not_ported
garrysmod/gamemodes/sandbox/entities/entities/gmod_dynamite.lua,59,function ENT:GetOverlayText(),lexical_candidate_not_semantic_analysis,not_ported
garrysmod/gamemodes/sandbox/entities/entities/gmod_dynamite.lua,71,function ENT:OnTakeDamage( dmginfo ),lexical_candidate_not_semantic_analysis,not_ported
garrysmod/gamemodes/sandbox/entities/entities/gmod_dynamite.lua,83,"function ENT:Explode( delayOverride, ply )",lexical_candidate_not_semantic_analysis,not_ported
garrysmod/gamemodes/sandbox/entities/entities/gmod_emitter.lua,8,function ENT:SetupDataTables(),lexical_candidate_not_semantic_analysis,not_ported
garrysmod/gamemodes/sandbox/entities/entities/gmod_emitter.lua,18,function ENT:Initialize(),lexical_candidate_not_semantic_analysis,not_ported
garrysmod/gamemodes/sandbox/entities/entities/gmod_emitter.lua,35,function ENT:Draw( flags ),lexical_candidate_not_semantic_analysis,not_ported
garrysmod/gamemodes/sandbox/entities/entities/gmod_emitter.lua,52,function ENT:Think(),lexical_candidate_not_semantic_analysis,not_ported
garrysmod/gamemodes/sandbox/entities/entities/gmod_emitter.lua,79,function ENT:GetOverlayText(),lexical_candidate_not_semantic_analysis,not_ported
garrysmod/gamemodes/sandbox/entities/entities/gmod_emitter.lua,116,"func		= function( ent, pos, angle, scale )",lexical_candidate_not_semantic_analysis,not_ported
garrysmod/gamemodes/sandbox/entities/entities/gmod_emitter.lua,126,"func		= function( ent, pos, angle, scale )",lexical_candidate_not_semantic_analysis,not_ported
garrysmod/gamemodes/sandbox/entities/entities/gmod_emitter.lua,141,"func		= function( ent, pos, angle, scale )",lexical_candidate_not_semantic_analysis,not_ported
garrysmod/gamemodes/sandbox/entities/entities/gmod_emitter.lua,154,"func		= function( ent, pos, angle, scale )",lexical_candidate_not_semantic_analysis,not_ported
garrysmod/gamemodes/sandbox/entities/entities/gmod_emitter.lua,167,"func		= function( ent, pos, angle, scale )",lexical_candidate_not_semantic_analysis,not_ported
garrysmod/gamemodes/sandbox/entities/entities/gmod_emitter.lua,184,"func		= function( ent, pos, angle, scale )",lexical_candidate_not_semantic_analysis,not_ported
garrysmod/gamemodes/sandbox/entities/entities/gmod_emitter.lua,198,"func		= function( ent, pos, angle, scale )",lexical_candidate_not_semantic_analysis,not_ported
garrysmod/gamemodes/sandbox/entities/entities/gmod_emitter.lua,211,"func		= function( ent, pos, angle, scale )",lexical_candidate_not_semantic_analysis,not_ported
garrysmod/gamemodes/sandbox/entities/entities/gmod_emitter.lua,224,"func		= function( ent, pos, angle, scale )",lexical_candidate_not_semantic_analysis,not_ported
garrysmod/gamemodes/sandbox/entities/entities/gmod_emitter.lua,237,"func		= function( ent, pos, angle, scale )",lexical_candidate_not_semantic_analysis,not_ported
garrysmod/gamemodes/sandbox/entities/entities/gmod_emitter.lua,249,"func		= function( ent, pos, angle, scale )",lexical_candidate_not_semantic_analysis,not_ported
garrysmod/gamemodes/sandbox/entities/entities/gmod_emitter.lua,263,"func		= function( ent, pos, angle, scale )",lexical_candidate_not_semantic_analysis,not_ported
garrysmod/gamemodes/sandbox/entities/entities/gmod_emitter.lua,276,"func		= function( ent, pos, angle, scale )",lexical_candidate_not_semantic_analysis,not_ported
garrysmod/gamemodes/sandbox/entities/entities/gmod_emitter.lua,289,"func		= function( ent, pos, angle, scale )",lexical_candidate_not_semantic_analysis,not_ported
garrysmod/gamemodes/sandbox/entities/entities/gmod_emitter.lua,303,"func		= function( ent, pos, angle, scale )",lexical_candidate_not_semantic_analysis,not_ported
garrysmod/gamemodes/sandbox/entities/entities/gmod_emitter.lua,316,"func		= function( ent, pos, angle, scale )",lexical_candidate_not_semantic_analysis,not_ported
garrysmod/gamemodes/sandbox/entities/entities/gmod_emitter.lua,328,"func		= function( ent, pos, angle, scale )",lexical_candidate_not_semantic_analysis,not_ported
garrysmod/gamemodes/sandbox/entities/entities/gmod_emitter.lua,341,"func		= function( ent, pos, angle, scale )",lexical_candidate_not_semantic_analysis,not_ported
garrysmod/gamemodes/sandbox/entities/entities/gmod_emitter.lua,355,"func		= function( ent, pos, angle, scale )",lexical_candidate_not_semantic_analysis,not_ported
garrysmod/gamemodes/sandbox/entities/entities/gmod_emitter.lua,369,"func		= function( ent, pos, angle, scale )",lexical_candidate_not_semantic_analysis,not_ported
garrysmod/gamemodes/sandbox/entities/entities/gmod_emitter.lua,381,"func		= function( ent, pos, angle, scale )",lexical_candidate_not_semantic_analysis,not_ported
garrysmod/gamemodes/sandbox/entities/entities/gmod_emitter.lua,393,"func		= function( ent, pos, angle, scale )",lexical_candidate_not_semantic_analysis,not_ported
garrysmod/gamemodes/sandbox/entities/entities/gmod_ghost.lua,8,function ENT:Initialize(),lexical_candidate_not_semantic_analysis,not_ported
garrysmod/gamemodes/sandbox/entities/entities/gmod_ghost.lua,16,"function ENT:SetNetworkedBonePosition( i, Pos, Angle )",lexical_candidate_not_semantic_analysis,not_ported
garrysmod/gamemodes/sandbox/entities/entities/gmod_ghost.lua,23,function ENT:Draw( flags ),lexical_candidate_not_semantic_analysis,not_ported
garrysmod/gamemodes/sandbox/entities/entities/gmod_hoverball.lua,8,function ENT:SetupDataTables(),lexical_candidate_not_semantic_analysis,not_ported
garrysmod/gamemodes/sandbox/entities/entities/gmod_hoverball.lua,18,function ENT:Initialize(),lexical_candidate_not_semantic_analysis,not_ported
garrysmod/gamemodes/sandbox/entities/entities/gmod_hoverball.lua,50,function ENT:OnRestore(),lexical_candidate_not_semantic_analysis,not_ported
garrysmod/gamemodes/sandbox/entities/entities/gmod_hoverball.lua,56,function ENT:GetSpeed(),lexical_candidate_not_semantic_analysis,not_ported
garrysmod/gamemodes/sandbox/entities/entities/gmod_hoverball.lua,64,function ENT:SetSpeed( s ),lexical_candidate_not_semantic_analysis,not_ported
garrysmod/gamemodes/sandbox/entities/entities/gmod_hoverball.lua,71,function ENT:UpdateLabel(),lexical_candidate_not_semantic_analysis,not_ported
garrysmod/gamemodes/sandbox/entities/entities/gmod_hoverball.lua,80,function ENT:DrawEffects(),lexical_candidate_not_semantic_analysis,not_ported
garrysmod/gamemodes/sandbox/entities/entities/gmod_hoverball.lua,101,function ENT:DrawTranslucent( flags ),lexical_candidate_not_semantic_analysis,not_ported
garrysmod/gamemodes/sandbox/entities/entities/gmod_hoverball.lua,106,"function ENT:PhysicsSimulate( phys, deltatime )",lexical_candidate_not_semantic_analysis,not_ported
garrysmod/gamemodes/sandbox/entities/entities/gmod_hoverball.lua,156,function ENT:SetZVelocity( z ),lexical_candidate_not_semantic_analysis,not_ported
garrysmod/gamemodes/sandbox/entities/entities/gmod_hoverball.lua,166,function ENT:Toggle(),lexical_candidate_not_semantic_analysis,not_ported
garrysmod/gamemodes/sandbox/entities/entities/gmod_hoverball.lua,191,function ENT:GetAirResistance(),lexical_candidate_not_semantic_analysis,not_ported
garrysmod/gamemodes/sandbox/entities/entities/gmod_hoverball.lua,195,function ENT:SetAirResistance( num ),lexical_candidate_not_semantic_analysis,not_ported
garrysmod/gamemodes/sandbox/entities/entities/gmod_hoverball.lua,200,function ENT:SetStrength( strength ),lexical_candidate_not_semantic_analysis,not_ported
garrysmod/gamemodes/sandbox/entities/entities/gmod_hoverball.lua,218,function ENT:OnDuplicated( v ),lexical_candidate_not_semantic_analysis,not_ported
garrysmod/gamemodes/sandbox/entities/entities/gmod_lamp.lua,11,function ENT:SetupDataTables(),lexical_candidate_not_semantic_analysis,not_ported
garrysmod/gamemodes/sandbox/entities/entities/gmod_lamp.lua,29,function ENT:GetEntityDriveMode(),lexical_candidate_not_semantic_analysis,not_ported
garrysmod/gamemodes/sandbox/entities/entities/gmod_lamp.lua,35,function ENT:Initialize(),lexical_candidate_not_semantic_analysis,not_ported
garrysmod/gamemodes/sandbox/entities/entities/gmod_lamp.lua,60,function ENT:GetLightInfo(),lexical_candidate_not_semantic_analysis,not_ported
garrysmod/gamemodes/sandbox/entities/entities/gmod_lamp.lua,80,function ENT:Think(),lexical_candidate_not_semantic_analysis,not_ported
garrysmod/gamemodes/sandbox/entities/entities/gmod_lamp.lua,93,function ENT:OnTakeDamage( dmginfo ),lexical_candidate_not_semantic_analysis,not_ported
garrysmod/gamemodes/sandbox/entities/entities/gmod_lamp.lua,99,function ENT:Switch( bOn ),lexical_candidate_not_semantic_analysis,not_ported
garrysmod/gamemodes/sandbox/entities/entities/gmod_lamp.lua,103,function ENT:OnSwitch( bOn ),lexical_candidate_not_semantic_analysis,not_ported
garrysmod/gamemodes/sandbox/entities/entities/gmod_lamp.lua,171,function ENT:Toggle(),lexical_candidate_not_semantic_analysis,not_ported
garrysmod/gamemodes/sandbox/entities/entities/gmod_lamp.lua,177,"function ENT:OnUpdateLight( name, old, new )",lexical_candidate_not_semantic_analysis,not_ported
garrysmod/gamemodes/sandbox/entities/entities/gmod_lamp.lua,199,function ENT:UpdateLight(),lexical_candidate_not_semantic_analysis,not_ported
garrysmod/gamemodes/sandbox/entities/entities/gmod_lamp.lua,222,function ENT:GetOverlayText(),lexical_candidate_not_semantic_analysis,not_ported
garrysmod/gamemodes/sandbox/entities/entities/gmod_lamp.lua,230,function ENT:DrawEffects(),lexical_candidate_not_semantic_analysis,not_ported
garrysmod/gamemodes/sandbox/entities/entities/gmod_lamp.lua,280,function ENT:DrawTranslucent( flags ),lexical_candidate_not_semantic_analysis,not_ported
garrysmod/gamemodes/sandbox/entities/entities/gmod_light.lua,13,function ENT:SetupDataTables(),lexical_candidate_not_semantic_analysis,not_ported
garrysmod/gamemodes/sandbox/entities/entities/gmod_light.lua,25,function ENT:Initialize(),lexical_candidate_not_semantic_analysis,not_ported
garrysmod/gamemodes/sandbox/entities/entities/gmod_light.lua,46,function ENT:OnTakeDamage( dmginfo ),lexical_candidate_not_semantic_analysis,not_ported
garrysmod/gamemodes/sandbox/entities/entities/gmod_light.lua,51,function ENT:Toggle(),lexical_candidate_not_semantic_analysis,not_ported
garrysmod/gamemodes/sandbox/entities/entities/gmod_light.lua,55,function ENT:Think(),lexical_candidate_not_semantic_analysis,not_ported
garrysmod/gamemodes/sandbox/entities/entities/gmod_light.lua,97,function ENT:GetOverlayText(),lexical_candidate_not_semantic_analysis,not_ported
garrysmod/gamemodes/sandbox/entities/entities/gmod_light.lua,103,function ENT:DrawEffects(),lexical_candidate_not_semantic_analysis,not_ported
garrysmod/gamemodes/sandbox/entities/entities/gmod_light.lua,126,function ENT:DrawTranslucent( flags ),lexical_candidate_not_semantic_analysis,not_ported
garrysmod/gamemodes/sandbox/entities/entities/gmod_thruster.lua,11,function ENT:SetupDataTables(),lexical_candidate_not_semantic_analysis,not_ported
garrysmod/gamemodes/sandbox/entities/entities/gmod_thruster.lua,22,function ENT:Initialize(),lexical_candidate_not_semantic_analysis,not_ported
garrysmod/gamemodes/sandbox/entities/entities/gmod_thruster.lua,65,function ENT:DrawEffects(),lexical_candidate_not_semantic_analysis,not_ported
garrysmod/gamemodes/sandbox/entities/entities/gmod_thruster.lua,83,function ENT:DrawTranslucent( flags ),lexical_candidate_not_semantic_analysis,not_ported
garrysmod/gamemodes/sandbox/entities/entities/gmod_thruster.lua,92,function ENT:Think(),lexical_candidate_not_semantic_analysis,not_ported
garrysmod/gamemodes/sandbox/entities/entities/gmod_thruster.lua,128,"function ENT:GetEmitter( Pos, b3D )",lexical_candidate_not_semantic_analysis,not_ported
garrysmod/gamemodes/sandbox/entities/entities/gmod_thruster.lua,146,function ENT:OnRemove(),lexical_candidate_not_semantic_analysis,not_ported
garrysmod/gamemodes/sandbox/entities/entities/gmod_thruster.lua,159,"function ENT:SetForce( force, mul )",lexical_candidate_not_semantic_analysis,not_ported
garrysmod/gamemodes/sandbox/entities/entities/gmod_thruster.lua,194,"function ENT:AddMul( mul, bDown )",lexical_candidate_not_semantic_analysis,not_ported
garrysmod/gamemodes/sandbox/entities/entities/gmod_thruster.lua,218,function ENT:OnTakeDamage( dmginfo ),lexical_candidate_not_semantic_analysis,not_ported
garrysmod/gamemodes/sandbox/entities/entities/gmod_thruster.lua,230,"function ENT:Use( activator, caller )",lexical_candidate_not_semantic_analysis,not_ported
garrysmod/gamemodes/sandbox/entities/entities/gmod_thruster.lua,233,"function ENT:PhysicsSimulate( phys, deltatime )",lexical_candidate_not_semantic_analysis,not_ported
garrysmod/gamemodes/sandbox/entities/entities/gmod_thruster.lua,242,function ENT:Switch( on ),lexical_candidate_not_semantic_analysis,not_ported
garrysmod/gamemodes/sandbox/entities/entities/gmod_thruster.lua,265,function ENT:SetSound( sound ),lexical_candidate_not_semantic_analysis,not_ported
garrysmod/gamemodes/sandbox/entities/entities/gmod_thruster.lua,286,function ENT:StartThrustSound(),lexical_candidate_not_semantic_analysis,not_ported
garrysmod/gamemodes/sandbox/entities/entities/gmod_thruster.lua,309,function ENT:StopThrustSound(),lexical_candidate_not_semantic_analysis,not_ported
garrysmod/gamemodes/sandbox/entities/entities/gmod_thruster.lua,318,function ENT:SetToggle( tog ),lexical_candidate_not_semantic_analysis,not_ported
garrysmod/gamemodes/sandbox/entities/entities/gmod_thruster.lua,323,function ENT:GetToggle(),lexical_candidate_not_semantic_analysis,not_ported
garrysmod/gamemodes/sandbox/entities/entities/gmod_thruster.lua,363,effectDraw = function( self ),lexical_candidate_not_semantic_analysis,not_ported
garrysmod/gamemodes/sandbox/entities/entities/gmod_thruster.lua,413,effectDraw = function( self ),lexical_candidate_not_semantic_analysis,not_ported
garrysmod/gamemodes/sandbox/entities/entities/gmod_thruster.lua,456,effectThink = function( self ),lexical_candidate_not_semantic_analysis,not_ported
garrysmod/gamemodes/sandbox/entities/entities/gmod_thruster.lua,489,effectThink = function( self ),lexical_candidate_not_semantic_analysis,not_ported
garrysmod/gamemodes/sandbox/entities/entities/gmod_thruster.lua,523,effectThink = function( self ),lexical_candidate_not_semantic_analysis,not_ported
garrysmod/gamemodes/sandbox/entities/entities/gmod_wheel.lua,8,function ENT:SetupDataTables(),lexical_candidate_not_semantic_analysis,not_ported
garrysmod/gamemodes/sandbox/entities/entities/gmod_wheel.lua,15,function ENT:Initialize(),lexical_candidate_not_semantic_analysis,not_ported
garrysmod/gamemodes/sandbox/entities/entities/gmod_wheel.lua,33,function ENT:SetBaseTorque( base ),lexical_candidate_not_semantic_analysis,not_ported
garrysmod/gamemodes/sandbox/entities/entities/gmod_wheel.lua,42,function ENT:UpdateOverlayText(),lexical_candidate_not_semantic_analysis,not_ported
garrysmod/gamemodes/sandbox/entities/entities/gmod_wheel.lua,49,function ENT:SetAxis( vec ),lexical_candidate_not_semantic_analysis,not_ported
garrysmod/gamemodes/sandbox/entities/entities/gmod_wheel.lua,57,function ENT:OnTakeDamage( dmginfo ),lexical_candidate_not_semantic_analysis,not_ported
garrysmod/gamemodes/sandbox/entities/entities/gmod_wheel.lua,64,function ENT:SetMotor( Motor ),lexical_candidate_not_semantic_analysis,not_ported
garrysmod/gamemodes/sandbox/entities/entities/gmod_wheel.lua,71,function ENT:GetMotor(),lexical_candidate_not_semantic_analysis,not_ported
garrysmod/gamemodes/sandbox/entities/entities/gmod_wheel.lua,85,"function ENT:Forward( onoff, mul )",lexical_candidate_not_semantic_analysis,not_ported
garrysmod/gamemodes/sandbox/entities/entities/gmod_wheel.lua,128,function ENT:Reverse( onoff ),lexical_candidate_not_semantic_analysis,not_ported
garrysmod/gamemodes/sandbox/entities/entities/gmod_wheel.lua,154,function ENT:SetTorque( torque ),lexical_candidate_not_semantic_analysis,not_ported
garrysmod/gamemodes/sandbox/entities/entities/gmod_wheel.lua,169,function ENT:DoDirectionEffect(),lexical_candidate_not_semantic_analysis,not_ported
garrysmod/gamemodes/sandbox/entities/entities/gmod_wheel.lua,184,"function ENT:Use( activator, caller, type, value )",lexical_candidate_not_semantic_analysis,not_ported
garrysmod/gamemodes/sandbox/entities/entities/gmod_winch_controller.lua,13,function ENT:Initialize(),lexical_candidate_not_semantic_analysis,not_ported
garrysmod/gamemodes/sandbox/entities/entities/gmod_winch_controller.lua,24,"function ENT:KeyValue( key, value )",lexical_candidate_not_semantic_analysis,not_ported
garrysmod/gamemodes/sandbox/entities/entities/gmod_winch_controller.lua,31,function ENT:Think(),lexical_candidate_not_semantic_analysis,not_ported
garrysmod/gamemodes/sandbox/entities/entities/gmod_winch_controller.lua,110,"function ENT:GetSomePos( ent, phys, lpos )",lexical_candidate_not_semantic_analysis,not_ported
garrysmod/gamemodes/sandbox/entities/entities/gmod_winch_controller.lua,124,function ENT:SetConstraint( c ),lexical_candidate_not_semantic_analysis,not_ported
garrysmod/gamemodes/sandbox/entities/entities/gmod_winch_controller.lua,154,function ENT:SetRope( r ),lexical_candidate_not_semantic_analysis,not_ported
garrysmod/gamemodes/sandbox/entities/entities/gmod_winch_controller.lua,158,function ENT:SetDirection( n ),lexical_candidate_not_semantic_analysis,not_ported
garrysmod/gamemodes/sandbox/entities/entities/gmod_winch_controller.lua,162,function ENT:GetDirection(),lexical_candidate_not_semantic_analysis,not_ported
garrysmod/gamemodes/sandbox/entities/entities/gmod_winch_controller.lua,166,function ENT:IsExpanded(),lexical_candidate_not_semantic_analysis,not_ported
garrysmod/gamemodes/sandbox/entities/entities/gmod_winch_controller.lua,173,"local function HydraulicToggle( ply, hyd )",lexical_candidate_not_semantic_analysis,not_ported
garrysmod/gamemodes/sandbox/entities/entities/gmod_winch_controller.lua,202,"local function WinchOn( ply, winch, dir )",lexical_candidate_not_semantic_analysis,not_ported
garrysmod/gamemodes/sandbox/entities/entities/gmod_winch_controller.lua,212,"local function WinchOff( ply, winch )",lexical_candidate_not_semantic_analysis,not_ported
garrysmod/gamemodes/sandbox/entities/entities/gmod_winch_controller.lua,221,"local function WinchToggle( ply, winch, dir )",lexical_candidate_not_semantic_analysis,not_ported
garrysmod/gamemodes/sandbox/entities/entities/gmod_winch_controller.lua,234,"local function MuscleToggle( ply, hyd )",lexical_candidate_not_semantic_analysis,not_ported
garrysmod/gamemodes/sandbox/entities/entities/nb_example.lua,7,function ENT:Initialize(),lexical_candidate_not_semantic_analysis,not_ported
garrysmod/gamemodes/sandbox/entities/entities/nb_example.lua,15,function ENT:RunBehaviour(),lexical_candidate_not_semantic_analysis,not_ported
garrysmod/gamemodes/sandbox/entities/weapons/gmod_camera.lua,48,function SWEP:SetupDataTables(),lexical_candidate_not_semantic_analysis,not_ported
garrysmod/gamemodes/sandbox/entities/weapons/gmod_camera.lua,63,function SWEP:Initialize(),lexical_candidate_not_semantic_analysis,not_ported
garrysmod/gamemodes/sandbox/entities/weapons/gmod_camera.lua,72,function SWEP:Reload(),lexical_candidate_not_semantic_analysis,not_ported
garrysmod/gamemodes/sandbox/entities/weapons/gmod_camera.lua,84,function SWEP:PrimaryAttack(),lexical_candidate_not_semantic_analysis,not_ported
garrysmod/gamemodes/sandbox/entities/weapons/gmod_camera.lua,107,function SWEP:SecondaryAttack(),lexical_candidate_not_semantic_analysis,not_ported
garrysmod/gamemodes/sandbox/entities/weapons/gmod_camera.lua,113,function SWEP:Tick(),lexical_candidate_not_semantic_analysis,not_ported
garrysmod/gamemodes/sandbox/entities/weapons/gmod_camera.lua,131,function SWEP:TranslateFOV( current_fov ),lexical_candidate_not_semantic_analysis,not_ported
garrysmod/gamemodes/sandbox/entities/weapons/gmod_camera.lua,140,function SWEP:Deploy(),lexical_candidate_not_semantic_analysis,not_ported
garrysmod/gamemodes/sandbox/entities/weapons/gmod_camera.lua,149,function SWEP:Equip(),lexical_candidate_not_semantic_analysis,not_ported
garrysmod/gamemodes/sandbox/entities/weapons/gmod_camera.lua,159,function SWEP:ShouldDropOnDie() return false end,lexical_candidate_not_semantic_analysis,not_ported
garrysmod/gamemodes/sandbox/entities/weapons/gmod_camera.lua,164,function SWEP:DoShootEffect(),lexical_candidate_not_semantic_analysis,not_ported
garrysmod/gamemodes/sandbox/entities/weapons/gmod_camera.lua,205,function SWEP:DrawHUD() end,lexical_candidate_not_semantic_analysis,not_ported
garrysmod/gamemodes/sandbox/entities/weapons/gmod_camera.lua,206,"function SWEP:PrintWeaponInfo( x, y, alpha ) end",lexical_candidate_not_semantic_analysis,not_ported
garrysmod/gamemodes/sandbox/entities/weapons/gmod_camera.lua,208,function SWEP:HUDShouldDraw( name ),lexical_candidate_not_semantic_analysis,not_ported
garrysmod/gamemodes/sandbox/entities/weapons/gmod_camera.lua,218,function SWEP:FreezeMovement(),lexical_candidate_not_semantic_analysis,not_ported
garrysmod/gamemodes/sandbox/entities/weapons/gmod_camera.lua,231,"function SWEP:CalcView( ply, origin, angles, fov )",lexical_candidate_not_semantic_analysis,not_ported
garrysmod/gamemodes/sandbox/entities/weapons/gmod_camera.lua,241,function SWEP:AdjustMouseSensitivity(),lexical_candidate_not_semantic_analysis,not_ported
garrysmod/gamemodes/sandbox/entities/weapons/gmod_tool/cl_init.lua,50,function SWEP:DrawHUD(),lexical_candidate_not_semantic_analysis,not_ported
garrysmod/gamemodes/sandbox/entities/weapons/gmod_tool/cl_init.lua,178,function SWEP:SetStage( ... ),lexical_candidate_not_semantic_analysis,not_ported
garrysmod/gamemodes/sandbox/entities/weapons/gmod_tool/cl_init.lua,185,function SWEP:GetStage( ... ),lexical_candidate_not_semantic_analysis,not_ported
garrysmod/gamemodes/sandbox/entities/weapons/gmod_tool/cl_init.lua,192,function SWEP:ClearObjects( ... ),lexical_candidate_not_semantic_analysis,not_ported
garrysmod/gamemodes/sandbox/entities/weapons/gmod_tool/cl_init.lua,199,function SWEP:StartGhostEntities( ... ),lexical_candidate_not_semantic_analysis,not_ported
garrysmod/gamemodes/sandbox/entities/weapons/gmod_tool/cl_init.lua,206,"function SWEP:PrintWeaponInfo( x, y, alpha )",lexical_candidate_not_semantic_analysis,not_ported
garrysmod/gamemodes/sandbox/entities/weapons/gmod_tool/cl_init.lua,209,function SWEP:FreezeMovement(),lexical_candidate_not_semantic_analysis,not_ported
garrysmod/gamemodes/sandbox/entities/weapons/gmod_tool/cl_init.lua,217,function SWEP:OnReloaded(),lexical_candidate_not_semantic_analysis,not_ported
garrysmod/gamemodes/sandbox/entities/weapons/gmod_tool/cl_viewscreen.lua,16,"local function DrawScrollingText( text, y, texwide )",lexical_candidate_not_semantic_analysis,not_ported
garrysmod/gamemodes/sandbox/entities/weapons/gmod_tool/cl_viewscreen.lua,45,function SWEP:RenderScreen(),lexical_candidate_not_semantic_analysis,not_ported
garrysmod/gamemodes/sandbox/entities/weapons/gmod_tool/ghostentity.lua,6,"function ToolObj:MakeGhostEntity( model, pos, angle )",lexical_candidate_not_semantic_analysis,not_ported
garrysmod/gamemodes/sandbox/entities/weapons/gmod_tool/ghostentity.lua,65,function ToolObj:StartGhostEntity( ent ),lexical_candidate_not_semantic_analysis,not_ported
garrysmod/gamemodes/sandbox/entities/weapons/gmod_tool/ghostentity.lua,79,function ToolObj:ReleaseGhostEntity(),lexical_candidate_not_semantic_analysis,not_ported
garrysmod/gamemodes/sandbox/entities/weapons/gmod_tool/ghostentity.lua,112,function ToolObj:UpdateGhostEntity(),lexical_candidate_not_semantic_analysis,not_ported
garrysmod/gamemodes/sandbox/entities/weapons/gmod_tool/init.lua,17,function SWEP:ShouldDropOnDie(),lexical_candidate_not_semantic_analysis,not_ported
garrysmod/gamemodes/sandbox/entities/weapons/gmod_tool/init.lua,22,"local function CC_GMOD_Tool( ply, command, arguments )",lexical_candidate_not_semantic_analysis,not_ported
garrysmod/gamemodes/sandbox/entities/weapons/gmod_tool/object.lua,2,function ToolObj:UpdateData(),lexical_candidate_not_semantic_analysis,not_ported
garrysmod/gamemodes/sandbox/entities/weapons/gmod_tool/object.lua,8,function ToolObj:SetStage( i ),lexical_candidate_not_semantic_analysis,not_ported
garrysmod/gamemodes/sandbox/entities/weapons/gmod_tool/object.lua,16,function ToolObj:GetStage(),lexical_candidate_not_semantic_analysis,not_ported
garrysmod/gamemodes/sandbox/entities/weapons/gmod_tool/object.lua,20,function ToolObj:SetOperation( i ),lexical_candidate_not_semantic_analysis,not_ported
garrysmod/gamemodes/sandbox/entities/weapons/gmod_tool/object.lua,28,function ToolObj:GetOperation(),lexical_candidate_not_semantic_analysis,not_ported
garrysmod/gamemodes/sandbox/entities/weapons/gmod_tool/object.lua,34,function ToolObj:ClearObjects(),lexical_candidate_not_semantic_analysis,not_ported
garrysmod/gamemodes/sandbox/entities/weapons/gmod_tool/object.lua,48,function ToolObj:GetEnt( i ),lexical_candidate_not_semantic_analysis,not_ported
garrysmod/gamemodes/sandbox/entities/weapons/gmod_tool/object.lua,61,function ToolObj:GetPos( i ),lexical_candidate_not_semantic_analysis,not_ported
garrysmod/gamemodes/sandbox/entities/weapons/gmod_tool/object.lua,76,function ToolObj:GetLocalPos( i ),lexical_candidate_not_semantic_analysis,not_ported
garrysmod/gamemodes/sandbox/entities/weapons/gmod_tool/object.lua,81,function ToolObj:GetBone( i ),lexical_candidate_not_semantic_analysis,not_ported
garrysmod/gamemodes/sandbox/entities/weapons/gmod_tool/object.lua,85,function ToolObj:GetNormal( i ),lexical_candidate_not_semantic_analysis,not_ported
garrysmod/gamemodes/sandbox/entities/weapons/gmod_tool/object.lua,101,function ToolObj:GetPhys( i ),lexical_candidate_not_semantic_analysis,not_ported
garrysmod/gamemodes/sandbox/entities/weapons/gmod_tool/object.lua,112,"function ToolObj:SetObject( i, ent, pos, phys, bone, norm )",lexical_candidate_not_semantic_analysis,not_ported
garrysmod/gamemodes/sandbox/entities/weapons/gmod_tool/object.lua,147,function ToolObj:NumObjects(),lexical_candidate_not_semantic_analysis,not_ported
garrysmod/gamemodes/sandbox/entities/weapons/gmod_tool/object.lua,161,function ToolObj:GetHelpText(),lexical_candidate_not_semantic_analysis,not_ported
garrysmod/gamemodes/sandbox/entities/weapons/gmod_tool/shared.lua,37,function SWEP:InitializeTools(),lexical_candidate_not_semantic_analysis,not_ported
garrysmod/gamemodes/sandbox/entities/weapons/gmod_tool/shared.lua,59,function SWEP:SetupDataTables(),lexical_candidate_not_semantic_analysis,not_ported
garrysmod/gamemodes/sandbox/entities/weapons/gmod_tool/shared.lua,69,function SWEP:CheckLimit( str ),lexical_candidate_not_semantic_analysis,not_ported
garrysmod/gamemodes/sandbox/entities/weapons/gmod_tool/shared.lua,73,function SWEP:Initialize(),lexical_candidate_not_semantic_analysis,not_ported
garrysmod/gamemodes/sandbox/entities/weapons/gmod_tool/shared.lua,101,function SWEP:OnRestore(),lexical_candidate_not_semantic_analysis,not_ported
garrysmod/gamemodes/sandbox/entities/weapons/gmod_tool/shared.lua,107,function SWEP:Precache(),lexical_candidate_not_semantic_analysis,not_ported
garrysmod/gamemodes/sandbox/entities/weapons/gmod_tool/shared.lua,114,function SWEP:GetMode(),lexical_candidate_not_semantic_analysis,not_ported
garrysmod/gamemodes/sandbox/entities/weapons/gmod_tool/shared.lua,121,function SWEP:Think(),lexical_candidate_not_semantic_analysis,not_ported
garrysmod/gamemodes/sandbox/entities/weapons/gmod_tool/shared.lua,178,"function SWEP:DoShootEffect( hitpos, hitnormal, entity, physbone, bFirstTimePredicted )",lexical_candidate_not_semantic_analysis,not_ported
garrysmod/gamemodes/sandbox/entities/weapons/gmod_tool/shared.lua,209,function SWEP:DoToolTrace(),lexical_candidate_not_semantic_analysis,not_ported
garrysmod/gamemodes/sandbox/entities/weapons/gmod_tool/shared.lua,233,function SWEP:PrimaryAttack(),lexical_candidate_not_semantic_analysis,not_ported
garrysmod/gamemodes/sandbox/entities/weapons/gmod_tool/shared.lua,256,function SWEP:SecondaryAttack(),lexical_candidate_not_semantic_analysis,not_ported
garrysmod/gamemodes/sandbox/entities/weapons/gmod_tool/shared.lua,279,function SWEP:Reload(),lexical_candidate_not_semantic_analysis,not_ported
garrysmod/gamemodes/sandbox/entities/weapons/gmod_tool/shared.lua,307,function SWEP:Holster(),lexical_candidate_not_semantic_analysis,not_ported
garrysmod/gamemodes/sandbox/entities/weapons/gmod_tool/shared.lua,331,function SWEP:OnRemove(),lexical_candidate_not_semantic_analysis,not_ported
garrysmod/gamemodes/sandbox/entities/weapons/gmod_tool/shared.lua,341,function SWEP:OwnerChanged(),lexical_candidate_not_semantic_analysis,not_ported
garrysmod/gamemodes/sandbox/entities/weapons/gmod_tool/shared.lua,350,function SWEP:Deploy(),lexical_candidate_not_semantic_analysis,not_ported
garrysmod/gamemodes/sandbox/entities/weapons/gmod_tool/shared.lua,364,function SWEP:GetToolObject( tool ),lexical_candidate_not_semantic_analysis,not_ported
garrysmod/gamemodes/sandbox/entities/weapons/gmod_tool/shared.lua,381,"function SWEP:FireAnimationEvent( pos, ang, event, options )",lexical_candidate_not_semantic_analysis,not_ported
garrysmod/gamemodes/sandbox/entities/weapons/gmod_tool/stool.lua,11,function ToolObj:Create(),lexical_candidate_not_semantic_analysis,not_ported
garrysmod/gamemodes/sandbox/entities/weapons/gmod_tool/stool.lua,33,function ToolObj:CreateConVars(),lexical_candidate_not_semantic_analysis,not_ported
garrysmod/gamemodes/sandbox/entities/weapons/gmod_tool/stool.lua,57,function ToolObj:GetServerInfo( property ),lexical_candidate_not_semantic_analysis,not_ported
garrysmod/gamemodes/sandbox/entities/weapons/gmod_tool/stool.lua,67,function ToolObj:GetClientInfo( property ),lexical_candidate_not_semantic_analysis,not_ported
garrysmod/gamemodes/sandbox/entities/weapons/gmod_tool/stool.lua,77,"function ToolObj:GetClientNumber( property, default )",lexical_candidate_not_semantic_analysis,not_ported
garrysmod/gamemodes/sandbox/entities/weapons/gmod_tool/stool.lua,87,"function ToolObj:GetClientBool( property, default )",lexical_candidate_not_semantic_analysis,not_ported
garrysmod/gamemodes/sandbox/entities/weapons/gmod_tool/stool.lua,97,function ToolObj:BuildConVarList(),lexical_candidate_not_semantic_analysis,not_ported
garrysmod/gamemodes/sandbox/entities/weapons/gmod_tool/stool.lua,108,function ToolObj:Allowed(),lexical_candidate_not_semantic_analysis,not_ported
garrysmod/gamemodes/sandbox/entities/weapons/gmod_tool/stool.lua,116,function ToolObj:Init() end,lexical_candidate_not_semantic_analysis,not_ported
garrysmod/gamemodes/sandbox/entities/weapons/gmod_tool/stool.lua,118,function ToolObj:GetMode()		return self.Mode end,lexical_candidate_not_semantic_analysis,not_ported
garrysmod/gamemodes/sandbox/entities/weapons/gmod_tool/stool.lua,119,function ToolObj:GetWeapon()	return self.SWEP end,lexical_candidate_not_semantic_analysis,not_ported
garrysmod/gamemodes/sandbox/entities/weapons/gmod_tool/stool.lua,120,function ToolObj:GetOwner()		return self:GetWeapon():GetOwner() or self.Owner end,lexical_candidate_not_semantic_analysis,not_ported
garrysmod/gamemodes/sandbox/entities/weapons/gmod_tool/stool.lua,121,function ToolObj:GetSWEP()		return self:GetWeapon() end,lexical_candidate_not_semantic_analysis,not_ported
garrysmod/gamemodes/sandbox/entities/weapons/gmod_tool/stool.lua,123,function ToolObj:LeftClick()	return false end,lexical_candidate_not_semantic_analysis,not_ported
garrysmod/gamemodes/sandbox/entities/weapons/gmod_tool/stool.lua,124,function ToolObj:RightClick()	return false end,lexical_candidate_not_semantic_analysis,not_ported
garrysmod/gamemodes/sandbox/entities/weapons/gmod_tool/stool.lua,125,function ToolObj:Reload()		self:ClearObjects() end,lexical_candidate_not_semantic_analysis,not_ported
garrysmod/gamemodes/sandbox/entities/weapons/gmod_tool/stool.lua,126,function ToolObj:Deploy()		self:ReleaseGhostEntity() return end,lexical_candidate_not_semantic_analysis,not_ported
garrysmod/gamemodes/sandbox/entities/weapons/gmod_tool/stool.lua,127,function ToolObj:Holster()		self:ReleaseGhostEntity() return end,lexical_candidate_not_semantic_analysis,not_ported
garrysmod/gamemodes/sandbox/entities/weapons/gmod_tool/stool.lua,128,function ToolObj:Think()		self:ReleaseGhostEntity() end,lexical_candidate_not_semantic_analysis,not_ported
garrysmod/gamemodes/sandbox/entities/weapons/gmod_tool/stool.lua,134,function ToolObj:CheckObjects(),lexical_candidate_not_semantic_analysis,not_ported
garrysmod/gamemodes/sandbox/entities/weapons/gmod_tool/stool.lua,262,icon.DoClick = function(),lexical_candidate_not_semantic_analysis,not_ported
garrysmod/gamemodes/sandbox/entities/weapons/gmod_tool/stool_cl.lua,3,function ToolObj:FreezeMovement(),lexical_candidate_not_semantic_analysis,not_ported
garrysmod/gamemodes/sandbox/entities/weapons/gmod_tool/stool_cl.lua,8,function ToolObj:DrawHUD(),lexical_candidate_not_semantic_analysis,not_ported
garrysmod/gamemodes/sandbox/entities/weapons/gmod_tool/stool_cl.lua,12,function ToolObj:RebuildControlPanel( ... ),lexical_candidate_not_semantic_analysis,not_ported
garrysmod/gamemodes/sandbox/entities/weapons/gmod_tool/stools/axis.lua,18,function TOOL:LeftClick( trace ),lexical_candidate_not_semantic_analysis,not_ported
garrysmod/gamemodes/sandbox/entities/weapons/gmod_tool/stools/axis.lua,118,function TOOL:RightClick( trace ),lexical_candidate_not_semantic_analysis,not_ported
garrysmod/gamemodes/sandbox/entities/weapons/gmod_tool/stools/axis.lua,198,function TOOL:Reload( trace ),lexical_candidate_not_semantic_analysis,not_ported
garrysmod/gamemodes/sandbox/entities/weapons/gmod_tool/stools/axis.lua,207,function TOOL:Think(),lexical_candidate_not_semantic_analysis,not_ported
garrysmod/gamemodes/sandbox/entities/weapons/gmod_tool/stools/axis.lua,215,function TOOL:Holster(),lexical_candidate_not_semantic_analysis,not_ported
garrysmod/gamemodes/sandbox/entities/weapons/gmod_tool/stools/axis.lua,223,function TOOL.BuildCPanel( CPanel ),lexical_candidate_not_semantic_analysis,not_ported
garrysmod/gamemodes/sandbox/entities/weapons/gmod_tool/stools/balloon.lua,19,"function TOOL:LeftClick( trace, attach )",lexical_candidate_not_semantic_analysis,not_ported
garrysmod/gamemodes/sandbox/entities/weapons/gmod_tool/stools/balloon.lua,126,function TOOL:RightClick( trace ),lexical_candidate_not_semantic_analysis,not_ported
garrysmod/gamemodes/sandbox/entities/weapons/gmod_tool/stools/balloon.lua,134,"function MakeBalloon( ply, r, g, b, force, Data )",lexical_candidate_not_semantic_analysis,not_ported
garrysmod/gamemodes/sandbox/entities/weapons/gmod_tool/stools/balloon.lua,177,"function TOOL:UpdateGhostBalloon( ent, ply )",lexical_candidate_not_semantic_analysis,not_ported
garrysmod/gamemodes/sandbox/entities/weapons/gmod_tool/stools/balloon.lua,203,function TOOL:Think(),lexical_candidate_not_semantic_analysis,not_ported
garrysmod/gamemodes/sandbox/entities/weapons/gmod_tool/stools/balloon.lua,221,function TOOL.BuildCPanel( CPanel ),lexical_candidate_not_semantic_analysis,not_ported
garrysmod/gamemodes/sandbox/entities/weapons/gmod_tool/stools/ballsocket.lua,15,function TOOL:LeftClick( trace ),lexical_candidate_not_semantic_analysis,not_ported
garrysmod/gamemodes/sandbox/entities/weapons/gmod_tool/stools/ballsocket.lua,76,function TOOL:Reload( trace ),lexical_candidate_not_semantic_analysis,not_ported
garrysmod/gamemodes/sandbox/entities/weapons/gmod_tool/stools/ballsocket.lua,85,function TOOL:Holster(),lexical_candidate_not_semantic_analysis,not_ported
garrysmod/gamemodes/sandbox/entities/weapons/gmod_tool/stools/ballsocket.lua,93,function TOOL.BuildCPanel( CPanel ),lexical_candidate_not_semantic_analysis,not_ported
garrysmod/gamemodes/sandbox/entities/weapons/gmod_tool/stools/button.lua,17,local function IsValidButtonModel( model ),lexical_candidate_not_semantic_analysis,not_ported
garrysmod/gamemodes/sandbox/entities/weapons/gmod_tool/stools/button.lua,24,"function TOOL:RightClick( trace, worldweld )",lexical_candidate_not_semantic_analysis,not_ported
garrysmod/gamemodes/sandbox/entities/weapons/gmod_tool/stools/button.lua,80,function TOOL:LeftClick( trace ),lexical_candidate_not_semantic_analysis,not_ported
garrysmod/gamemodes/sandbox/entities/weapons/gmod_tool/stools/button.lua,88,"function MakeButton( ply, model, ang, pos, key, description, toggle, nocollide, Data )",lexical_candidate_not_semantic_analysis,not_ported
garrysmod/gamemodes/sandbox/entities/weapons/gmod_tool/stools/button.lua,136,"function TOOL:UpdateGhostButton( ent, ply )",lexical_candidate_not_semantic_analysis,not_ported
garrysmod/gamemodes/sandbox/entities/weapons/gmod_tool/stools/button.lua,157,function TOOL:Think(),lexical_candidate_not_semantic_analysis,not_ported
garrysmod/gamemodes/sandbox/entities/weapons/gmod_tool/stools/button.lua,172,function TOOL.BuildCPanel( CPanel ),lexical_candidate_not_semantic_analysis,not_ported
garrysmod/gamemodes/sandbox/entities/weapons/gmod_tool/stools/camera.lua,16,"local function CheckLimit( ply, key )",lexical_candidate_not_semantic_analysis,not_ported
garrysmod/gamemodes/sandbox/entities/weapons/gmod_tool/stools/camera.lua,37,"local function MakeCamera( ply, key, locked, toggle, Data )",lexical_candidate_not_semantic_analysis,not_ported
garrysmod/gamemodes/sandbox/entities/weapons/gmod_tool/stools/camera.lua,84,function TOOL:LeftClick( trace ),lexical_candidate_not_semantic_analysis,not_ported
garrysmod/gamemodes/sandbox/entities/weapons/gmod_tool/stools/camera.lua,109,function TOOL:RightClick( trace ),lexical_candidate_not_semantic_analysis,not_ported
garrysmod/gamemodes/sandbox/entities/weapons/gmod_tool/stools/camera.lua,137,function TOOL.BuildCPanel( CPanel ),lexical_candidate_not_semantic_analysis,not_ported
garrysmod/gamemodes/sandbox/entities/weapons/gmod_tool/stools/colour.lua,18,"local function SetColour( ply, ent, data )",lexical_candidate_not_semantic_analysis,not_ported
garrysmod/gamemodes/sandbox/entities/weapons/gmod_tool/stools/colour.lua,45,function TOOL:LeftClick( trace ),lexical_candidate_not_semantic_analysis,not_ported
garrysmod/gamemodes/sandbox/entities/weapons/gmod_tool/stools/colour.lua,64,function TOOL:RightClick( trace ),lexical_candidate_not_semantic_analysis,not_ported
garrysmod/gamemodes/sandbox/entities/weapons/gmod_tool/stools/colour.lua,84,function TOOL:Reload( trace ),lexical_candidate_not_semantic_analysis,not_ported
garrysmod/gamemodes/sandbox/entities/weapons/gmod_tool/stools/colour.lua,99,function TOOL.BuildCPanel( CPanel ),lexical_candidate_not_semantic_analysis,not_ported
garrysmod/gamemodes/sandbox/entities/weapons/gmod_tool/stools/creator.lua,9,function TOOL:LeftClick( trace ),lexical_candidate_not_semantic_analysis,not_ported
garrysmod/gamemodes/sandbox/entities/weapons/gmod_tool/stools/duplicator.lua,28,"local function fixupDupePos( pos, ang, ply, mins, maxs )",lexical_candidate_not_semantic_analysis,not_ported
garrysmod/gamemodes/sandbox/entities/weapons/gmod_tool/stools/duplicator.lua,58,"local function TryFixDupePosition( pos, ang, ply, mins, maxs )",lexical_candidate_not_semantic_analysis,not_ported
garrysmod/gamemodes/sandbox/entities/weapons/gmod_tool/stools/duplicator.lua,71,"function TOOL:GeneratePastePosition( ply, trace, mins, maxs, ang )",lexical_candidate_not_semantic_analysis,not_ported
garrysmod/gamemodes/sandbox/entities/weapons/gmod_tool/stools/duplicator.lua,89,function TOOL:LeftClick( trace ),lexical_candidate_not_semantic_analysis,not_ported
garrysmod/gamemodes/sandbox/entities/weapons/gmod_tool/stools/duplicator.lua,152,function TOOL:RightClick( trace ),lexical_candidate_not_semantic_analysis,not_ported
garrysmod/gamemodes/sandbox/entities/weapons/gmod_tool/stools/duplicator.lua,196,"local HandleWorkshopDupeInfo = function( id, lblPnl )",lexical_candidate_not_semantic_analysis,not_ported
garrysmod/gamemodes/sandbox/entities/weapons/gmod_tool/stools/duplicator.lua,206,"function TOOL.BuildCPanel( CPanel, tool )",lexical_candidate_not_semantic_analysis,not_ported
garrysmod/gamemodes/sandbox/entities/weapons/gmod_tool/stools/duplicator.lua,229,"function img_text:Paint( w, h )",lexical_candidate_not_semantic_analysis,not_ported
garrysmod/gamemodes/sandbox/entities/weapons/gmod_tool/stools/duplicator.lua,260,"b.DoClick = function( s, ... ) steamworks.ViewFile( wsid ) end",lexical_candidate_not_semantic_analysis,not_ported
garrysmod/gamemodes/sandbox/entities/weapons/gmod_tool/stools/duplicator.lua,288,function TOOL:RefreshCPanel(),lexical_candidate_not_semantic_analysis,not_ported
garrysmod/gamemodes/sandbox/entities/weapons/gmod_tool/stools/duplicator.lua,350,function TOOL:DrawPreview(),lexical_candidate_not_semantic_analysis,not_ported
garrysmod/gamemodes/sandbox/entities/weapons/gmod_tool/stools/dynamite.lua,15,local function IsValidDynamiteModel( model ),lexical_candidate_not_semantic_analysis,not_ported
garrysmod/gamemodes/sandbox/entities/weapons/gmod_tool/stools/dynamite.lua,22,function TOOL:LeftClick( trace ),lexical_candidate_not_semantic_analysis,not_ported
garrysmod/gamemodes/sandbox/entities/weapons/gmod_tool/stools/dynamite.lua,72,"function MakeDynamite( ply, pos, ang, key, damage, model, remove, delay, Data )",lexical_candidate_not_semantic_analysis,not_ported
garrysmod/gamemodes/sandbox/entities/weapons/gmod_tool/stools/dynamite.lua,128,"function TOOL:UpdateGhostDynamite( ent, ply )",lexical_candidate_not_semantic_analysis,not_ported
garrysmod/gamemodes/sandbox/entities/weapons/gmod_tool/stools/dynamite.lua,149,function TOOL:Think(),lexical_candidate_not_semantic_analysis,not_ported
garrysmod/gamemodes/sandbox/entities/weapons/gmod_tool/stools/dynamite.lua,164,function TOOL.BuildCPanel( CPanel ),lexical_candidate_not_semantic_analysis,not_ported
garrysmod/gamemodes/sandbox/entities/weapons/gmod_tool/stools/editentity.lua,12,function TOOL:LeftClick( trace ),lexical_candidate_not_semantic_analysis,not_ported
garrysmod/gamemodes/sandbox/entities/weapons/gmod_tool/stools/editentity.lua,22,function TOOL:RightClick( trace ),lexical_candidate_not_semantic_analysis,not_ported
garrysmod/gamemodes/sandbox/entities/weapons/gmod_tool/stools/editentity.lua,28,function TOOL:Think(),lexical_candidate_not_semantic_analysis,not_ported
garrysmod/gamemodes/sandbox/entities/weapons/gmod_tool/stools/editentity.lua,46,"function TOOL.BuildCPanel( CPanel, ent )",lexical_candidate_not_semantic_analysis,not_ported
garrysmod/gamemodes/sandbox/entities/weapons/gmod_tool/stools/elastic.lua,21,function TOOL:LeftClick( trace ),lexical_candidate_not_semantic_analysis,not_ported
garrysmod/gamemodes/sandbox/entities/weapons/gmod_tool/stools/elastic.lua,92,function TOOL:Reload( trace ),lexical_candidate_not_semantic_analysis,not_ported
garrysmod/gamemodes/sandbox/entities/weapons/gmod_tool/stools/elastic.lua,101,function TOOL:Holster(),lexical_candidate_not_semantic_analysis,not_ported
garrysmod/gamemodes/sandbox/entities/weapons/gmod_tool/stools/elastic.lua,109,function TOOL.BuildCPanel( CPanel ),lexical_candidate_not_semantic_analysis,not_ported
garrysmod/gamemodes/sandbox/entities/weapons/gmod_tool/stools/emitter.lua,19,"function TOOL:LeftClick( trace, worldweld )",lexical_candidate_not_semantic_analysis,not_ported
garrysmod/gamemodes/sandbox/entities/weapons/gmod_tool/stools/emitter.lua,93,function TOOL:RightClick( trace ),lexical_candidate_not_semantic_analysis,not_ported
garrysmod/gamemodes/sandbox/entities/weapons/gmod_tool/stools/emitter.lua,101,"function MakeEmitter( ply, key, delay, toggle, effect, starton, nocollide, scale, Data )",lexical_candidate_not_semantic_analysis,not_ported
garrysmod/gamemodes/sandbox/entities/weapons/gmod_tool/stools/emitter.lua,154,"function TOOL:UpdateGhostEmitter( ent, ply )",lexical_candidate_not_semantic_analysis,not_ported
garrysmod/gamemodes/sandbox/entities/weapons/gmod_tool/stools/emitter.lua,173,function TOOL:Think(),lexical_candidate_not_semantic_analysis,not_ported
garrysmod/gamemodes/sandbox/entities/weapons/gmod_tool/stools/emitter.lua,185,function TOOL.BuildCPanel( CPanel ),lexical_candidate_not_semantic_analysis,not_ported
garrysmod/gamemodes/sandbox/entities/weapons/gmod_tool/stools/example.lua,22,function TOOL:LeftClick( trace ),lexical_candidate_not_semantic_analysis,not_ported
garrysmod/gamemodes/sandbox/entities/weapons/gmod_tool/stools/example.lua,27,function TOOL:RightClick( trace ),lexical_candidate_not_semantic_analysis,not_ported
garrysmod/gamemodes/sandbox/entities/weapons/gmod_tool/stools/example.lua,32,function TOOL:Reload( trace ),lexical_candidate_not_semantic_analysis,not_ported
garrysmod/gamemodes/sandbox/entities/weapons/gmod_tool/stools/example.lua,38,function TOOL:Think(),lexical_candidate_not_semantic_analysis,not_ported
garrysmod/gamemodes/sandbox/entities/weapons/gmod_tool/stools/eyeposer.lua,16,"local function SetEyeTarget( ply, ent, data )",lexical_candidate_not_semantic_analysis,not_ported
garrysmod/gamemodes/sandbox/entities/weapons/gmod_tool/stools/eyeposer.lua,33,"local function ConvertRelativeToEyesAttachment( ent, pos )",lexical_candidate_not_semantic_analysis,not_ported
garrysmod/gamemodes/sandbox/entities/weapons/gmod_tool/stools/eyeposer.lua,48,function TOOL:CalculateEyeTarget(),lexical_candidate_not_semantic_analysis,not_ported
garrysmod/gamemodes/sandbox/entities/weapons/gmod_tool/stools/eyeposer.lua,79,function TOOL:GetSelectedEntity(),lexical_candidate_not_semantic_analysis,not_ported
garrysmod/gamemodes/sandbox/entities/weapons/gmod_tool/stools/eyeposer.lua,83,function TOOL:SetSelectedEntity( ent ),lexical_candidate_not_semantic_analysis,not_ported
garrysmod/gamemodes/sandbox/entities/weapons/gmod_tool/stools/eyeposer.lua,92,function TOOL:LeftClick( trace ),lexical_candidate_not_semantic_analysis,not_ported
garrysmod/gamemodes/sandbox/entities/weapons/gmod_tool/stools/eyeposer.lua,132,function TOOL:RightClick( trace ),lexical_candidate_not_semantic_analysis,not_ported
garrysmod/gamemodes/sandbox/entities/weapons/gmod_tool/stools/eyeposer.lua,157,function TOOL:MakeLookAtMe( trace ),lexical_candidate_not_semantic_analysis,not_ported
garrysmod/gamemodes/sandbox/entities/weapons/gmod_tool/stools/eyeposer.lua,180,function TOOL:Reload( trace ),lexical_candidate_not_semantic_analysis,not_ported
garrysmod/gamemodes/sandbox/entities/weapons/gmod_tool/stools/eyeposer.lua,198,function TOOL:Think(),lexical_candidate_not_semantic_analysis,not_ported
garrysmod/gamemodes/sandbox/entities/weapons/gmod_tool/stools/eyeposer.lua,227,function TOOL:DrawHUD(),lexical_candidate_not_semantic_analysis,not_ported
garrysmod/gamemodes/sandbox/entities/weapons/gmod_tool/stools/eyeposer.lua,296,"function TOOL.BuildCPanel( CPanel, hasEntity )",lexical_candidate_not_semantic_analysis,not_ported
garrysmod/gamemodes/sandbox/entities/weapons/gmod_tool/stools/eyeposer.lua,318,"EyeSlider.Knob.Paint = function( panel, w, h ) derma.SkinHook( ""Paint"", ""Button"", panel, w, h ) end",lexical_candidate_not_semantic_analysis,not_ported
garrysmod/gamemodes/sandbox/entities/weapons/gmod_tool/stools/eyeposer.lua,320,"function EyeSlider:Paint( w, h )",lexical_candidate_not_semantic_analysis,not_ported
garrysmod/gamemodes/sandbox/entities/weapons/gmod_tool/stools/faceposer.lua,14,local function IsUselessFaceFlex( strName ),lexical_candidate_not_semantic_analysis,not_ported
garrysmod/gamemodes/sandbox/entities/weapons/gmod_tool/stools/faceposer.lua,31,function TOOL:FacePoserEntity(),lexical_candidate_not_semantic_analysis,not_ported
garrysmod/gamemodes/sandbox/entities/weapons/gmod_tool/stools/faceposer.lua,35,function TOOL:SetFacePoserEntity( ent ),lexical_candidate_not_semantic_analysis,not_ported
garrysmod/gamemodes/sandbox/entities/weapons/gmod_tool/stools/faceposer.lua,42,function TOOL:Think(),lexical_candidate_not_semantic_analysis,not_ported
garrysmod/gamemodes/sandbox/entities/weapons/gmod_tool/stools/faceposer.lua,82,function TOOL:RightClick( trace ),lexical_candidate_not_semantic_analysis,not_ported
garrysmod/gamemodes/sandbox/entities/weapons/gmod_tool/stools/faceposer.lua,133,function TOOL:LeftClick( trace ),lexical_candidate_not_semantic_analysis,not_ported
garrysmod/gamemodes/sandbox/entities/weapons/gmod_tool/stools/faceposer.lua,150,"local function CC_Face_Randomize( ply, command, arguments )",lexical_candidate_not_semantic_analysis,not_ported
garrysmod/gamemodes/sandbox/entities/weapons/gmod_tool/stools/faceposer.lua,174,"function TOOL.BuildCPanel( CPanel, faceEntity )",lexical_candidate_not_semantic_analysis,not_ported
garrysmod/gamemodes/sandbox/entities/weapons/gmod_tool/stools/faceposer.lua,369,groupForm.GetBackgroundColor = function() return color_white end,lexical_candidate_not_semantic_analysis,not_ported
garrysmod/gamemodes/sandbox/entities/weapons/gmod_tool/stools/faceposer.lua,371,"function groupForm:Paint( w, h )",lexical_candidate_not_semantic_analysis,not_ported
garrysmod/gamemodes/sandbox/entities/weapons/gmod_tool/stools/faceposer.lua,400,btnRnd.DoClick = function(),lexical_candidate_not_semantic_analysis,not_ported
garrysmod/gamemodes/sandbox/entities/weapons/gmod_tool/stools/faceposer.lua,411,btnClear.DoClick = function(),lexical_candidate_not_semantic_analysis,not_ported
garrysmod/gamemodes/sandbox/entities/weapons/gmod_tool/stools/faceposer.lua,428,"filter.OnValueChange = function( pnl, txt )",lexical_candidate_not_semantic_analysis,not_ported
garrysmod/gamemodes/sandbox/entities/weapons/gmod_tool/stools/faceposer.lua,445,function TOOL:DrawHUD(),lexical_candidate_not_semantic_analysis,not_ported
garrysmod/gamemodes/sandbox/entities/weapons/gmod_tool/stools/finger.lua,15,local function HasTF2Hands( pEntity ),lexical_candidate_not_semantic_analysis,not_ported
garrysmod/gamemodes/sandbox/entities/weapons/gmod_tool/stools/finger.lua,27,local function HasP2Hands( pEntity ),lexical_candidate_not_semantic_analysis,not_ported
garrysmod/gamemodes/sandbox/entities/weapons/gmod_tool/stools/finger.lua,310,"local function GetFingerBone( self, fingernum, part, hand )",lexical_candidate_not_semantic_analysis,not_ported
garrysmod/gamemodes/sandbox/entities/weapons/gmod_tool/stools/finger.lua,331,local function SetupFingers( self ),lexical_candidate_not_semantic_analysis,not_ported
garrysmod/gamemodes/sandbox/entities/weapons/gmod_tool/stools/finger.lua,353,function TOOL:HandEntity(),lexical_candidate_not_semantic_analysis,not_ported
garrysmod/gamemodes/sandbox/entities/weapons/gmod_tool/stools/finger.lua,357,function TOOL:HandNum(),lexical_candidate_not_semantic_analysis,not_ported
garrysmod/gamemodes/sandbox/entities/weapons/gmod_tool/stools/finger.lua,361,"function TOOL:SetHand( ent, iHand )",lexical_candidate_not_semantic_analysis,not_ported
garrysmod/gamemodes/sandbox/entities/weapons/gmod_tool/stools/finger.lua,367,"function TOOL:ApplyValues( pEntity, iHand )",lexical_candidate_not_semantic_analysis,not_ported
garrysmod/gamemodes/sandbox/entities/weapons/gmod_tool/stools/finger.lua,416,function TOOL:GetHandPositions( pEntity ),lexical_candidate_not_semantic_analysis,not_ported
garrysmod/gamemodes/sandbox/entities/weapons/gmod_tool/stools/finger.lua,441,function TOOL:LeftClick( trace ),lexical_candidate_not_semantic_analysis,not_ported
garrysmod/gamemodes/sandbox/entities/weapons/gmod_tool/stools/finger.lua,469,function TOOL:RightClick( trace ),lexical_candidate_not_semantic_analysis,not_ported
garrysmod/gamemodes/sandbox/entities/weapons/gmod_tool/stools/finger.lua,551,function TOOL:Think(),lexical_candidate_not_semantic_analysis,not_ported
garrysmod/gamemodes/sandbox/entities/weapons/gmod_tool/stools/finger.lua,585,"function TOOL.BuildCPanel( CPanel, ent, hand )",lexical_candidate_not_semantic_analysis,not_ported
garrysmod/gamemodes/sandbox/entities/weapons/gmod_tool/stools/finger.lua,611,function TOOL:DrawHUD(),lexical_candidate_not_semantic_analysis,not_ported
garrysmod/gamemodes/sandbox/entities/weapons/gmod_tool/stools/hoverball.lua,17,local function IsValidHoverballModel( model ),lexical_candidate_not_semantic_analysis,not_ported
garrysmod/gamemodes/sandbox/entities/weapons/gmod_tool/stools/hoverball.lua,24,function TOOL:LeftClick( trace ),lexical_candidate_not_semantic_analysis,not_ported
garrysmod/gamemodes/sandbox/entities/weapons/gmod_tool/stools/hoverball.lua,117,"function MakeHoverBall( ply, pos, key_d, key_u, speed, resistance, strength, model, nocollide, key_o, Data )",lexical_candidate_not_semantic_analysis,not_ported
garrysmod/gamemodes/sandbox/entities/weapons/gmod_tool/stools/hoverball.lua,180,"function TOOL:UpdateGhostHoverball( ent, ply )",lexical_candidate_not_semantic_analysis,not_ported
garrysmod/gamemodes/sandbox/entities/weapons/gmod_tool/stools/hoverball.lua,205,function TOOL:Think(),lexical_candidate_not_semantic_analysis,not_ported
garrysmod/gamemodes/sandbox/entities/weapons/gmod_tool/stools/hoverball.lua,220,function TOOL.BuildCPanel( CPanel ),lexical_candidate_not_semantic_analysis,not_ported
garrysmod/gamemodes/sandbox/entities/weapons/gmod_tool/stools/hydraulic.lua,23,function TOOL:LeftClick( trace ),lexical_candidate_not_semantic_analysis,not_ported
garrysmod/gamemodes/sandbox/entities/weapons/gmod_tool/stools/hydraulic.lua,106,function TOOL:RightClick( trace ),lexical_candidate_not_semantic_analysis,not_ported
garrysmod/gamemodes/sandbox/entities/weapons/gmod_tool/stools/hydraulic.lua,213,function TOOL:Reload( trace ),lexical_candidate_not_semantic_analysis,not_ported
garrysmod/gamemodes/sandbox/entities/weapons/gmod_tool/stools/hydraulic.lua,222,function TOOL:Holster(),lexical_candidate_not_semantic_analysis,not_ported
garrysmod/gamemodes/sandbox/entities/weapons/gmod_tool/stools/hydraulic.lua,230,function TOOL.BuildCPanel( CPanel ),lexical_candidate_not_semantic_analysis,not_ported
garrysmod/gamemodes/sandbox/entities/weapons/gmod_tool/stools/inflator.lua,66,"local function GetNiceBoneScale( name, scale )",lexical_candidate_not_semantic_analysis,not_ported
garrysmod/gamemodes/sandbox/entities/weapons/gmod_tool/stools/inflator.lua,81,"local function ScaleBone( ent, bone, scale )",lexical_candidate_not_semantic_analysis,not_ported
garrysmod/gamemodes/sandbox/entities/weapons/gmod_tool/stools/inflator.lua,103,"function TOOL:LeftClick( trace, scale )",lexical_candidate_not_semantic_analysis,not_ported
garrysmod/gamemodes/sandbox/entities/weapons/gmod_tool/stools/inflator.lua,126,function TOOL:RightClick( trace ),lexical_candidate_not_semantic_analysis,not_ported
garrysmod/gamemodes/sandbox/entities/weapons/gmod_tool/stools/inflator.lua,133,function TOOL:Reload( trace ),lexical_candidate_not_semantic_analysis,not_ported
garrysmod/gamemodes/sandbox/entities/weapons/gmod_tool/stools/inflator.lua,148,function TOOL.BuildCPanel( CPanel ),lexical_candidate_not_semantic_analysis,not_ported
garrysmod/gamemodes/sandbox/entities/weapons/gmod_tool/stools/lamp.lua,23,local function IsValidLampModel( model ),lexical_candidate_not_semantic_analysis,not_ported
garrysmod/gamemodes/sandbox/entities/weapons/gmod_tool/stools/lamp.lua,30,function TOOL:LeftClick( trace ),lexical_candidate_not_semantic_analysis,not_ported
garrysmod/gamemodes/sandbox/entities/weapons/gmod_tool/stools/lamp.lua,103,function TOOL:RightClick( trace ),lexical_candidate_not_semantic_analysis,not_ported
garrysmod/gamemodes/sandbox/entities/weapons/gmod_tool/stools/lamp.lua,133,"function MakeLamp( ply, r, g, b, keyDown, toggle, texture, model, fov, distance, brightness, on, Data )",lexical_candidate_not_semantic_analysis,not_ported
garrysmod/gamemodes/sandbox/entities/weapons/gmod_tool/stools/lamp.lua,201,"function TOOL:UpdateGhostLamp( ent, ply )",lexical_candidate_not_semantic_analysis,not_ported
garrysmod/gamemodes/sandbox/entities/weapons/gmod_tool/stools/lamp.lua,223,function TOOL:Think(),lexical_candidate_not_semantic_analysis,not_ported
garrysmod/gamemodes/sandbox/entities/weapons/gmod_tool/stools/lamp.lua,238,function TOOL.BuildCPanel( CPanel ),lexical_candidate_not_semantic_analysis,not_ported
garrysmod/gamemodes/sandbox/entities/weapons/gmod_tool/stools/leafblower.lua,12,function TOOL:LeftClick( trace ),lexical_candidate_not_semantic_analysis,not_ported
garrysmod/gamemodes/sandbox/entities/weapons/gmod_tool/stools/light.lua,22,"function TOOL:LeftClick( trace, attach )",lexical_candidate_not_semantic_analysis,not_ported
garrysmod/gamemodes/sandbox/entities/weapons/gmod_tool/stools/light.lua,113,function TOOL:RightClick( trace ),lexical_candidate_not_semantic_analysis,not_ported
garrysmod/gamemodes/sandbox/entities/weapons/gmod_tool/stools/light.lua,121,"function MakeLight( ply, r, g, b, brght, size, toggle, on, keyDown, Data )",lexical_candidate_not_semantic_analysis,not_ported
garrysmod/gamemodes/sandbox/entities/weapons/gmod_tool/stools/light.lua,165,"local function Toggle( ply, ent, onoff )",lexical_candidate_not_semantic_analysis,not_ported
garrysmod/gamemodes/sandbox/entities/weapons/gmod_tool/stools/light.lua,186,"function TOOL:UpdateGhostLight( ent, ply )",lexical_candidate_not_semantic_analysis,not_ported
garrysmod/gamemodes/sandbox/entities/weapons/gmod_tool/stools/light.lua,205,function TOOL:Think(),lexical_candidate_not_semantic_analysis,not_ported
garrysmod/gamemodes/sandbox/entities/weapons/gmod_tool/stools/light.lua,217,function TOOL.BuildCPanel( CPanel ),lexical_candidate_not_semantic_analysis,not_ported
garrysmod/gamemodes/sandbox/entities/weapons/gmod_tool/stools/material.lua,16,"local function SetMaterial( Player, Entity, Data )",lexical_candidate_not_semantic_analysis,not_ported
garrysmod/gamemodes/sandbox/entities/weapons/gmod_tool/stools/material.lua,37,function TOOL:LeftClick( trace ),lexical_candidate_not_semantic_analysis,not_ported
garrysmod/gamemodes/sandbox/entities/weapons/gmod_tool/stools/material.lua,51,function TOOL:RightClick( trace ),lexical_candidate_not_semantic_analysis,not_ported
garrysmod/gamemodes/sandbox/entities/weapons/gmod_tool/stools/material.lua,65,function TOOL:Reload( trace ),lexical_candidate_not_semantic_analysis,not_ported
garrysmod/gamemodes/sandbox/entities/weapons/gmod_tool/stools/material.lua,128,function TOOL.BuildCPanel( CPanel ),lexical_candidate_not_semantic_analysis,not_ported
garrysmod/gamemodes/sandbox/entities/weapons/gmod_tool/stools/material.lua,147,"filter.OnValueChange = function( s, txt )",lexical_candidate_not_semantic_analysis,not_ported
garrysmod/gamemodes/sandbox/entities/weapons/gmod_tool/stools/motor.lua,20,function TOOL:LeftClick( trace ),lexical_candidate_not_semantic_analysis,not_ported
garrysmod/gamemodes/sandbox/entities/weapons/gmod_tool/stools/motor.lua,119,function TOOL:Reload( trace ),lexical_candidate_not_semantic_analysis,not_ported
garrysmod/gamemodes/sandbox/entities/weapons/gmod_tool/stools/motor.lua,128,function TOOL:Think(),lexical_candidate_not_semantic_analysis,not_ported
garrysmod/gamemodes/sandbox/entities/weapons/gmod_tool/stools/motor.lua,136,function TOOL:Holster(),lexical_candidate_not_semantic_analysis,not_ported
garrysmod/gamemodes/sandbox/entities/weapons/gmod_tool/stools/motor.lua,144,function TOOL.BuildCPanel( CPanel ),lexical_candidate_not_semantic_analysis,not_ported
garrysmod/gamemodes/sandbox/entities/weapons/gmod_tool/stools/muscle.lua,23,function TOOL:LeftClick( trace ),lexical_candidate_not_semantic_analysis,not_ported
garrysmod/gamemodes/sandbox/entities/weapons/gmod_tool/stools/muscle.lua,120,function TOOL:RightClick( trace ),lexical_candidate_not_semantic_analysis,not_ported
garrysmod/gamemodes/sandbox/entities/weapons/gmod_tool/stools/muscle.lua,225,function TOOL:Reload( trace ),lexical_candidate_not_semantic_analysis,not_ported
garrysmod/gamemodes/sandbox/entities/weapons/gmod_tool/stools/muscle.lua,234,function TOOL:Holster(),lexical_candidate_not_semantic_analysis,not_ported
garrysmod/gamemodes/sandbox/entities/weapons/gmod_tool/stools/muscle.lua,242,function TOOL.BuildCPanel( CPanel ),lexical_candidate_not_semantic_analysis,not_ported
garrysmod/gamemodes/sandbox/entities/weapons/gmod_tool/stools/nocollide.lua,14,function TOOL:LeftClick( trace ),lexical_candidate_not_semantic_analysis,not_ported
garrysmod/gamemodes/sandbox/entities/weapons/gmod_tool/stools/nocollide.lua,69,function TOOL:RightClick( trace ),lexical_candidate_not_semantic_analysis,not_ported
garrysmod/gamemodes/sandbox/entities/weapons/gmod_tool/stools/nocollide.lua,90,function TOOL:Reload( trace ),lexical_candidate_not_semantic_analysis,not_ported
garrysmod/gamemodes/sandbox/entities/weapons/gmod_tool/stools/nocollide.lua,99,function TOOL:Holster(),lexical_candidate_not_semantic_analysis,not_ported
garrysmod/gamemodes/sandbox/entities/weapons/gmod_tool/stools/nocollide.lua,105,function TOOL.BuildCPanel( CPanel ),lexical_candidate_not_semantic_analysis,not_ported
garrysmod/gamemodes/sandbox/entities/weapons/gmod_tool/stools/paint.lua,17,"local function PlaceDecal( ply, ent, data )",lexical_candidate_not_semantic_analysis,not_ported
garrysmod/gamemodes/sandbox/entities/weapons/gmod_tool/stools/paint.lua,49,function TOOL:Reload( trace ),lexical_candidate_not_semantic_analysis,not_ported
garrysmod/gamemodes/sandbox/entities/weapons/gmod_tool/stools/paint.lua,64,function TOOL:LeftClick( trace ),lexical_candidate_not_semantic_analysis,not_ported
garrysmod/gamemodes/sandbox/entities/weapons/gmod_tool/stools/paint.lua,70,"function TOOL:RightClick( trace, bNoDelay )",lexical_candidate_not_semantic_analysis,not_ported
garrysmod/gamemodes/sandbox/entities/weapons/gmod_tool/stools/paint.lua,138,function TOOL.BuildCPanel( CPanel ),lexical_candidate_not_semantic_analysis,not_ported
garrysmod/gamemodes/sandbox/entities/weapons/gmod_tool/stools/paint.lua,156,"function listbox:OnRowSelected( LineID, Line )",lexical_candidate_not_semantic_analysis,not_ported
garrysmod/gamemodes/sandbox/entities/weapons/gmod_tool/stools/physprop.lua,10,function TOOL:LeftClick( trace ),lexical_candidate_not_semantic_analysis,not_ported
garrysmod/gamemodes/sandbox/entities/weapons/gmod_tool/stools/physprop.lua,41,function TOOL.BuildCPanel( CPanel ),lexical_candidate_not_semantic_analysis,not_ported
garrysmod/gamemodes/sandbox/entities/weapons/gmod_tool/stools/pulley.lua,21,function TOOL:LeftClick( trace ),lexical_candidate_not_semantic_analysis,not_ported
garrysmod/gamemodes/sandbox/entities/weapons/gmod_tool/stools/pulley.lua,92,function TOOL:Reload( trace ),lexical_candidate_not_semantic_analysis,not_ported
garrysmod/gamemodes/sandbox/entities/weapons/gmod_tool/stools/pulley.lua,101,function TOOL:Holster(),lexical_candidate_not_semantic_analysis,not_ported
garrysmod/gamemodes/sandbox/entities/weapons/gmod_tool/stools/pulley.lua,109,function TOOL.BuildCPanel( CPanel ),lexical_candidate_not_semantic_analysis,not_ported
garrysmod/gamemodes/sandbox/entities/weapons/gmod_tool/stools/remover.lua,11,local function DoRemoveEntity( ent ),lexical_candidate_not_semantic_analysis,not_ported
garrysmod/gamemodes/sandbox/entities/weapons/gmod_tool/stools/remover.lua,42,function TOOL:LeftClick( trace ),lexical_candidate_not_semantic_analysis,not_ported
garrysmod/gamemodes/sandbox/entities/weapons/gmod_tool/stools/remover.lua,61,function TOOL:RightClick( trace ),lexical_candidate_not_semantic_analysis,not_ported
garrysmod/gamemodes/sandbox/entities/weapons/gmod_tool/stools/remover.lua,90,function TOOL:Reload( trace ),lexical_candidate_not_semantic_analysis,not_ported
garrysmod/gamemodes/sandbox/entities/weapons/gmod_tool/stools/remover.lua,99,function TOOL.BuildCPanel( CPanel ),lexical_candidate_not_semantic_analysis,not_ported
garrysmod/gamemodes/sandbox/entities/weapons/gmod_tool/stools/rope.lua,21,function TOOL:LeftClick( trace ),lexical_candidate_not_semantic_analysis,not_ported
garrysmod/gamemodes/sandbox/entities/weapons/gmod_tool/stools/rope.lua,92,function TOOL:RightClick( trace ),lexical_candidate_not_semantic_analysis,not_ported
garrysmod/gamemodes/sandbox/entities/weapons/gmod_tool/stools/rope.lua,164,function TOOL:Reload( trace ),lexical_candidate_not_semantic_analysis,not_ported
garrysmod/gamemodes/sandbox/entities/weapons/gmod_tool/stools/rope.lua,173,function TOOL:Holster(),lexical_candidate_not_semantic_analysis,not_ported
garrysmod/gamemodes/sandbox/entities/weapons/gmod_tool/stools/rope.lua,181,function TOOL.BuildCPanel( CPanel ),lexical_candidate_not_semantic_analysis,not_ported
garrysmod/gamemodes/sandbox/entities/weapons/gmod_tool/stools/slider.lua,18,function TOOL:LeftClick( trace ),lexical_candidate_not_semantic_analysis,not_ported
garrysmod/gamemodes/sandbox/entities/weapons/gmod_tool/stools/slider.lua,84,function TOOL:RightClick( trace ),lexical_candidate_not_semantic_analysis,not_ported
garrysmod/gamemodes/sandbox/entities/weapons/gmod_tool/stools/slider.lua,173,function TOOL:Reload( trace ),lexical_candidate_not_semantic_analysis,not_ported
garrysmod/gamemodes/sandbox/entities/weapons/gmod_tool/stools/slider.lua,182,function TOOL:Holster(),lexical_candidate_not_semantic_analysis,not_ported
garrysmod/gamemodes/sandbox/entities/weapons/gmod_tool/stools/slider.lua,190,function TOOL.BuildCPanel( CPanel ),lexical_candidate_not_semantic_analysis,not_ported
garrysmod/gamemodes/sandbox/entities/weapons/gmod_tool/stools/thruster.lua,19,local function IsValidThrusterModel( model ),lexical_candidate_not_semantic_analysis,not_ported
garrysmod/gamemodes/sandbox/entities/weapons/gmod_tool/stools/thruster.lua,26,function TOOL:LeftClick( trace ),lexical_candidate_not_semantic_analysis,not_ported
garrysmod/gamemodes/sandbox/entities/weapons/gmod_tool/stools/thruster.lua,121,"function MakeThruster( ply, model, ang, pos, key, key_bck, force, toggle, effect, damageable, soundname, nocollide, Data )",lexical_candidate_not_semantic_analysis,not_ported
garrysmod/gamemodes/sandbox/entities/weapons/gmod_tool/stools/thruster.lua,185,"function TOOL:UpdateGhostThruster( ent, ply )",lexical_candidate_not_semantic_analysis,not_ported
garrysmod/gamemodes/sandbox/entities/weapons/gmod_tool/stools/thruster.lua,208,function TOOL:Think(),lexical_candidate_not_semantic_analysis,not_ported
garrysmod/gamemodes/sandbox/entities/weapons/gmod_tool/stools/thruster.lua,223,function TOOL.BuildCPanel( CPanel ),lexical_candidate_not_semantic_analysis,not_ported
garrysmod/gamemodes/sandbox/entities/weapons/gmod_tool/stools/trails.lua,23,"local function SetTrails( ply, ent, data )",lexical_candidate_not_semantic_analysis,not_ported
garrysmod/gamemodes/sandbox/entities/weapons/gmod_tool/stools/trails.lua,75,function TOOL:LeftClick( trace ),lexical_candidate_not_semantic_analysis,not_ported
garrysmod/gamemodes/sandbox/entities/weapons/gmod_tool/stools/trails.lua,111,function TOOL:RightClick( trace ),lexical_candidate_not_semantic_analysis,not_ported
garrysmod/gamemodes/sandbox/entities/weapons/gmod_tool/stools/trails.lua,149,function TOOL.BuildCPanel( CPanel ),lexical_candidate_not_semantic_analysis,not_ported
garrysmod/gamemodes/sandbox/entities/weapons/gmod_tool/stools/weld.lua,17,function TOOL:LeftClick( trace ),lexical_candidate_not_semantic_analysis,not_ported
garrysmod/gamemodes/sandbox/entities/weapons/gmod_tool/stools/weld.lua,82,function TOOL:RightClick( trace ),lexical_candidate_not_semantic_analysis,not_ported
garrysmod/gamemodes/sandbox/entities/weapons/gmod_tool/stools/weld.lua,224,function TOOL:Think(),lexical_candidate_not_semantic_analysis,not_ported
garrysmod/gamemodes/sandbox/entities/weapons/gmod_tool/stools/weld.lua,267,function TOOL:Reload( trace ),lexical_candidate_not_semantic_analysis,not_ported
garrysmod/gamemodes/sandbox/entities/weapons/gmod_tool/stools/weld.lua,278,function TOOL:FreezeMovement(),lexical_candidate_not_semantic_analysis,not_ported
garrysmod/gamemodes/sandbox/entities/weapons/gmod_tool/stools/weld.lua,284,function TOOL:Holster(),lexical_candidate_not_semantic_analysis,not_ported
garrysmod/gamemodes/sandbox/entities/weapons/gmod_tool/stools/weld.lua,292,function TOOL.BuildCPanel( CPanel ),lexical_candidate_not_semantic_analysis,not_ported
garrysmod/gamemodes/sandbox/entities/weapons/gmod_tool/stools/wheel.lua,25,local function IsValidWheelModel( model ),lexical_candidate_not_semantic_analysis,not_ported
garrysmod/gamemodes/sandbox/entities/weapons/gmod_tool/stools/wheel.lua,33,function TOOL:LeftClick( trace ),lexical_candidate_not_semantic_analysis,not_ported
garrysmod/gamemodes/sandbox/entities/weapons/gmod_tool/stools/wheel.lua,107,function TOOL:RightClick( trace ),lexical_candidate_not_semantic_analysis,not_ported
garrysmod/gamemodes/sandbox/entities/weapons/gmod_tool/stools/wheel.lua,156,"function MakeWheel( ply, pos, ang, model, key_f, key_r, axis, direction, toggle, baseTorque, Data )",lexical_candidate_not_semantic_analysis,not_ported
garrysmod/gamemodes/sandbox/entities/weapons/gmod_tool/stools/wheel.lua,209,"function TOOL:UpdateGhostWheel( ent, ply )",lexical_candidate_not_semantic_analysis,not_ported
garrysmod/gamemodes/sandbox/entities/weapons/gmod_tool/stools/wheel.lua,234,function TOOL:Think(),lexical_candidate_not_semantic_analysis,not_ported
garrysmod/gamemodes/sandbox/entities/weapons/gmod_tool/stools/wheel.lua,250,function TOOL.BuildCPanel( CPanel ),lexical_candidate_not_semantic_analysis,not_ported
garrysmod/gamemodes/sandbox/entities/weapons/gmod_tool/stools/winch.lua,22,function TOOL:LeftClick( trace ),lexical_candidate_not_semantic_analysis,not_ported
garrysmod/gamemodes/sandbox/entities/weapons/gmod_tool/stools/winch.lua,94,function TOOL:RightClick( trace ),lexical_candidate_not_semantic_analysis,not_ported
garrysmod/gamemodes/sandbox/entities/weapons/gmod_tool/stools/winch.lua,194,function TOOL:Reload( trace ),lexical_candidate_not_semantic_analysis,not_ported
garrysmod/gamemodes/sandbox/entities/weapons/gmod_tool/stools/winch.lua,205,function TOOL.BuildCPanel( CPanel ),lexical_candidate_not_semantic_analysis,not_ported
garrysmod/gamemodes/sandbox/entities/weapons/manhack_welder.lua,40,function SWEP:Reload(),lexical_candidate_not_semantic_analysis,not_ported
garrysmod/gamemodes/sandbox/entities/weapons/manhack_welder.lua,46,function SWEP:Think(),lexical_candidate_not_semantic_analysis,not_ported
garrysmod/gamemodes/sandbox/entities/weapons/manhack_welder.lua,52,function SWEP:PrimaryAttack(),lexical_candidate_not_semantic_analysis,not_ported
garrysmod/gamemodes/sandbox/entities/weapons/manhack_welder.lua,111,function SWEP:SecondaryAttack(),lexical_candidate_not_semantic_analysis,not_ported
garrysmod/gamemodes/sandbox/entities/weapons/manhack_welder.lua,167,function SWEP:ShouldDropOnDie(),lexical_candidate_not_semantic_analysis,not_ported
garrysmod/gamemodes/sandbox/gamemode/cl_hints.lua,11,local function LookupBinding( group ),lexical_candidate_not_semantic_analysis,not_ported
garrysmod/gamemodes/sandbox/gamemode/cl_hints.lua,26,local function ThrowHint( name ),lexical_candidate_not_semantic_analysis,not_ported
garrysmod/gamemodes/sandbox/gamemode/cl_hints.lua,42,"function GM:AddHint( name, delay )",lexical_candidate_not_semantic_analysis,not_ported
garrysmod/gamemodes/sandbox/gamemode/cl_hints.lua,54,function GM:SuppressHint( name ),lexical_candidate_not_semantic_analysis,not_ported
garrysmod/gamemodes/sandbox/gamemode/cl_init.lua,26,function GM:Initialize(),lexical_candidate_not_semantic_analysis,not_ported
garrysmod/gamemodes/sandbox/gamemode/cl_init.lua,32,function GM:LimitHit( name ),lexical_candidate_not_semantic_analysis,not_ported
garrysmod/gamemodes/sandbox/gamemode/cl_init.lua,46,"function GM:OnUndo( name, strCustomString )",lexical_candidate_not_semantic_analysis,not_ported
garrysmod/gamemodes/sandbox/gamemode/cl_init.lua,76,function GM:OnCleanup( name ),lexical_candidate_not_semantic_analysis,not_ported
garrysmod/gamemodes/sandbox/gamemode/cl_init.lua,92,function GM:UnfrozeObjects( num ),lexical_candidate_not_semantic_analysis,not_ported
garrysmod/gamemodes/sandbox/gamemode/cl_init.lua,101,function GM:HUDPaint(),lexical_candidate_not_semantic_analysis,not_ported
garrysmod/gamemodes/sandbox/gamemode/cl_init.lua,115,function GM:PostRenderVGUI(),lexical_candidate_not_semantic_analysis,not_ported
garrysmod/gamemodes/sandbox/gamemode/cl_init.lua,127,"function GM:DrawPhysgunBeam( ply, weapon, bOn, target, boneid, pos )",lexical_candidate_not_semantic_analysis,not_ported
garrysmod/gamemodes/sandbox/gamemode/cl_init.lua,163,function GM:NetworkEntityCreated( ent ),lexical_candidate_not_semantic_analysis,not_ported
garrysmod/gamemodes/sandbox/gamemode/cl_notice.lua,2,"function GM:AddNotify( str, type, length )",lexical_candidate_not_semantic_analysis,not_ported
garrysmod/gamemodes/sandbox/gamemode/cl_notice.lua,8,function GM:PaintNotes(),lexical_candidate_not_semantic_analysis,not_ported
garrysmod/gamemodes/sandbox/gamemode/cl_search_models.lua,9,"local function GetAllFiles( tab, folder, extension, path )",lexical_candidate_not_semantic_analysis,not_ported
garrysmod/gamemodes/sandbox/gamemode/cl_search_models.lua,87,"func = function() RunConsoleCommand( ""gm_spawn"", v ) end,",lexical_candidate_not_semantic_analysis,not_ported
garrysmod/gamemodes/sandbox/gamemode/cl_search_models.lua,121,"local function AddSearchProvider( listname, ctype, stype )",lexical_candidate_not_semantic_analysis,not_ported
garrysmod/gamemodes/sandbox/gamemode/cl_spawnmenu.lua,9,function GM:SpawnMenuEnabled(),lexical_candidate_not_semantic_analysis,not_ported
garrysmod/gamemodes/sandbox/gamemode/cl_spawnmenu.lua,17,function GM:SpawnMenuOpen(),lexical_candidate_not_semantic_analysis,not_ported
garrysmod/gamemodes/sandbox/gamemode/cl_spawnmenu.lua,21,function GM:SpawnMenuOpened(),lexical_candidate_not_semantic_analysis,not_ported
garrysmod/gamemodes/sandbox/gamemode/cl_spawnmenu.lua,27,function GM:SpawnMenuClosed(),lexical_candidate_not_semantic_analysis,not_ported
garrysmod/gamemodes/sandbox/gamemode/cl_spawnmenu.lua,30,function GM:SpawnMenuCreated(spawnmenu),lexical_candidate_not_semantic_analysis,not_ported
garrysmod/gamemodes/sandbox/gamemode/cl_spawnmenu.lua,38,function GM:ContextMenuEnabled(),lexical_candidate_not_semantic_analysis,not_ported
garrysmod/gamemodes/sandbox/gamemode/cl_spawnmenu.lua,46,function GM:ContextMenuOpen(),lexical_candidate_not_semantic_analysis,not_ported
garrysmod/gamemodes/sandbox/gamemode/cl_spawnmenu.lua,50,function GM:ContextMenuOpened(),lexical_candidate_not_semantic_analysis,not_ported
garrysmod/gamemodes/sandbox/gamemode/cl_spawnmenu.lua,55,function GM:ContextMenuClosed(),lexical_candidate_not_semantic_analysis,not_ported
garrysmod/gamemodes/sandbox/gamemode/cl_spawnmenu.lua,58,function GM:ContextMenuCreated(),lexical_candidate_not_semantic_analysis,not_ported
garrysmod/gamemodes/sandbox/gamemode/cl_spawnmenu.lua,64,function GM:GetSpawnmenuTools( name ),lexical_candidate_not_semantic_analysis,not_ported
garrysmod/gamemodes/sandbox/gamemode/cl_spawnmenu.lua,71,"function GM:AddSTOOL( category, itemname, text, command, controls, cpanelfunction )",lexical_candidate_not_semantic_analysis,not_ported
garrysmod/gamemodes/sandbox/gamemode/cl_spawnmenu.lua,75,function GM:PreReloadToolsMenu(),lexical_candidate_not_semantic_analysis,not_ported
garrysmod/gamemodes/sandbox/gamemode/cl_spawnmenu.lua,82,function GM:AddGamemodeToolMenuTabs(),lexical_candidate_not_semantic_analysis,not_ported
garrysmod/gamemodes/sandbox/gamemode/cl_spawnmenu.lua,93,function GM:AddToolMenuTabs(),lexical_candidate_not_semantic_analysis,not_ported
garrysmod/gamemodes/sandbox/gamemode/cl_spawnmenu.lua,102,function GM:AddGamemodeToolMenuCategories(),lexical_candidate_not_semantic_analysis,not_ported
garrysmod/gamemodes/sandbox/gamemode/cl_spawnmenu.lua,114,function GM:AddToolMenuCategories(),lexical_candidate_not_semantic_analysis,not_ported
garrysmod/gamemodes/sandbox/gamemode/cl_spawnmenu.lua,120,function GM:PopulateToolMenu(),lexical_candidate_not_semantic_analysis,not_ported
garrysmod/gamemodes/sandbox/gamemode/cl_spawnmenu.lua,123,function GM:PostReloadToolsMenu(),lexical_candidate_not_semantic_analysis,not_ported
garrysmod/gamemodes/sandbox/gamemode/cl_spawnmenu.lua,129,function GM:PopulatePropMenu(),lexical_candidate_not_semantic_analysis,not_ported
garrysmod/gamemodes/sandbox/gamemode/cl_worldtips.lua,20,"function AddWorldTip( unused1, text, unused2, pos, ent )",lexical_candidate_not_semantic_analysis,not_ported
garrysmod/gamemodes/sandbox/gamemode/cl_worldtips.lua,31,local function DrawWorldTip( tip ),lexical_candidate_not_semantic_analysis,not_ported
garrysmod/gamemodes/sandbox/gamemode/cl_worldtips.lua,72,function GM:PaintWorldTips(),lexical_candidate_not_semantic_analysis,not_ported
garrysmod/gamemodes/sandbox/gamemode/commands.lua,6,"local function fixupProp( ply, ent, hitpos, mins, maxs )",lexical_candidate_not_semantic_analysis,not_ported
garrysmod/gamemodes/sandbox/gamemode/commands.lua,29,"local function TryFixPropPosition( ply, ent, hitpos )",lexical_candidate_not_semantic_analysis,not_ported
garrysmod/gamemodes/sandbox/gamemode/commands.lua,35,local function GetSpawnTrace( ply ),lexical_candidate_not_semantic_analysis,not_ported
garrysmod/gamemodes/sandbox/gamemode/commands.lua,47,"local function ReportErrorToPlayer( player, error )",lexical_candidate_not_semantic_analysis,not_ported
garrysmod/gamemodes/sandbox/gamemode/commands.lua,56,"local function Spawn_SandboxModel( ply, modelName, iSkin, strBody, traceOverride )",lexical_candidate_not_semantic_analysis,not_ported
garrysmod/gamemodes/sandbox/gamemode/commands.lua,113,"function CCSpawn( ply, command, arguments, argumentsStr, traceOverride )",lexical_candidate_not_semantic_analysis,not_ported
garrysmod/gamemodes/sandbox/gamemode/commands.lua,123,"local function MakeRagdoll( ply, _, _, model, _, data )",lexical_candidate_not_semantic_analysis,not_ported
garrysmod/gamemodes/sandbox/gamemode/commands.lua,154,"function GMODSpawnRagdoll( ply, model, iSkin, strBody, tr )",lexical_candidate_not_semantic_analysis,not_ported
garrysmod/gamemodes/sandbox/gamemode/commands.lua,176,"function MakeProp( ply, pos, ang, model, _, data )",lexical_candidate_not_semantic_analysis,not_ported
garrysmod/gamemodes/sandbox/gamemode/commands.lua,211,"function MakeEffect( ply, model, data )",lexical_candidate_not_semantic_analysis,not_ported
garrysmod/gamemodes/sandbox/gamemode/commands.lua,250,function FixInvalidPhysicsObject( prop ),lexical_candidate_not_semantic_analysis,not_ported
garrysmod/gamemodes/sandbox/gamemode/commands.lua,286,"function GMODSpawnProp( ply, model, iSkin, strBody, tr )",lexical_candidate_not_semantic_analysis,not_ported
garrysmod/gamemodes/sandbox/gamemode/commands.lua,316,"function GMODSpawnEffect( ply, model, iSkin, strBody, tr )",lexical_candidate_not_semantic_analysis,not_ported
garrysmod/gamemodes/sandbox/gamemode/commands.lua,344,"function DoPlayerEntitySpawn( ply, entity_name, model, iSkin, strBody, tr )",lexical_candidate_not_semantic_analysis,not_ported
garrysmod/gamemodes/sandbox/gamemode/commands.lua,412,"local function InternalSpawnNPC( NPCData, ply, Position, Normal, Class, Equipment, SpawnFlagsSaved, NoDropToFloor )",lexical_candidate_not_semantic_analysis,not_ported
garrysmod/gamemodes/sandbox/gamemode/commands.lua,606,"function Spawn_NPC( ply, NPCClassName, WeaponName, tr )",lexical_candidate_not_semantic_analysis,not_ported
garrysmod/gamemodes/sandbox/gamemode/commands.lua,659,"local function GenericNPCDuplicator( ply, class, equipment, spawnflags, data )",lexical_candidate_not_semantic_analysis,not_ported
garrysmod/gamemodes/sandbox/gamemode/commands.lua,745,"local function CanPlayerSpawnSENT( ply, EntityName )",lexical_candidate_not_semantic_analysis,not_ported
garrysmod/gamemodes/sandbox/gamemode/commands.lua,777,"function Spawn_SENT( ply, EntityName, tr )",lexical_candidate_not_semantic_analysis,not_ported
garrysmod/gamemodes/sandbox/gamemode/commands.lua,897,"function CCGiveSWEP( ply, command, arguments )",lexical_candidate_not_semantic_analysis,not_ported
garrysmod/gamemodes/sandbox/gamemode/commands.lua,933,"function Spawn_Weapon( ply, wepname, tr )",lexical_candidate_not_semantic_analysis,not_ported
garrysmod/gamemodes/sandbox/gamemode/commands.lua,1011,"local function MakeVehicle( ply, pos, ang, model, className, VName, data )",lexical_candidate_not_semantic_analysis,not_ported
garrysmod/gamemodes/sandbox/gamemode/commands.lua,1086,"function Spawn_Vehicle( ply, vname, tr )",lexical_candidate_not_semantic_analysis,not_ported
garrysmod/gamemodes/sandbox/gamemode/editor_player.lua,6,"local function SetDefaultColorFromConVar( panel, convarName )",lexical_candidate_not_semantic_analysis,not_ported
garrysmod/gamemodes/sandbox/gamemode/editor_player.lua,20,"init		= function( widgetIcon, window )",lexical_candidate_not_semantic_analysis,not_ported
garrysmod/gamemodes/sandbox/gamemode/editor_player.lua,98,icon.OpenMenu = function( button ),lexical_candidate_not_semantic_analysis,not_ported
garrysmod/gamemodes/sandbox/gamemode/editor_player.lua,110,"SearchBar.OnValueChange = function( s, str )",lexical_candidate_not_semantic_analysis,not_ported
garrysmod/gamemodes/sandbox/gamemode/editor_player.lua,165,"local function PlayPreviewAnimation( panel, playermodel )",lexical_candidate_not_semantic_analysis,not_ported
garrysmod/gamemodes/sandbox/gamemode/editor_player.lua,182,"local function UpdateBodyGroups( pnl, val )",lexical_candidate_not_semantic_analysis,not_ported
garrysmod/gamemodes/sandbox/gamemode/editor_player.lua,200,local function RebuildBodygroupTab(),lexical_candidate_not_semantic_analysis,not_ported
garrysmod/gamemodes/sandbox/gamemode/editor_player.lua,251,local function UpdateFromConvars(),lexical_candidate_not_semantic_analysis,not_ported
garrysmod/gamemodes/sandbox/gamemode/editor_player.lua,259,"mdl.Entity.GetPlayerColor = function() return Vector( GetConVarString( ""cl_playercolor"" ) ) end",lexical_candidate_not_semantic_analysis,not_ported
garrysmod/gamemodes/sandbox/gamemode/editor_player.lua,269,local function UpdateFromControls(),lexical_candidate_not_semantic_analysis,not_ported
garrysmod/gamemodes/sandbox/gamemode/editor_player.lua,281,"function PanelSelect:OnActivePanelChanged( old, new )",lexical_candidate_not_semantic_analysis,not_ported
garrysmod/gamemodes/sandbox/gamemode/editor_player.lua,294,function mdl:DragMousePress( btnId ),lexical_candidate_not_semantic_analysis,not_ported
garrysmod/gamemodes/sandbox/gamemode/editor_player.lua,301,function mdl:DragMouseRelease() self.Pressed = nil end,lexical_candidate_not_semantic_analysis,not_ported
garrysmod/gamemodes/sandbox/gamemode/editor_player.lua,303,function mdl:PreDrawModel(),lexical_candidate_not_semantic_analysis,not_ported
garrysmod/gamemodes/sandbox/gamemode/editor_player.lua,335,function mdl:LayoutEntity( ent ),lexical_candidate_not_semantic_analysis,not_ported
garrysmod/gamemodes/sandbox/gamemode/gui/iconeditor.lua,8,function PANEL:Init(),lexical_candidate_not_semantic_analysis,not_ported
garrysmod/gamemodes/sandbox/gamemode/gui/iconeditor.lua,33,"previewBG.Paint = function( s, w, h )",lexical_candidate_not_semantic_analysis,not_ported
garrysmod/gamemodes/sandbox/gamemode/gui/iconeditor.lua,39,function previewBG.PerformLayout( thisPnl ),lexical_candidate_not_semantic_analysis,not_ported
garrysmod/gamemodes/sandbox/gamemode/gui/iconeditor.lua,48,function previewCont.PerformLayout( thisPnl ),lexical_candidate_not_semantic_analysis,not_ported
garrysmod/gamemodes/sandbox/gamemode/gui/iconeditor.lua,57,"function self.ModelPanel.PostDrawModel( mdlpnl, ent )",lexical_candidate_not_semantic_analysis,not_ported
garrysmod/gamemodes/sandbox/gamemode/gui/iconeditor.lua,74,function self.ModelPanel:PreDrawModel(),lexical_candidate_not_semantic_analysis,not_ported
garrysmod/gamemodes/sandbox/gamemode/gui/iconeditor.lua,114,BestGuess.DoClick = function() self:BestGuessLayout() end,lexical_candidate_not_semantic_analysis,not_ported
garrysmod/gamemodes/sandbox/gamemode/gui/iconeditor.lua,124,FullFrontal.DoClick = function() self:FullFrontalLayout() end,lexical_candidate_not_semantic_analysis,not_ported
garrysmod/gamemodes/sandbox/gamemode/gui/iconeditor.lua,134,Above.DoClick = function() self:AboveLayout() end,lexical_candidate_not_semantic_analysis,not_ported
garrysmod/gamemodes/sandbox/gamemode/gui/iconeditor.lua,144,Right.DoClick = function() self:RightLayout() end,lexical_candidate_not_semantic_analysis,not_ported
garrysmod/gamemodes/sandbox/gamemode/gui/iconeditor.lua,154,Origin.DoClick = function() self:OriginLayout() end,lexical_candidate_not_semantic_analysis,not_ported
garrysmod/gamemodes/sandbox/gamemode/gui/iconeditor.lua,162,Render.DoClick = function() self:RenderIcon() end,lexical_candidate_not_semantic_analysis,not_ported
garrysmod/gamemodes/sandbox/gamemode/gui/iconeditor.lua,176,Picker.DoClick = function(),lexical_candidate_not_semantic_analysis,not_ported
garrysmod/gamemodes/sandbox/gamemode/gui/iconeditor.lua,211,"self.AnimList.OnRowSelected = function( _, _, line )",lexical_candidate_not_semantic_analysis,not_ported
garrysmod/gamemodes/sandbox/gamemode/gui/iconeditor.lua,222,"self.AnimList.OnRowRightClick = function( _, _, line )",lexical_candidate_not_semantic_analysis,not_ported
garrysmod/gamemodes/sandbox/gamemode/gui/iconeditor.lua,236,self.AnimSearch.OnChange = function( p ),lexical_candidate_not_semantic_analysis,not_ported
garrysmod/gamemodes/sandbox/gamemode/gui/iconeditor.lua,259,"self.Scenes.DoClick = function( _, node )",lexical_candidate_not_semantic_analysis,not_ported
garrysmod/gamemodes/sandbox/gamemode/gui/iconeditor.lua,301,"playSpeed.OnValueChanged = function( s, value )",lexical_candidate_not_semantic_analysis,not_ported
garrysmod/gamemodes/sandbox/gamemode/gui/iconeditor.lua,311,moveSpeed.OnValueChanged = function( p ),lexical_candidate_not_semantic_analysis,not_ported
garrysmod/gamemodes/sandbox/gamemode/gui/iconeditor.lua,321,angle.OnChange = function( p ),lexical_candidate_not_semantic_analysis,not_ported
garrysmod/gamemodes/sandbox/gamemode/gui/iconeditor.lua,331,cam_angle.OnChange = function( p ),lexical_candidate_not_semantic_analysis,not_ported
garrysmod/gamemodes/sandbox/gamemode/gui/iconeditor.lua,341,cam_pos.OnChange = function( p ),lexical_candidate_not_semantic_analysis,not_ported
garrysmod/gamemodes/sandbox/gamemode/gui/iconeditor.lua,353,cam_fov.OnValueChanged = function( p ),lexical_candidate_not_semantic_analysis,not_ported
garrysmod/gamemodes/sandbox/gamemode/gui/iconeditor.lua,368,copy.DoClick = function() SetClipboardText( util.TableToJSON( {,lexical_candidate_not_semantic_analysis,not_ported
garrysmod/gamemodes/sandbox/gamemode/gui/iconeditor.lua,379,paste.OnChange = function( p ),lexical_candidate_not_semantic_analysis,not_ported
garrysmod/gamemodes/sandbox/gamemode/gui/iconeditor.lua,397,rotate45.DoClick = function( p ),lexical_candidate_not_semantic_analysis,not_ported
garrysmod/gamemodes/sandbox/gamemode/gui/iconeditor.lua,402,rotate45.DoRightClick = function( p ),lexical_candidate_not_semantic_analysis,not_ported
garrysmod/gamemodes/sandbox/gamemode/gui/iconeditor.lua,423,defLights.DoClick = function( p ),lexical_candidate_not_semantic_analysis,not_ported
garrysmod/gamemodes/sandbox/gamemode/gui/iconeditor.lua,431,exp1.DoClick = function( p ),lexical_candidate_not_semantic_analysis,not_ported
garrysmod/gamemodes/sandbox/gamemode/gui/iconeditor.lua,466,function PANEL:OnKeyCodePressed( code ),lexical_candidate_not_semantic_analysis,not_ported
garrysmod/gamemodes/sandbox/gamemode/gui/iconeditor.lua,480,function PANEL:SetDefaultLighting(),lexical_candidate_not_semantic_analysis,not_ported
garrysmod/gamemodes/sandbox/gamemode/gui/iconeditor.lua,505,function PANEL:BestGuessLayout(),lexical_candidate_not_semantic_analysis,not_ported
garrysmod/gamemodes/sandbox/gamemode/gui/iconeditor.lua,524,function PANEL:FullFrontalLayout(),lexical_candidate_not_semantic_analysis,not_ported
garrysmod/gamemodes/sandbox/gamemode/gui/iconeditor.lua,538,function PANEL:AboveLayout(),lexical_candidate_not_semantic_analysis,not_ported
garrysmod/gamemodes/sandbox/gamemode/gui/iconeditor.lua,552,function PANEL:RightLayout(),lexical_candidate_not_semantic_analysis,not_ported
garrysmod/gamemodes/sandbox/gamemode/gui/iconeditor.lua,566,function PANEL:OriginLayout(),lexical_candidate_not_semantic_analysis,not_ported
garrysmod/gamemodes/sandbox/gamemode/gui/iconeditor.lua,580,function PANEL:UpdateEntity( ent ),lexical_candidate_not_semantic_analysis,not_ported
garrysmod/gamemodes/sandbox/gamemode/gui/iconeditor.lua,616,function PANEL:RenderIcon(),lexical_candidate_not_semantic_analysis,not_ported
garrysmod/gamemodes/sandbox/gamemode/gui/iconeditor.lua,638,function PANEL:SetIcon( icon ),lexical_candidate_not_semantic_analysis,not_ported
garrysmod/gamemodes/sandbox/gamemode/gui/iconeditor.lua,686,function PANEL:Refresh(),lexical_candidate_not_semantic_analysis,not_ported
garrysmod/gamemodes/sandbox/gamemode/gui/iconeditor.lua,693,self.ModelPanel.LayoutEntity = function() self:UpdateEntity( self.ModelPanel:GetEntity() )  end,lexical_candidate_not_semantic_analysis,not_ported
garrysmod/gamemodes/sandbox/gamemode/gui/iconeditor.lua,708,"function PANEL:FillAnimations( ent, filter )",lexical_candidate_not_semantic_analysis,not_ported
garrysmod/gamemodes/sandbox/gamemode/gui/iconeditor.lua,743,"skinSlider.OnValueChanged = function( s, newVal )",lexical_candidate_not_semantic_analysis,not_ported
garrysmod/gamemodes/sandbox/gamemode/gui/iconeditor.lua,773,"bgSlider.OnValueChanged = function( s, newVal )",lexical_candidate_not_semantic_analysis,not_ported
garrysmod/gamemodes/sandbox/gamemode/gui/iconeditor.lua,801,function PANEL:SetFromEntity( ent ),lexical_candidate_not_semantic_analysis,not_ported
garrysmod/gamemodes/sandbox/gamemode/init.lua,37,"function GM:PlayerSpawn( pl, transiton )",lexical_candidate_not_semantic_analysis,not_ported
garrysmod/gamemodes/sandbox/gamemode/init.lua,49,"function GM:OnPhysgunFreeze( weapon, phys, ent, ply )",lexical_candidate_not_semantic_analysis,not_ported
garrysmod/gamemodes/sandbox/gamemode/init.lua,65,"function GM:OnPhysgunReload( weapon, ply )",lexical_candidate_not_semantic_analysis,not_ported
garrysmod/gamemodes/sandbox/gamemode/init.lua,84,"function GM:PlayerShouldTakeDamage( ply, attacker )",lexical_candidate_not_semantic_analysis,not_ported
garrysmod/gamemodes/sandbox/gamemode/init.lua,102,function GM:ShowHelp( ply ),lexical_candidate_not_semantic_analysis,not_ported
garrysmod/gamemodes/sandbox/gamemode/init.lua,111,"function GM:PlayerInitialSpawn( ply, transiton )",lexical_candidate_not_semantic_analysis,not_ported
garrysmod/gamemodes/sandbox/gamemode/init.lua,120,"function GM:CreateEntityRagdoll( entity, ragdoll )",lexical_candidate_not_semantic_analysis,not_ported
garrysmod/gamemodes/sandbox/gamemode/init.lua,131,"function GM:PlayerUnfrozeObject( ply, entity, physobject )",lexical_candidate_not_semantic_analysis,not_ported
garrysmod/gamemodes/sandbox/gamemode/init.lua,143,"function GM:PlayerFrozeObject( ply, entity, physobject )",lexical_candidate_not_semantic_analysis,not_ported
garrysmod/gamemodes/sandbox/gamemode/init.lua,159,"function GM:CanEditVariable( ent, ply, key, val, editor )",lexical_candidate_not_semantic_analysis,not_ported
garrysmod/gamemodes/sandbox/gamemode/player.lua,6,function GM:PlayerSpawnObject( ply ),lexical_candidate_not_semantic_analysis,not_ported
garrysmod/gamemodes/sandbox/gamemode/player.lua,14,"function GM:CanPlayerUnfreeze( ply, entity, physobject )",lexical_candidate_not_semantic_analysis,not_ported
garrysmod/gamemodes/sandbox/gamemode/player.lua,24,"local function LimitReachedProcess( ply, str )",lexical_candidate_not_semantic_analysis,not_ported
garrysmod/gamemodes/sandbox/gamemode/player.lua,37,"function GM:PlayerSpawnRagdoll( ply, model )",lexical_candidate_not_semantic_analysis,not_ported
garrysmod/gamemodes/sandbox/gamemode/player.lua,48,"function GM:PlayerSpawnProp( ply, model )",lexical_candidate_not_semantic_analysis,not_ported
garrysmod/gamemodes/sandbox/gamemode/player.lua,58,"function GM:PlayerSpawnEffect( ply, model )",lexical_candidate_not_semantic_analysis,not_ported
garrysmod/gamemodes/sandbox/gamemode/player.lua,68,"function GM:PlayerSpawnVehicle( ply, model, vname, vtable )",lexical_candidate_not_semantic_analysis,not_ported
garrysmod/gamemodes/sandbox/gamemode/player.lua,79,"function GM:PlayerSpawnSWEP( ply, wname, wtable )",lexical_candidate_not_semantic_analysis,not_ported
garrysmod/gamemodes/sandbox/gamemode/player.lua,90,"function GM:PlayerGiveSWEP( ply, wname, wtable )",lexical_candidate_not_semantic_analysis,not_ported
garrysmod/gamemodes/sandbox/gamemode/player.lua,101,"function GM:PlayerSpawnSENT( ply, name )",lexical_candidate_not_semantic_analysis,not_ported
garrysmod/gamemodes/sandbox/gamemode/player.lua,111,"function GM:PlayerSpawnNPC( ply, npc_type, equipment )",lexical_candidate_not_semantic_analysis,not_ported
garrysmod/gamemodes/sandbox/gamemode/player.lua,121,"function GM:PlayerSpawnedRagdoll( ply, model, ent )",lexical_candidate_not_semantic_analysis,not_ported
garrysmod/gamemodes/sandbox/gamemode/player.lua,131,"function GM:PlayerSpawnedProp( ply, model, ent )",lexical_candidate_not_semantic_analysis,not_ported
garrysmod/gamemodes/sandbox/gamemode/player.lua,141,"function GM:PlayerSpawnedEffect( ply, model, ent )",lexical_candidate_not_semantic_analysis,not_ported
garrysmod/gamemodes/sandbox/gamemode/player.lua,151,"function GM:PlayerSpawnedVehicle( ply, ent )",lexical_candidate_not_semantic_analysis,not_ported
garrysmod/gamemodes/sandbox/gamemode/player.lua,161,"function GM:PlayerSpawnedNPC( ply, ent )",lexical_candidate_not_semantic_analysis,not_ported
garrysmod/gamemodes/sandbox/gamemode/player.lua,172,"function GM:PlayerSpawnedSENT( ply, ent )",lexical_candidate_not_semantic_analysis,not_ported
garrysmod/gamemodes/sandbox/gamemode/player.lua,182,"function GM:PlayerSpawnedSWEP( ply, ent )",lexical_candidate_not_semantic_analysis,not_ported
garrysmod/gamemodes/sandbox/gamemode/player.lua,193,"function GM:PlayerEnteredVehicle( player, vehicle, role )",lexical_candidate_not_semantic_analysis,not_ported
garrysmod/gamemodes/sandbox/gamemode/player.lua,203,"function GM:PlayerButtonDown( ply, btn )",lexical_candidate_not_semantic_analysis,not_ported
garrysmod/gamemodes/sandbox/gamemode/player.lua,213,"function GM:PlayerButtonUp( ply, btn )",lexical_candidate_not_semantic_analysis,not_ported
garrysmod/gamemodes/sandbox/gamemode/player_class/player_sandbox.lua,34,function PLAYER:SetupDataTables(),lexical_candidate_not_semantic_analysis,not_ported
garrysmod/gamemodes/sandbox/gamemode/player_class/player_sandbox.lua,41,function PLAYER:Loadout(),lexical_candidate_not_semantic_analysis,not_ported
garrysmod/gamemodes/sandbox/gamemode/player_class/player_sandbox.lua,84,function PLAYER:SetModel(),lexical_candidate_not_semantic_analysis,not_ported
garrysmod/gamemodes/sandbox/gamemode/player_class/player_sandbox.lua,104,function PLAYER:Spawn(),lexical_candidate_not_semantic_analysis,not_ported
garrysmod/gamemodes/sandbox/gamemode/player_class/player_sandbox.lua,122,function PLAYER:ShouldDrawLocal(),lexical_candidate_not_semantic_analysis,not_ported
garrysmod/gamemodes/sandbox/gamemode/player_class/player_sandbox.lua,131,function PLAYER:CreateMove( cmd ),lexical_candidate_not_semantic_analysis,not_ported
garrysmod/gamemodes/sandbox/gamemode/player_class/player_sandbox.lua,140,function PLAYER:CalcView( view ),lexical_candidate_not_semantic_analysis,not_ported
garrysmod/gamemodes/sandbox/gamemode/player_class/player_sandbox.lua,153,function PLAYER:StartMove( move ),lexical_candidate_not_semantic_analysis,not_ported
garrysmod/gamemodes/sandbox/gamemode/player_class/player_sandbox.lua,163,function PLAYER:FinishMove( move ),lexical_candidate_not_semantic_analysis,not_ported
garrysmod/gamemodes/sandbox/gamemode/player_extension.lua,11,function meta:CheckLimit( str ),lexical_candidate_not_semantic_analysis,not_ported
garrysmod/gamemodes/sandbox/gamemode/player_extension.lua,36,local function CleanInvalidEntities( uid ),lexical_candidate_not_semantic_analysis,not_ported
garrysmod/gamemodes/sandbox/gamemode/player_extension.lua,51,"local function QueueUpdateCleanup( uid, countType )",lexical_candidate_not_semantic_analysis,not_ported
garrysmod/gamemodes/sandbox/gamemode/player_extension.lua,57,"local function QueueUpdateCounts( ply, countType )",lexical_candidate_not_semantic_analysis,not_ported
garrysmod/gamemodes/sandbox/gamemode/player_extension.lua,67,"function meta:GetCount( str, minus )",lexical_candidate_not_semantic_analysis,not_ported
garrysmod/gamemodes/sandbox/gamemode/player_extension.lua,106,"function meta:AddCount( str, ent )",lexical_candidate_not_semantic_analysis,not_ported
garrysmod/gamemodes/sandbox/gamemode/player_extension.lua,133,function meta:GetTool( mode ),lexical_candidate_not_semantic_analysis,not_ported
garrysmod/gamemodes/sandbox/gamemode/player_extension.lua,147,"function meta:AddCleanup( type, ent )",lexical_candidate_not_semantic_analysis,not_ported
garrysmod/gamemodes/sandbox/gamemode/player_extension.lua,153,function meta:LimitHit( str ),lexical_candidate_not_semantic_analysis,not_ported
garrysmod/gamemodes/sandbox/gamemode/player_extension.lua,164,"function meta:SendHint( str, delay )",lexical_candidate_not_semantic_analysis,not_ported
garrysmod/gamemodes/sandbox/gamemode/player_extension.lua,174,function meta:SuppressHint( str ),lexical_candidate_not_semantic_analysis,not_ported
garrysmod/gamemodes/sandbox/gamemode/prop_tools.lua,9,"function CheckPropSolid( e, solidtype, nonsolidtype, SolidCallback )",lexical_candidate_not_semantic_analysis,not_ported
garrysmod/gamemodes/sandbox/gamemode/prop_tools.lua,39,function DoPropSpawnedEffect( e ),lexical_candidate_not_semantic_analysis,not_ported
garrysmod/gamemodes/sandbox/gamemode/save_load.lua,61,local function LoadGModSave( savedata ),lexical_candidate_not_semantic_analysis,not_ported
garrysmod/gamemodes/sandbox/gamemode/shared.lua,51,"function GM:CanTool( ply, trace, mode, tool, button )",lexical_candidate_not_semantic_analysis,not_ported
garrysmod/gamemodes/sandbox/gamemode/shared.lua,86,"function GM:GravGunPunt( ply, ent )",lexical_candidate_not_semantic_analysis,not_ported
garrysmod/gamemodes/sandbox/gamemode/shared.lua,100,"function GM:GravGunPickupAllowed( ply, ent )",lexical_candidate_not_semantic_analysis,not_ported
garrysmod/gamemodes/sandbox/gamemode/shared.lua,115,"function GM:PhysgunPickup( ply, ent )",lexical_candidate_not_semantic_analysis,not_ported
garrysmod/gamemodes/sandbox/gamemode/shared.lua,166,"function GM:EntityKeyValue( ent, key, value )",lexical_candidate_not_semantic_analysis,not_ported
garrysmod/gamemodes/sandbox/gamemode/shared.lua,185,"function GM:PlayerNoClip( pl, on )",lexical_candidate_not_semantic_analysis,not_ported
garrysmod/gamemodes/sandbox/gamemode/shared.lua,201,"function GM:CanProperty( pl, property, ent )",lexical_candidate_not_semantic_analysis,not_ported
garrysmod/gamemodes/sandbox/gamemode/shared.lua,258,"function GM:CanDrive( pl, ent )",lexical_candidate_not_semantic_analysis,not_ported
garrysmod/gamemodes/sandbox/gamemode/shared.lua,292,function GM:PlayerDriveAnimate( ply ),lexical_candidate_not_semantic_analysis,not_ported
garrysmod/gamemodes/sandbox/gamemode/spawnmenu/contextmenu.lua,6,function PANEL:Init(),lexical_candidate_not_semantic_analysis,not_ported
garrysmod/gamemodes/sandbox/gamemode/spawnmenu/contextmenu.lua,21,function PANEL:Open(),lexical_candidate_not_semantic_analysis,not_ported
garrysmod/gamemodes/sandbox/gamemode/spawnmenu/contextmenu.lua,67,function PANEL:Close(),lexical_candidate_not_semantic_analysis,not_ported
garrysmod/gamemodes/sandbox/gamemode/spawnmenu/contextmenu.lua,87,function PANEL:PerformLayout(),lexical_candidate_not_semantic_analysis,not_ported
garrysmod/gamemodes/sandbox/gamemode/spawnmenu/contextmenu.lua,104,function PANEL:StartKeyFocus( pPanel ),lexical_candidate_not_semantic_analysis,not_ported
garrysmod/gamemodes/sandbox/gamemode/spawnmenu/contextmenu.lua,111,function PANEL:EndKeyFocus( pPanel ),lexical_candidate_not_semantic_analysis,not_ported
garrysmod/gamemodes/sandbox/gamemode/spawnmenu/contextmenu.lua,117,function PANEL:RestoreControlPanel(),lexical_candidate_not_semantic_analysis,not_ported
garrysmod/gamemodes/sandbox/gamemode/spawnmenu/contextmenu.lua,137,function CreateContextMenu(),lexical_candidate_not_semantic_analysis,not_ported
garrysmod/gamemodes/sandbox/gamemode/spawnmenu/contextmenu.lua,156,"g_ContextMenu.OnMousePressed = function( p, code )",lexical_candidate_not_semantic_analysis,not_ported
garrysmod/gamemodes/sandbox/gamemode/spawnmenu/contextmenu.lua,159,"g_ContextMenu.OnMouseReleased = function( p, code )",lexical_candidate_not_semantic_analysis,not_ported
garrysmod/gamemodes/sandbox/gamemode/spawnmenu/contextmenu.lua,178,"IconLayout.OnMousePressed = function( s, ... ) s:GetParent():OnMousePressed( ... ) end",lexical_candidate_not_semantic_analysis,not_ported
garrysmod/gamemodes/sandbox/gamemode/spawnmenu/contextmenu.lua,201,icon.DoClick = function(),lexical_candidate_not_semantic_analysis,not_ported
garrysmod/gamemodes/sandbox/gamemode/spawnmenu/contextmenu.lua,233,function GM:OnContextMenuOpen(),lexical_candidate_not_semantic_analysis,not_ported
garrysmod/gamemodes/sandbox/gamemode/spawnmenu/contextmenu.lua,251,function GM:OnContextMenuClose(),lexical_candidate_not_semantic_analysis,not_ported
garrysmod/gamemodes/sandbox/gamemode/spawnmenu/controlpanel.lua,15,function PANEL:Init(),lexical_candidate_not_semantic_analysis,not_ported
garrysmod/gamemodes/sandbox/gamemode/spawnmenu/controlpanel.lua,19,function PANEL:ClearControls(),lexical_candidate_not_semantic_analysis,not_ported
garrysmod/gamemodes/sandbox/gamemode/spawnmenu/controlpanel.lua,23,function PANEL:GetEmbeddedPanel(),lexical_candidate_not_semantic_analysis,not_ported
garrysmod/gamemodes/sandbox/gamemode/spawnmenu/controlpanel.lua,29,function PANEL:AddPanel( pnl ),lexical_candidate_not_semantic_analysis,not_ported
garrysmod/gamemodes/sandbox/gamemode/spawnmenu/controlpanel.lua,36,"function PANEL:MatSelect( strConVar, tblOptions, bAutoStretch, iWidth, iHeight )",lexical_candidate_not_semantic_analysis,not_ported
garrysmod/gamemodes/sandbox/gamemode/spawnmenu/controlpanel.lua,59,function PANEL:RopeSelect( strConVar ),lexical_candidate_not_semantic_analysis,not_ported
garrysmod/gamemodes/sandbox/gamemode/spawnmenu/controlpanel.lua,69,"function PANEL:PropSelect( label, strConVar, mdlList, height )",lexical_candidate_not_semantic_analysis,not_ported
garrysmod/gamemodes/sandbox/gamemode/spawnmenu/controlpanel.lua,100,"function PANEL:ToolPresets( group, cvarlist )",lexical_candidate_not_semantic_analysis,not_ported
garrysmod/gamemodes/sandbox/gamemode/spawnmenu/controlpanel.lua,117,"function PANEL:KeyBinder( label1, convar1, label2, convar2 )",lexical_candidate_not_semantic_analysis,not_ported
garrysmod/gamemodes/sandbox/gamemode/spawnmenu/controlpanel.lua,135,"function PANEL:ColorPicker( label, convarR, convarG, convarB, convarA )",lexical_candidate_not_semantic_analysis,not_ported
garrysmod/gamemodes/sandbox/gamemode/spawnmenu/controlpanel.lua,158,"function PANEL:ComboBoxMulti( label, list )",lexical_candidate_not_semantic_analysis,not_ported
garrysmod/gamemodes/sandbox/gamemode/spawnmenu/controlpanel.lua,179,function PANEL:FillViaTable( Table ),lexical_candidate_not_semantic_analysis,not_ported
garrysmod/gamemodes/sandbox/gamemode/spawnmenu/controlpanel.lua,196,function PANEL:FillViaFunction( func ),lexical_candidate_not_semantic_analysis,not_ported
garrysmod/gamemodes/sandbox/gamemode/spawnmenu/controlpanel.lua,202,function PANEL:ControlValues( data ),lexical_candidate_not_semantic_analysis,not_ported
garrysmod/gamemodes/sandbox/gamemode/spawnmenu/controlpanel.lua,212,"function PANEL:AddControl( control, data )",lexical_candidate_not_semantic_analysis,not_ported
garrysmod/gamemodes/sandbox/gamemode/spawnmenu/controlpanel.lua,313,function ctrl:DoClick() LocalPlayer():ConCommand( data.command ) end,lexical_candidate_not_semantic_analysis,not_ported
garrysmod/gamemodes/sandbox/gamemode/spawnmenu/controlpanel.lua,407,"function ctrl:OnRowSelected( LineID, Line )",lexical_candidate_not_semantic_analysis,not_ported
garrysmod/gamemodes/sandbox/gamemode/spawnmenu/controls/control_presets.lua,6,function PANEL:Init(),lexical_candidate_not_semantic_analysis,not_ported
garrysmod/gamemodes/sandbox/gamemode/spawnmenu/controls/control_presets.lua,9,"self.DropDown.OnSelect = function( dropdown, index, value, data ) self:OnSelect( index, value, data ) end",lexical_candidate_not_semantic_analysis,not_ported
garrysmod/gamemodes/sandbox/gamemode/spawnmenu/controls/control_presets.lua,14,self.Button.DoClick = function() self:OpenPresetEditor() end,lexical_candidate_not_semantic_analysis,not_ported
garrysmod/gamemodes/sandbox/gamemode/spawnmenu/controls/control_presets.lua,23,self.AddButton.DoClick = function(),lexical_candidate_not_semantic_analysis,not_ported
garrysmod/gamemodes/sandbox/gamemode/spawnmenu/controls/control_presets.lua,42,function PANEL:SetLabel( strName ),lexical_candidate_not_semantic_analysis,not_ported
garrysmod/gamemodes/sandbox/gamemode/spawnmenu/controls/control_presets.lua,48,"function PANEL:AddOption( strName, data )",lexical_candidate_not_semantic_analysis,not_ported
garrysmod/gamemodes/sandbox/gamemode/spawnmenu/controls/control_presets.lua,56,function PANEL:SetOptions( Options ),lexical_candidate_not_semantic_analysis,not_ported
garrysmod/gamemodes/sandbox/gamemode/spawnmenu/controls/control_presets.lua,62,"function PANEL:OnSelect( index, value, data )",lexical_candidate_not_semantic_analysis,not_ported
garrysmod/gamemodes/sandbox/gamemode/spawnmenu/controls/control_presets.lua,72,function PANEL:QuickSaveInternal( text ),lexical_candidate_not_semantic_analysis,not_ported
garrysmod/gamemodes/sandbox/gamemode/spawnmenu/controls/control_presets.lua,82,function PANEL:QuickSavePreset(),lexical_candidate_not_semantic_analysis,not_ported
garrysmod/gamemodes/sandbox/gamemode/spawnmenu/controls/control_presets.lua,97,function PANEL:OpenPresetEditor(),lexical_candidate_not_semantic_analysis,not_ported
garrysmod/gamemodes/sandbox/gamemode/spawnmenu/controls/control_presets.lua,110,function PANEL:AddConVar( convar ),lexical_candidate_not_semantic_analysis,not_ported
garrysmod/gamemodes/sandbox/gamemode/spawnmenu/controls/control_presets.lua,116,function PANEL:GetConVars(),lexical_candidate_not_semantic_analysis,not_ported
garrysmod/gamemodes/sandbox/gamemode/spawnmenu/controls/control_presets.lua,122,function PANEL:SetPreset( strName ),lexical_candidate_not_semantic_analysis,not_ported
garrysmod/gamemodes/sandbox/gamemode/spawnmenu/controls/control_presets.lua,129,function PANEL:ReloadPresets(),lexical_candidate_not_semantic_analysis,not_ported
garrysmod/gamemodes/sandbox/gamemode/spawnmenu/controls/control_presets.lua,151,function PANEL:Update(),lexical_candidate_not_semantic_analysis,not_ported
garrysmod/gamemodes/sandbox/gamemode/spawnmenu/controls/control_presets.lua,157,function PANEL:Clear(),lexical_candidate_not_semantic_analysis,not_ported
garrysmod/gamemodes/sandbox/gamemode/spawnmenu/controls/ctrlcolor.lua,4,function PANEL:Init(),lexical_candidate_not_semantic_analysis,not_ported
garrysmod/gamemodes/sandbox/gamemode/spawnmenu/controls/ctrlcolor.lua,13,"function PANEL:PerformLayout( x, y )",lexical_candidate_not_semantic_analysis,not_ported
garrysmod/gamemodes/sandbox/gamemode/spawnmenu/controls/ctrlcolor.lua,35,function PANEL:Paint(),lexical_candidate_not_semantic_analysis,not_ported
garrysmod/gamemodes/sandbox/gamemode/spawnmenu/controls/ctrlcolor.lua,39,function PANEL:SetLabel( text ) self.Mixer:SetLabel( text ) end,lexical_candidate_not_semantic_analysis,not_ported
garrysmod/gamemodes/sandbox/gamemode/spawnmenu/controls/ctrlcolor.lua,40,function PANEL:SetConVarR( cvar ) self.Mixer:SetConVarR( cvar ) end,lexical_candidate_not_semantic_analysis,not_ported
garrysmod/gamemodes/sandbox/gamemode/spawnmenu/controls/ctrlcolor.lua,41,function PANEL:SetConVarG( cvar ) self.Mixer:SetConVarG( cvar ) end,lexical_candidate_not_semantic_analysis,not_ported
garrysmod/gamemodes/sandbox/gamemode/spawnmenu/controls/ctrlcolor.lua,42,function PANEL:SetConVarB( cvar ) self.Mixer:SetConVarB( cvar ) end,lexical_candidate_not_semantic_analysis,not_ported
garrysmod/gamemodes/sandbox/gamemode/spawnmenu/controls/ctrlcolor.lua,43,function PANEL:SetConVarA( cvar ) self.Mixer:SetConVarA( cvar ) end,lexical_candidate_not_semantic_analysis,not_ported
garrysmod/gamemodes/sandbox/gamemode/spawnmenu/controls/ctrlcolor.lua,44,function PANEL:GetConVarR() return self.Mixer:GetConVarR() end,lexical_candidate_not_semantic_analysis,not_ported
garrysmod/gamemodes/sandbox/gamemode/spawnmenu/controls/ctrlcolor.lua,45,function PANEL:GetConVarG() return self.Mixer:GetConVarG() end,lexical_candidate_not_semantic_analysis,not_ported
garrysmod/gamemodes/sandbox/gamemode/spawnmenu/controls/ctrlcolor.lua,46,function PANEL:GetConVarB() return self.Mixer:GetConVarB() end,lexical_candidate_not_semantic_analysis,not_ported
garrysmod/gamemodes/sandbox/gamemode/spawnmenu/controls/ctrlcolor.lua,47,function PANEL:GetConVarA() return self.Mixer:GetConVarA() end,lexical_candidate_not_semantic_analysis,not_ported
garrysmod/gamemodes/sandbox/gamemode/spawnmenu/controls/ctrllistbox.lua,4,function PANEL:Init(),lexical_candidate_not_semantic_analysis,not_ported
garrysmod/gamemodes/sandbox/gamemode/spawnmenu/controls/ctrllistbox.lua,11,"function PANEL:AddOption( strName, tabConVars )",lexical_candidate_not_semantic_analysis,not_ported
garrysmod/gamemodes/sandbox/gamemode/spawnmenu/controls/ctrllistbox.lua,21,"function PANEL:OnSelect( index, value, data )",lexical_candidate_not_semantic_analysis,not_ported
garrysmod/gamemodes/sandbox/gamemode/spawnmenu/controls/ctrllistbox.lua,31,function PANEL:Think(),lexical_candidate_not_semantic_analysis,not_ported
garrysmod/gamemodes/sandbox/gamemode/spawnmenu/controls/ctrllistbox.lua,37,function PANEL:ConVarsChanged(),lexical_candidate_not_semantic_analysis,not_ported
garrysmod/gamemodes/sandbox/gamemode/spawnmenu/controls/ctrllistbox.lua,50,function PANEL:CheckForMatch( cvars ),lexical_candidate_not_semantic_analysis,not_ported
garrysmod/gamemodes/sandbox/gamemode/spawnmenu/controls/ctrllistbox.lua,66,function PANEL:CheckConVarChanges(),lexical_candidate_not_semantic_analysis,not_ported
garrysmod/gamemodes/sandbox/gamemode/spawnmenu/controls/ctrlnumpad.lua,10,function PANEL:Init(),lexical_candidate_not_semantic_analysis,not_ported
garrysmod/gamemodes/sandbox/gamemode/spawnmenu/controls/ctrlnumpad.lua,29,function PANEL:SetLabel1( txt ),lexical_candidate_not_semantic_analysis,not_ported
garrysmod/gamemodes/sandbox/gamemode/spawnmenu/controls/ctrlnumpad.lua,37,function PANEL:SetLabel2( txt ),lexical_candidate_not_semantic_analysis,not_ported
garrysmod/gamemodes/sandbox/gamemode/spawnmenu/controls/ctrlnumpad.lua,45,function PANEL:SetConVar1( cvar ),lexical_candidate_not_semantic_analysis,not_ported
garrysmod/gamemodes/sandbox/gamemode/spawnmenu/controls/ctrlnumpad.lua,53,function PANEL:SetConVar2( cvar ),lexical_candidate_not_semantic_analysis,not_ported
garrysmod/gamemodes/sandbox/gamemode/spawnmenu/controls/ctrlnumpad.lua,61,function PANEL:GetValue1(),lexical_candidate_not_semantic_analysis,not_ported
garrysmod/gamemodes/sandbox/gamemode/spawnmenu/controls/ctrlnumpad.lua,69,function PANEL:GetValue2(),lexical_candidate_not_semantic_analysis,not_ported
garrysmod/gamemodes/sandbox/gamemode/spawnmenu/controls/ctrlnumpad.lua,77,function PANEL:PerformLayout(),lexical_candidate_not_semantic_analysis,not_ported
garrysmod/gamemodes/sandbox/gamemode/spawnmenu/controls/preset_editor.lua,8,function PANEL:Init(),lexical_candidate_not_semantic_analysis,not_ported
garrysmod/gamemodes/sandbox/gamemode/spawnmenu/controls/preset_editor.lua,27,"self.PresetList.OnRowSelected = function( s, idx, pnl ) self:OnPresetSelected( pnl ) end",lexical_candidate_not_semantic_analysis,not_ported
garrysmod/gamemodes/sandbox/gamemode/spawnmenu/controls/preset_editor.lua,44,btnDelete.DoClick = function() self:Delete() end,lexical_candidate_not_semantic_analysis,not_ported
garrysmod/gamemodes/sandbox/gamemode/spawnmenu/controls/preset_editor.lua,64,btnRename.DoClick = function() self:SaveChanges() end,lexical_candidate_not_semantic_analysis,not_ported
garrysmod/gamemodes/sandbox/gamemode/spawnmenu/controls/preset_editor.lua,82,"self.txtName.OnChange = function( s ) self.btnAdd:SetEnabled( s:GetText():Trim() != """" ) end",lexical_candidate_not_semantic_analysis,not_ported
garrysmod/gamemodes/sandbox/gamemode/spawnmenu/controls/preset_editor.lua,88,self.btnAdd.DoClick = function() self:Add() end,lexical_candidate_not_semantic_analysis,not_ported
garrysmod/gamemodes/sandbox/gamemode/spawnmenu/controls/preset_editor.lua,100,btnCloseIt.DoClick = function() self:Remove() end,lexical_candidate_not_semantic_analysis,not_ported
garrysmod/gamemodes/sandbox/gamemode/spawnmenu/controls/preset_editor.lua,104,function PANEL:SetType( strType ),lexical_candidate_not_semantic_analysis,not_ported
garrysmod/gamemodes/sandbox/gamemode/spawnmenu/controls/preset_editor.lua,113,function PANEL:OnPresetSelected( item ),lexical_candidate_not_semantic_analysis,not_ported
garrysmod/gamemodes/sandbox/gamemode/spawnmenu/controls/preset_editor.lua,133,"Row.DataChanged = function( s, value ) Row.__Value = value end",lexical_candidate_not_semantic_analysis,not_ported
garrysmod/gamemodes/sandbox/gamemode/spawnmenu/controls/preset_editor.lua,138,function PANEL:Update(),lexical_candidate_not_semantic_analysis,not_ported
garrysmod/gamemodes/sandbox/gamemode/spawnmenu/controls/preset_editor.lua,159,function PANEL:SelectPresetByName( name ),lexical_candidate_not_semantic_analysis,not_ported
garrysmod/gamemodes/sandbox/gamemode/spawnmenu/controls/preset_editor.lua,168,function PANEL:Delete(),lexical_candidate_not_semantic_analysis,not_ported
garrysmod/gamemodes/sandbox/gamemode/spawnmenu/controls/preset_editor.lua,182,"function PANEL:SaveChangesInternal( Selected, ToName )",lexical_candidate_not_semantic_analysis,not_ported
garrysmod/gamemodes/sandbox/gamemode/spawnmenu/controls/preset_editor.lua,206,function PANEL:SaveChanges(),lexical_candidate_not_semantic_analysis,not_ported
garrysmod/gamemodes/sandbox/gamemode/spawnmenu/controls/preset_editor.lua,227,function PANEL:InternalAdd( ToName ),lexical_candidate_not_semantic_analysis,not_ported
garrysmod/gamemodes/sandbox/gamemode/spawnmenu/controls/preset_editor.lua,244,function PANEL:Add(),lexical_candidate_not_semantic_analysis,not_ported
garrysmod/gamemodes/sandbox/gamemode/spawnmenu/controls/ropematerial.lua,15,function PANEL:Init(),lexical_candidate_not_semantic_analysis,not_ported
garrysmod/gamemodes/sandbox/gamemode/spawnmenu/controls/ropematerial.lua,30,"function PANEL:Paint( w, h )",lexical_candidate_not_semantic_analysis,not_ported
garrysmod/gamemodes/sandbox/gamemode/spawnmenu/creationmenu/content/content.lua,24,function PANEL:Init(),lexical_candidate_not_semantic_analysis,not_ported
garrysmod/gamemodes/sandbox/gamemode/spawnmenu/creationmenu/content/content.lua,48,function PANEL:EnableModify(),lexical_candidate_not_semantic_analysis,not_ported
garrysmod/gamemodes/sandbox/gamemode/spawnmenu/creationmenu/content/content.lua,52,function PANEL:EnableSearch( ... ),lexical_candidate_not_semantic_analysis,not_ported
garrysmod/gamemodes/sandbox/gamemode/spawnmenu/creationmenu/content/content.lua,56,function PANEL:CallPopulateHook( HookName ),lexical_candidate_not_semantic_analysis,not_ported
garrysmod/gamemodes/sandbox/gamemode/spawnmenu/creationmenu/content/content.lua,62,function PANEL:SwitchPanel( panel ),lexical_candidate_not_semantic_analysis,not_ported
garrysmod/gamemodes/sandbox/gamemode/spawnmenu/creationmenu/content/content.lua,81,function PANEL:OnSizeChanged(),lexical_candidate_not_semantic_analysis,not_ported
garrysmod/gamemodes/sandbox/gamemode/spawnmenu/creationmenu/content/content.lua,85,"local function BuildCategorizedList( listName, nameOverrides )",lexical_candidate_not_semantic_analysis,not_ported
garrysmod/gamemodes/sandbox/gamemode/spawnmenu/creationmenu/content/content.lua,116,"local function AddCategory( tree, catName, options )",lexical_candidate_not_semantic_analysis,not_ported
garrysmod/gamemodes/sandbox/gamemode/spawnmenu/creationmenu/content/content.lua,122,node.DoPopulate = function( self ),lexical_candidate_not_semantic_analysis,not_ported
garrysmod/gamemodes/sandbox/gamemode/spawnmenu/creationmenu/content/content.lua,169,node.DoClick = function( self ),lexical_candidate_not_semantic_analysis,not_ported
garrysmod/gamemodes/sandbox/gamemode/spawnmenu/creationmenu/content/content.lua,183,"function PANEL:PopulateFromList( listName, tree, options )",lexical_candidate_not_semantic_analysis,not_ported
garrysmod/gamemodes/sandbox/gamemode/spawnmenu/creationmenu/content/content.lua,200,"tree.RefreshContent = function( self, item, spawnname )",lexical_candidate_not_semantic_analysis,not_ported
garrysmod/gamemodes/sandbox/gamemode/spawnmenu/creationmenu/content/content.lua,273,local function CreateContentPanel(),lexical_candidate_not_semantic_analysis,not_ported
garrysmod/gamemodes/sandbox/gamemode/spawnmenu/creationmenu/content/contentcontainer.lua,13,function PANEL:Init(),lexical_candidate_not_semantic_analysis,not_ported
garrysmod/gamemodes/sandbox/gamemode/spawnmenu/creationmenu/content/contentcontainer.lua,23,self.IconList.OnModified = function() self:OnModified() end,lexical_candidate_not_semantic_analysis,not_ported
garrysmod/gamemodes/sandbox/gamemode/spawnmenu/creationmenu/content/contentcontainer.lua,24,"self.IconList.OnMousePressed = function( s, btn )",lexical_candidate_not_semantic_analysis,not_ported
garrysmod/gamemodes/sandbox/gamemode/spawnmenu/creationmenu/content/contentcontainer.lua,31,"self.IconList.OnMouseReleased = function( s, btn )",lexical_candidate_not_semantic_analysis,not_ported
garrysmod/gamemodes/sandbox/gamemode/spawnmenu/creationmenu/content/contentcontainer.lua,64,function PANEL:Add( pnl ),lexical_candidate_not_semantic_analysis,not_ported
garrysmod/gamemodes/sandbox/gamemode/spawnmenu/creationmenu/content/contentcontainer.lua,76,function PANEL:Layout(),lexical_candidate_not_semantic_analysis,not_ported
garrysmod/gamemodes/sandbox/gamemode/spawnmenu/creationmenu/content/contentcontainer.lua,83,"function PANEL:PerformLayout( w, h )",lexical_candidate_not_semantic_analysis,not_ported
garrysmod/gamemodes/sandbox/gamemode/spawnmenu/creationmenu/content/contentcontainer.lua,93,function PANEL:RebuildAll( proppanel ),lexical_candidate_not_semantic_analysis,not_ported
garrysmod/gamemodes/sandbox/gamemode/spawnmenu/creationmenu/content/contentcontainer.lua,106,function PANEL:GetCount(),lexical_candidate_not_semantic_analysis,not_ported
garrysmod/gamemodes/sandbox/gamemode/spawnmenu/creationmenu/content/contentcontainer.lua,112,function PANEL:Clear(),lexical_candidate_not_semantic_analysis,not_ported
garrysmod/gamemodes/sandbox/gamemode/spawnmenu/creationmenu/content/contentcontainer.lua,118,function PANEL:SetTriggerSpawnlistChange( bTrigger ),lexical_candidate_not_semantic_analysis,not_ported
garrysmod/gamemodes/sandbox/gamemode/spawnmenu/creationmenu/content/contentcontainer.lua,125,function PANEL:OnModified(),lexical_candidate_not_semantic_analysis,not_ported
garrysmod/gamemodes/sandbox/gamemode/spawnmenu/creationmenu/content/contentcontainer.lua,133,function PANEL:ContentsToTable(),lexical_candidate_not_semantic_analysis,not_ported
garrysmod/gamemodes/sandbox/gamemode/spawnmenu/creationmenu/content/contentcontainer.lua,147,function PANEL:Copy(),lexical_candidate_not_semantic_analysis,not_ported
garrysmod/gamemodes/sandbox/gamemode/spawnmenu/creationmenu/content/contentheader.lua,10,function PANEL:Init(),lexical_candidate_not_semantic_analysis,not_ported
garrysmod/gamemodes/sandbox/gamemode/spawnmenu/creationmenu/content/contentheader.lua,23,function PANEL:PerformLayout(),lexical_candidate_not_semantic_analysis,not_ported
garrysmod/gamemodes/sandbox/gamemode/spawnmenu/creationmenu/content/contentheader.lua,29,function PANEL:SizeToContents(),lexical_candidate_not_semantic_analysis,not_ported
garrysmod/gamemodes/sandbox/gamemode/spawnmenu/creationmenu/content/contentheader.lua,44,function PANEL:ToTable( bigtable ),lexical_candidate_not_semantic_analysis,not_ported
garrysmod/gamemodes/sandbox/gamemode/spawnmenu/creationmenu/content/contentheader.lua,55,function PANEL:Copy(),lexical_candidate_not_semantic_analysis,not_ported
garrysmod/gamemodes/sandbox/gamemode/spawnmenu/creationmenu/content/contentheader.lua,65,"function PANEL:PaintOver( w, h )",lexical_candidate_not_semantic_analysis,not_ported
garrysmod/gamemodes/sandbox/gamemode/spawnmenu/creationmenu/content/contentheader.lua,71,function PANEL:OnLabelTextChanged( txt ),lexical_candidate_not_semantic_analysis,not_ported
garrysmod/gamemodes/sandbox/gamemode/spawnmenu/creationmenu/content/contentheader.lua,78,function PANEL:IsEnabled(),lexical_candidate_not_semantic_analysis,not_ported
garrysmod/gamemodes/sandbox/gamemode/spawnmenu/creationmenu/content/contentheader.lua,85,function PANEL:DoRightClick(),lexical_candidate_not_semantic_analysis,not_ported
garrysmod/gamemodes/sandbox/gamemode/spawnmenu/creationmenu/content/contentheader.lua,96,function PANEL:UpdateColours( skin ),lexical_candidate_not_semantic_analysis,not_ported
garrysmod/gamemodes/sandbox/gamemode/spawnmenu/creationmenu/content/contentheader.lua,106,function PANEL:OpenMenu(),lexical_candidate_not_semantic_analysis,not_ported
garrysmod/gamemodes/sandbox/gamemode/spawnmenu/creationmenu/content/contenticon.lua,20,function PANEL:OpenGenericSpawnmenuRightClickMenu(),lexical_candidate_not_semantic_analysis,not_ported
garrysmod/gamemodes/sandbox/gamemode/spawnmenu/creationmenu/content/contenticon.lua,45,function PANEL:Init(),lexical_candidate_not_semantic_analysis,not_ported
garrysmod/gamemodes/sandbox/gamemode/spawnmenu/creationmenu/content/contenticon.lua,61,function PANEL:SetName( name ),lexical_candidate_not_semantic_analysis,not_ported
garrysmod/gamemodes/sandbox/gamemode/spawnmenu/creationmenu/content/contenticon.lua,68,function PANEL:SetMaterial( name ),lexical_candidate_not_semantic_analysis,not_ported
garrysmod/gamemodes/sandbox/gamemode/spawnmenu/creationmenu/content/contenticon.lua,92,function PANEL:DoRightClick(),lexical_candidate_not_semantic_analysis,not_ported
garrysmod/gamemodes/sandbox/gamemode/spawnmenu/creationmenu/content/contenticon.lua,103,function PANEL:DoClick(),lexical_candidate_not_semantic_analysis,not_ported
garrysmod/gamemodes/sandbox/gamemode/spawnmenu/creationmenu/content/contenticon.lua,106,function PANEL:OpenMenu(),lexical_candidate_not_semantic_analysis,not_ported
garrysmod/gamemodes/sandbox/gamemode/spawnmenu/creationmenu/content/contenticon.lua,109,function PANEL:OnDepressionChanged( b ),lexical_candidate_not_semantic_analysis,not_ported
garrysmod/gamemodes/sandbox/gamemode/spawnmenu/creationmenu/content/contenticon.lua,113,"local function DrawTextShadow( text, x, y )",lexical_candidate_not_semantic_analysis,not_ported
garrysmod/gamemodes/sandbox/gamemode/spawnmenu/creationmenu/content/contenticon.lua,118,"function PANEL:Paint( w, h )",lexical_candidate_not_semantic_analysis,not_ported
garrysmod/gamemodes/sandbox/gamemode/spawnmenu/creationmenu/content/contenticon.lua,203,function PANEL:ScanForNPCWeapons(),lexical_candidate_not_semantic_analysis,not_ported
garrysmod/gamemodes/sandbox/gamemode/spawnmenu/creationmenu/content/contenticon.lua,215,"function PANEL:PaintOver( w, h )",lexical_candidate_not_semantic_analysis,not_ported
garrysmod/gamemodes/sandbox/gamemode/spawnmenu/creationmenu/content/contenticon.lua,221,function PANEL:ToTable( bigtable ),lexical_candidate_not_semantic_analysis,not_ported
garrysmod/gamemodes/sandbox/gamemode/spawnmenu/creationmenu/content/contenticon.lua,236,function PANEL:Copy(),lexical_candidate_not_semantic_analysis,not_ported
garrysmod/gamemodes/sandbox/gamemode/spawnmenu/creationmenu/content/contenticon.lua,286,icon.DoClick = function(),lexical_candidate_not_semantic_analysis,not_ported
garrysmod/gamemodes/sandbox/gamemode/spawnmenu/creationmenu/content/contenticon.lua,290,"icon.OpenMenuExtra = function( self, menu )",lexical_candidate_not_semantic_analysis,not_ported
garrysmod/gamemodes/sandbox/gamemode/spawnmenu/creationmenu/content/contenticon.lua,334,icon.DoClick = function(),lexical_candidate_not_semantic_analysis,not_ported
garrysmod/gamemodes/sandbox/gamemode/spawnmenu/creationmenu/content/contenticon.lua,338,"icon.OpenMenuExtra = function( self, menu )",lexical_candidate_not_semantic_analysis,not_ported
garrysmod/gamemodes/sandbox/gamemode/spawnmenu/creationmenu/content/contenticon.lua,388,icon.DoClick = function(),lexical_candidate_not_semantic_analysis,not_ported
garrysmod/gamemodes/sandbox/gamemode/spawnmenu/creationmenu/content/contenticon.lua,396,"icon.OpenMenuExtra = function( self, menu )",lexical_candidate_not_semantic_analysis,not_ported
garrysmod/gamemodes/sandbox/gamemode/spawnmenu/creationmenu/content/contenticon.lua,414,"local function addWeps( menu1, menu2, weps )",lexical_candidate_not_semantic_analysis,not_ported
garrysmod/gamemodes/sandbox/gamemode/spawnmenu/creationmenu/content/contenticon.lua,503,icon.DoClick = function(),lexical_candidate_not_semantic_analysis,not_ported
garrysmod/gamemodes/sandbox/gamemode/spawnmenu/creationmenu/content/contenticon.lua,510,icon.DoMiddleClick = function(),lexical_candidate_not_semantic_analysis,not_ported
garrysmod/gamemodes/sandbox/gamemode/spawnmenu/creationmenu/content/contenticon.lua,517,"icon.OpenMenuExtra = function( self, menu )",lexical_candidate_not_semantic_analysis,not_ported
garrysmod/gamemodes/sandbox/gamemode/spawnmenu/creationmenu/content/contentsearch.lua,6,function PANEL:Init(),lexical_candidate_not_semantic_analysis,not_ported
garrysmod/gamemodes/sandbox/gamemode/spawnmenu/creationmenu/content/contentsearch.lua,20,self.Search.OnEnter = function() self:RefreshResults() end,lexical_candidate_not_semantic_analysis,not_ported
garrysmod/gamemodes/sandbox/gamemode/spawnmenu/creationmenu/content/contentsearch.lua,21,"self.Search.OnFocusChanged = function( _, b ) if ( b ) then self.ContentPanel:SwitchPanel( self.PropPanel ) end end",lexical_candidate_not_semantic_analysis,not_ported
garrysmod/gamemodes/sandbox/gamemode/spawnmenu/creationmenu/content/contentsearch.lua,32,btn.DoClick = function(),lexical_candidate_not_semantic_analysis,not_ported
garrysmod/gamemodes/sandbox/gamemode/spawnmenu/creationmenu/content/contentsearch.lua,36,"self.Search.OnKeyCode = function( p, code )",lexical_candidate_not_semantic_analysis,not_ported
garrysmod/gamemodes/sandbox/gamemode/spawnmenu/creationmenu/content/contentsearch.lua,54,function PANEL:Paint(),lexical_candidate_not_semantic_analysis,not_ported
garrysmod/gamemodes/sandbox/gamemode/spawnmenu/creationmenu/content/contentsearch.lua,64,"function PANEL:SetSearchType( stype, hookname )",lexical_candidate_not_semantic_analysis,not_ported
garrysmod/gamemodes/sandbox/gamemode/spawnmenu/creationmenu/content/contentsearch.lua,101,function PANEL:RefreshResults( str ),lexical_candidate_not_semantic_analysis,not_ported
garrysmod/gamemodes/sandbox/gamemode/spawnmenu/creationmenu/content/contentsearch.lua,146,"function PANEL:AddSearchResult( text, func, icon )",lexical_candidate_not_semantic_analysis,not_ported
garrysmod/gamemodes/sandbox/gamemode/spawnmenu/creationmenu/content/contentsidebar.lua,8,function PANEL:Init(),lexical_candidate_not_semantic_analysis,not_ported
garrysmod/gamemodes/sandbox/gamemode/spawnmenu/creationmenu/content/contentsidebar.lua,12,"self.Tree.OnNodeSelected = function( Tree, Node ) hook.Call( ""ContentSidebarSelection"", GAMEMODE, self:GetParent(), Node ) end",lexical_candidate_not_semantic_analysis,not_ported
garrysmod/gamemodes/sandbox/gamemode/spawnmenu/creationmenu/content/contentsidebar.lua,20,"function PANEL:EnableSearch( stype, hookname )",lexical_candidate_not_semantic_analysis,not_ported
garrysmod/gamemodes/sandbox/gamemode/spawnmenu/creationmenu/content/contentsidebar.lua,25,function PANEL:EnableModify(),lexical_candidate_not_semantic_analysis,not_ported
garrysmod/gamemodes/sandbox/gamemode/spawnmenu/creationmenu/content/contentsidebar.lua,43,function PANEL:CreateSaveNotification(),lexical_candidate_not_semantic_analysis,not_ported
garrysmod/gamemodes/sandbox/gamemode/spawnmenu/creationmenu/content/contentsidebar.lua,54,SaveButton.DoClick = function(),lexical_candidate_not_semantic_analysis,not_ported
garrysmod/gamemodes/sandbox/gamemode/spawnmenu/creationmenu/content/contentsidebar.lua,68,RevertButton.DoClick = function(),lexical_candidate_not_semantic_analysis,not_ported
garrysmod/gamemodes/sandbox/gamemode/spawnmenu/creationmenu/content/contentsidebartoolbox.lua,9,function PANEL:Init(),lexical_candidate_not_semantic_analysis,not_ported
garrysmod/gamemodes/sandbox/gamemode/spawnmenu/creationmenu/content/contentsidebartoolbox.lua,35,"Button.OnDrop = function( s, target )",lexical_candidate_not_semantic_analysis,not_ported
garrysmod/gamemodes/sandbox/gamemode/spawnmenu/creationmenu/content/contentsidebartoolbox.lua,55,"icon_filter.OnValueChange = function( s, str )",lexical_candidate_not_semantic_analysis,not_ported
garrysmod/gamemodes/sandbox/gamemode/spawnmenu/creationmenu/content/contentsidebartoolbox.lua,61,"overlay.Paint = function( s, w, h )",lexical_candidate_not_semantic_analysis,not_ported
garrysmod/gamemodes/sandbox/gamemode/spawnmenu/creationmenu/content/contentsidebartoolbox.lua,83,label.OnChange = function(),lexical_candidate_not_semantic_analysis,not_ported
garrysmod/gamemodes/sandbox/gamemode/spawnmenu/creationmenu/content/contentsidebartoolbox.lua,89,icons.OnChange = function(),lexical_candidate_not_semantic_analysis,not_ported
garrysmod/gamemodes/sandbox/gamemode/spawnmenu/creationmenu/content/contentsidebartoolbox.lua,99,function PANEL:PerformLayout(),lexical_candidate_not_semantic_analysis,not_ported
garrysmod/gamemodes/sandbox/gamemode/spawnmenu/creationmenu/content/contenttypes/addonprops.lua,2,"local function AddRecursive( pnl, folder, path, wildcard )",lexical_candidate_not_semantic_analysis,not_ported
garrysmod/gamemodes/sandbox/gamemode/spawnmenu/creationmenu/content/contenttypes/addonprops.lua,33,"local function recurseAddFilesSpawnlist( folder, pathid, list )",lexical_candidate_not_semantic_analysis,not_ported
garrysmod/gamemodes/sandbox/gamemode/spawnmenu/creationmenu/content/contenttypes/addonprops.lua,58,"local function GenerateSpawnlistFromAddon( folder, path, name )",lexical_candidate_not_semantic_analysis,not_ported
garrysmod/gamemodes/sandbox/gamemode/spawnmenu/creationmenu/content/contenttypes/addonprops.lua,76,local function AddonsRightClick( self ),lexical_candidate_not_semantic_analysis,not_ported
garrysmod/gamemodes/sandbox/gamemode/spawnmenu/creationmenu/content/contenttypes/addonprops.lua,95,local function RefreshAddons( MyNode ),lexical_candidate_not_semantic_analysis,not_ported
garrysmod/gamemodes/sandbox/gamemode/spawnmenu/creationmenu/content/contenttypes/addonprops.lua,105,models.DoClick = function(),lexical_candidate_not_semantic_analysis,not_ported
garrysmod/gamemodes/sandbox/gamemode/spawnmenu/creationmenu/content/contenttypes/addonprops.lua,114,"msg.Paint = function( s, w, h )",lexical_candidate_not_semantic_analysis,not_ported
garrysmod/gamemodes/sandbox/gamemode/spawnmenu/creationmenu/content/contenttypes/custom.lua,4,"local function SetupCustomNode( node, pnlContent, needsapp )",lexical_candidate_not_semantic_analysis,not_ported
garrysmod/gamemodes/sandbox/gamemode/spawnmenu/creationmenu/content/contenttypes/custom.lua,27,"node.SetupCopy = function( self, copy )",lexical_candidate_not_semantic_analysis,not_ported
garrysmod/gamemodes/sandbox/gamemode/spawnmenu/creationmenu/content/contenttypes/custom.lua,38,copy.DoPopulate = function() end,lexical_candidate_not_semantic_analysis,not_ported
garrysmod/gamemodes/sandbox/gamemode/spawnmenu/creationmenu/content/contenttypes/custom.lua,43,node.OnModified = function(),lexical_candidate_not_semantic_analysis,not_ported
garrysmod/gamemodes/sandbox/gamemode/spawnmenu/creationmenu/content/contenttypes/custom.lua,47,node.DoRightClick = function( self ),lexical_candidate_not_semantic_analysis,not_ported
garrysmod/gamemodes/sandbox/gamemode/spawnmenu/creationmenu/content/contenttypes/custom.lua,60,node.DoPopulate = function( self ),lexical_candidate_not_semantic_analysis,not_ported
garrysmod/gamemodes/sandbox/gamemode/spawnmenu/creationmenu/content/contenttypes/custom.lua,70,node.DoClick = function( self ),lexical_candidate_not_semantic_analysis,not_ported
garrysmod/gamemodes/sandbox/gamemode/spawnmenu/creationmenu/content/contenttypes/custom.lua,79,"AddCustomizableNode = function( pnlContent, name, icon, parent, needsapp )",lexical_candidate_not_semantic_analysis,not_ported
garrysmod/gamemodes/sandbox/gamemode/spawnmenu/creationmenu/content/contenttypes/custom.lua,90,"local function ReadSpawnlists( node, parentid )",lexical_candidate_not_semantic_analysis,not_ported
garrysmod/gamemodes/sandbox/gamemode/spawnmenu/creationmenu/content/contenttypes/custom.lua,124,local function ConstructSpawnlist( node ),lexical_candidate_not_semantic_analysis,not_ported
garrysmod/gamemodes/sandbox/gamemode/spawnmenu/creationmenu/content/contenttypes/custom.lua,139,"function AddPropsOfParent( pnlContent, node, parentid, customProps )",lexical_candidate_not_semantic_analysis,not_ported
garrysmod/gamemodes/sandbox/gamemode/spawnmenu/creationmenu/content/contenttypes/custom.lua,149,pnlnode.OnRemove = function( self ) if ( IsValid( self.PropPanel ) ) then self.PropPanel:Remove() end end,lexical_candidate_not_semantic_analysis,not_ported
garrysmod/gamemodes/sandbox/gamemode/spawnmenu/creationmenu/content/contenttypes/custom.lua,150,pnlnode.DoPopulate = function( self ),lexical_candidate_not_semantic_analysis,not_ported
garrysmod/gamemodes/sandbox/gamemode/spawnmenu/creationmenu/content/contenttypes/custom.lua,176,local function CheckIfAnyVisible( node ),lexical_candidate_not_semantic_analysis,not_ported
garrysmod/gamemodes/sandbox/gamemode/spawnmenu/creationmenu/content/contenttypes/custom.lua,206,node.DoRightClick = function( self ),lexical_candidate_not_semantic_analysis,not_ported
garrysmod/gamemodes/sandbox/gamemode/spawnmenu/creationmenu/content/contenttypes/custom.lua,215,node.OnModified = function(),lexical_candidate_not_semantic_analysis,not_ported
garrysmod/gamemodes/sandbox/gamemode/spawnmenu/creationmenu/content/contenttypes/custom.lua,242,node.DoRightClick = function() end,lexical_candidate_not_semantic_analysis,not_ported
garrysmod/gamemodes/sandbox/gamemode/spawnmenu/creationmenu/content/contenttypes/custom.lua,243,node.OnModified = function() end,lexical_candidate_not_semantic_analysis,not_ported
garrysmod/gamemodes/sandbox/gamemode/spawnmenu/creationmenu/content/contenttypes/dupes.lua,14,"function ws_dupe:FetchLocal( offset, perpage )",lexical_candidate_not_semantic_analysis,not_ported
garrysmod/gamemodes/sandbox/gamemode/spawnmenu/creationmenu/content/contenttypes/dupes.lua,46,function ws_dupe:Arm( filename ),lexical_candidate_not_semantic_analysis,not_ported
garrysmod/gamemodes/sandbox/gamemode/spawnmenu/creationmenu/content/contenttypes/dupes.lua,52,function ws_dupe:DownloadAndArm( id ),lexical_candidate_not_semantic_analysis,not_ported
garrysmod/gamemodes/sandbox/gamemode/spawnmenu/creationmenu/content/contenttypes/dupes.lua,68,"function ws_dupe:Publish( filename, imagename )",lexical_candidate_not_semantic_analysis,not_ported
garrysmod/gamemodes/sandbox/gamemode/spawnmenu/creationmenu/content/contenttypes/entities.lua,8,"local function CreateEntityIcon( ent, propPanel )",lexical_candidate_not_semantic_analysis,not_ported
garrysmod/gamemodes/sandbox/gamemode/spawnmenu/creationmenu/content/contenttypes/gameprops.lua,2,"local function recurseAddFiles( folder, pathid, list )",lexical_candidate_not_semantic_analysis,not_ported
garrysmod/gamemodes/sandbox/gamemode/spawnmenu/creationmenu/content/contenttypes/gameprops.lua,25,"local function GenerateSpawnlistFromPath( folder, path, name, icon, appid )",lexical_candidate_not_semantic_analysis,not_ported
garrysmod/gamemodes/sandbox/gamemode/spawnmenu/creationmenu/content/contenttypes/gameprops.lua,44,local function GamePropsRightClick( self ),lexical_candidate_not_semantic_analysis,not_ported
garrysmod/gamemodes/sandbox/gamemode/spawnmenu/creationmenu/content/contenttypes/gameprops.lua,71,"local function InstallNodeRightclick( self, newNode )",lexical_candidate_not_semantic_analysis,not_ported
garrysmod/gamemodes/sandbox/gamemode/spawnmenu/creationmenu/content/contenttypes/gameprops.lua,76,"local function AddBrowseContent( ViewPanel, node, name, icon, path, pathid, pnlContent )",lexical_candidate_not_semantic_analysis,not_ported
garrysmod/gamemodes/sandbox/gamemode/spawnmenu/creationmenu/content/contenttypes/gameprops.lua,87,"models.OnNodeSelected = function( slf, node )",lexical_candidate_not_semantic_analysis,not_ported
garrysmod/gamemodes/sandbox/gamemode/spawnmenu/creationmenu/content/contenttypes/gameprops.lua,126,local function RefreshGames( MyNode ),lexical_candidate_not_semantic_analysis,not_ported
garrysmod/gamemodes/sandbox/gamemode/spawnmenu/creationmenu/content/contenttypes/npcs.lua,10,"local function CreateNPCIcon( ent, propPanel )",lexical_candidate_not_semantic_analysis,not_ported
garrysmod/gamemodes/sandbox/gamemode/spawnmenu/creationmenu/content/contenttypes/npcs.lua,36,"function PANEL:AddCheckbox( text, cvar )",lexical_candidate_not_semantic_analysis,not_ported
garrysmod/gamemodes/sandbox/gamemode/spawnmenu/creationmenu/content/contenttypes/npcs.lua,46,function PANEL:Init(),lexical_candidate_not_semantic_analysis,not_ported
garrysmod/gamemodes/sandbox/gamemode/spawnmenu/creationmenu/content/contenttypes/npcs.lua,87,"function DComboBox:OnSelect( index, value )",lexical_candidate_not_semantic_analysis,not_ported
garrysmod/gamemodes/sandbox/gamemode/spawnmenu/creationmenu/content/contenttypes/npcs.lua,95,function PANEL:PerformLayout(),lexical_candidate_not_semantic_analysis,not_ported
garrysmod/gamemodes/sandbox/gamemode/spawnmenu/creationmenu/content/contenttypes/postprocess.lua,9,"local function CreatePostProcessIcon( pp, propPanel )",lexical_candidate_not_semantic_analysis,not_ported
garrysmod/gamemodes/sandbox/gamemode/spawnmenu/creationmenu/content/contenttypes/saves.lua,13,"function ws_save:FetchLocal( offset, perpage )",lexical_candidate_not_semantic_analysis,not_ported
garrysmod/gamemodes/sandbox/gamemode/spawnmenu/creationmenu/content/contenttypes/saves.lua,45,function ws_save:DownloadAndLoad( id ),lexical_candidate_not_semantic_analysis,not_ported
garrysmod/gamemodes/sandbox/gamemode/spawnmenu/creationmenu/content/contenttypes/saves.lua,55,function ws_save:Load( filename ),lexical_candidate_not_semantic_analysis,not_ported
garrysmod/gamemodes/sandbox/gamemode/spawnmenu/creationmenu/content/contenttypes/saves.lua,85,"function ws_save:Publish( filename, imagename ) RunConsoleCommand( ""save_publish"", filename, imagename ) end",lexical_candidate_not_semantic_analysis,not_ported
garrysmod/gamemodes/sandbox/gamemode/spawnmenu/creationmenu/content/contenttypes/vehicles.lua,7,"local function CreateVehicleIcon( ent, propPanel )",lexical_candidate_not_semantic_analysis,not_ported
garrysmod/gamemodes/sandbox/gamemode/spawnmenu/creationmenu/content/contenttypes/weapons.lua,2,"local function CreateWeaponIcon( ent, propPanel )",lexical_candidate_not_semantic_analysis,not_ported
garrysmod/gamemodes/sandbox/gamemode/spawnmenu/creationmenu/content/contenttypes/weapons.lua,21,"local function AutorefreshWeaponToSpawnmenu( weapon, name )",lexical_candidate_not_semantic_analysis,not_ported
garrysmod/gamemodes/sandbox/gamemode/spawnmenu/creationmenu/content/contenttypes/weapons.lua,33,"local function OnPreRegisterSWEP( weapon, name )",lexical_candidate_not_semantic_analysis,not_ported
garrysmod/gamemodes/sandbox/gamemode/spawnmenu/creationmenu/content/postprocessicon.lua,7,function PANEL:Init(),lexical_candidate_not_semantic_analysis,not_ported
garrysmod/gamemodes/sandbox/gamemode/spawnmenu/creationmenu/content/postprocessicon.lua,15,function PANEL:OnDepressionChanged( b ),lexical_candidate_not_semantic_analysis,not_ported
garrysmod/gamemodes/sandbox/gamemode/spawnmenu/creationmenu/content/postprocessicon.lua,23,"function PANEL:Setup( name, icon, label )",lexical_candidate_not_semantic_analysis,not_ported
garrysmod/gamemodes/sandbox/gamemode/spawnmenu/creationmenu/content/postprocessicon.lua,35,self.DoClick = function(),lexical_candidate_not_semantic_analysis,not_ported
garrysmod/gamemodes/sandbox/gamemode/spawnmenu/creationmenu/content/postprocessicon.lua,62,self.Enabled = function() return self.checkbox:GetChecked() end,lexical_candidate_not_semantic_analysis,not_ported
garrysmod/gamemodes/sandbox/gamemode/spawnmenu/creationmenu/content/postprocessicon.lua,70,"self.checkbox.OnChange = function( pnl, on )",lexical_candidate_not_semantic_analysis,not_ported
garrysmod/gamemodes/sandbox/gamemode/spawnmenu/creationmenu/content/postprocessicon.lua,84,"self.checkbox.Think = function( pnl, on )",lexical_candidate_not_semantic_analysis,not_ported
garrysmod/gamemodes/sandbox/gamemode/spawnmenu/creationmenu/content/postprocessicon.lua,100,self.Enabled = function() return self.checkbox:GetChecked() end,lexical_candidate_not_semantic_analysis,not_ported
garrysmod/gamemodes/sandbox/gamemode/spawnmenu/creationmenu/content/postprocessicon.lua,106,function PANEL:OpenMenu(),lexical_candidate_not_semantic_analysis,not_ported
garrysmod/gamemodes/sandbox/gamemode/spawnmenu/creationmenu/content/postprocessicon.lua,112,function PANEL:Enabled(),lexical_candidate_not_semantic_analysis,not_ported
garrysmod/gamemodes/sandbox/gamemode/spawnmenu/creationmenu/content/postprocessicon.lua,116,function PANEL:ToTable( bigtable ),lexical_candidate_not_semantic_analysis,not_ported
garrysmod/gamemodes/sandbox/gamemode/spawnmenu/creationmenu/content/postprocessicon.lua,130,function PANEL:Copy(),lexical_candidate_not_semantic_analysis,not_ported
garrysmod/gamemodes/sandbox/gamemode/spawnmenu/creationmenu.lua,6,function PANEL:Init(),lexical_candidate_not_semantic_analysis,not_ported
garrysmod/gamemodes/sandbox/gamemode/spawnmenu/creationmenu.lua,15,function PANEL:GetCreationTab( id ),lexical_candidate_not_semantic_analysis,not_ported
garrysmod/gamemodes/sandbox/gamemode/spawnmenu/creationmenu.lua,21,function PANEL:GetCreationTabs(),lexical_candidate_not_semantic_analysis,not_ported
garrysmod/gamemodes/sandbox/gamemode/spawnmenu/creationmenu.lua,27,function PANEL:Populate(),lexical_candidate_not_semantic_analysis,not_ported
garrysmod/gamemodes/sandbox/gamemode/spawnmenu/spawnmenu.lua,17,function PANEL:Init(),lexical_candidate_not_semantic_analysis,not_ported
garrysmod/gamemodes/sandbox/gamemode/spawnmenu/spawnmenu.lua,42,self.ToolToggle.DoClick = function(),lexical_candidate_not_semantic_analysis,not_ported
garrysmod/gamemodes/sandbox/gamemode/spawnmenu/spawnmenu.lua,64,function PANEL:OpenCreationMenuTab( name ),lexical_candidate_not_semantic_analysis,not_ported
garrysmod/gamemodes/sandbox/gamemode/spawnmenu/spawnmenu.lua,70,function PANEL:GetToolMenu(),lexical_candidate_not_semantic_analysis,not_ported
garrysmod/gamemodes/sandbox/gamemode/spawnmenu/spawnmenu.lua,76,function PANEL:GetCreationMenu(),lexical_candidate_not_semantic_analysis,not_ported
garrysmod/gamemodes/sandbox/gamemode/spawnmenu/spawnmenu.lua,82,function PANEL:OnMousePressed(),lexical_candidate_not_semantic_analysis,not_ported
garrysmod/gamemodes/sandbox/gamemode/spawnmenu/spawnmenu.lua,88,function PANEL:Open(),lexical_candidate_not_semantic_analysis,not_ported
garrysmod/gamemodes/sandbox/gamemode/spawnmenu/spawnmenu.lua,119,function PANEL:Close(),lexical_candidate_not_semantic_analysis,not_ported
garrysmod/gamemodes/sandbox/gamemode/spawnmenu/spawnmenu.lua,136,function PANEL:PerformLayout(),lexical_candidate_not_semantic_analysis,not_ported
garrysmod/gamemodes/sandbox/gamemode/spawnmenu/spawnmenu.lua,156,function PANEL:StartKeyFocus( pPanel ),lexical_candidate_not_semantic_analysis,not_ported
garrysmod/gamemodes/sandbox/gamemode/spawnmenu/spawnmenu.lua,164,function PANEL:EndKeyFocus( pPanel ),lexical_candidate_not_semantic_analysis,not_ported
garrysmod/gamemodes/sandbox/gamemode/spawnmenu/spawnmenu.lua,171,"function PANEL:OnSizeChanged( newW, newH )",lexical_candidate_not_semantic_analysis,not_ported
garrysmod/gamemodes/sandbox/gamemode/spawnmenu/spawnmenu.lua,188,local function CreateSpawnMenu(),lexical_candidate_not_semantic_analysis,not_ported
garrysmod/gamemodes/sandbox/gamemode/spawnmenu/spawnmenu.lua,241,function GM:OnSpawnMenuOpen(),lexical_candidate_not_semantic_analysis,not_ported
garrysmod/gamemodes/sandbox/gamemode/spawnmenu/spawnmenu.lua,259,function GM:OnSpawnMenuClose(),lexical_candidate_not_semantic_analysis,not_ported
garrysmod/gamemodes/sandbox/gamemode/spawnmenu/spawnmenu.lua,272,local function SpawnMenuKeyboardFocusOn( pnl ),lexical_candidate_not_semantic_analysis,not_ported
garrysmod/gamemodes/sandbox/gamemode/spawnmenu/spawnmenu.lua,288,local function SpawnMenuKeyboardFocusOff( pnl ),lexical_candidate_not_semantic_analysis,not_ported
garrysmod/gamemodes/sandbox/gamemode/spawnmenu/spawnmenu.lua,305,local function SpawnMenuOpenGUIMousePressed(),lexical_candidate_not_semantic_analysis,not_ported
garrysmod/gamemodes/sandbox/gamemode/spawnmenu/spawnmenu.lua,319,local function SpawnMenuOpenGUIMouseReleased(),lexical_candidate_not_semantic_analysis,not_ported
garrysmod/gamemodes/sandbox/gamemode/spawnmenu/spawnmenu.lua,344,local function SpawnMenuLanguageChanged(),lexical_candidate_not_semantic_analysis,not_ported
garrysmod/gamemodes/sandbox/gamemode/spawnmenu/spawnmenu.lua,358,local function ProtectSpawnMenuChanges(),lexical_candidate_not_semantic_analysis,not_ported
garrysmod/gamemodes/sandbox/gamemode/spawnmenu/spawnmenu.lua,366,local function SpawnMenuChangesFinished(),lexical_candidate_not_semantic_analysis,not_ported
garrysmod/gamemodes/sandbox/gamemode/spawnmenu/spawnmenu.lua,375,local function SpawnMenuLanguageRefresh(),lexical_candidate_not_semantic_analysis,not_ported
garrysmod/gamemodes/sandbox/gamemode/spawnmenu/toolmenu.lua,9,function PANEL:Init(),lexical_candidate_not_semantic_analysis,not_ported
garrysmod/gamemodes/sandbox/gamemode/spawnmenu/toolmenu.lua,22,function PANEL:LoadTools(),lexical_candidate_not_semantic_analysis,not_ported
garrysmod/gamemodes/sandbox/gamemode/spawnmenu/toolmenu.lua,37,"function PANEL:AddToolPanel( Name, ToolTable )",lexical_candidate_not_semantic_analysis,not_ported
garrysmod/gamemodes/sandbox/gamemode/spawnmenu/toolmenu.lua,55,"function PANEL:Paint( w, h )",lexical_candidate_not_semantic_analysis,not_ported
garrysmod/gamemodes/sandbox/gamemode/spawnmenu/toolmenu.lua,64,function PANEL:GetToolPanel( id ),lexical_candidate_not_semantic_analysis,not_ported
garrysmod/gamemodes/sandbox/gamemode/spawnmenu/toolpanel.lua,11,function PANEL:Init(),lexical_candidate_not_semantic_analysis,not_ported
garrysmod/gamemodes/sandbox/gamemode/spawnmenu/toolpanel.lua,34,"self.SearchBar.OnValueChange = function( s, text )",lexical_candidate_not_semantic_analysis,not_ported
garrysmod/gamemodes/sandbox/gamemode/spawnmenu/toolpanel.lua,44,self.HideDeactivated.OnChange = function( s ),lexical_candidate_not_semantic_analysis,not_ported
garrysmod/gamemodes/sandbox/gamemode/spawnmenu/toolpanel.lua,65,"label.Paint = function( s, w, h )",lexical_candidate_not_semantic_analysis,not_ported
garrysmod/gamemodes/sandbox/gamemode/spawnmenu/toolpanel.lua,73,function PANEL:Think(),lexical_candidate_not_semantic_analysis,not_ported
garrysmod/gamemodes/sandbox/gamemode/spawnmenu/toolpanel.lua,98,function PANEL:PerformToolFiltering( text ),lexical_candidate_not_semantic_analysis,not_ported
garrysmod/gamemodes/sandbox/gamemode/spawnmenu/toolpanel.lua,144,function PANEL:UpdateToolDisabledStatus(),lexical_candidate_not_semantic_analysis,not_ported
garrysmod/gamemodes/sandbox/gamemode/spawnmenu/toolpanel.lua,205,function PANEL:LoadToolsFromTable( inTable ),lexical_candidate_not_semantic_analysis,not_ported
garrysmod/gamemodes/sandbox/gamemode/spawnmenu/toolpanel.lua,234,"function PANEL:AddCategory( name, catName, tItems )",lexical_candidate_not_semantic_analysis,not_ported
garrysmod/gamemodes/sandbox/gamemode/spawnmenu/toolpanel.lua,252,item.DoClick = function( button ),lexical_candidate_not_semantic_analysis,not_ported
garrysmod/gamemodes/sandbox/gamemode/spawnmenu/toolpanel.lua,257,item.DoRightClick = function( button ),lexical_candidate_not_semantic_analysis,not_ported
garrysmod/gamemodes/sandbox/gamemode/spawnmenu/toolpanel.lua,284,function PANEL:SetActiveToolText( str ),lexical_candidate_not_semantic_analysis,not_ported
garrysmod/gamemodes/sandbox/gamemode/spawnmenu/toolpanel.lua,302,function PANEL:SetActive( cp ),lexical_candidate_not_semantic_analysis,not_ported
garrysmod/gamemodes/terrortown/entities/effects/crimescene_dummy.lua,4,function EFFECT:Init(data),lexical_candidate_not_semantic_analysis,not_ported
garrysmod/gamemodes/terrortown/entities/effects/crimescene_dummy.lua,51,function EFFECT:Think(),lexical_candidate_not_semantic_analysis,not_ported
garrysmod/gamemodes/terrortown/entities/effects/crimescene_dummy.lua,66,function EFFECT:Render(),lexical_candidate_not_semantic_analysis,not_ported
garrysmod/gamemodes/terrortown/entities/effects/crimescene_shot.lua,2,function EFFECT:Init(data),lexical_candidate_not_semantic_analysis,not_ported
garrysmod/gamemodes/terrortown/entities/effects/crimescene_shot.lua,23,function EFFECT:Think(),lexical_candidate_not_semantic_analysis,not_ported
garrysmod/gamemodes/terrortown/entities/effects/crimescene_shot.lua,40,function EFFECT:Render(),lexical_candidate_not_semantic_analysis,not_ported
garrysmod/gamemodes/terrortown/entities/effects/pulse_sphere.lua,4,function EFFECT:Init(data),lexical_candidate_not_semantic_analysis,not_ported
garrysmod/gamemodes/terrortown/entities/effects/pulse_sphere.lua,29,function EFFECT:Think(),lexical_candidate_not_semantic_analysis,not_ported
garrysmod/gamemodes/terrortown/entities/effects/pulse_sphere.lua,51,function EFFECT:Render(),lexical_candidate_not_semantic_analysis,not_ported
garrysmod/gamemodes/terrortown/entities/effects/teleport_beamdown.lua,7,function EFFECT:Init(data),lexical_candidate_not_semantic_analysis,not_ported
garrysmod/gamemodes/terrortown/entities/effects/teleport_beamdown.lua,38,function EFFECT:Think(),lexical_candidate_not_semantic_analysis,not_ported
garrysmod/gamemodes/terrortown/entities/effects/teleport_beamdown.lua,72,function EFFECT:Render(),lexical_candidate_not_semantic_analysis,not_ported
garrysmod/gamemodes/terrortown/entities/effects/teleport_beamup.lua,7,function EFFECT:Init(data),lexical_candidate_not_semantic_analysis,not_ported
garrysmod/gamemodes/terrortown/entities/effects/teleport_beamup.lua,40,function EFFECT:Think(),lexical_candidate_not_semantic_analysis,not_ported
garrysmod/gamemodes/terrortown/entities/effects/teleport_beamup.lua,73,function EFFECT:Render(),lexical_candidate_not_semantic_analysis,not_ported
garrysmod/gamemodes/terrortown/entities/entities/base_ammo_ttt.lua,15,function ENT:RealInit() end -- bw compat,lexical_candidate_not_semantic_analysis,not_ported
garrysmod/gamemodes/terrortown/entities/entities/base_ammo_ttt.lua,20,function ENT:Initialize(),lexical_candidate_not_semantic_analysis,not_ported
garrysmod/gamemodes/terrortown/entities/entities/base_ammo_ttt.lua,45,function ENT:PlayerCanPickup(ply),lexical_candidate_not_semantic_analysis,not_ported
garrysmod/gamemodes/terrortown/entities/entities/base_ammo_ttt.lua,66,function ENT:CheckForWeapon(ply),lexical_candidate_not_semantic_analysis,not_ported
garrysmod/gamemodes/terrortown/entities/entities/base_ammo_ttt.lua,88,function ENT:Touch(ent),lexical_candidate_not_semantic_analysis,not_ported
garrysmod/gamemodes/terrortown/entities/entities/base_ammo_ttt.lua,111,function ENT:Think(),lexical_candidate_not_semantic_analysis,not_ported
garrysmod/gamemodes/terrortown/entities/entities/info_manipulate.lua,6,function ENT:Think(),lexical_candidate_not_semantic_analysis,not_ported
garrysmod/gamemodes/terrortown/entities/entities/info_manipulate.lua,14,"function ENT:KeyValue(key, value)",lexical_candidate_not_semantic_analysis,not_ported
garrysmod/gamemodes/terrortown/entities/entities/info_manipulate.lua,29,function ENT:CreateReplacement(),lexical_candidate_not_semantic_analysis,not_ported
garrysmod/gamemodes/terrortown/entities/entities/item_ammo_revolver_ttt.lua,13,function ENT:Initialize(),lexical_candidate_not_semantic_analysis,not_ported
garrysmod/gamemodes/terrortown/entities/entities/ttt_basegrenade_proj.lua,11,function ENT:SetupDataTables(),lexical_candidate_not_semantic_analysis,not_ported
garrysmod/gamemodes/terrortown/entities/entities/ttt_basegrenade_proj.lua,15,function ENT:Initialize(),lexical_candidate_not_semantic_analysis,not_ported
garrysmod/gamemodes/terrortown/entities/entities/ttt_basegrenade_proj.lua,29,function ENT:SetDetonateTimer(length),lexical_candidate_not_semantic_analysis,not_ported
garrysmod/gamemodes/terrortown/entities/entities/ttt_basegrenade_proj.lua,33,function ENT:SetDetonateExact(t),lexical_candidate_not_semantic_analysis,not_ported
garrysmod/gamemodes/terrortown/entities/entities/ttt_basegrenade_proj.lua,38,function ENT:Explode(tr),lexical_candidate_not_semantic_analysis,not_ported
garrysmod/gamemodes/terrortown/entities/entities/ttt_basegrenade_proj.lua,42,function ENT:Think(),lexical_candidate_not_semantic_analysis,not_ported
garrysmod/gamemodes/terrortown/entities/entities/ttt_beacon.lua,17,function ENT:Initialize(),lexical_candidate_not_semantic_analysis,not_ported
garrysmod/gamemodes/terrortown/entities/entities/ttt_beacon.lua,39,function ENT:UseOverride(activator),lexical_candidate_not_semantic_analysis,not_ported
garrysmod/gamemodes/terrortown/entities/entities/ttt_beacon.lua,58,function ENT:OnTakeDamage(dmginfo),lexical_candidate_not_semantic_analysis,not_ported
garrysmod/gamemodes/terrortown/entities/entities/ttt_beacon.lua,77,function ENT:Think(),lexical_candidate_not_semantic_analysis,not_ported
garrysmod/gamemodes/terrortown/entities/entities/ttt_beacon.lua,99,function ENT:UpdateTransmitState(),lexical_candidate_not_semantic_analysis,not_ported
garrysmod/gamemodes/terrortown/entities/entities/ttt_c4/cl_init.lua,15,function ShowC4Config(bomb),lexical_candidate_not_semantic_analysis,not_ported
garrysmod/gamemodes/terrortown/entities/entities/ttt_c4/cl_init.lua,60,"dtime.OnValueChanged = function(self, val)",lexical_candidate_not_semantic_analysis,not_ported
garrysmod/gamemodes/terrortown/entities/entities/ttt_c4/cl_init.lua,75,"dwires.Update = function(s, t)",lexical_candidate_not_semantic_analysis,not_ported
garrysmod/gamemodes/terrortown/entities/entities/ttt_c4/cl_init.lua,102,dgrab.DoClick = function(),lexical_candidate_not_semantic_analysis,not_ported
garrysmod/gamemodes/terrortown/entities/entities/ttt_c4/cl_init.lua,117,ddestroy.DoClick = function(s),lexical_candidate_not_semantic_analysis,not_ported
garrysmod/gamemodes/terrortown/entities/entities/ttt_c4/cl_init.lua,134,dconf.DoClick = function(),lexical_candidate_not_semantic_analysis,not_ported
garrysmod/gamemodes/terrortown/entities/entities/ttt_c4/cl_init.lua,148,dcancel.DoClick = function() dframe:Close() end,lexical_candidate_not_semantic_analysis,not_ported
garrysmod/gamemodes/terrortown/entities/entities/ttt_c4/cl_init.lua,180,function PANEL:Init(),lexical_candidate_not_semantic_analysis,not_ported
garrysmod/gamemodes/terrortown/entities/entities/ttt_c4/cl_init.lua,191,function PANEL:PaintOverHovered(),lexical_candidate_not_semantic_analysis,not_ported
garrysmod/gamemodes/terrortown/entities/entities/ttt_c4/cl_init.lua,205,function PANEL:OnCursorEntered(),lexical_candidate_not_semantic_analysis,not_ported
garrysmod/gamemodes/terrortown/entities/entities/ttt_c4/cl_init.lua,211,function PANEL:OnCursorExited(),lexical_candidate_not_semantic_analysis,not_ported
garrysmod/gamemodes/terrortown/entities/entities/ttt_c4/cl_init.lua,215,function PANEL:DoClick(),lexical_candidate_not_semantic_analysis,not_ported
garrysmod/gamemodes/terrortown/entities/entities/ttt_c4/cl_init.lua,231,function PANEL:GetWireColor(i),lexical_candidate_not_semantic_analysis,not_ported
garrysmod/gamemodes/terrortown/entities/entities/ttt_c4/cl_init.lua,238,function PANEL:SetWireIndex(i),lexical_candidate_not_semantic_analysis,not_ported
garrysmod/gamemodes/terrortown/entities/entities/ttt_c4/cl_init.lua,253,function PANEL:Init(),lexical_candidate_not_semantic_analysis,not_ported
garrysmod/gamemodes/terrortown/entities/entities/ttt_c4/cl_init.lua,292,function ShowC4Disarm(bomb),lexical_candidate_not_semantic_analysis,not_ported
garrysmod/gamemodes/terrortown/entities/entities/ttt_c4/cl_init.lua,332,dtimer.Think = function(s),lexical_candidate_not_semantic_analysis,not_ported
garrysmod/gamemodes/terrortown/entities/entities/ttt_c4/cl_init.lua,361,dgrab.DoClick = function(),lexical_candidate_not_semantic_analysis,not_ported
garrysmod/gamemodes/terrortown/entities/entities/ttt_c4/cl_init.lua,374,ddestroy.DoClick = function(s),lexical_candidate_not_semantic_analysis,not_ported
garrysmod/gamemodes/terrortown/entities/entities/ttt_c4/cl_init.lua,417,dcancel.DoClick = function(),lexical_candidate_not_semantic_analysis,not_ported
garrysmod/gamemodes/terrortown/entities/entities/ttt_c4/cl_init.lua,423,disarm_success = function(),lexical_candidate_not_semantic_analysis,not_ported
garrysmod/gamemodes/terrortown/entities/entities/ttt_c4/cl_init.lua,438,disarm_fail = function(),lexical_candidate_not_semantic_analysis,not_ported
garrysmod/gamemodes/terrortown/entities/entities/ttt_c4/cl_init.lua,442,on_wire_cut = function(idx),lexical_candidate_not_semantic_analysis,not_ported
garrysmod/gamemodes/terrortown/entities/entities/ttt_c4/cl_init.lua,459,local function C4ConfigHook(),lexical_candidate_not_semantic_analysis,not_ported
garrysmod/gamemodes/terrortown/entities/entities/ttt_c4/cl_init.lua,472,local function C4DisarmResultHook(),lexical_candidate_not_semantic_analysis,not_ported
garrysmod/gamemodes/terrortown/entities/entities/ttt_c4/shared.lua,21,"fmt  = function(ent, txt) return GetPTranslation(txt, hint_params) end",lexical_candidate_not_semantic_analysis,not_ported
garrysmod/gamemodes/terrortown/entities/entities/ttt_c4/shared.lua,54,function ENT:SetupDataTables(),lexical_candidate_not_semantic_analysis,not_ported
garrysmod/gamemodes/terrortown/entities/entities/ttt_c4/shared.lua,59,function ENT:Initialize(),lexical_candidate_not_semantic_analysis,not_ported
garrysmod/gamemodes/terrortown/entities/entities/ttt_c4/shared.lua,87,function ENT:SetDetonateTimer(length),lexical_candidate_not_semantic_analysis,not_ported
garrysmod/gamemodes/terrortown/entities/entities/ttt_c4/shared.lua,93,function ENT:UseOverride(activator),lexical_candidate_not_semantic_analysis,not_ported
garrysmod/gamemodes/terrortown/entities/entities/ttt_c4/shared.lua,106,function ENT.SafeWiresForTime(t),lexical_candidate_not_semantic_analysis,not_ported
garrysmod/gamemodes/terrortown/entities/entities/ttt_c4/shared.lua,117,function ENT:WeldToGround(state),lexical_candidate_not_semantic_analysis,not_ported
garrysmod/gamemodes/terrortown/entities/entities/ttt_c4/shared.lua,161,"function ENT:SphereDamage(dmgowner, center, radius)",lexical_candidate_not_semantic_analysis,not_ported
garrysmod/gamemodes/terrortown/entities/entities/ttt_c4/shared.lua,201,function ENT:Explode(tr),lexical_candidate_not_semantic_analysis,not_ported
garrysmod/gamemodes/terrortown/entities/entities/ttt_c4/shared.lua,283,function ENT:IsDetectiveNear(),lexical_candidate_not_semantic_analysis,not_ported
garrysmod/gamemodes/terrortown/entities/entities/ttt_c4/shared.lua,307,function ENT:Think(),lexical_candidate_not_semantic_analysis,not_ported
garrysmod/gamemodes/terrortown/entities/entities/ttt_c4/shared.lua,364,function ENT:Defusable(),lexical_candidate_not_semantic_analysis,not_ported
garrysmod/gamemodes/terrortown/entities/entities/ttt_c4/shared.lua,372,function ENT:SendWarn(armed),lexical_candidate_not_semantic_analysis,not_ported
garrysmod/gamemodes/terrortown/entities/entities/ttt_c4/shared.lua,383,function ENT:OnRemove(),lexical_candidate_not_semantic_analysis,not_ported
garrysmod/gamemodes/terrortown/entities/entities/ttt_c4/shared.lua,387,function ENT:Disarm(ply),lexical_candidate_not_semantic_analysis,not_ported
garrysmod/gamemodes/terrortown/entities/entities/ttt_c4/shared.lua,404,function ENT:FailedDisarm(ply),lexical_candidate_not_semantic_analysis,not_ported
garrysmod/gamemodes/terrortown/entities/entities/ttt_c4/shared.lua,413,"function ENT:Arm(ply, time)",lexical_candidate_not_semantic_analysis,not_ported
garrysmod/gamemodes/terrortown/entities/entities/ttt_c4/shared.lua,463,function ENT:ShowC4Config(ply),lexical_candidate_not_semantic_analysis,not_ported
garrysmod/gamemodes/terrortown/entities/entities/ttt_c4/shared.lua,470,"local function ReceiveC4Config(ply, cmd, args)",lexical_candidate_not_semantic_analysis,not_ported
garrysmod/gamemodes/terrortown/entities/entities/ttt_c4/shared.lua,498,"local function SendDisarmResult(ply, bomb, result)",lexical_candidate_not_semantic_analysis,not_ported
garrysmod/gamemodes/terrortown/entities/entities/ttt_c4/shared.lua,507,"local function ReceiveC4Disarm(ply, cmd, args)",lexical_candidate_not_semantic_analysis,not_ported
garrysmod/gamemodes/terrortown/entities/entities/ttt_c4/shared.lua,536,"local function ReceiveC4Pickup(ply, cmd, args)",lexical_candidate_not_semantic_analysis,not_ported
garrysmod/gamemodes/terrortown/entities/entities/ttt_c4/shared.lua,567,"local function ReceiveC4Destroy(ply, cmd, args)",lexical_candidate_not_semantic_analysis,not_ported
garrysmod/gamemodes/terrortown/entities/entities/ttt_c4/shared.lua,598,function ENT:GetTimerPos(),lexical_candidate_not_semantic_analysis,not_ported
garrysmod/gamemodes/terrortown/entities/entities/ttt_c4/shared.lua,613,function ENT:Draw(flags),lexical_candidate_not_semantic_analysis,not_ported
garrysmod/gamemodes/terrortown/entities/entities/ttt_carry_handler.lua,13,function ENT:Initialize(),lexical_candidate_not_semantic_analysis,not_ported
garrysmod/gamemodes/terrortown/entities/entities/ttt_carry_handler.lua,70,function ENT:OnRemove(),lexical_candidate_not_semantic_analysis,not_ported
garrysmod/gamemodes/terrortown/entities/entities/ttt_carry_handler.lua,151,function ENT:OnTakeDamage(dmg),lexical_candidate_not_semantic_analysis,not_ported
garrysmod/gamemodes/terrortown/entities/entities/ttt_confgrenade_proj.lua,10,"local function PushPullRadius(pos, pusher)",lexical_candidate_not_semantic_analysis,not_ported
garrysmod/gamemodes/terrortown/entities/entities/ttt_confgrenade_proj.lua,63,function ENT:Explode(tr),lexical_candidate_not_semantic_analysis,not_ported
garrysmod/gamemodes/terrortown/entities/entities/ttt_credit_adjust.lua,7,"function ENT:KeyValue(key, value)",lexical_candidate_not_semantic_analysis,not_ported
garrysmod/gamemodes/terrortown/entities/entities/ttt_credit_adjust.lua,20,"function ENT:AcceptInput(name, activator)",lexical_candidate_not_semantic_analysis,not_ported
garrysmod/gamemodes/terrortown/entities/entities/ttt_cse_proj.lua,11,"fmt  = function(ent, txt) return GetPTranslation(txt, hint_params) end",lexical_candidate_not_semantic_analysis,not_ported
garrysmod/gamemodes/terrortown/entities/entities/ttt_cse_proj.lua,29,function ENT:Initialize(),lexical_candidate_not_semantic_analysis,not_ported
garrysmod/gamemodes/terrortown/entities/entities/ttt_cse_proj.lua,42,function ENT:GetNearbyCorpses(),lexical_candidate_not_semantic_analysis,not_ported
garrysmod/gamemodes/terrortown/entities/entities/ttt_cse_proj.lua,62,function ENT:OnTakeDamage(dmginfo),lexical_candidate_not_semantic_analysis,not_ported
garrysmod/gamemodes/terrortown/entities/entities/ttt_cse_proj.lua,77,function ENT:ShowSceneForCorpse(corpse),lexical_candidate_not_semantic_analysis,not_ported
garrysmod/gamemodes/terrortown/entities/entities/ttt_cse_proj.lua,119,function ENT:StartScanSound(),lexical_candidate_not_semantic_analysis,not_ported
garrysmod/gamemodes/terrortown/entities/entities/ttt_cse_proj.lua,129,function ENT:StopScanSound(force),lexical_candidate_not_semantic_analysis,not_ported
garrysmod/gamemodes/terrortown/entities/entities/ttt_cse_proj.lua,142,function ENT:DrawTranslucent(),lexical_candidate_not_semantic_analysis,not_ported
garrysmod/gamemodes/terrortown/entities/entities/ttt_cse_proj.lua,149,function ENT:UseOverride(activator),lexical_candidate_not_semantic_analysis,not_ported
garrysmod/gamemodes/terrortown/entities/entities/ttt_cse_proj.lua,163,function ENT:OnRemove(),lexical_candidate_not_semantic_analysis,not_ported
garrysmod/gamemodes/terrortown/entities/entities/ttt_cse_proj.lua,167,function ENT:Explode(tr),lexical_candidate_not_semantic_analysis,not_ported
garrysmod/gamemodes/terrortown/entities/entities/ttt_damageowner.lua,8,"function ENT:KeyValue(key, value)",lexical_candidate_not_semantic_analysis,not_ported
garrysmod/gamemodes/terrortown/entities/entities/ttt_damageowner.lua,16,"function ENT:AcceptInput(name, activator, caller, data)",lexical_candidate_not_semantic_analysis,not_ported
garrysmod/gamemodes/terrortown/entities/entities/ttt_decoy.lua,11,function ENT:Initialize(),lexical_candidate_not_semantic_analysis,not_ported
garrysmod/gamemodes/terrortown/entities/entities/ttt_decoy.lua,40,function ENT:UseOverride(activator),lexical_candidate_not_semantic_analysis,not_ported
garrysmod/gamemodes/terrortown/entities/entities/ttt_decoy.lua,56,function ENT:OnTakeDamage(dmginfo),lexical_candidate_not_semantic_analysis,not_ported
garrysmod/gamemodes/terrortown/entities/entities/ttt_decoy.lua,74,function ENT:OnRemove(),lexical_candidate_not_semantic_analysis,not_ported
garrysmod/gamemodes/terrortown/entities/entities/ttt_filter_role.lua,8,"function ENT:KeyValue(key, value)",lexical_candidate_not_semantic_analysis,not_ported
garrysmod/gamemodes/terrortown/entities/entities/ttt_filter_role.lua,19,"function ENT:PassesFilter(caller, activator)",lexical_candidate_not_semantic_analysis,not_ported
garrysmod/gamemodes/terrortown/entities/entities/ttt_firegrenade_proj.lua,13,function ENT:Initialize(),lexical_candidate_not_semantic_analysis,not_ported
garrysmod/gamemodes/terrortown/entities/entities/ttt_firegrenade_proj.lua,20,function ENT:Explode(tr),lexical_candidate_not_semantic_analysis,not_ported
garrysmod/gamemodes/terrortown/entities/entities/ttt_flame.lua,24,function ENT:SetupDataTables(),lexical_candidate_not_semantic_analysis,not_ported
garrysmod/gamemodes/terrortown/entities/entities/ttt_flame.lua,29,function ENT:Initialize(),lexical_candidate_not_semantic_analysis,not_ported
garrysmod/gamemodes/terrortown/entities/entities/ttt_flame.lua,52,"function StartFires(pos, tr, num, lifetime, explode, dmgowner)",lexical_candidate_not_semantic_analysis,not_ported
garrysmod/gamemodes/terrortown/entities/entities/ttt_flame.lua,81,"function SpawnFire(pos, size, attack, fuel, owner, parent)",lexical_candidate_not_semantic_analysis,not_ported
garrysmod/gamemodes/terrortown/entities/entities/ttt_flame.lua,103,"function RadiusDamage(dmginfo, pos, radius, inflictor)",lexical_candidate_not_semantic_analysis,not_ported
garrysmod/gamemodes/terrortown/entities/entities/ttt_flame.lua,114,function ENT:OnRemove(),lexical_candidate_not_semantic_analysis,not_ported
garrysmod/gamemodes/terrortown/entities/entities/ttt_flame.lua,120,function ENT:OnTakeDamage(),lexical_candidate_not_semantic_analysis,not_ported
garrysmod/gamemodes/terrortown/entities/entities/ttt_flame.lua,123,function ENT:Explode(),lexical_candidate_not_semantic_analysis,not_ported
garrysmod/gamemodes/terrortown/entities/entities/ttt_flame.lua,142,function ENT:Think(),lexical_candidate_not_semantic_analysis,not_ported
garrysmod/gamemodes/terrortown/entities/entities/ttt_flame.lua,204,function ENT:BackupDraw(),lexical_candidate_not_semantic_analysis,not_ported
garrysmod/gamemodes/terrortown/entities/entities/ttt_flame.lua,220,function ENT:Draw(),lexical_candidate_not_semantic_analysis,not_ported
garrysmod/gamemodes/terrortown/entities/entities/ttt_game_text.lua,16,"function ENT:KeyValue(key, value)",lexical_candidate_not_semantic_analysis,not_ported
garrysmod/gamemodes/terrortown/entities/entities/ttt_game_text.lua,37,"function ENT:AcceptInput(name, activator)",lexical_candidate_not_semantic_analysis,not_ported
garrysmod/gamemodes/terrortown/entities/entities/ttt_hat_deerstalker.lua,13,function ENT:SetupDataTables(),lexical_candidate_not_semantic_analysis,not_ported
garrysmod/gamemodes/terrortown/entities/entities/ttt_hat_deerstalker.lua,17,function ENT:Initialize(),lexical_candidate_not_semantic_analysis,not_ported
garrysmod/gamemodes/terrortown/entities/entities/ttt_hat_deerstalker.lua,41,function ENT:OnRemove(),lexical_candidate_not_semantic_analysis,not_ported
garrysmod/gamemodes/terrortown/entities/entities/ttt_hat_deerstalker.lua,45,function ENT:Drop(dir),lexical_candidate_not_semantic_analysis,not_ported
garrysmod/gamemodes/terrortown/entities/entities/ttt_hat_deerstalker.lua,95,local function CanEquipHat(ply),lexical_candidate_not_semantic_analysis,not_ported
garrysmod/gamemodes/terrortown/entities/entities/ttt_hat_deerstalker.lua,100,function ENT:UseOverride(ply),lexical_candidate_not_semantic_analysis,not_ported
garrysmod/gamemodes/terrortown/entities/entities/ttt_hat_deerstalker.lua,128,"local function TestHat(ply, cmd, args)",lexical_candidate_not_semantic_analysis,not_ported
garrysmod/gamemodes/terrortown/entities/entities/ttt_health_station.lua,15,"fmt  = function(ent, txt)",lexical_candidate_not_semantic_analysis,not_ported
garrysmod/gamemodes/terrortown/entities/entities/ttt_health_station.lua,43,function ENT:SetupDataTables(),lexical_candidate_not_semantic_analysis,not_ported
garrysmod/gamemodes/terrortown/entities/entities/ttt_health_station.lua,47,function ENT:Initialize(),lexical_candidate_not_semantic_analysis,not_ported
garrysmod/gamemodes/terrortown/entities/entities/ttt_health_station.lua,83,function ENT:AddToStorage(amount),lexical_candidate_not_semantic_analysis,not_ported
garrysmod/gamemodes/terrortown/entities/entities/ttt_health_station.lua,87,function ENT:TakeFromStorage(amount),lexical_candidate_not_semantic_analysis,not_ported
garrysmod/gamemodes/terrortown/entities/entities/ttt_health_station.lua,98,"function ENT:GiveHealth(ply, max_heal)",lexical_candidate_not_semantic_analysis,not_ported
garrysmod/gamemodes/terrortown/entities/entities/ttt_health_station.lua,130,function ENT:Use(ply),lexical_candidate_not_semantic_analysis,not_ported
garrysmod/gamemodes/terrortown/entities/entities/ttt_health_station.lua,143,function ENT:Think(),lexical_candidate_not_semantic_analysis,not_ported
garrysmod/gamemodes/terrortown/entities/entities/ttt_health_station.lua,154,function ENT:OnTakeDamage(dmginfo),lexical_candidate_not_semantic_analysis,not_ported
garrysmod/gamemodes/terrortown/entities/entities/ttt_knife_proj.lua,27,function ENT:Initialize(),lexical_candidate_not_semantic_analysis,not_ported
garrysmod/gamemodes/terrortown/entities/entities/ttt_knife_proj.lua,46,"function ENT:HitPlayer(other, tr)",lexical_candidate_not_semantic_analysis,not_ported
garrysmod/gamemodes/terrortown/entities/entities/ttt_knife_proj.lua,76,"function ENT:KillPlayer(other, tr)",lexical_candidate_not_semantic_analysis,not_ported
garrysmod/gamemodes/terrortown/entities/entities/ttt_knife_proj.lua,96,other.effect_fn = function(rag),lexical_candidate_not_semantic_analysis,not_ported
garrysmod/gamemodes/terrortown/entities/entities/ttt_knife_proj.lua,129,function ENT:Think(),lexical_candidate_not_semantic_analysis,not_ported
garrysmod/gamemodes/terrortown/entities/entities/ttt_knife_proj.lua,152,function ENT:BecomeWeapon(),lexical_candidate_not_semantic_analysis,not_ported
garrysmod/gamemodes/terrortown/entities/entities/ttt_knife_proj.lua,173,function ENT:BecomeWeaponDelayed(),lexical_candidate_not_semantic_analysis,not_ported
garrysmod/gamemodes/terrortown/entities/entities/ttt_knife_proj.lua,185,"function ENT:PhysicsCollide(data, phys)",lexical_candidate_not_semantic_analysis,not_ported
garrysmod/gamemodes/terrortown/entities/entities/ttt_logic_role.lua,9,"function ENT:KeyValue(key, value)",lexical_candidate_not_semantic_analysis,not_ported
garrysmod/gamemodes/terrortown/entities/entities/ttt_logic_role.lua,24,"function ENT:AcceptInput(name, activator)",lexical_candidate_not_semantic_analysis,not_ported
garrysmod/gamemodes/terrortown/entities/entities/ttt_map_settings.lua,5,function ENT:Initialize(),lexical_candidate_not_semantic_analysis,not_ported
garrysmod/gamemodes/terrortown/entities/entities/ttt_map_settings.lua,9,"function ENT:KeyValue(k, v)",lexical_candidate_not_semantic_analysis,not_ported
garrysmod/gamemodes/terrortown/entities/entities/ttt_map_settings.lua,38,"function ENT:AcceptInput(name, activator, caller, data)",lexical_candidate_not_semantic_analysis,not_ported
garrysmod/gamemodes/terrortown/entities/entities/ttt_map_settings.lua,59,"function ENT:RoundStateTrigger(r, data)",lexical_candidate_not_semantic_analysis,not_ported
garrysmod/gamemodes/terrortown/entities/entities/ttt_physhammer.lua,14,function ENT:Initialize(),lexical_candidate_not_semantic_analysis,not_ported
garrysmod/gamemodes/terrortown/entities/entities/ttt_physhammer.lua,34,function ENT:StickTo(ent),lexical_candidate_not_semantic_analysis,not_ported
garrysmod/gamemodes/terrortown/entities/entities/ttt_physhammer.lua,55,function ENT:OnRemove(),lexical_candidate_not_semantic_analysis,not_ported
garrysmod/gamemodes/terrortown/entities/entities/ttt_physhammer.lua,66,function ENT:StartEffects(),lexical_candidate_not_semantic_analysis,not_ported
garrysmod/gamemodes/terrortown/entities/entities/ttt_physhammer.lua,108,function ENT:Think(),lexical_candidate_not_semantic_analysis,not_ported
garrysmod/gamemodes/terrortown/entities/entities/ttt_radio.lua,19,function ENT:Initialize(),lexical_candidate_not_semantic_analysis,not_ported
garrysmod/gamemodes/terrortown/entities/entities/ttt_radio.lua,47,function ENT:UseOverride(activator),lexical_candidate_not_semantic_analysis,not_ported
garrysmod/gamemodes/terrortown/entities/entities/ttt_radio.lua,61,function ENT:OnTakeDamage(dmginfo),lexical_candidate_not_semantic_analysis,not_ported
garrysmod/gamemodes/terrortown/entities/entities/ttt_radio.lua,79,function ENT:OnRemove(),lexical_candidate_not_semantic_analysis,not_ported
garrysmod/gamemodes/terrortown/entities/entities/ttt_radio.lua,87,function ENT:AddSound(snd),lexical_candidate_not_semantic_analysis,not_ported
garrysmod/gamemodes/terrortown/entities/entities/ttt_radio.lua,93,"function ENT:PlayDelayedSound(snd, ampl, last)",lexical_candidate_not_semantic_analysis,not_ported
garrysmod/gamemodes/terrortown/entities/entities/ttt_radio.lua,105,function ENT:PlaySound(snd),lexical_candidate_not_semantic_analysis,not_ported
garrysmod/gamemodes/terrortown/entities/entities/ttt_radio.lua,158,function ENT:Think(),lexical_candidate_not_semantic_analysis,not_ported
garrysmod/gamemodes/terrortown/entities/entities/ttt_radio.lua,171,"local function RadioCmd(ply, cmd, args)",lexical_candidate_not_semantic_analysis,not_ported
garrysmod/gamemodes/terrortown/entities/entities/ttt_random_ammo.lua,7,function ENT:Initialize(),lexical_candidate_not_semantic_analysis,not_ported
garrysmod/gamemodes/terrortown/entities/entities/ttt_random_weapon.lua,8,"function ENT:KeyValue(key, value)",lexical_candidate_not_semantic_analysis,not_ported
garrysmod/gamemodes/terrortown/entities/entities/ttt_random_weapon.lua,14,function ENT:Initialize(),lexical_candidate_not_semantic_analysis,not_ported
garrysmod/gamemodes/terrortown/entities/entities/ttt_smokegrenade_proj.lua,11,function ENT:Initialize(),lexical_candidate_not_semantic_analysis,not_ported
garrysmod/gamemodes/terrortown/entities/entities/ttt_smokegrenade_proj.lua,24,function ENT:CreateSmoke(center),lexical_candidate_not_semantic_analysis,not_ported
garrysmod/gamemodes/terrortown/entities/entities/ttt_smokegrenade_proj.lua,59,function ENT:Explode(tr),lexical_candidate_not_semantic_analysis,not_ported
garrysmod/gamemodes/terrortown/entities/entities/ttt_traitor_button/init.lua,9,function ENT:Initialize(),lexical_candidate_not_semantic_analysis,not_ported
garrysmod/gamemodes/terrortown/entities/entities/ttt_traitor_button/init.lua,42,"function ENT:KeyValue(key, value)",lexical_candidate_not_semantic_analysis,not_ported
garrysmod/gamemodes/terrortown/entities/entities/ttt_traitor_button/init.lua,61,"function ENT:AcceptInput(name, activator)",lexical_candidate_not_semantic_analysis,not_ported
garrysmod/gamemodes/terrortown/entities/entities/ttt_traitor_button/init.lua,74,"function GAMEMODE:TTTCanUseTraitorButton(ent, ply)",lexical_candidate_not_semantic_analysis,not_ported
garrysmod/gamemodes/terrortown/entities/entities/ttt_traitor_button/init.lua,81,function ENT:TraitorUse(ply),lexical_candidate_not_semantic_analysis,not_ported
garrysmod/gamemodes/terrortown/entities/entities/ttt_traitor_button/init.lua,111,function ENT:UpdateTransmitState(),lexical_candidate_not_semantic_analysis,not_ported
garrysmod/gamemodes/terrortown/entities/entities/ttt_traitor_button/init.lua,115,"local function TraitorUseCmd(ply, cmd, args)",lexical_candidate_not_semantic_analysis,not_ported
garrysmod/gamemodes/terrortown/entities/entities/ttt_traitor_button/shared.lua,6,function ENT:SetupDataTables(),lexical_candidate_not_semantic_analysis,not_ported
garrysmod/gamemodes/terrortown/entities/entities/ttt_traitor_button/shared.lua,14,function ENT:IsUsable(),lexical_candidate_not_semantic_analysis,not_ported
garrysmod/gamemodes/terrortown/entities/entities/ttt_traitor_check.lua,5,"function ENT:KeyValue(key, value)",lexical_candidate_not_semantic_analysis,not_ported
garrysmod/gamemodes/terrortown/entities/entities/ttt_traitor_check.lua,12,"local function VectorInside(vec, mins, maxs)",lexical_candidate_not_semantic_analysis,not_ported
garrysmod/gamemodes/terrortown/entities/entities/ttt_traitor_check.lua,18,function ENT:CountTraitors(),lexical_candidate_not_semantic_analysis,not_ported
garrysmod/gamemodes/terrortown/entities/entities/ttt_traitor_check.lua,35,"function ENT:AcceptInput(name, activator, caller)",lexical_candidate_not_semantic_analysis,not_ported
garrysmod/gamemodes/terrortown/entities/entities/ttt_weapon_check.lua,5,"function ENT:KeyValue(key, value)",lexical_candidate_not_semantic_analysis,not_ported
garrysmod/gamemodes/terrortown/entities/entities/ttt_weapon_check.lua,12,"local function VectorInside(vec, mins, maxs)",lexical_candidate_not_semantic_analysis,not_ported
garrysmod/gamemodes/terrortown/entities/entities/ttt_weapon_check.lua,20,"local function HasWeaponType(ply, weptype)",lexical_candidate_not_semantic_analysis,not_ported
garrysmod/gamemodes/terrortown/entities/entities/ttt_weapon_check.lua,29,local function HasPrimary(ply),lexical_candidate_not_semantic_analysis,not_ported
garrysmod/gamemodes/terrortown/entities/entities/ttt_weapon_check.lua,33,local function HasSecondary(ply),lexical_candidate_not_semantic_analysis,not_ported
garrysmod/gamemodes/terrortown/entities/entities/ttt_weapon_check.lua,37,local function HasEquipment(ply),lexical_candidate_not_semantic_analysis,not_ported
garrysmod/gamemodes/terrortown/entities/entities/ttt_weapon_check.lua,41,local function HasNade(ply),lexical_candidate_not_semantic_analysis,not_ported
garrysmod/gamemodes/terrortown/entities/entities/ttt_weapon_check.lua,45,local function HasAny(ply),lexical_candidate_not_semantic_analysis,not_ported
garrysmod/gamemodes/terrortown/entities/entities/ttt_weapon_check.lua,49,local function HasNamed(name),lexical_candidate_not_semantic_analysis,not_ported
garrysmod/gamemodes/terrortown/entities/entities/ttt_weapon_check.lua,63,function ENT:GetWeaponChecker(check),lexical_candidate_not_semantic_analysis,not_ported
garrysmod/gamemodes/terrortown/entities/entities/ttt_weapon_check.lua,71,function ENT:TestWeapons(weptype),lexical_candidate_not_semantic_analysis,not_ported
garrysmod/gamemodes/terrortown/entities/entities/ttt_weapon_check.lua,97,"function ENT:AcceptInput(name, activator, caller, data)",lexical_candidate_not_semantic_analysis,not_ported
garrysmod/gamemodes/terrortown/entities/entities/ttt_win.lua,5,"function ENT:AcceptInput(name, activator, caller)",lexical_candidate_not_semantic_analysis,not_ported
garrysmod/gamemodes/terrortown/entities/weapons/weapon_ttt_beacon.lua,57,function SWEP:OnDrop(),lexical_candidate_not_semantic_analysis,not_ported
garrysmod/gamemodes/terrortown/entities/weapons/weapon_ttt_beacon.lua,61,function SWEP:PrimaryAttack(),lexical_candidate_not_semantic_analysis,not_ported
garrysmod/gamemodes/terrortown/entities/weapons/weapon_ttt_beacon.lua,68,function SWEP:SecondaryAttack(),lexical_candidate_not_semantic_analysis,not_ported
garrysmod/gamemodes/terrortown/entities/weapons/weapon_ttt_beacon.lua,80,function SWEP:BeaconDrop(),lexical_candidate_not_semantic_analysis,not_ported
garrysmod/gamemodes/terrortown/entities/weapons/weapon_ttt_beacon.lua,118,function SWEP:BeaconStick(),lexical_candidate_not_semantic_analysis,not_ported
garrysmod/gamemodes/terrortown/entities/weapons/weapon_ttt_beacon.lua,163,function SWEP:PlacedBeacon(),lexical_candidate_not_semantic_analysis,not_ported
garrysmod/gamemodes/terrortown/entities/weapons/weapon_ttt_beacon.lua,173,function SWEP:PickupBeacon(),lexical_candidate_not_semantic_analysis,not_ported
garrysmod/gamemodes/terrortown/entities/weapons/weapon_ttt_beacon.lua,183,function SWEP:WasBought(buyer),lexical_candidate_not_semantic_analysis,not_ported
garrysmod/gamemodes/terrortown/entities/weapons/weapon_ttt_beacon.lua,187,function SWEP:Reload(),lexical_candidate_not_semantic_analysis,not_ported
garrysmod/gamemodes/terrortown/entities/weapons/weapon_ttt_beacon.lua,191,function SWEP:OnRemove(),lexical_candidate_not_semantic_analysis,not_ported
garrysmod/gamemodes/terrortown/entities/weapons/weapon_ttt_beacon.lua,198,function SWEP:Initialize(),lexical_candidate_not_semantic_analysis,not_ported
garrysmod/gamemodes/terrortown/entities/weapons/weapon_ttt_beacon.lua,205,function SWEP:Deploy(),lexical_candidate_not_semantic_analysis,not_ported
garrysmod/gamemodes/terrortown/entities/weapons/weapon_ttt_beacon.lua,210,function SWEP:DrawWorldModel(flags),lexical_candidate_not_semantic_analysis,not_ported
garrysmod/gamemodes/terrortown/entities/weapons/weapon_ttt_beacon.lua,216,function SWEP:DrawWorldModelTranslucent(flags),lexical_candidate_not_semantic_analysis,not_ported
garrysmod/gamemodes/terrortown/entities/weapons/weapon_ttt_binoculars.lua,55,function SWEP:SetupDataTables(),lexical_candidate_not_semantic_analysis,not_ported
garrysmod/gamemodes/terrortown/entities/weapons/weapon_ttt_binoculars.lua,64,function SWEP:PrimaryAttack(),lexical_candidate_not_semantic_analysis,not_ported
garrysmod/gamemodes/terrortown/entities/weapons/weapon_ttt_binoculars.lua,78,function SWEP:SecondaryAttack(),lexical_candidate_not_semantic_analysis,not_ported
garrysmod/gamemodes/terrortown/entities/weapons/weapon_ttt_binoculars.lua,91,function SWEP:SetZoom(level),lexical_candidate_not_semantic_analysis,not_ported
garrysmod/gamemodes/terrortown/entities/weapons/weapon_ttt_binoculars.lua,100,function SWEP:CycleZoom(),lexical_candidate_not_semantic_analysis,not_ported
garrysmod/gamemodes/terrortown/entities/weapons/weapon_ttt_binoculars.lua,109,function SWEP:PreDrop(),lexical_candidate_not_semantic_analysis,not_ported
garrysmod/gamemodes/terrortown/entities/weapons/weapon_ttt_binoculars.lua,115,function SWEP:Holster(),lexical_candidate_not_semantic_analysis,not_ported
garrysmod/gamemodes/terrortown/entities/weapons/weapon_ttt_binoculars.lua,121,function SWEP:Deploy(),lexical_candidate_not_semantic_analysis,not_ported
garrysmod/gamemodes/terrortown/entities/weapons/weapon_ttt_binoculars.lua,129,function SWEP:Reload(),lexical_candidate_not_semantic_analysis,not_ported
garrysmod/gamemodes/terrortown/entities/weapons/weapon_ttt_binoculars.lua,133,function SWEP:IsTargetingCorpse(),lexical_candidate_not_semantic_analysis,not_ported
garrysmod/gamemodes/terrortown/entities/weapons/weapon_ttt_binoculars.lua,142,function SWEP:IdentifyCorpse(),lexical_candidate_not_semantic_analysis,not_ported
garrysmod/gamemodes/terrortown/entities/weapons/weapon_ttt_binoculars.lua,151,function SWEP:Think(),lexical_candidate_not_semantic_analysis,not_ported
garrysmod/gamemodes/terrortown/entities/weapons/weapon_ttt_binoculars.lua,169,function SWEP:OnRemove(),lexical_candidate_not_semantic_analysis,not_ported
garrysmod/gamemodes/terrortown/entities/weapons/weapon_ttt_binoculars.lua,176,function SWEP:Initialize(),lexical_candidate_not_semantic_analysis,not_ported
garrysmod/gamemodes/terrortown/entities/weapons/weapon_ttt_binoculars.lua,183,function SWEP:DrawHUD(),lexical_candidate_not_semantic_analysis,not_ported
garrysmod/gamemodes/terrortown/entities/weapons/weapon_ttt_binoculars.lua,233,function SWEP:DrawWorldModel(flags),lexical_candidate_not_semantic_analysis,not_ported
garrysmod/gamemodes/terrortown/entities/weapons/weapon_ttt_binoculars.lua,239,function SWEP:AdjustMouseSensitivity(),lexical_candidate_not_semantic_analysis,not_ported
garrysmod/gamemodes/terrortown/entities/weapons/weapon_ttt_c4.lua,52,function SWEP:PrimaryAttack(),lexical_candidate_not_semantic_analysis,not_ported
garrysmod/gamemodes/terrortown/entities/weapons/weapon_ttt_c4.lua,57,function SWEP:SecondaryAttack(),lexical_candidate_not_semantic_analysis,not_ported
garrysmod/gamemodes/terrortown/entities/weapons/weapon_ttt_c4.lua,63,function SWEP:BombDrop(),lexical_candidate_not_semantic_analysis,not_ported
garrysmod/gamemodes/terrortown/entities/weapons/weapon_ttt_c4.lua,111,function SWEP:BombStick(),lexical_candidate_not_semantic_analysis,not_ported
garrysmod/gamemodes/terrortown/entities/weapons/weapon_ttt_c4.lua,164,function SWEP:Reload(),lexical_candidate_not_semantic_analysis,not_ported
garrysmod/gamemodes/terrortown/entities/weapons/weapon_ttt_c4.lua,168,function SWEP:OnRemove(),lexical_candidate_not_semantic_analysis,not_ported
garrysmod/gamemodes/terrortown/entities/weapons/weapon_ttt_confgrenade.lua,34,function SWEP:GetGrenadeName(),lexical_candidate_not_semantic_analysis,not_ported
garrysmod/gamemodes/terrortown/entities/weapons/weapon_ttt_cse.lua,48,function SWEP:PrimaryAttack(),lexical_candidate_not_semantic_analysis,not_ported
garrysmod/gamemodes/terrortown/entities/weapons/weapon_ttt_cse.lua,53,function SWEP:SecondaryAttack(),lexical_candidate_not_semantic_analysis,not_ported
garrysmod/gamemodes/terrortown/entities/weapons/weapon_ttt_cse.lua,58,function SWEP:DrawWorldModel(),lexical_candidate_not_semantic_analysis,not_ported
garrysmod/gamemodes/terrortown/entities/weapons/weapon_ttt_cse.lua,61,function SWEP:OnDrop(),lexical_candidate_not_semantic_analysis,not_ported
garrysmod/gamemodes/terrortown/entities/weapons/weapon_ttt_cse.lua,65,function SWEP:PreDrop(isdeath),lexical_candidate_not_semantic_analysis,not_ported
garrysmod/gamemodes/terrortown/entities/weapons/weapon_ttt_cse.lua,74,function SWEP:Reload(),lexical_candidate_not_semantic_analysis,not_ported
garrysmod/gamemodes/terrortown/entities/weapons/weapon_ttt_cse.lua,78,function SWEP:OnRemove(),lexical_candidate_not_semantic_analysis,not_ported
garrysmod/gamemodes/terrortown/entities/weapons/weapon_ttt_cse.lua,86,function SWEP:DropDevice(),lexical_candidate_not_semantic_analysis,not_ported
garrysmod/gamemodes/terrortown/entities/weapons/weapon_ttt_cse.lua,126,function SWEP:Initialize(),lexical_candidate_not_semantic_analysis,not_ported
garrysmod/gamemodes/terrortown/entities/weapons/weapon_ttt_decoy.lua,47,function SWEP:OnDrop(),lexical_candidate_not_semantic_analysis,not_ported
garrysmod/gamemodes/terrortown/entities/weapons/weapon_ttt_decoy.lua,51,function SWEP:PrimaryAttack(),lexical_candidate_not_semantic_analysis,not_ported
garrysmod/gamemodes/terrortown/entities/weapons/weapon_ttt_decoy.lua,56,function SWEP:SecondaryAttack(),lexical_candidate_not_semantic_analysis,not_ported
garrysmod/gamemodes/terrortown/entities/weapons/weapon_ttt_decoy.lua,66,function SWEP:DecoyDrop(),lexical_candidate_not_semantic_analysis,not_ported
garrysmod/gamemodes/terrortown/entities/weapons/weapon_ttt_decoy.lua,104,function SWEP:DecoyStick(),lexical_candidate_not_semantic_analysis,not_ported
garrysmod/gamemodes/terrortown/entities/weapons/weapon_ttt_decoy.lua,146,function SWEP:PlacedDecoy(decoy),lexical_candidate_not_semantic_analysis,not_ported
garrysmod/gamemodes/terrortown/entities/weapons/weapon_ttt_decoy.lua,158,function SWEP:Reload(),lexical_candidate_not_semantic_analysis,not_ported
garrysmod/gamemodes/terrortown/entities/weapons/weapon_ttt_decoy.lua,162,function SWEP:OnRemove(),lexical_candidate_not_semantic_analysis,not_ported
garrysmod/gamemodes/terrortown/entities/weapons/weapon_ttt_decoy.lua,169,function SWEP:Initialize(),lexical_candidate_not_semantic_analysis,not_ported
garrysmod/gamemodes/terrortown/entities/weapons/weapon_ttt_decoy.lua,176,function SWEP:Deploy(),lexical_candidate_not_semantic_analysis,not_ported
garrysmod/gamemodes/terrortown/entities/weapons/weapon_ttt_decoy.lua,181,function SWEP:DrawWorldModel(flags),lexical_candidate_not_semantic_analysis,not_ported
garrysmod/gamemodes/terrortown/entities/weapons/weapon_ttt_decoy.lua,187,function SWEP:DrawWorldModelTranslucent(flags),lexical_candidate_not_semantic_analysis,not_ported
garrysmod/gamemodes/terrortown/entities/weapons/weapon_ttt_defuser.lua,44,function SWEP:PrimaryAttack(),lexical_candidate_not_semantic_analysis,not_ported
garrysmod/gamemodes/terrortown/entities/weapons/weapon_ttt_defuser.lua,65,function SWEP:SecondaryAttack(),lexical_candidate_not_semantic_analysis,not_ported
garrysmod/gamemodes/terrortown/entities/weapons/weapon_ttt_defuser.lua,72,function SWEP:Initialize(),lexical_candidate_not_semantic_analysis,not_ported
garrysmod/gamemodes/terrortown/entities/weapons/weapon_ttt_defuser.lua,78,function SWEP:DrawWorldModel(flags),lexical_candidate_not_semantic_analysis,not_ported
garrysmod/gamemodes/terrortown/entities/weapons/weapon_ttt_defuser.lua,85,function SWEP:Reload(),lexical_candidate_not_semantic_analysis,not_ported
garrysmod/gamemodes/terrortown/entities/weapons/weapon_ttt_defuser.lua,89,function SWEP:Deploy(),lexical_candidate_not_semantic_analysis,not_ported
garrysmod/gamemodes/terrortown/entities/weapons/weapon_ttt_defuser.lua,97,function SWEP:OnDrop(),lexical_candidate_not_semantic_analysis,not_ported
garrysmod/gamemodes/terrortown/entities/weapons/weapon_ttt_flaregun.lua,47,"local function RunIgniteTimer(ent, timer_name)",lexical_candidate_not_semantic_analysis,not_ported
garrysmod/gamemodes/terrortown/entities/weapons/weapon_ttt_flaregun.lua,66,local function ReceiveScorches(),lexical_candidate_not_semantic_analysis,not_ported
garrysmod/gamemodes/terrortown/entities/weapons/weapon_ttt_flaregun.lua,81,"SendScorches = function(ent, tbl)",lexical_candidate_not_semantic_analysis,not_ported
garrysmod/gamemodes/terrortown/entities/weapons/weapon_ttt_flaregun.lua,94,local function ScorchUnderRagdoll(ent),lexical_candidate_not_semantic_analysis,not_ported
garrysmod/gamemodes/terrortown/entities/weapons/weapon_ttt_flaregun.lua,118,"function IgniteTarget(att, path, dmginfo)",lexical_candidate_not_semantic_analysis,not_ported
garrysmod/gamemodes/terrortown/entities/weapons/weapon_ttt_flaregun.lua,165,function SWEP:ShootFlare(),lexical_candidate_not_semantic_analysis,not_ported
garrysmod/gamemodes/terrortown/entities/weapons/weapon_ttt_flaregun.lua,183,function SWEP:PrimaryAttack(),lexical_candidate_not_semantic_analysis,not_ported
garrysmod/gamemodes/terrortown/entities/weapons/weapon_ttt_flaregun.lua,207,function SWEP:SecondaryAttack(),lexical_candidate_not_semantic_analysis,not_ported
garrysmod/gamemodes/terrortown/entities/weapons/weapon_ttt_health_station.lua,46,function SWEP:OnDrop(),lexical_candidate_not_semantic_analysis,not_ported
garrysmod/gamemodes/terrortown/entities/weapons/weapon_ttt_health_station.lua,50,function SWEP:PrimaryAttack(),lexical_candidate_not_semantic_analysis,not_ported
garrysmod/gamemodes/terrortown/entities/weapons/weapon_ttt_health_station.lua,54,function SWEP:SecondaryAttack(),lexical_candidate_not_semantic_analysis,not_ported
garrysmod/gamemodes/terrortown/entities/weapons/weapon_ttt_health_station.lua,62,function SWEP:HealthDrop(),lexical_candidate_not_semantic_analysis,not_ported
garrysmod/gamemodes/terrortown/entities/weapons/weapon_ttt_health_station.lua,97,function SWEP:Reload(),lexical_candidate_not_semantic_analysis,not_ported
garrysmod/gamemodes/terrortown/entities/weapons/weapon_ttt_health_station.lua,101,function SWEP:OnRemove(),lexical_candidate_not_semantic_analysis,not_ported
garrysmod/gamemodes/terrortown/entities/weapons/weapon_ttt_health_station.lua,108,function SWEP:Initialize(),lexical_candidate_not_semantic_analysis,not_ported
garrysmod/gamemodes/terrortown/entities/weapons/weapon_ttt_health_station.lua,115,function SWEP:Deploy(),lexical_candidate_not_semantic_analysis,not_ported
garrysmod/gamemodes/terrortown/entities/weapons/weapon_ttt_health_station.lua,122,function SWEP:DrawWorldModel(),lexical_candidate_not_semantic_analysis,not_ported
garrysmod/gamemodes/terrortown/entities/weapons/weapon_ttt_health_station.lua,125,function SWEP:DrawWorldModelTranslucent(),lexical_candidate_not_semantic_analysis,not_ported
garrysmod/gamemodes/terrortown/entities/weapons/weapon_ttt_knife.lua,51,function SWEP:PrimaryAttack(),lexical_candidate_not_semantic_analysis,not_ported
garrysmod/gamemodes/terrortown/entities/weapons/weapon_ttt_knife.lua,121,"function SWEP:StabKill(tr, spos, sdest)",lexical_candidate_not_semantic_analysis,not_ported
garrysmod/gamemodes/terrortown/entities/weapons/weapon_ttt_knife.lua,156,target.effect_fn = function(rag),lexical_candidate_not_semantic_analysis,not_ported
garrysmod/gamemodes/terrortown/entities/weapons/weapon_ttt_knife.lua,201,function SWEP:SecondaryAttack(),lexical_candidate_not_semantic_analysis,not_ported
garrysmod/gamemodes/terrortown/entities/weapons/weapon_ttt_knife.lua,259,function SWEP:Equip(),lexical_candidate_not_semantic_analysis,not_ported
garrysmod/gamemodes/terrortown/entities/weapons/weapon_ttt_knife.lua,264,function SWEP:PreDrop(),lexical_candidate_not_semantic_analysis,not_ported
garrysmod/gamemodes/terrortown/entities/weapons/weapon_ttt_knife.lua,269,function SWEP:OnRemove(),lexical_candidate_not_semantic_analysis,not_ported
garrysmod/gamemodes/terrortown/entities/weapons/weapon_ttt_knife.lua,277,function SWEP:DrawHUD(),lexical_candidate_not_semantic_analysis,not_ported
garrysmod/gamemodes/terrortown/entities/weapons/weapon_ttt_m16.lua,43,function SWEP:SetZoom(state),lexical_candidate_not_semantic_analysis,not_ported
garrysmod/gamemodes/terrortown/entities/weapons/weapon_ttt_m16.lua,53,function SWEP:SecondaryAttack(),lexical_candidate_not_semantic_analysis,not_ported
garrysmod/gamemodes/terrortown/entities/weapons/weapon_ttt_m16.lua,66,function SWEP:PreDrop(),lexical_candidate_not_semantic_analysis,not_ported
garrysmod/gamemodes/terrortown/entities/weapons/weapon_ttt_m16.lua,72,function SWEP:Reload(),lexical_candidate_not_semantic_analysis,not_ported
garrysmod/gamemodes/terrortown/entities/weapons/weapon_ttt_m16.lua,82,function SWEP:Holster(),lexical_candidate_not_semantic_analysis,not_ported
garrysmod/gamemodes/terrortown/entities/weapons/weapon_ttt_phammer.lua,56,local function ValidTarget(ent),lexical_candidate_not_semantic_analysis,not_ported
garrysmod/gamemodes/terrortown/entities/weapons/weapon_ttt_phammer.lua,61,function SWEP:SetupDataTables(),lexical_candidate_not_semantic_analysis,not_ported
garrysmod/gamemodes/terrortown/entities/weapons/weapon_ttt_phammer.lua,66,function SWEP:Initialize(),lexical_candidate_not_semantic_analysis,not_ported
garrysmod/gamemodes/terrortown/entities/weapons/weapon_ttt_phammer.lua,95,function SWEP:PreDrop(),lexical_candidate_not_semantic_analysis,not_ported
garrysmod/gamemodes/terrortown/entities/weapons/weapon_ttt_phammer.lua,103,function SWEP:HideGhost(),lexical_candidate_not_semantic_analysis,not_ported
garrysmod/gamemodes/terrortown/entities/weapons/weapon_ttt_phammer.lua,109,function SWEP:PrimaryAttack(),lexical_candidate_not_semantic_analysis,not_ported
garrysmod/gamemodes/terrortown/entities/weapons/weapon_ttt_phammer.lua,134,function SWEP:SecondaryAttack(),lexical_candidate_not_semantic_analysis,not_ported
garrysmod/gamemodes/terrortown/entities/weapons/weapon_ttt_phammer.lua,160,"function SWEP:CreateHammer(tgt, pos)",lexical_candidate_not_semantic_analysis,not_ported
garrysmod/gamemodes/terrortown/entities/weapons/weapon_ttt_phammer.lua,180,function SWEP:OnRemove(),lexical_candidate_not_semantic_analysis,not_ported
garrysmod/gamemodes/terrortown/entities/weapons/weapon_ttt_phammer.lua,189,function SWEP:Holster(),lexical_candidate_not_semantic_analysis,not_ported
garrysmod/gamemodes/terrortown/entities/weapons/weapon_ttt_phammer.lua,206,function SWEP:Think(),lexical_candidate_not_semantic_analysis,not_ported
garrysmod/gamemodes/terrortown/entities/weapons/weapon_ttt_phammer.lua,247,local function around( val ),lexical_candidate_not_semantic_analysis,not_ported
garrysmod/gamemodes/terrortown/entities/weapons/weapon_ttt_phammer.lua,254,"function SWEP:UpdateGhost(pos, c, a)",lexical_candidate_not_semantic_analysis,not_ported
garrysmod/gamemodes/terrortown/entities/weapons/weapon_ttt_phammer.lua,273,function SWEP:ViewModelDrawn(),lexical_candidate_not_semantic_analysis,not_ported
garrysmod/gamemodes/terrortown/entities/weapons/weapon_ttt_phammer.lua,349,function SWEP:DrawHUD(),lexical_candidate_not_semantic_analysis,not_ported
garrysmod/gamemodes/terrortown/entities/weapons/weapon_ttt_push.lua,59,function SWEP:Initialize(),lexical_candidate_not_semantic_analysis,not_ported
garrysmod/gamemodes/terrortown/entities/weapons/weapon_ttt_push.lua,66,function SWEP:SetupDataTables(),lexical_candidate_not_semantic_analysis,not_ported
garrysmod/gamemodes/terrortown/entities/weapons/weapon_ttt_push.lua,70,function SWEP:PrimaryAttack(),lexical_candidate_not_semantic_analysis,not_ported
garrysmod/gamemodes/terrortown/entities/weapons/weapon_ttt_push.lua,79,function SWEP:SecondaryAttack(),lexical_candidate_not_semantic_analysis,not_ported
garrysmod/gamemodes/terrortown/entities/weapons/weapon_ttt_push.lua,88,"function SWEP:FirePulse(force_fwd, force_up)",lexical_candidate_not_semantic_analysis,not_ported
garrysmod/gamemodes/terrortown/entities/weapons/weapon_ttt_push.lua,115,"bullet.Callback = function(att, tr, dmginfo)",lexical_candidate_not_semantic_analysis,not_ported
garrysmod/gamemodes/terrortown/entities/weapons/weapon_ttt_push.lua,138,function SWEP:ChargedAttack(),lexical_candidate_not_semantic_analysis,not_ported
garrysmod/gamemodes/terrortown/entities/weapons/weapon_ttt_push.lua,162,function SWEP:PreDrop(death_drop),lexical_candidate_not_semantic_analysis,not_ported
garrysmod/gamemodes/terrortown/entities/weapons/weapon_ttt_push.lua,172,function SWEP:OnRemove(),lexical_candidate_not_semantic_analysis,not_ported
garrysmod/gamemodes/terrortown/entities/weapons/weapon_ttt_push.lua,177,function SWEP:Deploy(),lexical_candidate_not_semantic_analysis,not_ported
garrysmod/gamemodes/terrortown/entities/weapons/weapon_ttt_push.lua,183,function SWEP:Holster(),lexical_candidate_not_semantic_analysis,not_ported
garrysmod/gamemodes/terrortown/entities/weapons/weapon_ttt_push.lua,187,function SWEP:Think(),lexical_candidate_not_semantic_analysis,not_ported
garrysmod/gamemodes/terrortown/entities/weapons/weapon_ttt_push.lua,207,function SWEP:DrawHUD(),lexical_candidate_not_semantic_analysis,not_ported
garrysmod/gamemodes/terrortown/entities/weapons/weapon_ttt_radio.lua,48,function SWEP:OnDrop(),lexical_candidate_not_semantic_analysis,not_ported
garrysmod/gamemodes/terrortown/entities/weapons/weapon_ttt_radio.lua,52,function SWEP:PrimaryAttack(),lexical_candidate_not_semantic_analysis,not_ported
garrysmod/gamemodes/terrortown/entities/weapons/weapon_ttt_radio.lua,56,function SWEP:SecondaryAttack(),lexical_candidate_not_semantic_analysis,not_ported
garrysmod/gamemodes/terrortown/entities/weapons/weapon_ttt_radio.lua,64,function SWEP:RadioDrop(),lexical_candidate_not_semantic_analysis,not_ported
garrysmod/gamemodes/terrortown/entities/weapons/weapon_ttt_radio.lua,98,function SWEP:RadioStick(),lexical_candidate_not_semantic_analysis,not_ported
garrysmod/gamemodes/terrortown/entities/weapons/weapon_ttt_radio.lua,143,function SWEP:Reload(),lexical_candidate_not_semantic_analysis,not_ported
garrysmod/gamemodes/terrortown/entities/weapons/weapon_ttt_radio.lua,147,function SWEP:OnRemove(),lexical_candidate_not_semantic_analysis,not_ported
garrysmod/gamemodes/terrortown/entities/weapons/weapon_ttt_radio.lua,154,function SWEP:Initialize(),lexical_candidate_not_semantic_analysis,not_ported
garrysmod/gamemodes/terrortown/entities/weapons/weapon_ttt_radio.lua,164,function SWEP:Deploy(),lexical_candidate_not_semantic_analysis,not_ported
garrysmod/gamemodes/terrortown/entities/weapons/weapon_ttt_radio.lua,171,function SWEP:DrawWorldModel(),lexical_candidate_not_semantic_analysis,not_ported
garrysmod/gamemodes/terrortown/entities/weapons/weapon_ttt_radio.lua,174,function SWEP:DrawWorldModelTranslucent(),lexical_candidate_not_semantic_analysis,not_ported
garrysmod/gamemodes/terrortown/entities/weapons/weapon_ttt_sipistol.lua,53,function SWEP:Deploy(),lexical_candidate_not_semantic_analysis,not_ported
garrysmod/gamemodes/terrortown/entities/weapons/weapon_ttt_sipistol.lua,59,function SWEP:WasBought(buyer),lexical_candidate_not_semantic_analysis,not_ported
garrysmod/gamemodes/terrortown/entities/weapons/weapon_ttt_smokegrenade.lua,31,function SWEP:GetGrenadeName(),lexical_candidate_not_semantic_analysis,not_ported
garrysmod/gamemodes/terrortown/entities/weapons/weapon_ttt_stungun.lua,50,"function SWEP:ShootBullet( dmg, recoil, numbul, cone )",lexical_candidate_not_semantic_analysis,not_ported
garrysmod/gamemodes/terrortown/entities/weapons/weapon_ttt_stungun.lua,70,"bullet.Callback = function(att, tr, dmginfo)",lexical_candidate_not_semantic_analysis,not_ported
garrysmod/gamemodes/terrortown/entities/weapons/weapon_ttt_teleport.lua,52,"function SWEP:SetTeleportMark(pos, ang)",lexical_candidate_not_semantic_analysis,not_ported
garrysmod/gamemodes/terrortown/entities/weapons/weapon_ttt_teleport.lua,56,function SWEP:GetTeleportMark() return self.teleport end,lexical_candidate_not_semantic_analysis,not_ported
garrysmod/gamemodes/terrortown/entities/weapons/weapon_ttt_teleport.lua,58,function SWEP:PrimaryAttack(),lexical_candidate_not_semantic_analysis,not_ported
garrysmod/gamemodes/terrortown/entities/weapons/weapon_ttt_teleport.lua,76,function SWEP:SecondaryAttack(),lexical_candidate_not_semantic_analysis,not_ported
garrysmod/gamemodes/terrortown/entities/weapons/weapon_ttt_teleport.lua,89,"local function Telefrag(victim, attacker, weapon)",lexical_candidate_not_semantic_analysis,not_ported
garrysmod/gamemodes/terrortown/entities/weapons/weapon_ttt_teleport.lua,104,local function ShouldCollide(ent),lexical_candidate_not_semantic_analysis,not_ported
garrysmod/gamemodes/terrortown/entities/weapons/weapon_ttt_teleport.lua,113,"local function TeleportPlayer(ply, teleport)",lexical_candidate_not_semantic_analysis,not_ported
garrysmod/gamemodes/terrortown/entities/weapons/weapon_ttt_teleport.lua,142,"local function CanTeleportToPos(ply, pos)",lexical_candidate_not_semantic_analysis,not_ported
garrysmod/gamemodes/terrortown/entities/weapons/weapon_ttt_teleport.lua,198,"local function DoTeleport(ply, teleport, weapon)",lexical_candidate_not_semantic_analysis,not_ported
garrysmod/gamemodes/terrortown/entities/weapons/weapon_ttt_teleport.lua,231,"local function StartTeleport(ply, teleport, weapon)",lexical_candidate_not_semantic_analysis,not_ported
garrysmod/gamemodes/terrortown/entities/weapons/weapon_ttt_teleport.lua,262,function SWEP:TeleportRecall(),lexical_candidate_not_semantic_analysis,not_ported
garrysmod/gamemodes/terrortown/entities/weapons/weapon_ttt_teleport.lua,290,"local function CanStoreTeleportPos(ply, pos)",lexical_candidate_not_semantic_analysis,not_ported
garrysmod/gamemodes/terrortown/entities/weapons/weapon_ttt_teleport.lua,301,function SWEP:TeleportStore(),lexical_candidate_not_semantic_analysis,not_ported
garrysmod/gamemodes/terrortown/entities/weapons/weapon_ttt_teleport.lua,319,function SWEP:Reload(),lexical_candidate_not_semantic_analysis,not_ported
garrysmod/gamemodes/terrortown/entities/weapons/weapon_ttt_teleport.lua,325,function SWEP:Initialize(),lexical_candidate_not_semantic_analysis,not_ported
garrysmod/gamemodes/terrortown/entities/weapons/weapon_ttt_teleport.lua,332,function SWEP:Deploy(),lexical_candidate_not_semantic_analysis,not_ported
garrysmod/gamemodes/terrortown/entities/weapons/weapon_ttt_teleport.lua,340,function SWEP:ShootEffects() end,lexical_candidate_not_semantic_analysis,not_ported
garrysmod/gamemodes/terrortown/entities/weapons/weapon_ttt_unarmed.lua,34,function SWEP:GetClass(),lexical_candidate_not_semantic_analysis,not_ported
garrysmod/gamemodes/terrortown/entities/weapons/weapon_ttt_unarmed.lua,38,function SWEP:OnDrop(),lexical_candidate_not_semantic_analysis,not_ported
garrysmod/gamemodes/terrortown/entities/weapons/weapon_ttt_unarmed.lua,42,function SWEP:ShouldDropOnDie(),lexical_candidate_not_semantic_analysis,not_ported
garrysmod/gamemodes/terrortown/entities/weapons/weapon_ttt_unarmed.lua,46,function SWEP:PrimaryAttack(),lexical_candidate_not_semantic_analysis,not_ported
garrysmod/gamemodes/terrortown/entities/weapons/weapon_ttt_unarmed.lua,49,function SWEP:SecondaryAttack(),lexical_candidate_not_semantic_analysis,not_ported
garrysmod/gamemodes/terrortown/entities/weapons/weapon_ttt_unarmed.lua,52,function SWEP:Reload(),lexical_candidate_not_semantic_analysis,not_ported
garrysmod/gamemodes/terrortown/entities/weapons/weapon_ttt_unarmed.lua,55,function SWEP:Deploy(),lexical_candidate_not_semantic_analysis,not_ported
garrysmod/gamemodes/terrortown/entities/weapons/weapon_ttt_unarmed.lua,65,function SWEP:Holster(),lexical_candidate_not_semantic_analysis,not_ported
garrysmod/gamemodes/terrortown/entities/weapons/weapon_ttt_unarmed.lua,69,function SWEP:DrawWorldModel(),lexical_candidate_not_semantic_analysis,not_ported
garrysmod/gamemodes/terrortown/entities/weapons/weapon_ttt_unarmed.lua,72,function SWEP:DrawWorldModelTranslucent(),lexical_candidate_not_semantic_analysis,not_ported
garrysmod/gamemodes/terrortown/entities/weapons/weapon_ttt_wtester.lua,73,function SWEP:GetRepeating(),lexical_candidate_not_semantic_analysis,not_ported
garrysmod/gamemodes/terrortown/entities/weapons/weapon_ttt_wtester.lua,81,function SWEP:SetupDataTables(),lexical_candidate_not_semantic_analysis,not_ported
garrysmod/gamemodes/terrortown/entities/weapons/weapon_ttt_wtester.lua,88,function SWEP:Initialize(),lexical_candidate_not_semantic_analysis,not_ported
garrysmod/gamemodes/terrortown/entities/weapons/weapon_ttt_wtester.lua,101,function SWEP:PrimaryAttack(),lexical_candidate_not_semantic_analysis,not_ported
garrysmod/gamemodes/terrortown/entities/weapons/weapon_ttt_wtester.lua,135,function SWEP:GatherRagdollSample(ent),lexical_candidate_not_semantic_analysis,not_ported
garrysmod/gamemodes/terrortown/entities/weapons/weapon_ttt_wtester.lua,168,function SWEP:GatherObjectSample(ent),lexical_candidate_not_semantic_analysis,not_ported
garrysmod/gamemodes/terrortown/entities/weapons/weapon_ttt_wtester.lua,182,"function SWEP:Report(msg, params)",lexical_candidate_not_semantic_analysis,not_ported
garrysmod/gamemodes/terrortown/entities/weapons/weapon_ttt_wtester.lua,186,"function SWEP:AddPlayerSample(corpse, killer)",lexical_candidate_not_semantic_analysis,not_ported
garrysmod/gamemodes/terrortown/entities/weapons/weapon_ttt_wtester.lua,201,function SWEP:AddItemSample(ent),lexical_candidate_not_semantic_analysis,not_ported
garrysmod/gamemodes/terrortown/entities/weapons/weapon_ttt_wtester.lua,229,function SWEP:RemoveItemSample(idx),lexical_candidate_not_semantic_analysis,not_ported
garrysmod/gamemodes/terrortown/entities/weapons/weapon_ttt_wtester.lua,241,function SWEP:SecondaryAttack(),lexical_candidate_not_semantic_analysis,not_ported
garrysmod/gamemodes/terrortown/entities/weapons/weapon_ttt_wtester.lua,253,function SWEP:SendPrints(should_open),lexical_candidate_not_semantic_analysis,not_ported
garrysmod/gamemodes/terrortown/entities/weapons/weapon_ttt_wtester.lua,265,function SWEP:SendScan(pos),lexical_candidate_not_semantic_analysis,not_ported
garrysmod/gamemodes/terrortown/entities/weapons/weapon_ttt_wtester.lua,275,function SWEP:ClearScanState(),lexical_candidate_not_semantic_analysis,not_ported
garrysmod/gamemodes/terrortown/entities/weapons/weapon_ttt_wtester.lua,281,local function GetScanTarget(sample),lexical_candidate_not_semantic_analysis,not_ported
garrysmod/gamemodes/terrortown/entities/weapons/weapon_ttt_wtester.lua,299,"function SWEP:PerformScan(idx, repeated)",lexical_candidate_not_semantic_analysis,not_ported
garrysmod/gamemodes/terrortown/entities/weapons/weapon_ttt_wtester.lua,329,function SWEP:Think(),lexical_candidate_not_semantic_analysis,not_ported
garrysmod/gamemodes/terrortown/entities/weapons/weapon_ttt_wtester.lua,350,local function GetTester(ply),lexical_candidate_not_semantic_analysis,not_ported
garrysmod/gamemodes/terrortown/entities/weapons/weapon_ttt_wtester.lua,367,function SWEP:DrawHUD(),lexical_candidate_not_semantic_analysis,not_ported
garrysmod/gamemodes/terrortown/entities/weapons/weapon_ttt_wtester.lua,421,local function GetDisplayData(cls),lexical_candidate_not_semantic_analysis,not_ported
garrysmod/gamemodes/terrortown/entities/weapons/weapon_ttt_wtester.lua,439,"local function ShowPrintsPopup(item_prints, tester)",lexical_candidate_not_semantic_analysis,not_ported
garrysmod/gamemodes/terrortown/entities/weapons/weapon_ttt_wtester.lua,466,"ilist.OnActivePanelChanged = function(s, old, new)",lexical_candidate_not_semantic_analysis,not_ported
garrysmod/gamemodes/terrortown/entities/weapons/weapon_ttt_wtester.lua,470,"ilist.OnScan = function(s, scanned_pnl)",lexical_candidate_not_semantic_analysis,not_ported
garrysmod/gamemodes/terrortown/entities/weapons/weapon_ttt_wtester.lua,488,"iscroll.LoadFrom = function(s, tbl, layout)",lexical_candidate_not_semantic_analysis,not_ported
garrysmod/gamemodes/terrortown/entities/weapons/weapon_ttt_wtester.lua,549,delitem.DoClick = function(),lexical_candidate_not_semantic_analysis,not_ported
garrysmod/gamemodes/terrortown/entities/weapons/weapon_ttt_wtester.lua,556,delitem.Think = function(s),lexical_candidate_not_semantic_analysis,not_ported
garrysmod/gamemodes/terrortown/entities/weapons/weapon_ttt_wtester.lua,605,scan.DoClick = function(s),lexical_candidate_not_semantic_analysis,not_ported
garrysmod/gamemodes/terrortown/entities/weapons/weapon_ttt_wtester.lua,636,dbut.DoClick = function() dpanel:Close() end,lexical_candidate_not_semantic_analysis,not_ported
garrysmod/gamemodes/terrortown/entities/weapons/weapon_ttt_wtester.lua,642,"dpanel.UpdatePrints = function(s, its)",lexical_candidate_not_semantic_analysis,not_ported
garrysmod/gamemodes/terrortown/entities/weapons/weapon_ttt_wtester.lua,648,dpanel.Think = function(s),lexical_candidate_not_semantic_analysis,not_ported
garrysmod/gamemodes/terrortown/entities/weapons/weapon_ttt_wtester.lua,680,local function RecvPrints(),lexical_candidate_not_semantic_analysis,not_ported
garrysmod/gamemodes/terrortown/entities/weapons/weapon_ttt_wtester.lua,707,local function RecvScan(),lexical_candidate_not_semantic_analysis,not_ported
garrysmod/gamemodes/terrortown/entities/weapons/weapon_ttt_wtester.lua,728,function SWEP:ClosePrintsPanel(),lexical_candidate_not_semantic_analysis,not_ported
garrysmod/gamemodes/terrortown/entities/weapons/weapon_ttt_wtester.lua,736,"local function ScanPrint(ply, cmd, args)",lexical_candidate_not_semantic_analysis,not_ported
garrysmod/gamemodes/terrortown/entities/weapons/weapon_ttt_wtester.lua,750,"local function RemoveSample(ply, cmd, args)",lexical_candidate_not_semantic_analysis,not_ported
garrysmod/gamemodes/terrortown/entities/weapons/weapon_ttt_wtester.lua,765,function SWEP:OnRemove(),lexical_candidate_not_semantic_analysis,not_ported
garrysmod/gamemodes/terrortown/entities/weapons/weapon_ttt_wtester.lua,771,function SWEP:OnDrop(),lexical_candidate_not_semantic_analysis,not_ported
garrysmod/gamemodes/terrortown/entities/weapons/weapon_ttt_wtester.lua,774,function SWEP:PreDrop(),lexical_candidate_not_semantic_analysis,not_ported
garrysmod/gamemodes/terrortown/entities/weapons/weapon_ttt_wtester.lua,780,function SWEP:Reload(),lexical_candidate_not_semantic_analysis,not_ported
garrysmod/gamemodes/terrortown/entities/weapons/weapon_ttt_wtester.lua,784,function SWEP:Deploy(),lexical_candidate_not_semantic_analysis,not_ported
garrysmod/gamemodes/terrortown/entities/weapons/weapon_ttt_wtester.lua,793,function SWEP:DrawWorldModel(flags),lexical_candidate_not_semantic_analysis,not_ported
garrysmod/gamemodes/terrortown/entities/weapons/weapon_tttbase.lua,147,"function SWEP:DrawHUD(static, gap)",lexical_candidate_not_semantic_analysis,not_ported
garrysmod/gamemodes/terrortown/entities/weapons/weapon_tttbase.lua,248,function SWEP:DrawHelp(),lexical_candidate_not_semantic_analysis,not_ported
garrysmod/gamemodes/terrortown/entities/weapons/weapon_tttbase.lua,280,"function SWEP:AddHUDHelp(primary_text, secondary_text, translate, extra_params)",lexical_candidate_not_semantic_analysis,not_ported
garrysmod/gamemodes/terrortown/entities/weapons/weapon_tttbase.lua,293,function SWEP:SPLastShoot(),lexical_candidate_not_semantic_analysis,not_ported
garrysmod/gamemodes/terrortown/entities/weapons/weapon_tttbase.lua,300,function SWEP:PrimaryAttack(worldsnd),lexical_candidate_not_semantic_analysis,not_ported
garrysmod/gamemodes/terrortown/entities/weapons/weapon_tttbase.lua,327,function SWEP:DryFire(setnext),lexical_candidate_not_semantic_analysis,not_ported
garrysmod/gamemodes/terrortown/entities/weapons/weapon_tttbase.lua,337,function SWEP:CanPrimaryAttack(),lexical_candidate_not_semantic_analysis,not_ported
garrysmod/gamemodes/terrortown/entities/weapons/weapon_tttbase.lua,347,function SWEP:CanSecondaryAttack(),lexical_candidate_not_semantic_analysis,not_ported
garrysmod/gamemodes/terrortown/entities/weapons/weapon_tttbase.lua,357,"local function Sparklies(attacker, tr, dmginfo)",lexical_candidate_not_semantic_analysis,not_ported
garrysmod/gamemodes/terrortown/entities/weapons/weapon_tttbase.lua,366,"function SWEP:ShootBullet( dmg, recoil, numbul, cone )",lexical_candidate_not_semantic_analysis,not_ported
garrysmod/gamemodes/terrortown/entities/weapons/weapon_tttbase.lua,410,function SWEP:GetPrimaryCone(),lexical_candidate_not_semantic_analysis,not_ported
garrysmod/gamemodes/terrortown/entities/weapons/weapon_tttbase.lua,416,"function SWEP:GetHeadshotMultiplier(victim, dmginfo)",lexical_candidate_not_semantic_analysis,not_ported
garrysmod/gamemodes/terrortown/entities/weapons/weapon_tttbase.lua,420,function SWEP:IsEquipment(),lexical_candidate_not_semantic_analysis,not_ported
garrysmod/gamemodes/terrortown/entities/weapons/weapon_tttbase.lua,424,function SWEP:DrawWeaponSelection() end,lexical_candidate_not_semantic_analysis,not_ported
garrysmod/gamemodes/terrortown/entities/weapons/weapon_tttbase.lua,426,function SWEP:SecondaryAttack(),lexical_candidate_not_semantic_analysis,not_ported
garrysmod/gamemodes/terrortown/entities/weapons/weapon_tttbase.lua,434,function SWEP:Deploy(),lexical_candidate_not_semantic_analysis,not_ported
garrysmod/gamemodes/terrortown/entities/weapons/weapon_tttbase.lua,439,function SWEP:Reload(),lexical_candidate_not_semantic_analysis,not_ported
garrysmod/gamemodes/terrortown/entities/weapons/weapon_tttbase.lua,446,function SWEP:OnRestore(),lexical_candidate_not_semantic_analysis,not_ported
garrysmod/gamemodes/terrortown/entities/weapons/weapon_tttbase.lua,451,function SWEP:Ammo1(),lexical_candidate_not_semantic_analysis,not_ported
garrysmod/gamemodes/terrortown/entities/weapons/weapon_tttbase.lua,457,function SWEP:PreDrop(),lexical_candidate_not_semantic_analysis,not_ported
garrysmod/gamemodes/terrortown/entities/weapons/weapon_tttbase.lua,476,function SWEP:DampenDrop(),lexical_candidate_not_semantic_analysis,not_ported
garrysmod/gamemodes/terrortown/entities/weapons/weapon_tttbase.lua,491,function SWEP:Equip(newowner),lexical_candidate_not_semantic_analysis,not_ported
garrysmod/gamemodes/terrortown/entities/weapons/weapon_tttbase.lua,523,function SWEP:WasBought(buyer),lexical_candidate_not_semantic_analysis,not_ported
garrysmod/gamemodes/terrortown/entities/weapons/weapon_tttbase.lua,526,function SWEP:SetIronsights(b),lexical_candidate_not_semantic_analysis,not_ported
garrysmod/gamemodes/terrortown/entities/weapons/weapon_tttbase.lua,538,function SWEP:GetIronsights(),lexical_candidate_not_semantic_analysis,not_ported
garrysmod/gamemodes/terrortown/entities/weapons/weapon_tttbase.lua,544,function SWEP:GetIronsightsTime() return -1 end,lexical_candidate_not_semantic_analysis,not_ported
garrysmod/gamemodes/terrortown/entities/weapons/weapon_tttbase.lua,545,function SWEP:SetIronsightsTime( time ) end,lexical_candidate_not_semantic_analysis,not_ported
garrysmod/gamemodes/terrortown/entities/weapons/weapon_tttbase.lua,546,function SWEP:GetIronsightsPredicted() return false end,lexical_candidate_not_semantic_analysis,not_ported
garrysmod/gamemodes/terrortown/entities/weapons/weapon_tttbase.lua,547,function SWEP:SetIronsightsPredicted( bool ) end,lexical_candidate_not_semantic_analysis,not_ported
garrysmod/gamemodes/terrortown/entities/weapons/weapon_tttbase.lua,551,function SWEP:SetupDataTables(),lexical_candidate_not_semantic_analysis,not_ported
garrysmod/gamemodes/terrortown/entities/weapons/weapon_tttbase.lua,577,function SWEP:Initialize(),lexical_candidate_not_semantic_analysis,not_ported
garrysmod/gamemodes/terrortown/entities/weapons/weapon_tttbase.lua,602,function SWEP:CalcViewModel(),lexical_candidate_not_semantic_analysis,not_ported
garrysmod/gamemodes/terrortown/entities/weapons/weapon_tttbase.lua,612,function SWEP:Think(),lexical_candidate_not_semantic_analysis,not_ported
garrysmod/gamemodes/terrortown/entities/weapons/weapon_tttbase.lua,616,function SWEP:DyingShot(),lexical_candidate_not_semantic_analysis,not_ported
garrysmod/gamemodes/terrortown/entities/weapons/weapon_tttbase.lua,654,"function SWEP:GetViewModelPosition( pos, ang )",lexical_candidate_not_semantic_analysis,not_ported
garrysmod/gamemodes/terrortown/entities/weapons/weapon_tttbasegrenade.lua,52,function SWEP:SetupDataTables(),lexical_candidate_not_semantic_analysis,not_ported
garrysmod/gamemodes/terrortown/entities/weapons/weapon_tttbasegrenade.lua,57,function SWEP:PrimaryAttack(),lexical_candidate_not_semantic_analysis,not_ported
garrysmod/gamemodes/terrortown/entities/weapons/weapon_tttbasegrenade.lua,67,function SWEP:SecondaryAttack(),lexical_candidate_not_semantic_analysis,not_ported
garrysmod/gamemodes/terrortown/entities/weapons/weapon_tttbasegrenade.lua,70,function SWEP:PullPin(),lexical_candidate_not_semantic_analysis,not_ported
garrysmod/gamemodes/terrortown/entities/weapons/weapon_tttbasegrenade.lua,88,function SWEP:Think(),lexical_candidate_not_semantic_analysis,not_ported
garrysmod/gamemodes/terrortown/entities/weapons/weapon_tttbasegrenade.lua,117,function SWEP:BlowInFace(),lexical_candidate_not_semantic_analysis,not_ported
garrysmod/gamemodes/terrortown/entities/weapons/weapon_tttbasegrenade.lua,137,function SWEP:StartThrow(),lexical_candidate_not_semantic_analysis,not_ported
garrysmod/gamemodes/terrortown/entities/weapons/weapon_tttbasegrenade.lua,141,function SWEP:Throw(),lexical_candidate_not_semantic_analysis,not_ported
garrysmod/gamemodes/terrortown/entities/weapons/weapon_tttbasegrenade.lua,174,function SWEP:GetGrenadeName(),lexical_candidate_not_semantic_analysis,not_ported
garrysmod/gamemodes/terrortown/entities/weapons/weapon_tttbasegrenade.lua,180,"function SWEP:CreateGrenade(src, ang, vel, angimp, ply)",lexical_candidate_not_semantic_analysis,not_ported
garrysmod/gamemodes/terrortown/entities/weapons/weapon_tttbasegrenade.lua,211,function SWEP:PreDrop(),lexical_candidate_not_semantic_analysis,not_ported
garrysmod/gamemodes/terrortown/entities/weapons/weapon_tttbasegrenade.lua,219,function SWEP:Deploy(),lexical_candidate_not_semantic_analysis,not_ported
garrysmod/gamemodes/terrortown/entities/weapons/weapon_tttbasegrenade.lua,230,function SWEP:Holster(),lexical_candidate_not_semantic_analysis,not_ported
garrysmod/gamemodes/terrortown/entities/weapons/weapon_tttbasegrenade.lua,240,function SWEP:Reload(),lexical_candidate_not_semantic_analysis,not_ported
garrysmod/gamemodes/terrortown/entities/weapons/weapon_tttbasegrenade.lua,244,function SWEP:Initialize(),lexical_candidate_not_semantic_analysis,not_ported
garrysmod/gamemodes/terrortown/entities/weapons/weapon_tttbasegrenade.lua,258,function SWEP:OnRemove(),lexical_candidate_not_semantic_analysis,not_ported
garrysmod/gamemodes/terrortown/entities/weapons/weapon_zm_carry.lua,71,"local function SetSubPhysMotionEnabled(ent, enable)",lexical_candidate_not_semantic_analysis,not_ported
garrysmod/gamemodes/terrortown/entities/weapons/weapon_zm_carry.lua,85,local function KillVelocity(ent),lexical_candidate_not_semantic_analysis,not_ported
garrysmod/gamemodes/terrortown/entities/weapons/weapon_zm_carry.lua,96,function SWEP:Reset(keep_velocity),lexical_candidate_not_semantic_analysis,not_ported
garrysmod/gamemodes/terrortown/entities/weapons/weapon_zm_carry.lua,140,function SWEP:CheckValidity(),lexical_candidate_not_semantic_analysis,not_ported
garrysmod/gamemodes/terrortown/entities/weapons/weapon_zm_carry.lua,155,local function PlayerStandsOn(ent),lexical_candidate_not_semantic_analysis,not_ported
garrysmod/gamemodes/terrortown/entities/weapons/weapon_zm_carry.lua,171,function SWEP:Think(),lexical_candidate_not_semantic_analysis,not_ported
garrysmod/gamemodes/terrortown/entities/weapons/weapon_zm_carry.lua,208,function SWEP:PrimaryAttack(),lexical_candidate_not_semantic_analysis,not_ported
garrysmod/gamemodes/terrortown/entities/weapons/weapon_zm_carry.lua,212,function SWEP:SecondaryAttack(),lexical_candidate_not_semantic_analysis,not_ported
garrysmod/gamemodes/terrortown/entities/weapons/weapon_zm_carry.lua,216,"function SWEP:MoveObject(phys, pdir, maxforce, is_ragdoll)",lexical_candidate_not_semantic_analysis,not_ported
garrysmod/gamemodes/terrortown/entities/weapons/weapon_zm_carry.lua,238,function SWEP:GetRange(target),lexical_candidate_not_semantic_analysis,not_ported
garrysmod/gamemodes/terrortown/entities/weapons/weapon_zm_carry.lua,248,function SWEP:AllowPickup(target),lexical_candidate_not_semantic_analysis,not_ported
garrysmod/gamemodes/terrortown/entities/weapons/weapon_zm_carry.lua,261,function SWEP:DoAttack(pickup),lexical_candidate_not_semantic_analysis,not_ported
garrysmod/gamemodes/terrortown/entities/weapons/weapon_zm_carry.lua,336,function SWEP:Pickup(),lexical_candidate_not_semantic_analysis,not_ported
garrysmod/gamemodes/terrortown/entities/weapons/weapon_zm_carry.lua,408,function SWEP:AllowEntityDrop(),lexical_candidate_not_semantic_analysis,not_ported
garrysmod/gamemodes/terrortown/entities/weapons/weapon_zm_carry.lua,421,function SWEP:Drop(),lexical_candidate_not_semantic_analysis,not_ported
garrysmod/gamemodes/terrortown/entities/weapons/weapon_zm_carry.lua,458,"local function RagdollPinnedTakeDamage(rag, dmginfo)",lexical_candidate_not_semantic_analysis,not_ported
garrysmod/gamemodes/terrortown/entities/weapons/weapon_zm_carry.lua,470,function SWEP:PinRagdoll(),lexical_candidate_not_semantic_analysis,not_ported
garrysmod/gamemodes/terrortown/entities/weapons/weapon_zm_carry.lua,519,function SWEP:SetupDataTables(),lexical_candidate_not_semantic_analysis,not_ported
garrysmod/gamemodes/terrortown/entities/weapons/weapon_zm_carry.lua,532,function SWEP:Initialize(),lexical_candidate_not_semantic_analysis,not_ported
garrysmod/gamemodes/terrortown/entities/weapons/weapon_zm_carry.lua,541,function SWEP:OnRemove(),lexical_candidate_not_semantic_analysis,not_ported
garrysmod/gamemodes/terrortown/entities/weapons/weapon_zm_carry.lua,545,function SWEP:Deploy(),lexical_candidate_not_semantic_analysis,not_ported
garrysmod/gamemodes/terrortown/entities/weapons/weapon_zm_carry.lua,550,function SWEP:Holster(),lexical_candidate_not_semantic_analysis,not_ported
garrysmod/gamemodes/terrortown/entities/weapons/weapon_zm_carry.lua,556,function SWEP:ShouldDropOnDie(),lexical_candidate_not_semantic_analysis,not_ported
garrysmod/gamemodes/terrortown/entities/weapons/weapon_zm_carry.lua,560,function SWEP:OnDrop(),lexical_candidate_not_semantic_analysis,not_ported
garrysmod/gamemodes/terrortown/entities/weapons/weapon_zm_carry.lua,570,function SWEP:DrawHUD(),lexical_candidate_not_semantic_analysis,not_ported
garrysmod/gamemodes/terrortown/entities/weapons/weapon_zm_improvised.lua,59,local function OpenableEnt(ent),lexical_candidate_not_semantic_analysis,not_ported
garrysmod/gamemodes/terrortown/entities/weapons/weapon_zm_improvised.lua,77,local function CrowbarCanUnlock(t),lexical_candidate_not_semantic_analysis,not_ported
garrysmod/gamemodes/terrortown/entities/weapons/weapon_zm_improvised.lua,82,function SWEP:OpenEnt(hitEnt),lexical_candidate_not_semantic_analysis,not_ported
garrysmod/gamemodes/terrortown/entities/weapons/weapon_zm_improvised.lua,121,function SWEP:PrimaryAttack(),lexical_candidate_not_semantic_analysis,not_ported
garrysmod/gamemodes/terrortown/entities/weapons/weapon_zm_improvised.lua,220,function SWEP:SecondaryAttack(),lexical_candidate_not_semantic_analysis,not_ported
garrysmod/gamemodes/terrortown/entities/weapons/weapon_zm_improvised.lua,256,function SWEP:GetClass(),lexical_candidate_not_semantic_analysis,not_ported
garrysmod/gamemodes/terrortown/entities/weapons/weapon_zm_improvised.lua,260,function SWEP:OnDrop(),lexical_candidate_not_semantic_analysis,not_ported
garrysmod/gamemodes/terrortown/entities/weapons/weapon_zm_mac10.lua,44,"function SWEP:GetHeadshotMultiplier(victim, dmginfo)",lexical_candidate_not_semantic_analysis,not_ported
garrysmod/gamemodes/terrortown/entities/weapons/weapon_zm_molotov.lua,31,function SWEP:GetGrenadeName(),lexical_candidate_not_semantic_analysis,not_ported
garrysmod/gamemodes/terrortown/entities/weapons/weapon_zm_rifle.lua,47,function SWEP:SetZoom(state),lexical_candidate_not_semantic_analysis,not_ported
garrysmod/gamemodes/terrortown/entities/weapons/weapon_zm_rifle.lua,57,function SWEP:PrimaryAttack( worldsnd ),lexical_candidate_not_semantic_analysis,not_ported
garrysmod/gamemodes/terrortown/entities/weapons/weapon_zm_rifle.lua,63,function SWEP:SecondaryAttack(),lexical_candidate_not_semantic_analysis,not_ported
garrysmod/gamemodes/terrortown/entities/weapons/weapon_zm_rifle.lua,79,function SWEP:PreDrop(),lexical_candidate_not_semantic_analysis,not_ported
garrysmod/gamemodes/terrortown/entities/weapons/weapon_zm_rifle.lua,85,function SWEP:Reload(),lexical_candidate_not_semantic_analysis,not_ported
garrysmod/gamemodes/terrortown/entities/weapons/weapon_zm_rifle.lua,93,function SWEP:Holster(),lexical_candidate_not_semantic_analysis,not_ported
garrysmod/gamemodes/terrortown/entities/weapons/weapon_zm_rifle.lua,101,function SWEP:DrawHUD(),lexical_candidate_not_semantic_analysis,not_ported
garrysmod/gamemodes/terrortown/entities/weapons/weapon_zm_rifle.lua,151,function SWEP:AdjustMouseSensitivity(),lexical_candidate_not_semantic_analysis,not_ported
garrysmod/gamemodes/terrortown/entities/weapons/weapon_zm_shotgun.lua,46,function SWEP:SetupDataTables(),lexical_candidate_not_semantic_analysis,not_ported
garrysmod/gamemodes/terrortown/entities/weapons/weapon_zm_shotgun.lua,53,function SWEP:Reload(),lexical_candidate_not_semantic_analysis,not_ported
garrysmod/gamemodes/terrortown/entities/weapons/weapon_zm_shotgun.lua,66,function SWEP:StartReload(),lexical_candidate_not_semantic_analysis,not_ported
garrysmod/gamemodes/terrortown/entities/weapons/weapon_zm_shotgun.lua,96,function SWEP:PerformReload(),lexical_candidate_not_semantic_analysis,not_ported
garrysmod/gamemodes/terrortown/entities/weapons/weapon_zm_shotgun.lua,114,function SWEP:FinishReload(),lexical_candidate_not_semantic_analysis,not_ported
garrysmod/gamemodes/terrortown/entities/weapons/weapon_zm_shotgun.lua,121,function SWEP:CanPrimaryAttack(),lexical_candidate_not_semantic_analysis,not_ported
garrysmod/gamemodes/terrortown/entities/weapons/weapon_zm_shotgun.lua,130,function SWEP:Think(),lexical_candidate_not_semantic_analysis,not_ported
garrysmod/gamemodes/terrortown/entities/weapons/weapon_zm_shotgun.lua,152,function SWEP:Deploy(),lexical_candidate_not_semantic_analysis,not_ported
garrysmod/gamemodes/terrortown/entities/weapons/weapon_zm_shotgun.lua,162,"function SWEP:GetHeadshotMultiplier(victim, dmginfo)",lexical_candidate_not_semantic_analysis,not_ported
garrysmod/gamemodes/terrortown/entities/weapons/weapon_zm_shotgun.lua,175,function SWEP:SecondaryAttack(),lexical_candidate_not_semantic_analysis,not_ported
garrysmod/gamemodes/terrortown/gamemode/admin.lua,3,local function GetPrintFn(ply),lexical_candidate_not_semantic_analysis,not_ported
garrysmod/gamemodes/terrortown/gamemode/admin.lua,17,"local function TraitorSort(a,b)",lexical_candidate_not_semantic_analysis,not_ported
garrysmod/gamemodes/terrortown/gamemode/admin.lua,27,function PrintTraitors(ply),lexical_candidate_not_semantic_analysis,not_ported
garrysmod/gamemodes/terrortown/gamemode/admin.lua,45,function PrintGroups(ply),lexical_candidate_not_semantic_analysis,not_ported
garrysmod/gamemodes/terrortown/gamemode/admin.lua,55,function PrintReport(ply),lexical_candidate_not_semantic_analysis,not_ported
garrysmod/gamemodes/terrortown/gamemode/admin.lua,78,local function PrintKarma(ply),lexical_candidate_not_semantic_analysis,not_ported
garrysmod/gamemodes/terrortown/gamemode/admin.lua,96,"local function ApplyHighlightAdmins(cv, old, new)",lexical_candidate_not_semantic_analysis,not_ported
garrysmod/gamemodes/terrortown/gamemode/admin.lua,105,local function PrintDamageLog(ply),lexical_candidate_not_semantic_analysis,not_ported
garrysmod/gamemodes/terrortown/gamemode/admin.lua,130,local function SaveDamageLog(),lexical_candidate_not_semantic_analysis,not_ported
garrysmod/gamemodes/terrortown/gamemode/admin.lua,149,function DamageLog(txt),lexical_candidate_not_semantic_analysis,not_ported
garrysmod/gamemodes/terrortown/gamemode/admin.lua,163,local function DetectServerPlugin(),lexical_candidate_not_semantic_analysis,not_ported
garrysmod/gamemodes/terrortown/gamemode/admin.lua,177,"local function StandardBan(ply, length, reason)",lexical_candidate_not_semantic_analysis,not_ported
garrysmod/gamemodes/terrortown/gamemode/admin.lua,185,"evolve = function(p, l, r)",lexical_candidate_not_semantic_analysis,not_ported
garrysmod/gamemodes/terrortown/gamemode/admin.lua,189,"sm     = function(p, l, r)",lexical_candidate_not_semantic_analysis,not_ported
garrysmod/gamemodes/terrortown/gamemode/admin.lua,193,"exsto  = function(p, l, r)",lexical_candidate_not_semantic_analysis,not_ported
garrysmod/gamemodes/terrortown/gamemode/admin.lua,205,local function BanningFunction(),lexical_candidate_not_semantic_analysis,not_ported
garrysmod/gamemodes/terrortown/gamemode/admin.lua,216,"function PerformKickBan(ply, length, reason)",lexical_candidate_not_semantic_analysis,not_ported
garrysmod/gamemodes/terrortown/gamemode/cl_awards.lua,10,"local is_dmg = function(dmg_t, bit)",lexical_candidate_not_semantic_analysis,not_ported
garrysmod/gamemodes/terrortown/gamemode/cl_awards.lua,21,local function FindHighest(tbl),lexical_candidate_not_semantic_analysis,not_ported
garrysmod/gamemodes/terrortown/gamemode/cl_awards.lua,34,"local function FirstSuicide(events, scores, players, traitors)",lexical_candidate_not_semantic_analysis,not_ported
garrysmod/gamemodes/terrortown/gamemode/cl_awards.lua,67,"local function ExplosiveGrant(events, scores, players, traitors)",lexical_candidate_not_semantic_analysis,not_ported
garrysmod/gamemodes/terrortown/gamemode/cl_awards.lua,97,"local function ExplodedSelf(events, scores, players, traitors)",lexical_candidate_not_semantic_analysis,not_ported
garrysmod/gamemodes/terrortown/gamemode/cl_awards.lua,107,"local function FirstBlood(events, scores, players, traitors)",lexical_candidate_not_semantic_analysis,not_ported
garrysmod/gamemodes/terrortown/gamemode/cl_awards.lua,135,"local function AllKills(events, scores, players, traitors)",lexical_candidate_not_semantic_analysis,not_ported
garrysmod/gamemodes/terrortown/gamemode/cl_awards.lua,171,"local function NumKills_Traitor(events, scores, players, traitors)",lexical_candidate_not_semantic_analysis,not_ported
garrysmod/gamemodes/terrortown/gamemode/cl_awards.lua,206,"local function NumKills_Inno(events, scores, players, traitors)",lexical_candidate_not_semantic_analysis,not_ported
garrysmod/gamemodes/terrortown/gamemode/cl_awards.lua,239,"local function FallDeath(events, scores, players, traitors)",lexical_candidate_not_semantic_analysis,not_ported
garrysmod/gamemodes/terrortown/gamemode/cl_awards.lua,253,"local function FallKill(events, scores, players, traitors)",lexical_candidate_not_semantic_analysis,not_ported
garrysmod/gamemodes/terrortown/gamemode/cl_awards.lua,263,"local function Headshots(events, scores, players, traitors)",lexical_candidate_not_semantic_analysis,not_ported
garrysmod/gamemodes/terrortown/gamemode/cl_awards.lua,299,"local function UsedAmmoMost(events, ammotype)",lexical_candidate_not_semantic_analysis,not_ported
garrysmod/gamemodes/terrortown/gamemode/cl_awards.lua,316,"local function CrowbarUser(events, scores, players, traitors)",lexical_candidate_not_semantic_analysis,not_ported
garrysmod/gamemodes/terrortown/gamemode/cl_awards.lua,339,"local function PistolUser(events, scores, players, traitors)",lexical_candidate_not_semantic_analysis,not_ported
garrysmod/gamemodes/terrortown/gamemode/cl_awards.lua,362,"local function ShotgunUser(events, scores, players, traitors)",lexical_candidate_not_semantic_analysis,not_ported
garrysmod/gamemodes/terrortown/gamemode/cl_awards.lua,385,"local function RifleUser(events, scores, players, traitors)",lexical_candidate_not_semantic_analysis,not_ported
garrysmod/gamemodes/terrortown/gamemode/cl_awards.lua,408,"local function DeagleUser(events, scores, players, traitors)",lexical_candidate_not_semantic_analysis,not_ported
garrysmod/gamemodes/terrortown/gamemode/cl_awards.lua,432,"local function MAC10User(events, scores, players, traitors)",lexical_candidate_not_semantic_analysis,not_ported
garrysmod/gamemodes/terrortown/gamemode/cl_awards.lua,455,"local function SilencedPistolUser(events, scores, players, traitors)",lexical_candidate_not_semantic_analysis,not_ported
garrysmod/gamemodes/terrortown/gamemode/cl_awards.lua,477,"local function KnifeUser(events, scores, players, traitors)",lexical_candidate_not_semantic_analysis,not_ported
garrysmod/gamemodes/terrortown/gamemode/cl_awards.lua,510,"local function FlareUser(events, scores, players, traitors)",lexical_candidate_not_semantic_analysis,not_ported
garrysmod/gamemodes/terrortown/gamemode/cl_awards.lua,532,"local function M249User(events, scores, players, traitors)",lexical_candidate_not_semantic_analysis,not_ported
garrysmod/gamemodes/terrortown/gamemode/cl_awards.lua,554,"local function M16User(events, scores, players, traitors)",lexical_candidate_not_semantic_analysis,not_ported
garrysmod/gamemodes/terrortown/gamemode/cl_awards.lua,576,"local function TeamKiller(events, scores, players, traitors)",lexical_candidate_not_semantic_analysis,not_ported
garrysmod/gamemodes/terrortown/gamemode/cl_awards.lua,637,"local function Burner(events, scores, players, traitors)",lexical_candidate_not_semantic_analysis,not_ported
garrysmod/gamemodes/terrortown/gamemode/cl_awards.lua,673,"local function Coroner(events, scores, players, traitors)",lexical_candidate_not_semantic_analysis,not_ported
garrysmod/gamemodes/terrortown/gamemode/cl_awards.lua,708,"local function CreditFound(events, scores, players, traitors)",lexical_candidate_not_semantic_analysis,not_ported
garrysmod/gamemodes/terrortown/gamemode/cl_awards.lua,737,"local function TimeOfDeath(events, scores, players, traitors)",lexical_candidate_not_semantic_analysis,not_ported
garrysmod/gamemodes/terrortown/gamemode/cl_disguise.lua,6,function DISGUISE.CreateMenu(parent),lexical_candidate_not_semantic_analysis,not_ported
garrysmod/gamemodes/terrortown/gamemode/cl_disguise.lua,23,"dcheck.OnChange = function(s, val)",lexical_candidate_not_semantic_analysis,not_ported
garrysmod/gamemodes/terrortown/gamemode/cl_disguise.lua,37,function DISGUISE.Draw(client),lexical_candidate_not_semantic_analysis,not_ported
garrysmod/gamemodes/terrortown/gamemode/cl_equip.lua,18,function GetEquipmentForRole(role),lexical_candidate_not_semantic_analysis,not_ported
garrysmod/gamemodes/terrortown/gamemode/cl_equip.lua,73,local function ItemIsWeapon(item) return not tonumber(item.id) end,lexical_candidate_not_semantic_analysis,not_ported
garrysmod/gamemodes/terrortown/gamemode/cl_equip.lua,74,local function CanCarryWeapon(item) return LocalPlayer():CanCarryType(item.kind) end,lexical_candidate_not_semantic_analysis,not_ported
garrysmod/gamemodes/terrortown/gamemode/cl_equip.lua,80,"local function PreqLabels(parent, x, y)",lexical_candidate_not_semantic_analysis,not_ported
garrysmod/gamemodes/terrortown/gamemode/cl_equip.lua,86,"tbl.credits.Check = function(s, sel)",lexical_candidate_not_semantic_analysis,not_ported
garrysmod/gamemodes/terrortown/gamemode/cl_equip.lua,95,"tbl.owned.Check = function(s, sel)",lexical_candidate_not_semantic_analysis,not_ported
garrysmod/gamemodes/terrortown/gamemode/cl_equip.lua,109,"tbl.bought.Check = function(s, sel)",lexical_candidate_not_semantic_analysis,not_ported
garrysmod/gamemodes/terrortown/gamemode/cl_equip.lua,137,local function DrawSelectedEquipment(pnl),lexical_candidate_not_semantic_analysis,not_ported
garrysmod/gamemodes/terrortown/gamemode/cl_equip.lua,142,function PANEL:SelectPanel(pnl),lexical_candidate_not_semantic_analysis,not_ported
garrysmod/gamemodes/terrortown/gamemode/cl_equip.lua,151,"local function CanOrder(item, owned_ids)",lexical_candidate_not_semantic_analysis,not_ported
garrysmod/gamemodes/terrortown/gamemode/cl_equip.lua,175,local function GetOwnedEquipment(),lexical_candidate_not_semantic_analysis,not_ported
garrysmod/gamemodes/terrortown/gamemode/cl_equip.lua,196,"func = function(a, b)",lexical_candidate_not_semantic_analysis,not_ported
garrysmod/gamemodes/terrortown/gamemode/cl_equip.lua,214,"func = function(a, b)",lexical_candidate_not_semantic_analysis,not_ported
garrysmod/gamemodes/terrortown/gamemode/cl_equip.lua,220,"func = function(a, b)",lexical_candidate_not_semantic_analysis,not_ported
garrysmod/gamemodes/terrortown/gamemode/cl_equip.lua,238,local function SortEquipmentPanels(pnls),lexical_candidate_not_semantic_analysis,not_ported
garrysmod/gamemodes/terrortown/gamemode/cl_equip.lua,270,local function ReSortEquipment(),lexical_candidate_not_semantic_analysis,not_ported
garrysmod/gamemodes/terrortown/gamemode/cl_equip.lua,291,local function TraitorMenuPopup(),lexical_candidate_not_semantic_analysis,not_ported
garrysmod/gamemodes/terrortown/gamemode/cl_equip.lua,319,"dsheet.SetActiveTab = function(self, new)",lexical_candidate_not_semantic_analysis,not_ported
garrysmod/gamemodes/terrortown/gamemode/cl_equip.lua,356,"dsorttype.OnSelect = function(s, idx, val, data) equipment_sorting:SetString(data) end",lexical_candidate_not_semantic_analysis,not_ported
garrysmod/gamemodes/terrortown/gamemode/cl_equip.lua,363,"dsortasc.Paint = function(s, pw, ph)",lexical_candidate_not_semantic_analysis,not_ported
garrysmod/gamemodes/terrortown/gamemode/cl_equip.lua,368,dsortasc.DoClick = function(s) equipment_ascending:SetBool(not equipment_ascending:GetBool()) end,lexical_candidate_not_semantic_analysis,not_ported
garrysmod/gamemodes/terrortown/gamemode/cl_equip.lua,397,marker.PerformLayout = function(s),lexical_candidate_not_semantic_analysis,not_ported
garrysmod/gamemodes/terrortown/gamemode/cl_equip.lua,532,"dlist.OnActivePanelChanged = function(self, _, new)",lexical_candidate_not_semantic_analysis,not_ported
garrysmod/gamemodes/terrortown/gamemode/cl_equip.lua,554,dconfirm.DoClick = function(),lexical_candidate_not_semantic_analysis,not_ported
garrysmod/gamemodes/terrortown/gamemode/cl_equip.lua,564,"dsheet.OnTabChanged = function(s, old, new)",lexical_candidate_not_semantic_analysis,not_ported
garrysmod/gamemodes/terrortown/gamemode/cl_equip.lua,578,dcancel.DoClick = function() dframe:Close() end,lexical_candidate_not_semantic_analysis,not_ported
garrysmod/gamemodes/terrortown/gamemode/cl_equip.lua,587,"local function ForceCloseTraitorMenu(ply, cmd, args)",lexical_candidate_not_semantic_analysis,not_ported
garrysmod/gamemodes/terrortown/gamemode/cl_equip.lua,594,function GM:OnContextMenuOpen(),lexical_candidate_not_semantic_analysis,not_ported
garrysmod/gamemodes/terrortown/gamemode/cl_equip.lua,612,local function ReceiveEquipment(),lexical_candidate_not_semantic_analysis,not_ported
garrysmod/gamemodes/terrortown/gamemode/cl_equip.lua,620,local function ReceiveCredits(),lexical_candidate_not_semantic_analysis,not_ported
garrysmod/gamemodes/terrortown/gamemode/cl_equip.lua,629,local function ReceiveBought(),lexical_candidate_not_semantic_analysis,not_ported
garrysmod/gamemodes/terrortown/gamemode/cl_equip.lua,655,local function ReceiveBoughtItem(),lexical_candidate_not_semantic_analysis,not_ported
garrysmod/gamemodes/terrortown/gamemode/cl_help.lua,13,function HELPSCRN:Show(),lexical_candidate_not_semantic_analysis,not_ported
garrysmod/gamemodes/terrortown/gamemode/cl_help.lua,29,dbut.DoClick = function() dframe:Close() end,lexical_candidate_not_semantic_analysis,not_ported
garrysmod/gamemodes/terrortown/gamemode/cl_help.lua,128,"dlang.OnSelect = function(s, idx, val, data)",lexical_candidate_not_semantic_analysis,not_ported
garrysmod/gamemodes/terrortown/gamemode/cl_help.lua,197,"local function ShowTTTHelp(ply, cmd, args)",lexical_candidate_not_semantic_analysis,not_ported
garrysmod/gamemodes/terrortown/gamemode/cl_help.lua,204,"local function SpectateCallback(cv, old, new)",lexical_candidate_not_semantic_analysis,not_ported
garrysmod/gamemodes/terrortown/gamemode/cl_help.lua,212,"local function MuteTeamCallback(cv, old, new)",lexical_candidate_not_semantic_analysis,not_ported
garrysmod/gamemodes/terrortown/gamemode/cl_help.lua,224,function HELPSCRN:CreateTutorial(parent),lexical_candidate_not_semantic_analysis,not_ported
garrysmod/gamemodes/terrortown/gamemode/cl_help.lua,256,bar.UpdateText = function(s),lexical_candidate_not_semantic_analysis,not_ported
garrysmod/gamemodes/terrortown/gamemode/cl_help.lua,277,bnext.DoClick = function(),lexical_candidate_not_semantic_analysis,not_ported
garrysmod/gamemodes/terrortown/gamemode/cl_help.lua,285,bprev.DoClick = function(),lexical_candidate_not_semantic_analysis,not_ported
garrysmod/gamemodes/terrortown/gamemode/cl_hud.lua,46,"local function RoundedMeter( bs, x, y, w, h, color)",lexical_candidate_not_semantic_analysis,not_ported
garrysmod/gamemodes/terrortown/gamemode/cl_hud.lua,70,"local function PaintBar(x, y, w, h, colors, value)",lexical_candidate_not_semantic_analysis,not_ported
garrysmod/gamemodes/terrortown/gamemode/cl_hud.lua,91,local function GetAmmo(ply),lexical_candidate_not_semantic_analysis,not_ported
garrysmod/gamemodes/terrortown/gamemode/cl_hud.lua,102,"local function DrawBg(x, y, width, height, client)",lexical_candidate_not_semantic_analysis,not_ported
garrysmod/gamemodes/terrortown/gamemode/cl_hud.lua,128,"local function ShadowedText(text, font, x, y, color, xalign, yalign)",lexical_candidate_not_semantic_analysis,not_ported
garrysmod/gamemodes/terrortown/gamemode/cl_hud.lua,138,local function PunchPaint(client),lexical_candidate_not_semantic_analysis,not_ported
garrysmod/gamemodes/terrortown/gamemode/cl_hud.lua,169,local function SpecHUDPaint(client),lexical_candidate_not_semantic_analysis,not_ported
garrysmod/gamemodes/terrortown/gamemode/cl_hud.lua,207,local function InfoPaint(client),lexical_candidate_not_semantic_analysis,not_ported
garrysmod/gamemodes/terrortown/gamemode/cl_hud.lua,312,function GM:HUDPaint(),lexical_candidate_not_semantic_analysis,not_ported
garrysmod/gamemodes/terrortown/gamemode/cl_hud.lua,363,function GM:HUDShouldDraw(name),lexical_candidate_not_semantic_analysis,not_ported
garrysmod/gamemodes/terrortown/gamemode/cl_hudpickup.lua,15,function GM:HUDWeaponPickedUp( wep ),lexical_candidate_not_semantic_analysis,not_ported
garrysmod/gamemodes/terrortown/gamemode/cl_hudpickup.lua,47,function GM:HUDItemPickedUp( itemname ),lexical_candidate_not_semantic_analysis,not_ported
garrysmod/gamemodes/terrortown/gamemode/cl_hudpickup.lua,78,"function GM:HUDAmmoPickedUp( itemname, amount )",lexical_candidate_not_semantic_analysis,not_ported
garrysmod/gamemodes/terrortown/gamemode/cl_hudpickup.lua,125,function GM:HUDDrawPickupHistory(),lexical_candidate_not_semantic_analysis,not_ported
garrysmod/gamemodes/terrortown/gamemode/cl_init.lua,45,function GM:Initialize(),lexical_candidate_not_semantic_analysis,not_ported
garrysmod/gamemodes/terrortown/gamemode/cl_init.lua,55,function GM:InitPostEntity(),lexical_candidate_not_semantic_analysis,not_ported
garrysmod/gamemodes/terrortown/gamemode/cl_init.lua,78,function GM:DoCacheEnts(),lexical_candidate_not_semantic_analysis,not_ported
garrysmod/gamemodes/terrortown/gamemode/cl_init.lua,83,function GM:HUDClear(),lexical_candidate_not_semantic_analysis,not_ported
garrysmod/gamemodes/terrortown/gamemode/cl_init.lua,91,function KARMA.IsEnabled() return ttt_karma:GetBool() end,lexical_candidate_not_semantic_analysis,not_ported
garrysmod/gamemodes/terrortown/gamemode/cl_init.lua,93,function GetRoundState() return GAMEMODE.round_state end,lexical_candidate_not_semantic_analysis,not_ported
garrysmod/gamemodes/terrortown/gamemode/cl_init.lua,95,"local function RoundStateChange(o, n)",lexical_candidate_not_semantic_analysis,not_ported
garrysmod/gamemodes/terrortown/gamemode/cl_init.lua,154,local function PlaySoundCue(),lexical_candidate_not_semantic_analysis,not_ported
garrysmod/gamemodes/terrortown/gamemode/cl_init.lua,165,local function ReceiveRole(),lexical_candidate_not_semantic_analysis,not_ported
garrysmod/gamemodes/terrortown/gamemode/cl_init.lua,182,local function ReceiveRoleList(),lexical_candidate_not_semantic_analysis,not_ported
garrysmod/gamemodes/terrortown/gamemode/cl_init.lua,202,local function ReceiveRoundState(),lexical_candidate_not_semantic_analysis,not_ported
garrysmod/gamemodes/terrortown/gamemode/cl_init.lua,215,function GM:ClearClientState(),lexical_candidate_not_semantic_analysis,not_ported
garrysmod/gamemodes/terrortown/gamemode/cl_init.lua,249,function GM:CleanUpMap(),lexical_candidate_not_semantic_analysis,not_ported
garrysmod/gamemodes/terrortown/gamemode/cl_init.lua,269,local function PlayerSpawn(),lexical_candidate_not_semantic_analysis,not_ported
garrysmod/gamemodes/terrortown/gamemode/cl_init.lua,279,local function PlayerDeath(),lexical_candidate_not_semantic_analysis,not_ported
garrysmod/gamemodes/terrortown/gamemode/cl_init.lua,284,function GM:ShouldDrawLocalPlayer(ply) return false end,lexical_candidate_not_semantic_analysis,not_ported
garrysmod/gamemodes/terrortown/gamemode/cl_init.lua,287,"function GM:CalcView( ply, origin, angles, fov )",lexical_candidate_not_semantic_analysis,not_ported
garrysmod/gamemodes/terrortown/gamemode/cl_init.lua,318,function GM:AddDeathNotice() end,lexical_candidate_not_semantic_analysis,not_ported
garrysmod/gamemodes/terrortown/gamemode/cl_init.lua,319,function GM:DrawDeathNotice() end,lexical_candidate_not_semantic_analysis,not_ported
garrysmod/gamemodes/terrortown/gamemode/cl_init.lua,321,function GM:Tick(),lexical_candidate_not_semantic_analysis,not_ported
garrysmod/gamemodes/terrortown/gamemode/cl_init.lua,337,function CheckIdle(),lexical_candidate_not_semantic_analysis,not_ported
garrysmod/gamemodes/terrortown/gamemode/cl_init.lua,387,function GM:OnEntityCreated(ent),lexical_candidate_not_semantic_analysis,not_ported
garrysmod/gamemodes/terrortown/gamemode/cl_init.lua,400,ent.GetPlayerColor = function(),lexical_candidate_not_semantic_analysis,not_ported
garrysmod/gamemodes/terrortown/gamemode/cl_keys.lua,3,local function SendWeaponDrop(),lexical_candidate_not_semantic_analysis,not_ported
garrysmod/gamemodes/terrortown/gamemode/cl_keys.lua,11,function GM:OnSpawnMenuOpen(),lexical_candidate_not_semantic_analysis,not_ported
garrysmod/gamemodes/terrortown/gamemode/cl_keys.lua,15,"function GM:PlayerBindPress(ply, bind, pressed)",lexical_candidate_not_semantic_analysis,not_ported
garrysmod/gamemodes/terrortown/gamemode/cl_keys.lua,100,"function GM:KeyPress(ply, key)",lexical_candidate_not_semantic_analysis,not_ported
garrysmod/gamemodes/terrortown/gamemode/cl_keys.lua,109,"function GM:KeyRelease(ply, key)",lexical_candidate_not_semantic_analysis,not_ported
garrysmod/gamemodes/terrortown/gamemode/cl_keys.lua,118,"function GM:PlayerButtonUp(ply, btn)",lexical_candidate_not_semantic_analysis,not_ported
garrysmod/gamemodes/terrortown/gamemode/cl_lang.lua,21,"function LANG.CreateLanguage(raw_lang_name, lang_code)",lexical_candidate_not_semantic_analysis,not_ported
garrysmod/gamemodes/terrortown/gamemode/cl_lang.lua,46,"__index = function(tbl, name)",lexical_candidate_not_semantic_analysis,not_ported
garrysmod/gamemodes/terrortown/gamemode/cl_lang.lua,55,function LANG.GetLanguageName(lang_name),lexical_candidate_not_semantic_analysis,not_ported
garrysmod/gamemodes/terrortown/gamemode/cl_lang.lua,68,"function LANG.AddToLanguage(lang_name, string_name, string_text)",lexical_candidate_not_semantic_analysis,not_ported
garrysmod/gamemodes/terrortown/gamemode/cl_lang.lua,82,function LANG.GetTranslation(name),lexical_candidate_not_semantic_analysis,not_ported
garrysmod/gamemodes/terrortown/gamemode/cl_lang.lua,89,function LANG.GetRawTranslation(name),lexical_candidate_not_semantic_analysis,not_ported
garrysmod/gamemodes/terrortown/gamemode/cl_lang.lua,95,function LANG.TryTranslation(name),lexical_candidate_not_semantic_analysis,not_ported
garrysmod/gamemodes/terrortown/gamemode/cl_lang.lua,103,"function LANG.GetParamTranslation(name, params)",lexical_candidate_not_semantic_analysis,not_ported
garrysmod/gamemodes/terrortown/gamemode/cl_lang.lua,108,"function LANG.GetTranslationFromLanguage(name, lang_name)",lexical_candidate_not_semantic_analysis,not_ported
garrysmod/gamemodes/terrortown/gamemode/cl_lang.lua,116,function LANG.GetUnsafeLanguageTable() return cached_active end,lexical_candidate_not_semantic_analysis,not_ported
garrysmod/gamemodes/terrortown/gamemode/cl_lang.lua,118,function LANG.GetUnsafeNamed(name) return LANG.Strings[name] end,lexical_candidate_not_semantic_analysis,not_ported
garrysmod/gamemodes/terrortown/gamemode/cl_lang.lua,121,local function SetFallback(tbl),lexical_candidate_not_semantic_analysis,not_ported
garrysmod/gamemodes/terrortown/gamemode/cl_lang.lua,139,function LANG.GetLanguageTable(lang_name),lexical_candidate_not_semantic_analysis,not_ported
garrysmod/gamemodes/terrortown/gamemode/cl_lang.lua,148,function LANG.SetActiveLanguage(lang_name),lexical_candidate_not_semantic_analysis,not_ported
garrysmod/gamemodes/terrortown/gamemode/cl_lang.lua,176,function LANG.Init(),lexical_candidate_not_semantic_analysis,not_ported
garrysmod/gamemodes/terrortown/gamemode/cl_lang.lua,190,function LANG.IsServerDefault(lang_name),lexical_candidate_not_semantic_analysis,not_ported
garrysmod/gamemodes/terrortown/gamemode/cl_lang.lua,195,function LANG.IsAuto(lang_name),lexical_candidate_not_semantic_analysis,not_ported
garrysmod/gamemodes/terrortown/gamemode/cl_lang.lua,200,function LANG.IsLanguage(lang_name),lexical_candidate_not_semantic_analysis,not_ported
garrysmod/gamemodes/terrortown/gamemode/cl_lang.lua,205,"local function LanguageChanged(cv, old, new)",lexical_candidate_not_semantic_analysis,not_ported
garrysmod/gamemodes/terrortown/gamemode/cl_lang.lua,218,local function ForceReload(),lexical_candidate_not_semantic_analysis,not_ported
garrysmod/gamemodes/terrortown/gamemode/cl_lang.lua,223,"local function GMLanguageChanged(cv, old, new)",lexical_candidate_not_semantic_analysis,not_ported
garrysmod/gamemodes/terrortown/gamemode/cl_lang.lua,231,function LANG.GetLanguages(),lexical_candidate_not_semantic_analysis,not_ported
garrysmod/gamemodes/terrortown/gamemode/cl_lang.lua,239,function LANG.GetLanguageNames(),lexical_candidate_not_semantic_analysis,not_ported
garrysmod/gamemodes/terrortown/gamemode/cl_lang.lua,259,default = function(text),lexical_candidate_not_semantic_analysis,not_ported
garrysmod/gamemodes/terrortown/gamemode/cl_lang.lua,264,rolecolour = function(text),lexical_candidate_not_semantic_analysis,not_ported
garrysmod/gamemodes/terrortown/gamemode/cl_lang.lua,270,chat_warn  = function(text),lexical_candidate_not_semantic_analysis,not_ported
garrysmod/gamemodes/terrortown/gamemode/cl_lang.lua,284,function LANG.GetStyle(name),lexical_candidate_not_semantic_analysis,not_ported
garrysmod/gamemodes/terrortown/gamemode/cl_lang.lua,289,"function LANG.SetStyle(name, style)",lexical_candidate_not_semantic_analysis,not_ported
garrysmod/gamemodes/terrortown/gamemode/cl_lang.lua,297,"function LANG.ShowStyledMsg(text, style)",lexical_candidate_not_semantic_analysis,not_ported
garrysmod/gamemodes/terrortown/gamemode/cl_lang.lua,301,"function LANG.ProcessMsg(name, params)",lexical_candidate_not_semantic_analysis,not_ported
garrysmod/gamemodes/terrortown/gamemode/cl_msgstack.lua,49,"function MSTACK:AddColoredMessage(text, clr)",lexical_candidate_not_semantic_analysis,not_ported
garrysmod/gamemodes/terrortown/gamemode/cl_msgstack.lua,58,"function MSTACK:AddColoredBgMessage(text, bg_clr)",lexical_candidate_not_semantic_analysis,not_ported
garrysmod/gamemodes/terrortown/gamemode/cl_msgstack.lua,70,function MSTACK:AddMessageEx(item),lexical_candidate_not_semantic_analysis,not_ported
garrysmod/gamemodes/terrortown/gamemode/cl_msgstack.lua,100,"function MSTACK:AddMessage(text, traitor_only)",lexical_candidate_not_semantic_analysis,not_ported
garrysmod/gamemodes/terrortown/gamemode/cl_msgstack.lua,106,"function MSTACK:WrapText(text, width)",lexical_candidate_not_semantic_analysis,not_ported
garrysmod/gamemodes/terrortown/gamemode/cl_msgstack.lua,148,function MSTACK:Draw(client),lexical_candidate_not_semantic_analysis,not_ported
garrysmod/gamemodes/terrortown/gamemode/cl_msgstack.lua,213,local function ReceiveGameMsg(),lexical_candidate_not_semantic_analysis,not_ported
garrysmod/gamemodes/terrortown/gamemode/cl_msgstack.lua,223,local function ReceiveCustomMsg(),lexical_candidate_not_semantic_analysis,not_ported
garrysmod/gamemodes/terrortown/gamemode/cl_popups.lua,8,local function GetTextForRole(role),lexical_candidate_not_semantic_analysis,not_ported
garrysmod/gamemodes/terrortown/gamemode/cl_popups.lua,48,local function RoundStartPopup(),lexical_candidate_not_semantic_analysis,not_ported
garrysmod/gamemodes/terrortown/gamemode/cl_popups.lua,61,dframe.Paint = function(s),lexical_candidate_not_semantic_analysis,not_ported
garrysmod/gamemodes/terrortown/gamemode/cl_popups.lua,95,local function IdlePopup(),lexical_candidate_not_semantic_analysis,not_ported
garrysmod/gamemodes/terrortown/gamemode/cl_popups.lua,121,cancel.DoClick = function() dframe:Close() end,lexical_candidate_not_semantic_analysis,not_ported
garrysmod/gamemodes/terrortown/gamemode/cl_popups.lua,127,disable.DoClick = function(),lexical_candidate_not_semantic_analysis,not_ported
garrysmod/gamemodes/terrortown/gamemode/cl_radar.lua,22,function RADAR:EndScan(),lexical_candidate_not_semantic_analysis,not_ported
garrysmod/gamemodes/terrortown/gamemode/cl_radar.lua,27,function RADAR:Clear(),lexical_candidate_not_semantic_analysis,not_ported
garrysmod/gamemodes/terrortown/gamemode/cl_radar.lua,36,function RADAR:Timeout(),lexical_candidate_not_semantic_analysis,not_ported
garrysmod/gamemodes/terrortown/gamemode/cl_radar.lua,45,function RADAR.CacheEnts(),lexical_candidate_not_semantic_analysis,not_ported
garrysmod/gamemodes/terrortown/gamemode/cl_radar.lua,64,"function RADAR.Bought(is_item, id)",lexical_candidate_not_semantic_analysis,not_ported
garrysmod/gamemodes/terrortown/gamemode/cl_radar.lua,71,"local function DrawTarget(tgt, size, offset, no_shrink)",lexical_candidate_not_semantic_analysis,not_ported
garrysmod/gamemodes/terrortown/gamemode/cl_radar.lua,120,function RADAR:Draw(client),lexical_candidate_not_semantic_analysis,not_ported
garrysmod/gamemodes/terrortown/gamemode/cl_radar.lua,214,local function ReceiveC4Warn(),lexical_candidate_not_semantic_analysis,not_ported
garrysmod/gamemodes/terrortown/gamemode/cl_radar.lua,231,local function ReceiveCorpseCall(),lexical_candidate_not_semantic_analysis,not_ported
garrysmod/gamemodes/terrortown/gamemode/cl_radar.lua,237,local function ReceiveRadarScan(),lexical_candidate_not_semantic_analysis,not_ported
garrysmod/gamemodes/terrortown/gamemode/cl_radar.lua,261,"function RADAR.CreateMenu(parent, frame)",lexical_candidate_not_semantic_analysis,not_ported
garrysmod/gamemodes/terrortown/gamemode/cl_radar.lua,280,dscan.DoClick = function(s),lexical_candidate_not_semantic_analysis,not_ported
garrysmod/gamemodes/terrortown/gamemode/cl_radar.lua,297,"dcheck.OnChange = function(s, val)",lexical_candidate_not_semantic_analysis,not_ported
garrysmod/gamemodes/terrortown/gamemode/cl_radar.lua,302,dform.Think = function(s),lexical_candidate_not_semantic_analysis,not_ported
garrysmod/gamemodes/terrortown/gamemode/cl_radio.lua,14,local function PlayRadioSound(snd),lexical_candidate_not_semantic_analysis,not_ported
garrysmod/gamemodes/terrortown/gamemode/cl_radio.lua,21,local function ButtonClickPlay(s) PlayRadioSound(s.snd) end,lexical_candidate_not_semantic_analysis,not_ported
garrysmod/gamemodes/terrortown/gamemode/cl_radio.lua,29,local function CreateSoundBoard(parent),lexical_candidate_not_semantic_analysis,not_ported
garrysmod/gamemodes/terrortown/gamemode/cl_radio.lua,64,function TRADIO.CreateMenu(parent),lexical_candidate_not_semantic_analysis,not_ported
garrysmod/gamemodes/terrortown/gamemode/cl_scoreboard.lua,10,local function ScoreboardRemove(),lexical_candidate_not_semantic_analysis,not_ported
garrysmod/gamemodes/terrortown/gamemode/cl_scoreboard.lua,18,function GM:ScoreboardCreate(),lexical_candidate_not_semantic_analysis,not_ported
garrysmod/gamemodes/terrortown/gamemode/cl_scoreboard.lua,24,function GM:ScoreboardShow(),lexical_candidate_not_semantic_analysis,not_ported
garrysmod/gamemodes/terrortown/gamemode/cl_scoreboard.lua,39,function GM:ScoreboardHide(),lexical_candidate_not_semantic_analysis,not_ported
garrysmod/gamemodes/terrortown/gamemode/cl_scoreboard.lua,49,function GM:GetScoreboardPanel(),lexical_candidate_not_semantic_analysis,not_ported
garrysmod/gamemodes/terrortown/gamemode/cl_scoreboard.lua,53,function GM:HUDDrawScoreBoard(),lexical_candidate_not_semantic_analysis,not_ported
garrysmod/gamemodes/terrortown/gamemode/cl_scoring.lua,37,"function CLSCORE:GetDisplay(key, event)",lexical_candidate_not_semantic_analysis,not_ported
garrysmod/gamemodes/terrortown/gamemode/cl_scoring.lua,46,function CLSCORE:TextForEvent(e),lexical_candidate_not_semantic_analysis,not_ported
garrysmod/gamemodes/terrortown/gamemode/cl_scoring.lua,50,function CLSCORE:IconForEvent(e),lexical_candidate_not_semantic_analysis,not_ported
garrysmod/gamemodes/terrortown/gamemode/cl_scoring.lua,54,function CLSCORE:TimeForEvent(e),lexical_candidate_not_semantic_analysis,not_ported
garrysmod/gamemodes/terrortown/gamemode/cl_scoring.lua,65,"function CLSCORE.DeclareEventDisplay(event_id, event_fns)",lexical_candidate_not_semantic_analysis,not_ported
garrysmod/gamemodes/terrortown/gamemode/cl_scoring.lua,84,function CLSCORE:FillDList(dlst),lexical_candidate_not_semantic_analysis,not_ported
garrysmod/gamemodes/terrortown/gamemode/cl_scoring.lua,108,function CLSCORE:BuildEventLogPanel(dpanel),lexical_candidate_not_semantic_analysis,not_ported
garrysmod/gamemodes/terrortown/gamemode/cl_scoring.lua,148,function CLSCORE:BuildScorePanel(dpanel),lexical_candidate_not_semantic_analysis,not_ported
garrysmod/gamemodes/terrortown/gamemode/cl_scoring.lua,233,"function CLSCORE:AddAward(y, pw, award, dpanel)",lexical_candidate_not_semantic_analysis,not_ported
garrysmod/gamemodes/terrortown/gamemode/cl_scoring.lua,270,local function ValidAward(a),lexical_candidate_not_semantic_analysis,not_ported
garrysmod/gamemodes/terrortown/gamemode/cl_scoring.lua,295,"function CLSCORE:BuildHilitePanel(dpanel, title, starttime, endtime)",lexical_candidate_not_semantic_analysis,not_ported
garrysmod/gamemodes/terrortown/gamemode/cl_scoring.lua,316,bg.PaintOver = function(),lexical_candidate_not_semantic_analysis,not_ported
garrysmod/gamemodes/terrortown/gamemode/cl_scoring.lua,376,function CLSCORE:ShowPanel(),lexical_candidate_not_semantic_analysis,not_ported
garrysmod/gamemodes/terrortown/gamemode/cl_scoring.lua,424,dbut.DoClick = function() dpanel:Close() end,lexical_candidate_not_semantic_analysis,not_ported
garrysmod/gamemodes/terrortown/gamemode/cl_scoring.lua,469,function CLSCORE:ClearPanel(),lexical_candidate_not_semantic_analysis,not_ported
garrysmod/gamemodes/terrortown/gamemode/cl_scoring.lua,483,function CLSCORE:SaveLog(),lexical_candidate_not_semantic_analysis,not_ported
garrysmod/gamemodes/terrortown/gamemode/cl_scoring.lua,516,function CLSCORE:Reset(),lexical_candidate_not_semantic_analysis,not_ported
garrysmod/gamemodes/terrortown/gamemode/cl_scoring.lua,527,function CLSCORE:Init(events),lexical_candidate_not_semantic_analysis,not_ported
garrysmod/gamemodes/terrortown/gamemode/cl_scoring.lua,580,function CLSCORE:ReportEvents(events),lexical_candidate_not_semantic_analysis,not_ported
garrysmod/gamemodes/terrortown/gamemode/cl_scoring.lua,587,function CLSCORE:Toggle(),lexical_candidate_not_semantic_analysis,not_ported
garrysmod/gamemodes/terrortown/gamemode/cl_scoring.lua,593,"local function SortEvents(a, b)",lexical_candidate_not_semantic_analysis,not_ported
garrysmod/gamemodes/terrortown/gamemode/cl_scoring_events.lua,46,{ text = function(e),lexical_candidate_not_semantic_analysis,not_ported
garrysmod/gamemodes/terrortown/gamemode/cl_scoring_events.lua,55,icon = function(e),lexical_candidate_not_semantic_analysis,not_ported
garrysmod/gamemodes/terrortown/gamemode/cl_scoring_events.lua,68,{ text = function(e),lexical_candidate_not_semantic_analysis,not_ported
garrysmod/gamemodes/terrortown/gamemode/cl_scoring_events.lua,71,icon = function(e),lexical_candidate_not_semantic_analysis,not_ported
garrysmod/gamemodes/terrortown/gamemode/cl_scoring_events.lua,78,{ text = function(e),lexical_candidate_not_semantic_analysis,not_ported
garrysmod/gamemodes/terrortown/gamemode/cl_scoring_events.lua,83,icon = function(e),lexical_candidate_not_semantic_analysis,not_ported
garrysmod/gamemodes/terrortown/gamemode/cl_scoring_events.lua,89,{ text = function(e),lexical_candidate_not_semantic_analysis,not_ported
garrysmod/gamemodes/terrortown/gamemode/cl_scoring_events.lua,92,icon = function(e),lexical_candidate_not_semantic_analysis,not_ported
garrysmod/gamemodes/terrortown/gamemode/cl_scoring_events.lua,99,{ text = function(e),lexical_candidate_not_semantic_analysis,not_ported
garrysmod/gamemodes/terrortown/gamemode/cl_scoring_events.lua,103,icon = function(e),lexical_candidate_not_semantic_analysis,not_ported
garrysmod/gamemodes/terrortown/gamemode/cl_scoring_events.lua,109,{ text = function(e),lexical_candidate_not_semantic_analysis,not_ported
garrysmod/gamemodes/terrortown/gamemode/cl_scoring_events.lua,112,icon = function(e),lexical_candidate_not_semantic_analysis,not_ported
garrysmod/gamemodes/terrortown/gamemode/cl_scoring_events.lua,118,{ text = function(e),lexical_candidate_not_semantic_analysis,not_ported
garrysmod/gamemodes/terrortown/gamemode/cl_scoring_events.lua,121,icon = function(e),lexical_candidate_not_semantic_analysis,not_ported
garrysmod/gamemodes/terrortown/gamemode/cl_scoring_events.lua,127,local function GetWeaponName(gun),lexical_candidate_not_semantic_analysis,not_ported
garrysmod/gamemodes/terrortown/gamemode/cl_scoring_events.lua,145,local function KillText(e),lexical_candidate_not_semantic_analysis,not_ported
garrysmod/gamemodes/terrortown/gamemode/cl_scoring_events.lua,237,icon = function(e),lexical_candidate_not_semantic_analysis,not_ported
garrysmod/gamemodes/terrortown/gamemode/cl_search.lua,13,local function DmgToText(d),lexical_candidate_not_semantic_analysis,not_ported
garrysmod/gamemodes/terrortown/gamemode/cl_search.lua,35,local function DmgToMat(d),lexical_candidate_not_semantic_analysis,not_ported
garrysmod/gamemodes/terrortown/gamemode/cl_search.lua,48,local function WeaponToIcon(d),lexical_candidate_not_semantic_analysis,not_ported
garrysmod/gamemodes/terrortown/gamemode/cl_search.lua,71,"local function IconForInfoType(t, data)",lexical_candidate_not_semantic_analysis,not_ported
garrysmod/gamemodes/terrortown/gamemode/cl_search.lua,95,function PreprocSearch(raw),lexical_candidate_not_semantic_analysis,not_ported
garrysmod/gamemodes/terrortown/gamemode/cl_search.lua,232,"local function SearchInfoController(search, dactive, dtext)",lexical_candidate_not_semantic_analysis,not_ported
garrysmod/gamemodes/terrortown/gamemode/cl_search.lua,251,local function ShowSearchScreen(search_raw),lexical_candidate_not_semantic_analysis,not_ported
garrysmod/gamemodes/terrortown/gamemode/cl_search.lua,337,"dident.DoClick = function(s) s:SetEnabled(false) RunConsoleCommand(""ttt_confirm_death"", search_raw.eidx, id) end",lexical_candidate_not_semantic_analysis,not_ported
garrysmod/gamemodes/terrortown/gamemode/cl_search.lua,344,dcall.DoClick = function(s),lexical_candidate_not_semantic_analysis,not_ported
garrysmod/gamemodes/terrortown/gamemode/cl_search.lua,358,dconfirm.DoClick = function() dframe:Close() end,lexical_candidate_not_semantic_analysis,not_ported
garrysmod/gamemodes/terrortown/gamemode/cl_search.lua,407,local function StoreSearchResult(search),lexical_candidate_not_semantic_analysis,not_ported
garrysmod/gamemodes/terrortown/gamemode/cl_search.lua,430,local function ReceiveRagdollSearch(),lexical_candidate_not_semantic_analysis,not_ported
garrysmod/gamemodes/terrortown/gamemode/cl_targetid.lua,16,"fmt = function(ent, txt) return GetPTranslation(txt, key_params) end",lexical_candidate_not_semantic_analysis,not_ported
garrysmod/gamemodes/terrortown/gamemode/cl_targetid.lua,21,function GM:GetClassHints(),lexical_candidate_not_semantic_analysis,not_ported
garrysmod/gamemodes/terrortown/gamemode/cl_targetid.lua,27,"function GM:AddClassHint(cls, hint)",lexical_candidate_not_semantic_analysis,not_ported
garrysmod/gamemodes/terrortown/gamemode/cl_targetid.lua,43,function GM:PostDrawTranslucentRenderables(),lexical_candidate_not_semantic_analysis,not_ported
garrysmod/gamemodes/terrortown/gamemode/cl_targetid.lua,87,local function DrawPropSpecLabels(client),lexical_candidate_not_semantic_analysis,not_ported
garrysmod/gamemodes/terrortown/gamemode/cl_targetid.lua,146,function GM:HUDDrawTargetID(),lexical_candidate_not_semantic_analysis,not_ported
garrysmod/gamemodes/terrortown/gamemode/cl_tbuttons.lua,14,function TBHUD:Clear(),lexical_candidate_not_semantic_analysis,not_ported
garrysmod/gamemodes/terrortown/gamemode/cl_tbuttons.lua,22,function TBHUD:CacheEnts(),lexical_candidate_not_semantic_analysis,not_ported
garrysmod/gamemodes/terrortown/gamemode/cl_tbuttons.lua,36,function TBHUD:PlayerIsFocused(),lexical_candidate_not_semantic_analysis,not_ported
garrysmod/gamemodes/terrortown/gamemode/cl_tbuttons.lua,40,function TBHUD:UseFocused(),lexical_candidate_not_semantic_analysis,not_ported
garrysmod/gamemodes/terrortown/gamemode/cl_tbuttons.lua,52,function TBHUD.ReceiveUseConfirm(),lexical_candidate_not_semantic_analysis,not_ported
garrysmod/gamemodes/terrortown/gamemode/cl_tbuttons.lua,71,function TBHUD:Draw(client),lexical_candidate_not_semantic_analysis,not_ported
garrysmod/gamemodes/terrortown/gamemode/cl_tips.lua,18,function PANEL:Paint(),lexical_candidate_not_semantic_analysis,not_ported
garrysmod/gamemodes/terrortown/gamemode/cl_tips.lua,61,function PANEL:Init(),lexical_candidate_not_semantic_analysis,not_ported
garrysmod/gamemodes/terrortown/gamemode/cl_tips.lua,81,self.buttons.left.DoClick = function() self:PrevTip() end,lexical_candidate_not_semantic_analysis,not_ported
garrysmod/gamemodes/terrortown/gamemode/cl_tips.lua,86,self.buttons.right.DoClick = function() self:NextTip() end,lexical_candidate_not_semantic_analysis,not_ported
garrysmod/gamemodes/terrortown/gamemode/cl_tips.lua,100,function PANEL:SetTip(idx),lexical_candidate_not_semantic_analysis,not_ported
garrysmod/gamemodes/terrortown/gamemode/cl_tips.lua,122,function PANEL:NextTip(auto),lexical_candidate_not_semantic_analysis,not_ported
garrysmod/gamemodes/terrortown/gamemode/cl_tips.lua,133,function PANEL:PrevTip(auto),lexical_candidate_not_semantic_analysis,not_ported
garrysmod/gamemodes/terrortown/gamemode/cl_tips.lua,144,function PANEL:PerformLayout(),lexical_candidate_not_semantic_analysis,not_ported
garrysmod/gamemodes/terrortown/gamemode/cl_tips.lua,194,function PANEL:ApplySchemeSettings(),lexical_candidate_not_semantic_analysis,not_ported
garrysmod/gamemodes/terrortown/gamemode/cl_tips.lua,207,function PANEL:Paint(),lexical_candidate_not_semantic_analysis,not_ported
garrysmod/gamemodes/terrortown/gamemode/cl_tips.lua,211,function PANEL:Think(),lexical_candidate_not_semantic_analysis,not_ported
garrysmod/gamemodes/terrortown/gamemode/cl_tips.lua,223,function TIPS.Create(),lexical_candidate_not_semantic_analysis,not_ported
garrysmod/gamemodes/terrortown/gamemode/cl_tips.lua,235,function TIPS.Show(),lexical_candidate_not_semantic_analysis,not_ported
garrysmod/gamemodes/terrortown/gamemode/cl_tips.lua,245,function TIPS.Hide(),lexical_candidate_not_semantic_analysis,not_ported
garrysmod/gamemodes/terrortown/gamemode/cl_tips.lua,260,function TIPS.Next(),lexical_candidate_not_semantic_analysis,not_ported
garrysmod/gamemodes/terrortown/gamemode/cl_tips.lua,266,function TIPS.Prev(),lexical_candidate_not_semantic_analysis,not_ported
garrysmod/gamemodes/terrortown/gamemode/cl_tips.lua,272,"local function TipsCallback(cv, prev, new)",lexical_candidate_not_semantic_analysis,not_ported
garrysmod/gamemodes/terrortown/gamemode/cl_transfer.lua,4,function CreateTransferMenu(parent),lexical_candidate_not_semantic_analysis,not_ported
garrysmod/gamemodes/terrortown/gamemode/cl_transfer.lua,24,"dpick.OnSelect = function(s, idx, val, data)",lexical_candidate_not_semantic_analysis,not_ported
garrysmod/gamemodes/terrortown/gamemode/cl_transfer.lua,44,dsubmit.DoClick = function(s),lexical_candidate_not_semantic_analysis,not_ported
garrysmod/gamemodes/terrortown/gamemode/cl_transfer.lua,50,dsubmit.Think = function(s),lexical_candidate_not_semantic_analysis,not_ported
garrysmod/gamemodes/terrortown/gamemode/cl_voice.lua,15,local function LastWordsRecv(),lexical_candidate_not_semantic_analysis,not_ported
garrysmod/gamemodes/terrortown/gamemode/cl_voice.lua,42,local function RoleChatRecv(),lexical_candidate_not_semantic_analysis,not_ported
garrysmod/gamemodes/terrortown/gamemode/cl_voice.lua,69,function GM:GetTeamColor(ent),lexical_candidate_not_semantic_analysis,not_ported
garrysmod/gamemodes/terrortown/gamemode/cl_voice.lua,79,"function GM:ChatText(idx, name, text, type)",lexical_candidate_not_semantic_analysis,not_ported
garrysmod/gamemodes/terrortown/gamemode/cl_voice.lua,94,"local function AddDetectiveText(ply, text)",lexical_candidate_not_semantic_analysis,not_ported
garrysmod/gamemodes/terrortown/gamemode/cl_voice.lua,101,"function GM:OnPlayerChat(ply, text, teamchat, dead)",lexical_candidate_not_semantic_analysis,not_ported
garrysmod/gamemodes/terrortown/gamemode/cl_voice.lua,123,function GM:ChatTextChanged(text),lexical_candidate_not_semantic_analysis,not_ported
garrysmod/gamemodes/terrortown/gamemode/cl_voice.lua,127,function ChatInterrupt(),lexical_candidate_not_semantic_analysis,not_ported
garrysmod/gamemodes/terrortown/gamemode/cl_voice.lua,169,function RADIO:ShowRadioCommands(state),lexical_candidate_not_semantic_analysis,not_ported
garrysmod/gamemodes/terrortown/gamemode/cl_voice.lua,196,radioframe.ForceResize = function(s),lexical_candidate_not_semantic_analysis,not_ported
garrysmod/gamemodes/terrortown/gamemode/cl_voice.lua,226,dlabel.Think = function(s),lexical_candidate_not_semantic_analysis,not_ported
garrysmod/gamemodes/terrortown/gamemode/cl_voice.lua,263,function RADIO:SendCommand(slotidx),lexical_candidate_not_semantic_analysis,not_ported
garrysmod/gamemodes/terrortown/gamemode/cl_voice.lua,272,function RADIO:GetTargetType(),lexical_candidate_not_semantic_analysis,not_ported
garrysmod/gamemodes/terrortown/gamemode/cl_voice.lua,297,function RADIO.ToPrintable(target),lexical_candidate_not_semantic_analysis,not_ported
garrysmod/gamemodes/terrortown/gamemode/cl_voice.lua,309,function RADIO:GetTarget(),lexical_candidate_not_semantic_analysis,not_ported
garrysmod/gamemodes/terrortown/gamemode/cl_voice.lua,324,function RADIO:StoreTarget(),lexical_candidate_not_semantic_analysis,not_ported
garrysmod/gamemodes/terrortown/gamemode/cl_voice.lua,335,"local function RadioCommand(ply, cmd, arg)",lexical_candidate_not_semantic_analysis,not_ported
garrysmod/gamemodes/terrortown/gamemode/cl_voice.lua,379,"local function RadioComplete(cmd, arg)",lexical_candidate_not_semantic_analysis,not_ported
garrysmod/gamemodes/terrortown/gamemode/cl_voice.lua,390,local function RadioMsgRecv(),lexical_candidate_not_semantic_analysis,not_ported
garrysmod/gamemodes/terrortown/gamemode/cl_voice.lua,437,"function GM:PlayerSentRadioCommand(ply, name, target)",lexical_candidate_not_semantic_analysis,not_ported
garrysmod/gamemodes/terrortown/gamemode/cl_voice.lua,463,local function VoiceNotifyThink(pnl),lexical_candidate_not_semantic_analysis,not_ported
garrysmod/gamemodes/terrortown/gamemode/cl_voice.lua,475,function GM:PlayerStartVoice( ply ),lexical_candidate_not_semantic_analysis,not_ported
garrysmod/gamemodes/terrortown/gamemode/cl_voice.lua,505,pnl.Think = function( self ),lexical_candidate_not_semantic_analysis,not_ported
garrysmod/gamemodes/terrortown/gamemode/cl_voice.lua,511,"pnl.Paint = function(s, w, h)",lexical_candidate_not_semantic_analysis,not_ported
garrysmod/gamemodes/terrortown/gamemode/cl_voice.lua,541,local function ReceiveVoiceState(),lexical_candidate_not_semantic_analysis,not_ported
garrysmod/gamemodes/terrortown/gamemode/cl_voice.lua,560,local function VoiceClean(),lexical_candidate_not_semantic_analysis,not_ported
garrysmod/gamemodes/terrortown/gamemode/cl_voice.lua,570,"function GM:PlayerEndVoice(ply, no_reset)",lexical_candidate_not_semantic_analysis,not_ported
garrysmod/gamemodes/terrortown/gamemode/cl_voice.lua,585,local function CreateVoiceVGUI(),lexical_candidate_not_semantic_analysis,not_ported
garrysmod/gamemodes/terrortown/gamemode/cl_voice.lua,612,local function SetMuteState(state),lexical_candidate_not_semantic_analysis,not_ported
garrysmod/gamemodes/terrortown/gamemode/cl_voice.lua,620,function VOICE.CycleMuteState(force_state),lexical_candidate_not_semantic_analysis,not_ported
garrysmod/gamemodes/terrortown/gamemode/cl_voice.lua,632,function VOICE.InitBattery(),lexical_candidate_not_semantic_analysis,not_ported
garrysmod/gamemodes/terrortown/gamemode/cl_voice.lua,636,local function GetRechargeRate(),lexical_candidate_not_semantic_analysis,not_ported
garrysmod/gamemodes/terrortown/gamemode/cl_voice.lua,644,local function GetDrainRate(),lexical_candidate_not_semantic_analysis,not_ported
garrysmod/gamemodes/terrortown/gamemode/cl_voice.lua,658,local function IsTraitorChatting(client),lexical_candidate_not_semantic_analysis,not_ported
garrysmod/gamemodes/terrortown/gamemode/cl_voice.lua,662,function VOICE.Tick(),lexical_candidate_not_semantic_analysis,not_ported
garrysmod/gamemodes/terrortown/gamemode/cl_voice.lua,679,function VOICE.IsSpeaking() return LocalPlayer().speaking end,lexical_candidate_not_semantic_analysis,not_ported
garrysmod/gamemodes/terrortown/gamemode/cl_voice.lua,680,function VOICE.SetSpeaking(state) LocalPlayer().speaking = state end,lexical_candidate_not_semantic_analysis,not_ported
garrysmod/gamemodes/terrortown/gamemode/cl_voice.lua,682,function VOICE.CanSpeak(),lexical_candidate_not_semantic_analysis,not_ported
garrysmod/gamemodes/terrortown/gamemode/cl_voice.lua,689,function VOICE.Draw(client),lexical_candidate_not_semantic_analysis,not_ported
garrysmod/gamemodes/terrortown/gamemode/cl_wepswitch.lua,62,"function WSWITCH:DrawBarBg(x, y, w, h, col)",lexical_candidate_not_semantic_analysis,not_ported
garrysmod/gamemodes/terrortown/gamemode/cl_wepswitch.lua,98,"function WSWITCH:DrawWeapon(x, y, c, wep)",lexical_candidate_not_semantic_analysis,not_ported
garrysmod/gamemodes/terrortown/gamemode/cl_wepswitch.lua,139,function WSWITCH:Draw(client),lexical_candidate_not_semantic_analysis,not_ported
garrysmod/gamemodes/terrortown/gamemode/cl_wepswitch.lua,166,"local function SlotSort(a, b)",lexical_candidate_not_semantic_analysis,not_ported
garrysmod/gamemodes/terrortown/gamemode/cl_wepswitch.lua,170,"local function CopyVals(src, dest)",lexical_candidate_not_semantic_analysis,not_ported
garrysmod/gamemodes/terrortown/gamemode/cl_wepswitch.lua,179,function WSWITCH:UpdateWeaponCache(),lexical_candidate_not_semantic_analysis,not_ported
garrysmod/gamemodes/terrortown/gamemode/cl_wepswitch.lua,189,function WSWITCH:SetSelected(idx),lexical_candidate_not_semantic_analysis,not_ported
garrysmod/gamemodes/terrortown/gamemode/cl_wepswitch.lua,195,function WSWITCH:SelectNext(),lexical_candidate_not_semantic_analysis,not_ported
garrysmod/gamemodes/terrortown/gamemode/cl_wepswitch.lua,209,function WSWITCH:SelectPrev(),lexical_candidate_not_semantic_analysis,not_ported
garrysmod/gamemodes/terrortown/gamemode/cl_wepswitch.lua,224,function WSWITCH:DoSelect(idx),lexical_candidate_not_semantic_analysis,not_ported
garrysmod/gamemodes/terrortown/gamemode/cl_wepswitch.lua,234,function WSWITCH:SelectSlot(slot),lexical_candidate_not_semantic_analysis,not_ported
garrysmod/gamemodes/terrortown/gamemode/cl_wepswitch.lua,258,function WSWITCH:Enable(),lexical_candidate_not_semantic_analysis,not_ported
garrysmod/gamemodes/terrortown/gamemode/cl_wepswitch.lua,282,function WSWITCH:Disable(),lexical_candidate_not_semantic_analysis,not_ported
garrysmod/gamemodes/terrortown/gamemode/cl_wepswitch.lua,287,function WSWITCH:ConfirmSelection(noHide),lexical_candidate_not_semantic_analysis,not_ported
garrysmod/gamemodes/terrortown/gamemode/cl_wepswitch.lua,299,function WSWITCH:PreventAttack(),lexical_candidate_not_semantic_analysis,not_ported
garrysmod/gamemodes/terrortown/gamemode/cl_wepswitch.lua,303,function WSWITCH:Think(),lexical_candidate_not_semantic_analysis,not_ported
garrysmod/gamemodes/terrortown/gamemode/cl_wepswitch.lua,313,function WSWITCH:SelectAndConfirm(slot),lexical_candidate_not_semantic_analysis,not_ported
garrysmod/gamemodes/terrortown/gamemode/cl_wepswitch.lua,319,"local function QuickSlot(ply, cmd, args)",lexical_candidate_not_semantic_analysis,not_ported
garrysmod/gamemodes/terrortown/gamemode/cl_wepswitch.lua,337,"local function SwitchToEquipment(ply, cmd, args)",lexical_candidate_not_semantic_analysis,not_ported
garrysmod/gamemodes/terrortown/gamemode/corpse.lua,11,"function CORPSE.SetFound(rag, state)",lexical_candidate_not_semantic_analysis,not_ported
garrysmod/gamemodes/terrortown/gamemode/corpse.lua,16,"function CORPSE.SetPlayerNick(rag, ply_or_name)",lexical_candidate_not_semantic_analysis,not_ported
garrysmod/gamemodes/terrortown/gamemode/corpse.lua,28,"function CORPSE.SetCredits(rag, credits)",lexical_candidate_not_semantic_analysis,not_ported
garrysmod/gamemodes/terrortown/gamemode/corpse.lua,39,"function GM:TTTCanIdentifyCorpse(ply, corpse, was_traitor)",lexical_candidate_not_semantic_analysis,not_ported
garrysmod/gamemodes/terrortown/gamemode/corpse.lua,44,"local function IdentifyBody(ply, rag)",lexical_candidate_not_semantic_analysis,not_ported
garrysmod/gamemodes/terrortown/gamemode/corpse.lua,111,"local function IdentifyCommand(ply, cmd, args)",lexical_candidate_not_semantic_analysis,not_ported
garrysmod/gamemodes/terrortown/gamemode/corpse.lua,136,"local function CallDetective(ply, cmd, args)",lexical_candidate_not_semantic_analysis,not_ported
garrysmod/gamemodes/terrortown/gamemode/corpse.lua,171,"function GM:TTTCanSearchCorpse(ply, corpse, is_covert, is_long_range, was_traitor)",lexical_candidate_not_semantic_analysis,not_ported
garrysmod/gamemodes/terrortown/gamemode/corpse.lua,177,"function CORPSE.ShowSearch(ply, rag, covert, long_range)",lexical_candidate_not_semantic_analysis,not_ported
garrysmod/gamemodes/terrortown/gamemode/corpse.lua,291,"local function GetKillerSample(victim, attacker, dmg)",lexical_candidate_not_semantic_analysis,not_ported
garrysmod/gamemodes/terrortown/gamemode/corpse.lua,324,local function GetSceneDataFromPlayer(ply),lexical_candidate_not_semantic_analysis,not_ported
garrysmod/gamemodes/terrortown/gamemode/corpse.lua,339,"local function GetSceneData(victim, attacker, dmginfo)",lexical_candidate_not_semantic_analysis,not_ported
garrysmod/gamemodes/terrortown/gamemode/corpse.lua,371,"function CORPSE.Create(ply, attacker, dmginfo)",lexical_candidate_not_semantic_analysis,not_ported
garrysmod/gamemodes/terrortown/gamemode/corpse_shd.lua,16,"function CORPSE.GetFound(rag, default)",lexical_candidate_not_semantic_analysis,not_ported
garrysmod/gamemodes/terrortown/gamemode/corpse_shd.lua,20,"function CORPSE.GetPlayerNick(rag, default)",lexical_candidate_not_semantic_analysis,not_ported
garrysmod/gamemodes/terrortown/gamemode/corpse_shd.lua,31,"function CORPSE.GetCredits(rag, default)",lexical_candidate_not_semantic_analysis,not_ported
garrysmod/gamemodes/terrortown/gamemode/corpse_shd.lua,36,function CORPSE.GetPlayer(rag),lexical_candidate_not_semantic_analysis,not_ported
garrysmod/gamemodes/terrortown/gamemode/ent_replace.lua,9,"local function ReplaceSingle(ent, newname)",lexical_candidate_not_semantic_analysis,not_ported
garrysmod/gamemodes/terrortown/gamemode/ent_replace.lua,57,"local function ReplaceAmmoSingle(ent, cls)",lexical_candidate_not_semantic_analysis,not_ported
garrysmod/gamemodes/terrortown/gamemode/ent_replace.lua,66,local function ReplaceAmmo(),lexical_candidate_not_semantic_analysis,not_ported
garrysmod/gamemodes/terrortown/gamemode/ent_replace.lua,84,"local function ReplaceWeaponSingle(ent, cls)",lexical_candidate_not_semantic_analysis,not_ported
garrysmod/gamemodes/terrortown/gamemode/ent_replace.lua,101,local function ReplaceWeapons(),lexical_candidate_not_semantic_analysis,not_ported
garrysmod/gamemodes/terrortown/gamemode/ent_replace.lua,110,function ents.TTT.RemoveRagdolls(player_only),lexical_candidate_not_semantic_analysis,not_ported
garrysmod/gamemodes/terrortown/gamemode/ent_replace.lua,124,local function RemoveCrowbars(),lexical_candidate_not_semantic_analysis,not_ported
garrysmod/gamemodes/terrortown/gamemode/ent_replace.lua,130,function ents.TTT.ReplaceEntities(),lexical_candidate_not_semantic_analysis,not_ported
garrysmod/gamemodes/terrortown/gamemode/ent_replace.lua,140,"local function ReplaceOnCreated(s, ent)",lexical_candidate_not_semantic_analysis,not_ported
garrysmod/gamemodes/terrortown/gamemode/ent_replace.lua,158,function ents.TTT.SetReplaceChecking(state),lexical_candidate_not_semantic_analysis,not_ported
garrysmod/gamemodes/terrortown/gamemode/ent_replace.lua,177,function ents.TTT.FixParentedPreCleanup(),lexical_candidate_not_semantic_analysis,not_ported
garrysmod/gamemodes/terrortown/gamemode/ent_replace.lua,192,function ents.TTT.FixParentedPostCleanup(),lexical_candidate_not_semantic_analysis,not_ported
garrysmod/gamemodes/terrortown/gamemode/ent_replace.lua,210,"function ents.TTT.TriggerRoundStateOutputs(r, param)",lexical_candidate_not_semantic_analysis,not_ported
garrysmod/gamemodes/terrortown/gamemode/ent_replace.lua,250,function ents.TTT.GetSpawnableSWEPs(),lexical_candidate_not_semantic_analysis,not_ported
garrysmod/gamemodes/terrortown/gamemode/ent_replace.lua,283,function GM:TTTWeaponFilter(wep),lexical_candidate_not_semantic_analysis,not_ported
garrysmod/gamemodes/terrortown/gamemode/ent_replace.lua,312,function ents.TTT.GetFilteredSpawnableSWEPs(filter),lexical_candidate_not_semantic_analysis,not_ported
garrysmod/gamemodes/terrortown/gamemode/ent_replace.lua,337,function ents.TTT.GetSpawnableAmmo(),lexical_candidate_not_semantic_analysis,not_ported
garrysmod/gamemodes/terrortown/gamemode/ent_replace.lua,352,"local function PlaceWeapon(swep, pos, ang)",lexical_candidate_not_semantic_analysis,not_ported
garrysmod/gamemodes/terrortown/gamemode/ent_replace.lua,386,local function PlaceWeaponsAtEnts(spots_classes),lexical_candidate_not_semantic_analysis,not_ported
garrysmod/gamemodes/terrortown/gamemode/ent_replace.lua,428,local function PlaceExtraWeaponsForCSS(),lexical_candidate_not_semantic_analysis,not_ported
garrysmod/gamemodes/terrortown/gamemode/ent_replace.lua,442,local function PlaceExtraWeaponsForTF2(),lexical_candidate_not_semantic_analysis,not_ported
garrysmod/gamemodes/terrortown/gamemode/ent_replace.lua,466,function ents.TTT.PlaceExtraWeapons(),lexical_candidate_not_semantic_analysis,not_ported
garrysmod/gamemodes/terrortown/gamemode/ent_replace.lua,497,local function RemoveReplaceables(),lexical_candidate_not_semantic_analysis,not_ported
garrysmod/gamemodes/terrortown/gamemode/ent_replace.lua,514,local function RemoveWeaponEntities(),lexical_candidate_not_semantic_analysis,not_ported
garrysmod/gamemodes/terrortown/gamemode/ent_replace.lua,534,local function RemoveSpawnEntities(),lexical_candidate_not_semantic_analysis,not_ported
garrysmod/gamemodes/terrortown/gamemode/ent_replace.lua,541,"local function CreateImportedEnt(cls, pos, ang, kv)",lexical_candidate_not_semantic_analysis,not_ported
garrysmod/gamemodes/terrortown/gamemode/ent_replace.lua,560,function ents.TTT.CanImportEntities(map),lexical_candidate_not_semantic_analysis,not_ported
garrysmod/gamemodes/terrortown/gamemode/ent_replace.lua,576,local function ImportSettings(map),lexical_candidate_not_semantic_analysis,not_ported
garrysmod/gamemodes/terrortown/gamemode/ent_replace.lua,605,local function ImportEntities(map),lexical_candidate_not_semantic_analysis,not_ported
garrysmod/gamemodes/terrortown/gamemode/ent_replace.lua,659,function ents.TTT.ProcessImportScript(map),lexical_candidate_not_semantic_analysis,not_ported
garrysmod/gamemodes/terrortown/gamemode/entity.lua,5,function meta:SetDamageOwner(ply),lexical_candidate_not_semantic_analysis,not_ported
garrysmod/gamemodes/terrortown/gamemode/entity.lua,9,function meta:GetDamageOwner(),lexical_candidate_not_semantic_analysis,not_ported
garrysmod/gamemodes/terrortown/gamemode/entity.lua,15,function meta:IsExplosive(),lexical_candidate_not_semantic_analysis,not_ported
garrysmod/gamemodes/terrortown/gamemode/entity.lua,21,"function meta:BroadcastSound(snd, lvl, pitch, vol, channel, flags, dsp)",lexical_candidate_not_semantic_analysis,not_ported
garrysmod/gamemodes/terrortown/gamemode/equip_items_shd.lua,108,"function GetEquipmentItem(role, id)",lexical_candidate_not_semantic_analysis,not_ported
garrysmod/gamemodes/terrortown/gamemode/equip_items_shd.lua,123,function GenerateNewEquipmentID(),lexical_candidate_not_semantic_analysis,not_ported
garrysmod/gamemodes/terrortown/gamemode/gamemsg.lua,13,function GameMsg(msg),lexical_candidate_not_semantic_analysis,not_ported
garrysmod/gamemodes/terrortown/gamemode/gamemsg.lua,20,"function CustomMsg(ply_or_rf, msg, clr)",lexical_candidate_not_semantic_analysis,not_ported
garrysmod/gamemodes/terrortown/gamemode/gamemsg.lua,33,"function PlayerMsg(ply_or_rf, msg, traitor_only)",lexical_candidate_not_semantic_analysis,not_ported
garrysmod/gamemodes/terrortown/gamemode/gamemsg.lua,42,"function TraitorMsg(ply_or_rfilter, msg)",lexical_candidate_not_semantic_analysis,not_ported
garrysmod/gamemodes/terrortown/gamemode/gamemsg.lua,47,"local function RoleChatMsg(sender, role, msg)",lexical_candidate_not_semantic_analysis,not_ported
garrysmod/gamemodes/terrortown/gamemode/gamemsg.lua,57,function ShowRoundStartPopup(),lexical_candidate_not_semantic_analysis,not_ported
garrysmod/gamemodes/terrortown/gamemode/gamemsg.lua,65,local function GetPlayerFilter(pred),lexical_candidate_not_semantic_analysis,not_ported
garrysmod/gamemodes/terrortown/gamemode/gamemsg.lua,75,function GetTraitorFilter(alive_only),lexical_candidate_not_semantic_analysis,not_ported
garrysmod/gamemodes/terrortown/gamemode/gamemsg.lua,79,function GetDetectiveFilter(alive_only),lexical_candidate_not_semantic_analysis,not_ported
garrysmod/gamemodes/terrortown/gamemode/gamemsg.lua,83,function GetInnocentFilter(alive_only),lexical_candidate_not_semantic_analysis,not_ported
garrysmod/gamemodes/terrortown/gamemode/gamemsg.lua,87,"function GetRoleFilter(role, alive_only)",lexical_candidate_not_semantic_analysis,not_ported
garrysmod/gamemodes/terrortown/gamemode/gamemsg.lua,95,"function GM:PlayerCanSeePlayersChat(text, team_only, listener, speaker)",lexical_candidate_not_semantic_analysis,not_ported
garrysmod/gamemodes/terrortown/gamemode/gamemsg.lua,126,"function GM:PlayerSay(ply, text, team_only)",lexical_candidate_not_semantic_analysis,not_ported
garrysmod/gamemodes/terrortown/gamemode/gamemsg.lua,162,function MuteForRestart(state),lexical_candidate_not_semantic_analysis,not_ported
garrysmod/gamemodes/terrortown/gamemode/gamemsg.lua,170,"function GM:PlayerCanHearPlayersVoice(listener, speaker)",lexical_candidate_not_semantic_analysis,not_ported
garrysmod/gamemodes/terrortown/gamemode/gamemsg.lua,213,"local function SendTraitorVoiceState(speaker, state)",lexical_candidate_not_semantic_analysis,not_ported
garrysmod/gamemodes/terrortown/gamemode/gamemsg.lua,227,"local function TraitorGlobalVoice(ply, cmd, args)",lexical_candidate_not_semantic_analysis,not_ported
garrysmod/gamemodes/terrortown/gamemode/gamemsg.lua,245,"local function MuteTeam(ply, cmd, args)",lexical_candidate_not_semantic_analysis,not_ported
garrysmod/gamemodes/terrortown/gamemode/gamemsg.lua,270,"local function LastWordsMsg(ply, words)",lexical_candidate_not_semantic_analysis,not_ported
garrysmod/gamemodes/terrortown/gamemode/gamemsg.lua,288,"local function LastWords(ply, cmd, args)",lexical_candidate_not_semantic_analysis,not_ported
garrysmod/gamemodes/terrortown/gamemode/gamemsg.lua,337,"function GM:TTTPlayerRadioCommand(ply, msg_name, msg_target)",lexical_candidate_not_semantic_analysis,not_ported
garrysmod/gamemodes/terrortown/gamemode/gamemsg.lua,342,"local function RadioCommand(ply, cmd, args)",lexical_candidate_not_semantic_analysis,not_ported
garrysmod/gamemodes/terrortown/gamemode/init.lua,165,function GM:Initialize(),lexical_candidate_not_semantic_analysis,not_ported
garrysmod/gamemodes/terrortown/gamemode/init.lua,215,function GM:InitCvars(),lexical_candidate_not_semantic_analysis,not_ported
garrysmod/gamemodes/terrortown/gamemode/init.lua,226,function GM:InitPostEntity(),lexical_candidate_not_semantic_analysis,not_ported
garrysmod/gamemodes/terrortown/gamemode/init.lua,233,function GM:SyncGlobals(),lexical_candidate_not_semantic_analysis,not_ported
garrysmod/gamemodes/terrortown/gamemode/init.lua,245,"function SendRoundState(state, ply)",lexical_candidate_not_semantic_analysis,not_ported
garrysmod/gamemodes/terrortown/gamemode/init.lua,253,function SetRoundState(state),lexical_candidate_not_semantic_analysis,not_ported
garrysmod/gamemodes/terrortown/gamemode/init.lua,261,function GetRoundState(),lexical_candidate_not_semantic_analysis,not_ported
garrysmod/gamemodes/terrortown/gamemode/init.lua,265,local function EnoughPlayers(),lexical_candidate_not_semantic_analysis,not_ported
garrysmod/gamemodes/terrortown/gamemode/init.lua,277,function WaitingForPlayersChecker(),lexical_candidate_not_semantic_analysis,not_ported
garrysmod/gamemodes/terrortown/gamemode/init.lua,286,function WaitForPlayers(),lexical_candidate_not_semantic_analysis,not_ported
garrysmod/gamemodes/terrortown/gamemode/init.lua,298,function FixSpectators(),lexical_candidate_not_semantic_analysis,not_ported
garrysmod/gamemodes/terrortown/gamemode/init.lua,307,local function WinChecker(),lexical_candidate_not_semantic_analysis,not_ported
garrysmod/gamemodes/terrortown/gamemode/init.lua,320,local function NameChangeKick(),lexical_candidate_not_semantic_analysis,not_ported
garrysmod/gamemodes/terrortown/gamemode/init.lua,345,function StartNameChangeChecks(),lexical_candidate_not_semantic_analysis,not_ported
garrysmod/gamemodes/terrortown/gamemode/init.lua,358,function StartWinChecks(),lexical_candidate_not_semantic_analysis,not_ported
garrysmod/gamemodes/terrortown/gamemode/init.lua,364,function StopWinChecks(),lexical_candidate_not_semantic_analysis,not_ported
garrysmod/gamemodes/terrortown/gamemode/init.lua,368,local function StopRoundTimers(),lexical_candidate_not_semantic_analysis,not_ported
garrysmod/gamemodes/terrortown/gamemode/init.lua,378,local function CheckForAbort(),lexical_candidate_not_semantic_analysis,not_ported
garrysmod/gamemodes/terrortown/gamemode/init.lua,390,local function SpawnEntities(),lexical_candidate_not_semantic_analysis,not_ported
garrysmod/gamemodes/terrortown/gamemode/init.lua,412,local function CleanUp(),lexical_candidate_not_semantic_analysis,not_ported
garrysmod/gamemodes/terrortown/gamemode/init.lua,444,function GM:TTTDelayRoundStartForVote(),lexical_candidate_not_semantic_analysis,not_ported
garrysmod/gamemodes/terrortown/gamemode/init.lua,450,function PrepareRound(),lexical_candidate_not_semantic_analysis,not_ported
garrysmod/gamemodes/terrortown/gamemode/init.lua,513,function SetRoundEnd(endtime),lexical_candidate_not_semantic_analysis,not_ported
garrysmod/gamemodes/terrortown/gamemode/init.lua,517,function IncRoundEnd(incr),lexical_candidate_not_semantic_analysis,not_ported
garrysmod/gamemodes/terrortown/gamemode/init.lua,521,function TellTraitorsAboutTraitors(),lexical_candidate_not_semantic_analysis,not_ported
garrysmod/gamemodes/terrortown/gamemode/init.lua,551,function SpawnWillingPlayers(dead_only),lexical_candidate_not_semantic_analysis,not_ported
garrysmod/gamemodes/terrortown/gamemode/init.lua,577,local sfn = function(),lexical_candidate_not_semantic_analysis,not_ported
garrysmod/gamemodes/terrortown/gamemode/init.lua,619,local function InitRoundEndTime(),lexical_candidate_not_semantic_analysis,not_ported
garrysmod/gamemodes/terrortown/gamemode/init.lua,632,function BeginRound(),lexical_candidate_not_semantic_analysis,not_ported
garrysmod/gamemodes/terrortown/gamemode/init.lua,690,function PrintResultMessage(type),lexical_candidate_not_semantic_analysis,not_ported
garrysmod/gamemodes/terrortown/gamemode/init.lua,706,function CheckForMapSwitch(),lexical_candidate_not_semantic_analysis,not_ported
garrysmod/gamemodes/terrortown/gamemode/init.lua,733,function EndRound(type),lexical_candidate_not_semantic_analysis,not_ported
garrysmod/gamemodes/terrortown/gamemode/init.lua,774,function GM:MapTriggeredEnd(wintype),lexical_candidate_not_semantic_analysis,not_ported
garrysmod/gamemodes/terrortown/gamemode/init.lua,779,function GM:TTTCheckForWin(),lexical_candidate_not_semantic_analysis,not_ported
garrysmod/gamemodes/terrortown/gamemode/init.lua,816,local function GetTraitorCount(ply_count),lexical_candidate_not_semantic_analysis,not_ported
garrysmod/gamemodes/terrortown/gamemode/init.lua,826,local function GetDetectiveCount(ply_count),lexical_candidate_not_semantic_analysis,not_ported
garrysmod/gamemodes/terrortown/gamemode/init.lua,837,function SelectRoles(),lexical_candidate_not_semantic_analysis,not_ported
garrysmod/gamemodes/terrortown/gamemode/init.lua,942,"local function ForceRoundRestart(ply, command, args)",lexical_candidate_not_semantic_analysis,not_ported
garrysmod/gamemodes/terrortown/gamemode/init.lua,957,function ShowVersion(ply),lexical_candidate_not_semantic_analysis,not_ported
garrysmod/gamemodes/terrortown/gamemode/karma.lua,32,local function IsDebug() return config.debug:GetBool() end,lexical_candidate_not_semantic_analysis,not_ported
garrysmod/gamemodes/terrortown/gamemode/karma.lua,40,function KARMA.InitState(),lexical_candidate_not_semantic_analysis,not_ported
garrysmod/gamemodes/terrortown/gamemode/karma.lua,44,function KARMA.IsEnabled(),lexical_candidate_not_semantic_analysis,not_ported
garrysmod/gamemodes/terrortown/gamemode/karma.lua,49,"function KARMA.GetHurtPenalty(victim_karma, dmg)",lexical_candidate_not_semantic_analysis,not_ported
garrysmod/gamemodes/terrortown/gamemode/karma.lua,54,function KARMA.GetKillPenalty(victim_karma),lexical_candidate_not_semantic_analysis,not_ported
garrysmod/gamemodes/terrortown/gamemode/karma.lua,60,function KARMA.GetHurtReward(dmg),lexical_candidate_not_semantic_analysis,not_ported
garrysmod/gamemodes/terrortown/gamemode/karma.lua,65,function KARMA.GetKillReward(),lexical_candidate_not_semantic_analysis,not_ported
garrysmod/gamemodes/terrortown/gamemode/karma.lua,69,"function KARMA.GivePenalty(ply, penalty, victim)",lexical_candidate_not_semantic_analysis,not_ported
garrysmod/gamemodes/terrortown/gamemode/karma.lua,75,"function KARMA.GiveReward(ply, reward)",lexical_candidate_not_semantic_analysis,not_ported
garrysmod/gamemodes/terrortown/gamemode/karma.lua,81,function KARMA.ApplyKarma(ply),lexical_candidate_not_semantic_analysis,not_ported
garrysmod/gamemodes/terrortown/gamemode/karma.lua,104,"local function WasAvoidable(attacker, victim, dmginfo)",lexical_candidate_not_semantic_analysis,not_ported
garrysmod/gamemodes/terrortown/gamemode/karma.lua,116,"function KARMA.Hurt(attacker, victim, dmginfo)",lexical_candidate_not_semantic_analysis,not_ported
garrysmod/gamemodes/terrortown/gamemode/karma.lua,148,"function KARMA.Killed(attacker, victim, dmginfo)",lexical_candidate_not_semantic_analysis,not_ported
garrysmod/gamemodes/terrortown/gamemode/karma.lua,177,function KARMA.DecayedMultiplier(ply),lexical_candidate_not_semantic_analysis,not_ported
garrysmod/gamemodes/terrortown/gamemode/karma.lua,200,function KARMA.RoundIncrement(),lexical_candidate_not_semantic_analysis,not_ported
garrysmod/gamemodes/terrortown/gamemode/karma.lua,219,function KARMA.Rebase(),lexical_candidate_not_semantic_analysis,not_ported
garrysmod/gamemodes/terrortown/gamemode/karma.lua,230,function KARMA.ApplyKarmaAll(),lexical_candidate_not_semantic_analysis,not_ported
garrysmod/gamemodes/terrortown/gamemode/karma.lua,236,function KARMA.NotifyPlayer(ply),lexical_candidate_not_semantic_analysis,not_ported
garrysmod/gamemodes/terrortown/gamemode/karma.lua,250,function KARMA.RoundEnd(),lexical_candidate_not_semantic_analysis,not_ported
garrysmod/gamemodes/terrortown/gamemode/karma.lua,266,function KARMA.RoundBegin(),lexical_candidate_not_semantic_analysis,not_ported
garrysmod/gamemodes/terrortown/gamemode/karma.lua,278,function KARMA.InitPlayer(ply),lexical_candidate_not_semantic_analysis,not_ported
garrysmod/gamemodes/terrortown/gamemode/karma.lua,292,function KARMA.Remember(ply),lexical_candidate_not_semantic_analysis,not_ported
garrysmod/gamemodes/terrortown/gamemode/karma.lua,304,function KARMA.Recall(ply),lexical_candidate_not_semantic_analysis,not_ported
garrysmod/gamemodes/terrortown/gamemode/karma.lua,319,function KARMA.LateRecallAndSet(ply),lexical_candidate_not_semantic_analysis,not_ported
garrysmod/gamemodes/terrortown/gamemode/karma.lua,327,function KARMA.RememberAll(),lexical_candidate_not_semantic_analysis,not_ported
garrysmod/gamemodes/terrortown/gamemode/karma.lua,334,function KARMA.CheckAutoKick(ply),lexical_candidate_not_semantic_analysis,not_ported
garrysmod/gamemodes/terrortown/gamemode/karma.lua,359,function KARMA.CheckAutoKickAll(),lexical_candidate_not_semantic_analysis,not_ported
garrysmod/gamemodes/terrortown/gamemode/karma.lua,365,function KARMA.PrintAll(printfn),lexical_candidate_not_semantic_analysis,not_ported
garrysmod/gamemodes/terrortown/gamemode/lang/chef.lua,8,local function Borkify(word),lexical_candidate_not_semantic_analysis,not_ported
garrysmod/gamemodes/terrortown/gamemode/lang/chef.lua,19,"local function LanguageChanged(old, new)",lexical_candidate_not_semantic_analysis,not_ported
garrysmod/gamemodes/terrortown/gamemode/lang/chef.lua,37,"__index = function(t, k)",lexical_candidate_not_semantic_analysis,not_ported
garrysmod/gamemodes/terrortown/gamemode/lang_shd.lua,31,"function LANG.Msg(arg1, arg2, arg3)",lexical_candidate_not_semantic_analysis,not_ported
garrysmod/gamemodes/terrortown/gamemode/lang_shd.lua,41,"function LANG.ProcessMsg(send_to, name, params)",lexical_candidate_not_semantic_analysis,not_ported
garrysmod/gamemodes/terrortown/gamemode/lang_shd.lua,69,"function LANG.MsgAll(name, params)",lexical_candidate_not_semantic_analysis,not_ported
garrysmod/gamemodes/terrortown/gamemode/lang_shd.lua,75,"local function ServerLangRequest(ply, cmd, args)",lexical_candidate_not_semantic_analysis,not_ported
garrysmod/gamemodes/terrortown/gamemode/lang_shd.lua,86,local function RecvMsg(),lexical_candidate_not_semantic_analysis,not_ported
garrysmod/gamemodes/terrortown/gamemode/lang_shd.lua,104,local function RecvServerLang(),lexical_candidate_not_semantic_analysis,not_ported
garrysmod/gamemodes/terrortown/gamemode/lang_shd.lua,124,function LANG.NameParam(name),lexical_candidate_not_semantic_analysis,not_ported
garrysmod/gamemodes/terrortown/gamemode/lang_shd.lua,129,function LANG.GetNameParam(str),lexical_candidate_not_semantic_analysis,not_ported
garrysmod/gamemodes/terrortown/gamemode/player.lua,17,function GM:PlayerInitialSpawn( ply ),lexical_candidate_not_semantic_analysis,not_ported
garrysmod/gamemodes/terrortown/gamemode/player.lua,46,"function GM:NetworkIDValidated( name, steamid )",lexical_candidate_not_semantic_analysis,not_ported
garrysmod/gamemodes/terrortown/gamemode/player.lua,56,function GM:PlayerSpawn(ply),lexical_candidate_not_semantic_analysis,not_ported
garrysmod/gamemodes/terrortown/gamemode/player.lua,97,"function GM:PlayerSetHandsModel( pl, ent )",lexical_candidate_not_semantic_analysis,not_ported
garrysmod/gamemodes/terrortown/gamemode/player.lua,107,"function GM:IsSpawnpointSuitable(ply, spwn, force, rigged)",lexical_candidate_not_semantic_analysis,not_ported
garrysmod/gamemodes/terrortown/gamemode/player.lua,137,"function GetSpawnEnts(shuffled, force_all)",lexical_candidate_not_semantic_analysis,not_ported
garrysmod/gamemodes/terrortown/gamemode/player.lua,167,local function PointsAroundSpawn(spwn),lexical_candidate_not_semantic_analysis,not_ported
garrysmod/gamemodes/terrortown/gamemode/player.lua,188,function GM:PlayerSelectSpawn(ply),lexical_candidate_not_semantic_analysis,not_ported
garrysmod/gamemodes/terrortown/gamemode/player.lua,252,function GM:PlayerSetModel(ply),lexical_candidate_not_semantic_analysis,not_ported
garrysmod/gamemodes/terrortown/gamemode/player.lua,262,function GM:TTTPlayerSetColor(ply),lexical_candidate_not_semantic_analysis,not_ported
garrysmod/gamemodes/terrortown/gamemode/player.lua,275,function GM:CanPlayerSuicide(ply),lexical_candidate_not_semantic_analysis,not_ported
garrysmod/gamemodes/terrortown/gamemode/player.lua,279,"function GM:PlayerSwitchFlashlight(ply, on)",lexical_candidate_not_semantic_analysis,not_ported
garrysmod/gamemodes/terrortown/gamemode/player.lua,296,function GM:PlayerSpray(ply),lexical_candidate_not_semantic_analysis,not_ported
garrysmod/gamemodes/terrortown/gamemode/player.lua,302,"function GM:PlayerUse(ply, ent)",lexical_candidate_not_semantic_analysis,not_ported
garrysmod/gamemodes/terrortown/gamemode/player.lua,306,"function GM:KeyPress(ply, key)",lexical_candidate_not_semantic_analysis,not_ported
garrysmod/gamemodes/terrortown/gamemode/player.lua,381,"function GM:KeyRelease(ply, key)",lexical_candidate_not_semantic_analysis,not_ported
garrysmod/gamemodes/terrortown/gamemode/player.lua,413,"local function SpecUseKey(ply, cmd, arg)",lexical_candidate_not_semantic_analysis,not_ported
garrysmod/gamemodes/terrortown/gamemode/player.lua,436,function GM:PlayerDisconnected(ply),lexical_candidate_not_semantic_analysis,not_ported
garrysmod/gamemodes/terrortown/gamemode/player.lua,460,"local function CreateDeathEffect(ent, marked)",lexical_candidate_not_semantic_analysis,not_ported
garrysmod/gamemodes/terrortown/gamemode/player.lua,499,local function PlayDeathSound(victim),lexical_candidate_not_semantic_analysis,not_ported
garrysmod/gamemodes/terrortown/gamemode/player.lua,506,"local function CheckCreditAward(victim, attacker)",lexical_candidate_not_semantic_analysis,not_ported
garrysmod/gamemodes/terrortown/gamemode/player.lua,572,"function GM:DoPlayerDeath(ply, attacker, dmginfo)",lexical_candidate_not_semantic_analysis,not_ported
garrysmod/gamemodes/terrortown/gamemode/player.lua,660,"function GM:PlayerDeath(victim, infl, attacker)",lexical_candidate_not_semantic_analysis,not_ported
garrysmod/gamemodes/terrortown/gamemode/player.lua,687,function GM:PlayerDeathSound() return true end,lexical_candidate_not_semantic_analysis,not_ported
garrysmod/gamemodes/terrortown/gamemode/player.lua,690,function GM:SpectatorThink(ply),lexical_candidate_not_semantic_analysis,not_ported
garrysmod/gamemodes/terrortown/gamemode/player.lua,747,"function GM:PlayerTraceAttack(ply, dmginfo, dir, trace)",lexical_candidate_not_semantic_analysis,not_ported
garrysmod/gamemodes/terrortown/gamemode/player.lua,757,"function GM:ScalePlayerDamage(ply, hitgroup, dmginfo)",lexical_candidate_not_semantic_analysis,not_ported
garrysmod/gamemodes/terrortown/gamemode/player.lua,796,"function GM:GetFallDamage(ply, speed)",lexical_candidate_not_semantic_analysis,not_ported
garrysmod/gamemodes/terrortown/gamemode/player.lua,806,"function GM:OnPlayerHitGround(ply, in_water, on_floater, speed)",lexical_candidate_not_semantic_analysis,not_ported
garrysmod/gamemodes/terrortown/gamemode/player.lua,872,function GM:AllowPVP(),lexical_candidate_not_semantic_analysis,not_ported
garrysmod/gamemodes/terrortown/gamemode/player.lua,878,"function GM:EntityTakeDamage(ent, dmginfo)",lexical_candidate_not_semantic_analysis,not_ported
garrysmod/gamemodes/terrortown/gamemode/player.lua,911,"function GM:PlayerTakeDamage(ent, infl, att, amount, dmginfo)",lexical_candidate_not_semantic_analysis,not_ported
garrysmod/gamemodes/terrortown/gamemode/player.lua,1054,function GM:OnNPCKilled() end,lexical_candidate_not_semantic_analysis,not_ported
garrysmod/gamemodes/terrortown/gamemode/player.lua,1058,function GM:Tick(),lexical_candidate_not_semantic_analysis,not_ported
garrysmod/gamemodes/terrortown/gamemode/player.lua,1114,function GM:ShowHelp(ply),lexical_candidate_not_semantic_analysis,not_ported
garrysmod/gamemodes/terrortown/gamemode/player.lua,1120,"function GM:PlayerRequestTeam(ply, teamid)",lexical_candidate_not_semantic_analysis,not_ported
garrysmod/gamemodes/terrortown/gamemode/player.lua,1124,"function GM:PlayerEnteredVehicle(ply, vehicle, role)",lexical_candidate_not_semantic_analysis,not_ported
garrysmod/gamemodes/terrortown/gamemode/player.lua,1130,"function GM:PlayerLeaveVehicle(ply, vehicle)",lexical_candidate_not_semantic_analysis,not_ported
garrysmod/gamemodes/terrortown/gamemode/player.lua,1137,"function GM:AllowPlayerPickup(ply, obj)",lexical_candidate_not_semantic_analysis,not_ported
garrysmod/gamemodes/terrortown/gamemode/player.lua,1141,"function GM:PlayerShouldTaunt(ply, actid)",lexical_candidate_not_semantic_analysis,not_ported
garrysmod/gamemodes/terrortown/gamemode/player_ext.lua,7,function plymeta:SetRagdollSpec(s),lexical_candidate_not_semantic_analysis,not_ported
garrysmod/gamemodes/terrortown/gamemode/player_ext.lua,13,function plymeta:GetRagdollSpec() return self.spec_ragdoll end,lexical_candidate_not_semantic_analysis,not_ported
garrysmod/gamemodes/terrortown/gamemode/player_ext.lua,21,function plymeta:SetBaseKarma(k),lexical_candidate_not_semantic_analysis,not_ported
garrysmod/gamemodes/terrortown/gamemode/player_ext.lua,38,function plymeta:InitKarma(),lexical_candidate_not_semantic_analysis,not_ported
garrysmod/gamemodes/terrortown/gamemode/player_ext.lua,43,function plymeta:SetCredits(amt),lexical_candidate_not_semantic_analysis,not_ported
garrysmod/gamemodes/terrortown/gamemode/player_ext.lua,48,function plymeta:AddCredits(amt),lexical_candidate_not_semantic_analysis,not_ported
garrysmod/gamemodes/terrortown/gamemode/player_ext.lua,51,function plymeta:SubtractCredits(amt) self:AddCredits(-amt) end,lexical_candidate_not_semantic_analysis,not_ported
garrysmod/gamemodes/terrortown/gamemode/player_ext.lua,53,function plymeta:SetDefaultCredits(),lexical_candidate_not_semantic_analysis,not_ported
garrysmod/gamemodes/terrortown/gamemode/player_ext.lua,67,function plymeta:SendCredits(),lexical_candidate_not_semantic_analysis,not_ported
garrysmod/gamemodes/terrortown/gamemode/player_ext.lua,74,function plymeta:AddEquipmentItem(id),lexical_candidate_not_semantic_analysis,not_ported
garrysmod/gamemodes/terrortown/gamemode/player_ext.lua,83,function plymeta:SendEquipment(),lexical_candidate_not_semantic_analysis,not_ported
garrysmod/gamemodes/terrortown/gamemode/player_ext.lua,89,function plymeta:ResetEquipment(),lexical_candidate_not_semantic_analysis,not_ported
garrysmod/gamemodes/terrortown/gamemode/player_ext.lua,94,function plymeta:SendBought(),lexical_candidate_not_semantic_analysis,not_ported
garrysmod/gamemodes/terrortown/gamemode/player_ext.lua,104,local function ResendBought(ply),lexical_candidate_not_semantic_analysis,not_ported
garrysmod/gamemodes/terrortown/gamemode/player_ext.lua,109,function plymeta:ResetBought(),lexical_candidate_not_semantic_analysis,not_ported
garrysmod/gamemodes/terrortown/gamemode/player_ext.lua,114,function plymeta:AddBought(id),lexical_candidate_not_semantic_analysis,not_ported
garrysmod/gamemodes/terrortown/gamemode/player_ext.lua,124,function plymeta:StripAll(),lexical_candidate_not_semantic_analysis,not_ported
garrysmod/gamemodes/terrortown/gamemode/player_ext.lua,135,function plymeta:ResetStatus(),lexical_candidate_not_semantic_analysis,not_ported
garrysmod/gamemodes/terrortown/gamemode/player_ext.lua,144,function plymeta:ResetRoundFlags(),lexical_candidate_not_semantic_analysis,not_ported
garrysmod/gamemodes/terrortown/gamemode/player_ext.lua,176,function plymeta:GiveEquipmentItem(id),lexical_candidate_not_semantic_analysis,not_ported
garrysmod/gamemodes/terrortown/gamemode/player_ext.lua,186,function plymeta:ShouldScore(),lexical_candidate_not_semantic_analysis,not_ported
garrysmod/gamemodes/terrortown/gamemode/player_ext.lua,196,function plymeta:RecordKill(victim),lexical_candidate_not_semantic_analysis,not_ported
garrysmod/gamemodes/terrortown/gamemode/player_ext.lua,207,function plymeta:SetSpeed(slowed),lexical_candidate_not_semantic_analysis,not_ported
garrysmod/gamemodes/terrortown/gamemode/player_ext.lua,216,function plymeta:ResetLastWords(),lexical_candidate_not_semantic_analysis,not_ported
garrysmod/gamemodes/terrortown/gamemode/player_ext.lua,221,function plymeta:SendLastWords(dmginfo),lexical_candidate_not_semantic_analysis,not_ported
garrysmod/gamemodes/terrortown/gamemode/player_ext.lua,247,function plymeta:ResetViewRoll(),lexical_candidate_not_semantic_analysis,not_ported
garrysmod/gamemodes/terrortown/gamemode/player_ext.lua,256,function plymeta:ShouldSpawn(),lexical_candidate_not_semantic_analysis,not_ported
garrysmod/gamemodes/terrortown/gamemode/player_ext.lua,267,function plymeta:SpawnForRound(dead_only),lexical_candidate_not_semantic_analysis,not_ported
garrysmod/gamemodes/terrortown/gamemode/player_ext.lua,297,function plymeta:InitialSpawn(),lexical_candidate_not_semantic_analysis,not_ported
garrysmod/gamemodes/terrortown/gamemode/player_ext.lua,321,"function plymeta:KickBan(length, reason)",lexical_candidate_not_semantic_analysis,not_ported
garrysmod/gamemodes/terrortown/gamemode/player_ext.lua,327,function plymeta:Spectate(type),lexical_candidate_not_semantic_analysis,not_ported
garrysmod/gamemodes/terrortown/gamemode/player_ext.lua,340,function plymeta:SpectateEntity(ent),lexical_candidate_not_semantic_analysis,not_ported
garrysmod/gamemodes/terrortown/gamemode/player_ext.lua,349,function plymeta:UnSpectate(),lexical_candidate_not_semantic_analysis,not_ported
garrysmod/gamemodes/terrortown/gamemode/player_ext.lua,354,function plymeta:GetAvoidDetective(),lexical_candidate_not_semantic_analysis,not_ported
garrysmod/gamemodes/terrortown/gamemode/player_ext_shd.lua,8,function plymeta:IsTerror() return self:Team() == TEAM_TERROR end,lexical_candidate_not_semantic_analysis,not_ported
garrysmod/gamemodes/terrortown/gamemode/player_ext_shd.lua,9,function plymeta:IsSpec() return self:Team() == TEAM_SPEC end,lexical_candidate_not_semantic_analysis,not_ported
garrysmod/gamemodes/terrortown/gamemode/player_ext_shd.lua,14,function plymeta:GetTraitor() return self:GetRole() == ROLE_TRAITOR end,lexical_candidate_not_semantic_analysis,not_ported
garrysmod/gamemodes/terrortown/gamemode/player_ext_shd.lua,15,function plymeta:GetDetective() return self:GetRole() == ROLE_DETECTIVE end,lexical_candidate_not_semantic_analysis,not_ported
garrysmod/gamemodes/terrortown/gamemode/player_ext_shd.lua,20,function plymeta:IsSpecial() return self:GetRole() != ROLE_INNOCENT end,lexical_candidate_not_semantic_analysis,not_ported
garrysmod/gamemodes/terrortown/gamemode/player_ext_shd.lua,23,function plymeta:IsActive(),lexical_candidate_not_semantic_analysis,not_ported
garrysmod/gamemodes/terrortown/gamemode/player_ext_shd.lua,28,function plymeta:IsRole(role) return self:GetRole() == role end,lexical_candidate_not_semantic_analysis,not_ported
garrysmod/gamemodes/terrortown/gamemode/player_ext_shd.lua,29,function plymeta:IsActiveRole(role) return self:IsRole(role) and self:IsActive() end,lexical_candidate_not_semantic_analysis,not_ported
garrysmod/gamemodes/terrortown/gamemode/player_ext_shd.lua,30,function plymeta:IsActiveTraitor() return self:IsActiveRole(ROLE_TRAITOR) end,lexical_candidate_not_semantic_analysis,not_ported
garrysmod/gamemodes/terrortown/gamemode/player_ext_shd.lua,31,function plymeta:IsActiveDetective() return self:IsActiveRole(ROLE_DETECTIVE) end,lexical_candidate_not_semantic_analysis,not_ported
garrysmod/gamemodes/terrortown/gamemode/player_ext_shd.lua,32,function plymeta:IsActiveSpecial() return self:IsSpecial() and self:IsActive() end,lexical_candidate_not_semantic_analysis,not_ported
garrysmod/gamemodes/terrortown/gamemode/player_ext_shd.lua,43,function plymeta:GetRoleString(),lexical_candidate_not_semantic_analysis,not_ported
garrysmod/gamemodes/terrortown/gamemode/player_ext_shd.lua,49,function plymeta:GetRoleStringRaw(),lexical_candidate_not_semantic_analysis,not_ported
garrysmod/gamemodes/terrortown/gamemode/player_ext_shd.lua,53,"function plymeta:GetBaseKarma() return self:GetNWFloat(""karma"", 1000) end",lexical_candidate_not_semantic_analysis,not_ported
garrysmod/gamemodes/terrortown/gamemode/player_ext_shd.lua,55,function plymeta:HasEquipmentWeapon(),lexical_candidate_not_semantic_analysis,not_ported
garrysmod/gamemodes/terrortown/gamemode/player_ext_shd.lua,65,function plymeta:CanCarryWeapon(wep),lexical_candidate_not_semantic_analysis,not_ported
garrysmod/gamemodes/terrortown/gamemode/player_ext_shd.lua,71,function plymeta:CanCarryType(t),lexical_candidate_not_semantic_analysis,not_ported
garrysmod/gamemodes/terrortown/gamemode/player_ext_shd.lua,82,function plymeta:IsDeadTerror(),lexical_candidate_not_semantic_analysis,not_ported
garrysmod/gamemodes/terrortown/gamemode/player_ext_shd.lua,87,function plymeta:HasBought(id),lexical_candidate_not_semantic_analysis,not_ported
garrysmod/gamemodes/terrortown/gamemode/player_ext_shd.lua,91,function plymeta:GetCredits() return self.equipment_credits or 0 end,lexical_candidate_not_semantic_analysis,not_ported
garrysmod/gamemodes/terrortown/gamemode/player_ext_shd.lua,93,function plymeta:GetEquipmentItems() return self.equipment_items or EQUIP_NONE end,lexical_candidate_not_semantic_analysis,not_ported
garrysmod/gamemodes/terrortown/gamemode/player_ext_shd.lua,97,function plymeta:HasEquipmentItem(id),lexical_candidate_not_semantic_analysis,not_ported
garrysmod/gamemodes/terrortown/gamemode/player_ext_shd.lua,105,function plymeta:HasEquipment(),lexical_candidate_not_semantic_analysis,not_ported
garrysmod/gamemodes/terrortown/gamemode/player_ext_shd.lua,112,function plymeta:GetEyeTrace(mask),lexical_candidate_not_semantic_analysis,not_ported
garrysmod/gamemodes/terrortown/gamemode/player_ext_shd.lua,138,"function plymeta:AnimApplyGesture(act, weight)",lexical_candidate_not_semantic_analysis,not_ported
garrysmod/gamemodes/terrortown/gamemode/player_ext_shd.lua,157,local function MakeSimpleRunner(act),lexical_candidate_not_semantic_analysis,not_ported
garrysmod/gamemodes/terrortown/gamemode/player_ext_shd.lua,174,"function (ply, w)",lexical_candidate_not_semantic_analysis,not_ported
garrysmod/gamemodes/terrortown/gamemode/player_ext_shd.lua,193,"function plymeta:AnimPerformGesture(act, custom_runner)",lexical_candidate_not_semantic_analysis,not_ported
garrysmod/gamemodes/terrortown/gamemode/player_ext_shd.lua,206,function plymeta:AnimUpdateGesture(),lexical_candidate_not_semantic_analysis,not_ported
garrysmod/gamemodes/terrortown/gamemode/player_ext_shd.lua,216,"function GM:UpdateAnimation(ply, vel, maxseqgroundspeed)",lexical_candidate_not_semantic_analysis,not_ported
garrysmod/gamemodes/terrortown/gamemode/player_ext_shd.lua,222,function GM:GrabEarAnimation(ply) end,lexical_candidate_not_semantic_analysis,not_ported
garrysmod/gamemodes/terrortown/gamemode/player_ext_shd.lua,237,function plymeta:AnimPerformGesture(act),lexical_candidate_not_semantic_analysis,not_ported
garrysmod/gamemodes/terrortown/gamemode/propspec.lua,14,"function PROPSPEC.Start(ply, ent)",lexical_candidate_not_semantic_analysis,not_ported
garrysmod/gamemodes/terrortown/gamemode/propspec.lua,26,local function IsWhitelistedClass(cls),lexical_candidate_not_semantic_analysis,not_ported
garrysmod/gamemodes/terrortown/gamemode/propspec.lua,31,"function PROPSPEC.Target(ply, ent)",lexical_candidate_not_semantic_analysis,not_ported
garrysmod/gamemodes/terrortown/gamemode/propspec.lua,51,function PROPSPEC.Clear(ply),lexical_candidate_not_semantic_analysis,not_ported
garrysmod/gamemodes/terrortown/gamemode/propspec.lua,61,function PROPSPEC.End(ply),lexical_candidate_not_semantic_analysis,not_ported
garrysmod/gamemodes/terrortown/gamemode/propspec.lua,73,"function PROPSPEC.Key(ply, key)",lexical_candidate_not_semantic_analysis,not_ported
garrysmod/gamemodes/terrortown/gamemode/propspec.lua,137,function PROPSPEC.Recharge(ply),lexical_candidate_not_semantic_analysis,not_ported
garrysmod/gamemodes/terrortown/gamemode/radar.lua,9,"local function RadarScan(ply, cmd, args)",lexical_candidate_not_semantic_analysis,not_ported
garrysmod/gamemodes/terrortown/gamemode/radio_shd.lua,175,"function TRADIO.AddNewSound(key, soundData)",lexical_candidate_not_semantic_analysis,not_ported
garrysmod/gamemodes/terrortown/gamemode/scoring.lua,22,"function SCORE:AddEvent(entry, t_override)",lexical_candidate_not_semantic_analysis,not_ported
garrysmod/gamemodes/terrortown/gamemode/scoring.lua,27,local function CopyDmg(dmg),lexical_candidate_not_semantic_analysis,not_ported
garrysmod/gamemodes/terrortown/gamemode/scoring.lua,58,"function SCORE:HandleKill(victim, attacker, dmginfo)",lexical_candidate_not_semantic_analysis,not_ported
garrysmod/gamemodes/terrortown/gamemode/scoring.lua,89,function SCORE:HandleSpawn(ply),lexical_candidate_not_semantic_analysis,not_ported
garrysmod/gamemodes/terrortown/gamemode/scoring.lua,95,function SCORE:HandleSelection(),lexical_candidate_not_semantic_analysis,not_ported
garrysmod/gamemodes/terrortown/gamemode/scoring.lua,109,"function SCORE:HandleBodyFound(finder, found)",lexical_candidate_not_semantic_analysis,not_ported
garrysmod/gamemodes/terrortown/gamemode/scoring.lua,113,"function SCORE:HandleC4Explosion(planter, arm_time, exp_time)",lexical_candidate_not_semantic_analysis,not_ported
garrysmod/gamemodes/terrortown/gamemode/scoring.lua,123,"function SCORE:HandleC4Disarm(disarmer, owner, success)",lexical_candidate_not_semantic_analysis,not_ported
garrysmod/gamemodes/terrortown/gamemode/scoring.lua,140,"function SCORE:HandleCreditFound(finder, found_nick, credits)",lexical_candidate_not_semantic_analysis,not_ported
garrysmod/gamemodes/terrortown/gamemode/scoring.lua,144,function SCORE:ApplyEventLogScores(wintype),lexical_candidate_not_semantic_analysis,not_ported
garrysmod/gamemodes/terrortown/gamemode/scoring.lua,191,function SCORE:RoundStateChange(newstate),lexical_candidate_not_semantic_analysis,not_ported
garrysmod/gamemodes/terrortown/gamemode/scoring.lua,195,function SCORE:RoundComplete(wintype),lexical_candidate_not_semantic_analysis,not_ported
garrysmod/gamemodes/terrortown/gamemode/scoring.lua,199,function SCORE:Reset(),lexical_candidate_not_semantic_analysis,not_ported
garrysmod/gamemodes/terrortown/gamemode/scoring.lua,203,function SCORE:StreamToClients(),lexical_candidate_not_semantic_analysis,not_ported
garrysmod/gamemodes/terrortown/gamemode/scoring_shd.lua,7,function ScoreInit(),lexical_candidate_not_semantic_analysis,not_ported
garrysmod/gamemodes/terrortown/gamemode/scoring_shd.lua,18,"function ScoreEvent(e, scores)",lexical_candidate_not_semantic_analysis,not_ported
garrysmod/gamemodes/terrortown/gamemode/scoring_shd.lua,60,"function ScoreEventLog(events, scores, traitors, detectives)",lexical_candidate_not_semantic_analysis,not_ported
garrysmod/gamemodes/terrortown/gamemode/scoring_shd.lua,77,"function ScoreTeamBonus(scores, wintype)",lexical_candidate_not_semantic_analysis,not_ported
garrysmod/gamemodes/terrortown/gamemode/scoring_shd.lua,104,"function KillsToPoints(score, was_traitor)",lexical_candidate_not_semantic_analysis,not_ported
garrysmod/gamemodes/terrortown/gamemode/scoring_shd.lua,152,function GetWeaponClassNames(),lexical_candidate_not_semantic_analysis,not_ported
garrysmod/gamemodes/terrortown/gamemode/scoring_shd.lua,175,function EnumToSWEP(ammo),lexical_candidate_not_semantic_analysis,not_ported
garrysmod/gamemodes/terrortown/gamemode/scoring_shd.lua,184,"function EnumToSWEPKey(ammo, key)",lexical_candidate_not_semantic_analysis,not_ported
garrysmod/gamemodes/terrortown/gamemode/scoring_shd.lua,193,function EnumToWep(ammo),lexical_candidate_not_semantic_analysis,not_ported
garrysmod/gamemodes/terrortown/gamemode/scoring_shd.lua,198,function WepToEnum(wep),lexical_candidate_not_semantic_analysis,not_ported
garrysmod/gamemodes/terrortown/gamemode/shared.lua,98,function DetectiveMode() return ttt_detective:GetBool() end,lexical_candidate_not_semantic_analysis,not_ported
garrysmod/gamemodes/terrortown/gamemode/shared.lua,101,function HasteMode() return ttt_haste:GetBool() end,lexical_candidate_not_semantic_analysis,not_ported
garrysmod/gamemodes/terrortown/gamemode/shared.lua,107,function GM:CreateTeams(),lexical_candidate_not_semantic_analysis,not_ported
garrysmod/gamemodes/terrortown/gamemode/shared.lua,124,function GetRandomPlayerModel(),lexical_candidate_not_semantic_analysis,not_ported
garrysmod/gamemodes/terrortown/gamemode/shared.lua,155,function GM:TTTPlayerColor(model),lexical_candidate_not_semantic_analysis,not_ported
garrysmod/gamemodes/terrortown/gamemode/shared.lua,173,"function GM:PlayerFootstep(ply, pos, foot, sound, volume, rf)",lexical_candidate_not_semantic_analysis,not_ported
garrysmod/gamemodes/terrortown/gamemode/shared.lua,181,"function GM:Move(ply, mv)",lexical_candidate_not_semantic_analysis,not_ported
garrysmod/gamemodes/terrortown/gamemode/traitor_state.lua,1,function GetTraitors(),lexical_candidate_not_semantic_analysis,not_ported
garrysmod/gamemodes/terrortown/gamemode/traitor_state.lua,10,function CountTraitors() return #GetTraitors() end,lexical_candidate_not_semantic_analysis,not_ported
garrysmod/gamemodes/terrortown/gamemode/traitor_state.lua,15,local function SendPlayerRoles(),lexical_candidate_not_semantic_analysis,not_ported
garrysmod/gamemodes/terrortown/gamemode/traitor_state.lua,23,"local function SendRoleListMessage(role, role_ids, ply_or_rf)",lexical_candidate_not_semantic_analysis,not_ported
garrysmod/gamemodes/terrortown/gamemode/traitor_state.lua,38,"local function SendRoleList(role, ply_or_rf, pred)",lexical_candidate_not_semantic_analysis,not_ported
garrysmod/gamemodes/terrortown/gamemode/traitor_state.lua,53,"function SendTraitorList(ply_or_rf, pred) SendRoleList(ROLE_TRAITOR, ply_or_rf, pred) end",lexical_candidate_not_semantic_analysis,not_ported
garrysmod/gamemodes/terrortown/gamemode/traitor_state.lua,54,"function SendDetectiveList(ply_or_rf) SendRoleList(ROLE_DETECTIVE, ply_or_rf) end",lexical_candidate_not_semantic_analysis,not_ported
garrysmod/gamemodes/terrortown/gamemode/traitor_state.lua,58,function SendInnocentList(ply_or_rf),lexical_candidate_not_semantic_analysis,not_ported
garrysmod/gamemodes/terrortown/gamemode/traitor_state.lua,82,function SendConfirmedTraitors(ply_or_rf),lexical_candidate_not_semantic_analysis,not_ported
garrysmod/gamemodes/terrortown/gamemode/traitor_state.lua,86,function SendFullStateUpdate(),lexical_candidate_not_semantic_analysis,not_ported
garrysmod/gamemodes/terrortown/gamemode/traitor_state.lua,94,function SendRoleReset(ply_or_rf),lexical_candidate_not_semantic_analysis,not_ported
garrysmod/gamemodes/terrortown/gamemode/traitor_state.lua,109,local function request_rolelist(ply),lexical_candidate_not_semantic_analysis,not_ported
garrysmod/gamemodes/terrortown/gamemode/traitor_state.lua,126,local function force_terror(ply),lexical_candidate_not_semantic_analysis,not_ported
garrysmod/gamemodes/terrortown/gamemode/traitor_state.lua,140,local function force_traitor(ply),lexical_candidate_not_semantic_analysis,not_ported
garrysmod/gamemodes/terrortown/gamemode/traitor_state.lua,147,local function force_detective(ply),lexical_candidate_not_semantic_analysis,not_ported
garrysmod/gamemodes/terrortown/gamemode/traitor_state.lua,155,"local function force_spectate(ply, cmd, arg)",lexical_candidate_not_semantic_analysis,not_ported
garrysmod/gamemodes/terrortown/gamemode/util.lua,12,function util.WeaponFromDamage(dmg),lexical_candidate_not_semantic_analysis,not_ported
garrysmod/gamemodes/terrortown/gamemode/util.lua,38,function util.WeaponForClass(cls),lexical_candidate_not_semantic_analysis,not_ported
garrysmod/gamemodes/terrortown/gamemode/util.lua,54,function util.GetAlivePlayers(),lexical_candidate_not_semantic_analysis,not_ported
garrysmod/gamemodes/terrortown/gamemode/util.lua,65,function util.GetNextAlivePlayer(ply),lexical_candidate_not_semantic_analysis,not_ported
garrysmod/gamemodes/terrortown/gamemode/util.lua,91,function string.Capitalize(str),lexical_candidate_not_semantic_analysis,not_ported
garrysmod/gamemodes/terrortown/gamemode/util.lua,97,"function clr(color) return color.r, color.g, color.b, color.a end",lexical_candidate_not_semantic_analysis,not_ported
garrysmod/gamemodes/terrortown/gamemode/util.lua,101,function IsOffScreen(scrpos),lexical_candidate_not_semantic_analysis,not_ported
garrysmod/gamemodes/terrortown/gamemode/util.lua,106,"function AccessorFuncDT(tbl, varname, name)",lexical_candidate_not_semantic_analysis,not_ported
garrysmod/gamemodes/terrortown/gamemode/util.lua,107,"tbl[""Get"" .. name] = function(s) return s.dt and s.dt[varname] end",lexical_candidate_not_semantic_analysis,not_ported
garrysmod/gamemodes/terrortown/gamemode/util.lua,108,"tbl[""Set"" .. name] = function(s, v) if s.dt then s.dt[varname] = v end end",lexical_candidate_not_semantic_analysis,not_ported
garrysmod/gamemodes/terrortown/gamemode/util.lua,111,"function util.PaintDown(start, effname, ignore)",lexical_candidate_not_semantic_analysis,not_ported
garrysmod/gamemodes/terrortown/gamemode/util.lua,117,local function DoBleed(ent),lexical_candidate_not_semantic_analysis,not_ported
garrysmod/gamemodes/terrortown/gamemode/util.lua,129,"function util.StartBleeding(ent, dmg, t)",lexical_candidate_not_semantic_analysis,not_ported
garrysmod/gamemodes/terrortown/gamemode/util.lua,151,function util.StopBleeding(ent),lexical_candidate_not_semantic_analysis,not_ported
garrysmod/gamemodes/terrortown/gamemode/util.lua,156,function util.EquipmentDestroyed(pos),lexical_candidate_not_semantic_analysis,not_ported
garrysmod/gamemodes/terrortown/gamemode/util.lua,164,"function util.BasicKeyHandler(pnl, kc)",lexical_candidate_not_semantic_analysis,not_ported
garrysmod/gamemodes/terrortown/gamemode/util.lua,173,function util.noop() end,lexical_candidate_not_semantic_analysis,not_ported
garrysmod/gamemodes/terrortown/gamemode/util.lua,174,function util.passthrough(x) return x end,lexical_candidate_not_semantic_analysis,not_ported
garrysmod/gamemodes/terrortown/gamemode/util.lua,178,function table.Shuffle(t),lexical_candidate_not_semantic_analysis,not_ported
garrysmod/gamemodes/terrortown/gamemode/util.lua,193,"function table.HasValue(tbl, val)",lexical_candidate_not_semantic_analysis,not_ported
garrysmod/gamemodes/terrortown/gamemode/util.lua,203,"function table.EqualValues(a, b)",lexical_candidate_not_semantic_analysis,not_ported
garrysmod/gamemodes/terrortown/gamemode/util.lua,217,"function table.HasTable(tbl, needle)",lexical_candidate_not_semantic_analysis,not_ported
garrysmod/gamemodes/terrortown/gamemode/util.lua,231,"function table.CopyKeys(tbl, keys)",lexical_candidate_not_semantic_analysis,not_ported
garrysmod/gamemodes/terrortown/gamemode/util.lua,252,"function string.Interp(str, tbl)",lexical_candidate_not_semantic_analysis,not_ported
garrysmod/gamemodes/terrortown/gamemode/util.lua,257,"function Key(binding, default)",lexical_candidate_not_semantic_analysis,not_ported
garrysmod/gamemodes/terrortown/gamemode/util.lua,267,"function math.ExponentialDecay(halflife, dt)",lexical_candidate_not_semantic_analysis,not_ported
garrysmod/gamemodes/terrortown/gamemode/util.lua,272,"function Dev(level, ...)",lexical_candidate_not_semantic_analysis,not_ported
garrysmod/gamemodes/terrortown/gamemode/util.lua,286,function IsPlayer(ent),lexical_candidate_not_semantic_analysis,not_ported
garrysmod/gamemodes/terrortown/gamemode/util.lua,290,function IsRagdoll(ent),lexical_candidate_not_semantic_analysis,not_ported
garrysmod/gamemodes/terrortown/gamemode/util.lua,296,"function util.BitSet(val, bit)",lexical_candidate_not_semantic_analysis,not_ported
garrysmod/gamemodes/terrortown/gamemode/util.lua,309,"function util.HealthToString(health, maxhealth)",lexical_candidate_not_semantic_analysis,not_ported
garrysmod/gamemodes/terrortown/gamemode/util.lua,334,function util.KarmaToString(karma),lexical_candidate_not_semantic_analysis,not_ported
garrysmod/gamemodes/terrortown/gamemode/util.lua,350,function util.IncludeClientFile(file),lexical_candidate_not_semantic_analysis,not_ported
garrysmod/gamemodes/terrortown/gamemode/util.lua,354,function util.IncludeClientFile(file),lexical_candidate_not_semantic_analysis,not_ported
garrysmod/gamemodes/terrortown/gamemode/util.lua,361,"function util.SimpleTime(seconds, fmt)",lexical_candidate_not_semantic_analysis,not_ported
garrysmod/gamemodes/terrortown/gamemode/util.lua,374,"function util.BitsRequired(num, signed)",lexical_candidate_not_semantic_analysis,not_ported
garrysmod/gamemodes/terrortown/gamemode/vgui/coloredbox.lua,6,function PANEL:Init(),lexical_candidate_not_semantic_analysis,not_ported
garrysmod/gamemodes/terrortown/gamemode/vgui/coloredbox.lua,11,function PANEL:Paint(),lexical_candidate_not_semantic_analysis,not_ported
garrysmod/gamemodes/terrortown/gamemode/vgui/coloredbox.lua,16,function PANEL:PaintOver(),lexical_candidate_not_semantic_analysis,not_ported
garrysmod/gamemodes/terrortown/gamemode/vgui/progressbar.lua,10,function PANEL:Init(),lexical_candidate_not_semantic_analysis,not_ported
garrysmod/gamemodes/terrortown/gamemode/vgui/progressbar.lua,21,function PANEL:LabelAsPercentage(),lexical_candidate_not_semantic_analysis,not_ported
garrysmod/gamemodes/terrortown/gamemode/vgui/progressbar.lua,26,function PANEL:SetMin( i ),lexical_candidate_not_semantic_analysis,not_ported
garrysmod/gamemodes/terrortown/gamemode/vgui/progressbar.lua,31,function PANEL:SetMax( i ),lexical_candidate_not_semantic_analysis,not_ported
garrysmod/gamemodes/terrortown/gamemode/vgui/progressbar.lua,36,function PANEL:SetValue( i ),lexical_candidate_not_semantic_analysis,not_ported
garrysmod/gamemodes/terrortown/gamemode/vgui/progressbar.lua,41,function PANEL:UpdateText(),lexical_candidate_not_semantic_analysis,not_ported
garrysmod/gamemodes/terrortown/gamemode/vgui/progressbar.lua,65,function PANEL:PerformLayout(),lexical_candidate_not_semantic_analysis,not_ported
garrysmod/gamemodes/terrortown/gamemode/vgui/progressbar.lua,71,function PANEL:Paint(),lexical_candidate_not_semantic_analysis,not_ported
garrysmod/gamemodes/terrortown/gamemode/vgui/sb_info.lua,12,function PANEL:Init(),lexical_candidate_not_semantic_analysis,not_ported
garrysmod/gamemodes/terrortown/gamemode/vgui/sb_info.lua,18,function PANEL:SetPlayer(ply),lexical_candidate_not_semantic_analysis,not_ported
garrysmod/gamemodes/terrortown/gamemode/vgui/sb_info.lua,23,function PANEL:UpdatePlayerData(),lexical_candidate_not_semantic_analysis,not_ported
garrysmod/gamemodes/terrortown/gamemode/vgui/sb_info.lua,27,function PANEL:Paint(),lexical_candidate_not_semantic_analysis,not_ported
garrysmod/gamemodes/terrortown/gamemode/vgui/sb_info.lua,37,function PANEL:Init(),lexical_candidate_not_semantic_analysis,not_ported
garrysmod/gamemodes/terrortown/gamemode/vgui/sb_info.lua,54,function PANEL:PerformLayout(),lexical_candidate_not_semantic_analysis,not_ported
garrysmod/gamemodes/terrortown/gamemode/vgui/sb_info.lua,69,function PANEL:UpdatePlayerData(),lexical_candidate_not_semantic_analysis,not_ported
garrysmod/gamemodes/terrortown/gamemode/vgui/sb_info.lua,142,function PANEL:Init(),lexical_candidate_not_semantic_analysis,not_ported
garrysmod/gamemodes/terrortown/gamemode/vgui/sb_info.lua,153,function PANEL:SetPlayer(ply),lexical_candidate_not_semantic_analysis,not_ported
garrysmod/gamemodes/terrortown/gamemode/vgui/sb_info.lua,163,function PANEL:ApplySchemeSettings(),lexical_candidate_not_semantic_analysis,not_ported
garrysmod/gamemodes/terrortown/gamemode/vgui/sb_info.lua,167,function PANEL:UpdateTag(),lexical_candidate_not_semantic_analysis,not_ported
garrysmod/gamemodes/terrortown/gamemode/vgui/sb_info.lua,173,function PANEL:PerformLayout(),lexical_candidate_not_semantic_analysis,not_ported
garrysmod/gamemodes/terrortown/gamemode/vgui/sb_info.lua,194,function PANEL:Init(),lexical_candidate_not_semantic_analysis,not_ported
garrysmod/gamemodes/terrortown/gamemode/vgui/sb_info.lua,213,function PANEL:SetPlayer(ply),lexical_candidate_not_semantic_analysis,not_ported
garrysmod/gamemodes/terrortown/gamemode/vgui/sb_info.lua,217,function PANEL:SetupTag(tag),lexical_candidate_not_semantic_analysis,not_ported
garrysmod/gamemodes/terrortown/gamemode/vgui/sb_info.lua,226,function PANEL:PerformLayout(),lexical_candidate_not_semantic_analysis,not_ported
garrysmod/gamemodes/terrortown/gamemode/vgui/sb_info.lua,233,function PANEL:DoRightClick(),lexical_candidate_not_semantic_analysis,not_ported
garrysmod/gamemodes/terrortown/gamemode/vgui/sb_info.lua,241,function PANEL:DoClick(),lexical_candidate_not_semantic_analysis,not_ported
garrysmod/gamemodes/terrortown/gamemode/vgui/sb_info.lua,255,function PANEL:PaintOver(),lexical_candidate_not_semantic_analysis,not_ported
garrysmod/gamemodes/terrortown/gamemode/vgui/sb_main.lua,36,local function UntilMapChange(),lexical_candidate_not_semantic_analysis,not_ported
garrysmod/gamemodes/terrortown/gamemode/vgui/sb_main.lua,57,function AddScoreGroup(name) -- Utility function to register a score group,lexical_candidate_not_semantic_analysis,not_ported
garrysmod/gamemodes/terrortown/gamemode/vgui/sb_main.lua,63,function ScoreGroup(p),lexical_candidate_not_semantic_analysis,not_ported
garrysmod/gamemodes/terrortown/gamemode/vgui/sb_main.lua,123,function PANEL:Init(),lexical_candidate_not_semantic_analysis,not_ported
garrysmod/gamemodes/terrortown/gamemode/vgui/sb_main.lua,193,"local function sort_header_handler(self_, lbl)",lexical_candidate_not_semantic_analysis,not_ported
garrysmod/gamemodes/terrortown/gamemode/vgui/sb_main.lua,218,"local function column_label_work(self_, table_to_add, label, width, sort_identifier, sort_func )",lexical_candidate_not_semantic_analysis,not_ported
garrysmod/gamemodes/terrortown/gamemode/vgui/sb_main.lua,250,"function PANEL:AddColumn( label, _, width, sort_id, sort_func )",lexical_candidate_not_semantic_analysis,not_ported
garrysmod/gamemodes/terrortown/gamemode/vgui/sb_main.lua,256,"function PANEL:AddFakeColumn( label, _, width, sort_id, sort_func )",lexical_candidate_not_semantic_analysis,not_ported
garrysmod/gamemodes/terrortown/gamemode/vgui/sb_main.lua,260,function PANEL:StartUpdateTimer(),lexical_candidate_not_semantic_analysis,not_ported
garrysmod/gamemodes/terrortown/gamemode/vgui/sb_main.lua,279,function PANEL:Paint(),lexical_candidate_not_semantic_analysis,not_ported
garrysmod/gamemodes/terrortown/gamemode/vgui/sb_main.lua,293,function PANEL:PerformLayout(),lexical_candidate_not_semantic_analysis,not_ported
garrysmod/gamemodes/terrortown/gamemode/vgui/sb_main.lua,376,function PANEL:ApplySchemeSettings(),lexical_candidate_not_semantic_analysis,not_ported
garrysmod/gamemodes/terrortown/gamemode/vgui/sb_main.lua,409,function PANEL:UpdateScoreboard( force ),lexical_candidate_not_semantic_analysis,not_ported
garrysmod/gamemodes/terrortown/gamemode/vgui/sb_main.lua,446,function PANEL:Init(),lexical_candidate_not_semantic_analysis,not_ported
garrysmod/gamemodes/terrortown/gamemode/vgui/sb_main.lua,453,function PANEL:GetCanvas() return self.pnlCanvas end,lexical_candidate_not_semantic_analysis,not_ported
garrysmod/gamemodes/terrortown/gamemode/vgui/sb_main.lua,455,function PANEL:OnMouseWheeled( dlta ),lexical_candidate_not_semantic_analysis,not_ported
garrysmod/gamemodes/terrortown/gamemode/vgui/sb_main.lua,461,function PANEL:SetScroll(st),lexical_candidate_not_semantic_analysis,not_ported
garrysmod/gamemodes/terrortown/gamemode/vgui/sb_main.lua,465,function PANEL:PerformLayout(),lexical_candidate_not_semantic_analysis,not_ported
garrysmod/gamemodes/terrortown/gamemode/vgui/sb_row.lua,11,local function HideVolumePanels(),lexical_candidate_not_semantic_analysis,not_ported
garrysmod/gamemodes/terrortown/gamemode/vgui/sb_row.lua,25,function PANEL:Init(),lexical_candidate_not_semantic_analysis,not_ported
garrysmod/gamemodes/terrortown/gamemode/vgui/sb_row.lua,67,"function PANEL:AddColumn( label, func, width, _, _ )",lexical_candidate_not_semantic_analysis,not_ported
garrysmod/gamemodes/terrortown/gamemode/vgui/sb_row.lua,82,function PANEL:AddFakeColumn() end,lexical_candidate_not_semantic_analysis,not_ported
garrysmod/gamemodes/terrortown/gamemode/vgui/sb_row.lua,96,function GM:TTTScoreboardColorForPlayer(ply),lexical_candidate_not_semantic_analysis,not_ported
garrysmod/gamemodes/terrortown/gamemode/vgui/sb_row.lua,107,function GM:TTTScoreboardRowColorForPlayer(ply),lexical_candidate_not_semantic_analysis,not_ported
garrysmod/gamemodes/terrortown/gamemode/vgui/sb_row.lua,119,local function ColorForPlayer(ply),lexical_candidate_not_semantic_analysis,not_ported
garrysmod/gamemodes/terrortown/gamemode/vgui/sb_row.lua,133,"function PANEL:Paint(width, height)",lexical_candidate_not_semantic_analysis,not_ported
garrysmod/gamemodes/terrortown/gamemode/vgui/sb_row.lua,156,function PANEL:SetPlayer(ply),lexical_candidate_not_semantic_analysis,not_ported
garrysmod/gamemodes/terrortown/gamemode/vgui/sb_row.lua,178,self.voice.DoClick = function(),lexical_candidate_not_semantic_analysis,not_ported
garrysmod/gamemodes/terrortown/gamemode/vgui/sb_row.lua,184,self.voice.DoRightClick = function(),lexical_candidate_not_semantic_analysis,not_ported
garrysmod/gamemodes/terrortown/gamemode/vgui/sb_row.lua,195,function PANEL:GetPlayer() return self.Player end,lexical_candidate_not_semantic_analysis,not_ported
garrysmod/gamemodes/terrortown/gamemode/vgui/sb_row.lua,197,function PANEL:UpdatePlayerData(),lexical_candidate_not_semantic_analysis,not_ported
garrysmod/gamemodes/terrortown/gamemode/vgui/sb_row.lua,241,function PANEL:ApplySchemeSettings(),lexical_candidate_not_semantic_analysis,not_ported
garrysmod/gamemodes/terrortown/gamemode/vgui/sb_row.lua,258,function PANEL:LayoutColumns(),lexical_candidate_not_semantic_analysis,not_ported
garrysmod/gamemodes/terrortown/gamemode/vgui/sb_row.lua,277,function PANEL:PerformLayout(),lexical_candidate_not_semantic_analysis,not_ported
garrysmod/gamemodes/terrortown/gamemode/vgui/sb_row.lua,311,"function PANEL:DoClick(x, y)",lexical_candidate_not_semantic_analysis,not_ported
garrysmod/gamemodes/terrortown/gamemode/vgui/sb_row.lua,315,function PANEL:SetOpen(o),lexical_candidate_not_semantic_analysis,not_ported
garrysmod/gamemodes/terrortown/gamemode/vgui/sb_row.lua,329,function PANEL:DoRightClick(),lexical_candidate_not_semantic_analysis,not_ported
garrysmod/gamemodes/terrortown/gamemode/vgui/sb_row.lua,339,function PANEL:ShowMicVolumeSlider(),lexical_candidate_not_semantic_analysis,not_ported
garrysmod/gamemodes/terrortown/gamemode/vgui/sb_row.lua,363,"frame.Paint = function(self, w, h)",lexical_candidate_not_semantic_analysis,not_ported
garrysmod/gamemodes/terrortown/gamemode/vgui/sb_row.lua,388,"slider.TranslateValues = function(slider, x, y)",lexical_candidate_not_semantic_analysis,not_ported
garrysmod/gamemodes/terrortown/gamemode/vgui/sb_row.lua,394,"slider.OnMouseReleased = function(panel, mcode) frame:Close() end",lexical_candidate_not_semantic_analysis,not_ported
garrysmod/gamemodes/terrortown/gamemode/vgui/sb_row.lua,395,"slider.Knob.OnMouseReleased = function(panel, mcode) frame:Close() end",lexical_candidate_not_semantic_analysis,not_ported
garrysmod/gamemodes/terrortown/gamemode/vgui/sb_row.lua,400,"slider.Paint = function(self, w, h)",lexical_candidate_not_semantic_analysis,not_ported
garrysmod/gamemodes/terrortown/gamemode/vgui/sb_row.lua,411,"slider.Knob.Paint = function(self, w, h)",lexical_candidate_not_semantic_analysis,not_ported
garrysmod/gamemodes/terrortown/gamemode/vgui/sb_team.lua,8,function PANEL:Init(),lexical_candidate_not_semantic_analysis,not_ported
garrysmod/gamemodes/terrortown/gamemode/vgui/sb_team.lua,21,"function PANEL:SetGroupInfo(name, color, group)",lexical_candidate_not_semantic_analysis,not_ported
garrysmod/gamemodes/terrortown/gamemode/vgui/sb_team.lua,28,function PANEL:Paint(),lexical_candidate_not_semantic_analysis,not_ported
garrysmod/gamemodes/terrortown/gamemode/vgui/sb_team.lua,79,function PANEL:AddPlayerRow(ply),lexical_candidate_not_semantic_analysis,not_ported
garrysmod/gamemodes/terrortown/gamemode/vgui/sb_team.lua,91,function PANEL:HasPlayerRow(ply),lexical_candidate_not_semantic_analysis,not_ported
garrysmod/gamemodes/terrortown/gamemode/vgui/sb_team.lua,95,function PANEL:HasRows(),lexical_candidate_not_semantic_analysis,not_ported
garrysmod/gamemodes/terrortown/gamemode/vgui/sb_team.lua,100,function PANEL:UpdateSortCache(),lexical_candidate_not_semantic_analysis,not_ported
garrysmod/gamemodes/terrortown/gamemode/vgui/sb_team.lua,138,function PANEL:UpdatePlayerData(),lexical_candidate_not_semantic_analysis,not_ported
garrysmod/gamemodes/terrortown/gamemode/vgui/sb_team.lua,168,function PANEL:PerformLayout(),lexical_candidate_not_semantic_analysis,not_ported
garrysmod/gamemodes/terrortown/gamemode/vgui/scrolllabel.lua,6,function PANEL:Init(),lexical_candidate_not_semantic_analysis,not_ported
garrysmod/gamemodes/terrortown/gamemode/vgui/scrolllabel.lua,13,function PANEL:GetLabel() return self.Label end,lexical_candidate_not_semantic_analysis,not_ported
garrysmod/gamemodes/terrortown/gamemode/vgui/scrolllabel.lua,15,function PANEL:OnMouseWheeled(dlta),lexical_candidate_not_semantic_analysis,not_ported
garrysmod/gamemodes/terrortown/gamemode/vgui/scrolllabel.lua,23,function PANEL:SetScrollEnabled(st) self.Scroll:SetEnabled(st) end,lexical_candidate_not_semantic_analysis,not_ported
garrysmod/gamemodes/terrortown/gamemode/vgui/scrolllabel.lua,26,function PANEL:UpdateScrollState(),lexical_candidate_not_semantic_analysis,not_ported
garrysmod/gamemodes/terrortown/gamemode/vgui/scrolllabel.lua,42,function PANEL:SetText(txt),lexical_candidate_not_semantic_analysis,not_ported
garrysmod/gamemodes/terrortown/gamemode/vgui/scrolllabel.lua,62,function PANEL:PerformLayout(),lexical_candidate_not_semantic_analysis,not_ported
garrysmod/gamemodes/terrortown/gamemode/vgui/simpleicon.lua,11,function PANEL:Init(),lexical_candidate_not_semantic_analysis,not_ported
garrysmod/gamemodes/terrortown/gamemode/vgui/simpleicon.lua,22,function PANEL:OnMousePressed( mcode ),lexical_candidate_not_semantic_analysis,not_ported
garrysmod/gamemodes/terrortown/gamemode/vgui/simpleicon.lua,29,function PANEL:OnMouseReleased(),lexical_candidate_not_semantic_analysis,not_ported
garrysmod/gamemodes/terrortown/gamemode/vgui/simpleicon.lua,32,function PANEL:DoClick(),lexical_candidate_not_semantic_analysis,not_ported
garrysmod/gamemodes/terrortown/gamemode/vgui/simpleicon.lua,35,function PANEL:OpenMenu(),lexical_candidate_not_semantic_analysis,not_ported
garrysmod/gamemodes/terrortown/gamemode/vgui/simpleicon.lua,38,function PANEL:ApplySchemeSettings(),lexical_candidate_not_semantic_analysis,not_ported
garrysmod/gamemodes/terrortown/gamemode/vgui/simpleicon.lua,41,function PANEL:OnCursorEntered(),lexical_candidate_not_semantic_analysis,not_ported
garrysmod/gamemodes/terrortown/gamemode/vgui/simpleicon.lua,46,function PANEL:OnCursorExited(),lexical_candidate_not_semantic_analysis,not_ported
garrysmod/gamemodes/terrortown/gamemode/vgui/simpleicon.lua,52,function PANEL:PaintOverHovered(),lexical_candidate_not_semantic_analysis,not_ported
garrysmod/gamemodes/terrortown/gamemode/vgui/simpleicon.lua,62,function PANEL:PerformLayout(),lexical_candidate_not_semantic_analysis,not_ported
garrysmod/gamemodes/terrortown/gamemode/vgui/simpleicon.lua,68,function PANEL:SetIcon( icon ),lexical_candidate_not_semantic_analysis,not_ported
garrysmod/gamemodes/terrortown/gamemode/vgui/simpleicon.lua,72,function PANEL:GetIcon(),lexical_candidate_not_semantic_analysis,not_ported
garrysmod/gamemodes/terrortown/gamemode/vgui/simpleicon.lua,76,function PANEL:SetIconColor(clr),lexical_candidate_not_semantic_analysis,not_ported
garrysmod/gamemodes/terrortown/gamemode/vgui/simpleicon.lua,80,function PANEL:Think(),lexical_candidate_not_semantic_analysis,not_ported
garrysmod/gamemodes/terrortown/gamemode/vgui/simpleicon.lua,84,"function PANEL:PressedAnim( anim, delta, data )",lexical_candidate_not_semantic_analysis,not_ported
garrysmod/gamemodes/terrortown/gamemode/vgui/simpleicon.lua,106,function PANEL:Init(),lexical_candidate_not_semantic_analysis,not_ported
garrysmod/gamemodes/terrortown/gamemode/vgui/simpleicon.lua,111,function PANEL:AddLayer(pnl),lexical_candidate_not_semantic_analysis,not_ported
garrysmod/gamemodes/terrortown/gamemode/vgui/simpleicon.lua,122,function PANEL:PerformLayout(),lexical_candidate_not_semantic_analysis,not_ported
garrysmod/gamemodes/terrortown/gamemode/vgui/simpleicon.lua,133,function PANEL:EnableMousePassthrough(pnl),lexical_candidate_not_semantic_analysis,not_ported
garrysmod/gamemodes/terrortown/gamemode/vgui/simpleicon.lua,136,"p.OnMousePressed  = function(s, mc) s:GetParent():OnMousePressed(mc) end",lexical_candidate_not_semantic_analysis,not_ported
garrysmod/gamemodes/terrortown/gamemode/vgui/simpleicon.lua,137,p.OnCursorEntered = function(s) s:GetParent():OnCursorEntered() end,lexical_candidate_not_semantic_analysis,not_ported
garrysmod/gamemodes/terrortown/gamemode/vgui/simpleicon.lua,138,p.OnCursorExited  = function(s) s:GetParent():OnCursorExited() end,lexical_candidate_not_semantic_analysis,not_ported
garrysmod/gamemodes/terrortown/gamemode/vgui/simpleicon.lua,150,function PANEL:Init(),lexical_candidate_not_semantic_analysis,not_ported
garrysmod/gamemodes/terrortown/gamemode/vgui/simpleicon.lua,154,self.imgAvatar.PerformLayout = function(s) s:Center() end,lexical_candidate_not_semantic_analysis,not_ported
garrysmod/gamemodes/terrortown/gamemode/vgui/simpleicon.lua,163,function PANEL:SetAvatarSize(s),lexical_candidate_not_semantic_analysis,not_ported
garrysmod/gamemodes/terrortown/gamemode/vgui/simpleicon.lua,167,function PANEL:SetPlayer(ply),lexical_candidate_not_semantic_analysis,not_ported
garrysmod/gamemodes/terrortown/gamemode/vgui/simpleicon.lua,184,function PANEL:Init(),lexical_candidate_not_semantic_analysis,not_ported
garrysmod/gamemodes/terrortown/gamemode/vgui/simpleicon.lua,194,"self.FakeLabel.PerformLayout = function(s) s:StretchToParent(0,0,0,0) end",lexical_candidate_not_semantic_analysis,not_ported
garrysmod/gamemodes/terrortown/gamemode/vgui/simpleicon.lua,201,function PANEL:PerformLayout(),lexical_candidate_not_semantic_analysis,not_ported
garrysmod/gamemodes/terrortown/gamemode/vgui/simpleicon.lua,207,"function PANEL:SetIconProperties(color, font, shadow, pos)",lexical_candidate_not_semantic_analysis,not_ported
garrysmod/gamemodes/terrortown/gamemode/vgui/simpleicon.lua,214,"function PANEL:SetLabelText(text, color, font, pos)",lexical_candidate_not_semantic_analysis,not_ported
garrysmod/gamemodes/terrortown/gamemode/vgui/simpleicon.lua,224,self.FakeLabel.Paint = function(),lexical_candidate_not_semantic_analysis,not_ported
garrysmod/gamemodes/terrortown/gamemode/weaponry.lua,9,"function GM:PlayerCanPickupWeapon(ply, wep)",lexical_candidate_not_semantic_analysis,not_ported
garrysmod/gamemodes/terrortown/gamemode/weaponry.lua,39,local function GetLoadoutWeapons(r),lexical_candidate_not_semantic_analysis,not_ported
garrysmod/gamemodes/terrortown/gamemode/weaponry.lua,63,local function GiveLoadoutWeapons(ply),lexical_candidate_not_semantic_analysis,not_ported
garrysmod/gamemodes/terrortown/gamemode/weaponry.lua,75,local function HasLoadoutWeapons(ply),lexical_candidate_not_semantic_analysis,not_ported
garrysmod/gamemodes/terrortown/gamemode/weaponry.lua,93,local function GiveLoadoutItems(ply),lexical_candidate_not_semantic_analysis,not_ported
garrysmod/gamemodes/terrortown/gamemode/weaponry.lua,106,local function CanWearHat(ply),lexical_candidate_not_semantic_analysis,not_ported
garrysmod/gamemodes/terrortown/gamemode/weaponry.lua,115,local function GiveLoadoutSpecial(ply),lexical_candidate_not_semantic_analysis,not_ported
garrysmod/gamemodes/terrortown/gamemode/weaponry.lua,141,local function LateLoadout(id),lexical_candidate_not_semantic_analysis,not_ported
garrysmod/gamemodes/terrortown/gamemode/weaponry.lua,158,function GM:PlayerLoadout( ply ),lexical_candidate_not_semantic_analysis,not_ported
garrysmod/gamemodes/terrortown/gamemode/weaponry.lua,179,function GM:UpdatePlayerLoadouts(),lexical_candidate_not_semantic_analysis,not_ported
garrysmod/gamemodes/terrortown/gamemode/weaponry.lua,187,"function WEPS.DropNotifiedWeapon(ply, wep, death_drop)",lexical_candidate_not_semantic_analysis,not_ported
garrysmod/gamemodes/terrortown/gamemode/weaponry.lua,221,local function DropActiveWeapon(ply),lexical_candidate_not_semantic_analysis,not_ported
garrysmod/gamemodes/terrortown/gamemode/weaponry.lua,245,local function DropActiveAmmo(ply),lexical_candidate_not_semantic_analysis,not_ported
garrysmod/gamemodes/terrortown/gamemode/weaponry.lua,298,"local function GiveEquipmentWeapon(sid64, cls)",lexical_candidate_not_semantic_analysis,not_ported
garrysmod/gamemodes/terrortown/gamemode/weaponry.lua,331,local function HasPendingOrder(ply),lexical_candidate_not_semantic_analysis,not_ported
garrysmod/gamemodes/terrortown/gamemode/weaponry.lua,335,"function GM:TTTCanOrderEquipment(ply, id, is_item)",lexical_candidate_not_semantic_analysis,not_ported
garrysmod/gamemodes/terrortown/gamemode/weaponry.lua,343,"local function OrderEquipment(ply, cmd, args)",lexical_candidate_not_semantic_analysis,not_ported
garrysmod/gamemodes/terrortown/gamemode/weaponry.lua,439,"function GM:TTTToggleDisguiser(ply, state)",lexical_candidate_not_semantic_analysis,not_ported
garrysmod/gamemodes/terrortown/gamemode/weaponry.lua,444,"local function SetDisguise(ply, cmd, args)",lexical_candidate_not_semantic_analysis,not_ported
garrysmod/gamemodes/terrortown/gamemode/weaponry.lua,457,local function CheatCredits(ply),lexical_candidate_not_semantic_analysis,not_ported
garrysmod/gamemodes/terrortown/gamemode/weaponry.lua,464,"local function TransferCredits(ply, cmd, args)",lexical_candidate_not_semantic_analysis,not_ported
garrysmod/gamemodes/terrortown/gamemode/weaponry.lua,495,function GM:WeaponEquip(wep),lexical_candidate_not_semantic_analysis,not_ported
garrysmod/gamemodes/terrortown/gamemode/weaponry.lua,507,function WEPS.ForcePrecache(),lexical_candidate_not_semantic_analysis,not_ported
garrysmod/gamemodes/terrortown/gamemode/weaponry_shd.lua,4,function WEPS.TypeForWeapon(class),lexical_candidate_not_semantic_analysis,not_ported
garrysmod/gamemodes/terrortown/gamemode/weaponry_shd.lua,11,function WEPS.IsEquipment(wep),lexical_candidate_not_semantic_analysis,not_ported
garrysmod/gamemodes/terrortown/gamemode/weaponry_shd.lua,15,function WEPS.GetClass(wep),lexical_candidate_not_semantic_analysis,not_ported
garrysmod/gamemodes/terrortown/gamemode/weaponry_shd.lua,23,function WEPS.DisguiseToggle(ply),lexical_candidate_not_semantic_analysis,not_ported
garrysmod/lua/autorun/base_npcs.lua,5,"local function AddNPC( t, class )",lexical_candidate_not_semantic_analysis,not_ported
garrysmod/lua/autorun/base_npcs.lua,504,"local turretOnDupe = function( npc, data ) npc:SetKeyValue( ""spawnflags"", bit.bor( npc.SpawnFlags, 2048 ) ) end",lexical_candidate_not_semantic_analysis,not_ported
garrysmod/lua/autorun/base_npcs.lua,505,"local turretOnCeiling = function( npc ) npc:SetKeyValue( ""orientation"", 1 ) end",lexical_candidate_not_semantic_analysis,not_ported
garrysmod/lua/autorun/base_vehicles.lua,5,"local function AddVehicle( t, class )",lexical_candidate_not_semantic_analysis,not_ported
garrysmod/lua/autorun/base_vehicles.lua,90,"local function HandleRollercoasterAnimation( vehicle, player )",lexical_candidate_not_semantic_analysis,not_ported
garrysmod/lua/autorun/base_vehicles.lua,222,"local function HandlePHXSeatAnimation( vehicle, player )",lexical_candidate_not_semantic_analysis,not_ported
garrysmod/lua/autorun/base_vehicles.lua,225,"local function HandlePHXVehicleAnimation( vehicle, ply )",lexical_candidate_not_semantic_analysis,not_ported
garrysmod/lua/autorun/base_vehicles.lua,228,"local function HandlePHXAirboatAnimation( vehicle, ply )",lexical_candidate_not_semantic_analysis,not_ported
garrysmod/lua/autorun/developer_functions.lua,5,"local function FindInTable( tab, find, parents, depth )",lexical_candidate_not_semantic_analysis,not_ported
garrysmod/lua/autorun/developer_functions.lua,48,"local function FindInHooks( base, name )",lexical_candidate_not_semantic_analysis,not_ported
garrysmod/lua/autorun/developer_functions.lua,79,local function UTIL_IsCommandIssuedByServerAdmin( ply ),lexical_candidate_not_semantic_analysis,not_ported
garrysmod/lua/autorun/developer_functions.lua,89,"local function Find( ply, command, arguments )",lexical_candidate_not_semantic_analysis,not_ported
garrysmod/lua/autorun/game_hl2.lua,7,"local function ADD_ITEM_DUPEFUNC( ply, data )",lexical_candidate_not_semantic_analysis,not_ported
garrysmod/lua/autorun/game_hl2.lua,45,"local function ADD_WEAPON_DUPEFUNC( ply, data )",lexical_candidate_not_semantic_analysis,not_ported
garrysmod/lua/autorun/game_hl2.lua,72,"local function ADD_ITEM( class, offset, extras, classOverride )",lexical_candidate_not_semantic_analysis,not_ported
garrysmod/lua/autorun/game_hl2.lua,80,local function ADD_WEAPON( class ),lexical_candidate_not_semantic_analysis,not_ported
garrysmod/lua/autorun/game_hl2.lua,87,local function ADD_NPC_WEAPON( class ),lexical_candidate_not_semantic_analysis,not_ported
garrysmod/lua/autorun/menubar.lua,7,"checkList[ ""cheat"" ] = { tooltip = ""#menubar.cheatstip"", func = function() return GetConVarNumber( ""sv_cheats"" ) != 0 end }",lexical_candidate_not_semantic_analysis,not_ported
garrysmod/lua/autorun/menubar.lua,8,"checkList[ ""cheatSP"" ] = { tooltip = ""#menubar.cheatstip"", func = function() return GetConVarNumber( ""sv_cheats"" ) != 0 or game.SinglePlayer() end }",lexical_candidate_not_semantic_analysis,not_ported
garrysmod/lua/autorun/menubar.lua,9,"checkList[ ""host"" ] = { tooltip = ""#menubar.host_only"", func = function() return IsValid( LocalPlayer() ) and LocalPlayer():IsListenServerHost() end }",lexical_candidate_not_semantic_analysis,not_ported
garrysmod/lua/autorun/menubar.lua,11,"local function AddCVar( s, checkStr, ... )",lexical_candidate_not_semantic_analysis,not_ported
garrysmod/lua/autorun/menubar.lua,14,cvar.Think = function( se ),lexical_candidate_not_semantic_analysis,not_ported
garrysmod/lua/autorun/menubar.lua,30,"local function AddHostCVar( s, ... ) AddCVar( s, ""host"", ... ) end",lexical_candidate_not_semantic_analysis,not_ported
garrysmod/lua/autorun/menubar.lua,31,"local function AddCheatCVar( s, ... ) AddCVar( s, ""cheat"", ... ) end",lexical_candidate_not_semantic_analysis,not_ported
garrysmod/lua/autorun/menubar.lua,32,"local function AddCheatOrSPCVar( s, ... ) AddCVar( s, ""cheatSP host"", ... ) end",lexical_candidate_not_semantic_analysis,not_ported
garrysmod/lua/autorun/properties/bodygroups.lua,9,"Filter = function( self, ent, ply )",lexical_candidate_not_semantic_analysis,not_ported
garrysmod/lua/autorun/properties/bodygroups.lua,33,"MenuOpen = function( self, option, ent, tr )",lexical_candidate_not_semantic_analysis,not_ported
garrysmod/lua/autorun/properties/bodygroups.lua,66,"opt.OnChecked = function( s, checked ) self:SetBodyGroup( ent, v.id, checked and 1 or 0 ) end",lexical_candidate_not_semantic_analysis,not_ported
garrysmod/lua/autorun/properties/bodygroups.lua,88,"opt.OnChecked = function( s, checked ) if ( checked ) then self:SetBodyGroup( ent, v.id, i - 1 ) end end",lexical_candidate_not_semantic_analysis,not_ported
garrysmod/lua/autorun/properties/bodygroups.lua,97,"Action = function( self, ent )",lexical_candidate_not_semantic_analysis,not_ported
garrysmod/lua/autorun/properties/bodygroups.lua,103,"SetBodyGroup = function( self, ent, body, id )",lexical_candidate_not_semantic_analysis,not_ported
garrysmod/lua/autorun/properties/bodygroups.lua,113,"Receive = function( self, length, ply )",lexical_candidate_not_semantic_analysis,not_ported
garrysmod/lua/autorun/properties/bone_manipulate.lua,9,"Filter = function( self, ent, ply )",lexical_candidate_not_semantic_analysis,not_ported
garrysmod/lua/autorun/properties/bone_manipulate.lua,21,"Action = function( self, ent )",lexical_candidate_not_semantic_analysis,not_ported
garrysmod/lua/autorun/properties/bone_manipulate.lua,31,"Receive = function( self, length, ply )",lexical_candidate_not_semantic_analysis,not_ported
garrysmod/lua/autorun/properties/bone_manipulate.lua,56,"ent.widget.OnBoneClick = function( w, boneid, pl )",lexical_candidate_not_semantic_analysis,not_ported
garrysmod/lua/autorun/properties/bone_manipulate.lua,104,"Filter = function( self, ent )",lexical_candidate_not_semantic_analysis,not_ported
garrysmod/lua/autorun/properties/bone_manipulate.lua,112,"Action = function( self, ent )",lexical_candidate_not_semantic_analysis,not_ported
garrysmod/lua/autorun/properties/bone_manipulate.lua,122,"Receive = function( self, length, ply )",lexical_candidate_not_semantic_analysis,not_ported
garrysmod/lua/autorun/properties/bone_manipulate.lua,136,"OnArrowDragged = function( self, num, dist, pl, mv )",lexical_candidate_not_semantic_analysis,not_ported
garrysmod/lua/autorun/properties/bone_manipulate.lua,161,"CalcAbsolutePosition = function( self, v, a )",lexical_candidate_not_semantic_analysis,not_ported
garrysmod/lua/autorun/properties/bone_manipulate.lua,181,"OnArrowDragged = function( self, num, dist, pl, mv )",lexical_candidate_not_semantic_analysis,not_ported
garrysmod/lua/autorun/properties/bone_manipulate.lua,208,"OnArrowDragged = function( self, num, dist, pl, mv )",lexical_candidate_not_semantic_analysis,not_ported
garrysmod/lua/autorun/properties/bone_manipulate.lua,234,"CalcAbsolutePosition = function( self, v, a )",lexical_candidate_not_semantic_analysis,not_ported
garrysmod/lua/autorun/properties/collisions.lua,9,"Filter = function( self, ent, ply )",lexical_candidate_not_semantic_analysis,not_ported
garrysmod/lua/autorun/properties/collisions.lua,20,"Action = function( self, ent )",lexical_candidate_not_semantic_analysis,not_ported
garrysmod/lua/autorun/properties/collisions.lua,28,"Receive = function( self, length, ply )",lexical_candidate_not_semantic_analysis,not_ported
garrysmod/lua/autorun/properties/collisions.lua,45,"Filter = function( self, ent, ply )",lexical_candidate_not_semantic_analysis,not_ported
garrysmod/lua/autorun/properties/collisions.lua,55,"Action = function( self, ent )",lexical_candidate_not_semantic_analysis,not_ported
garrysmod/lua/autorun/properties/collisions.lua,63,"Receive = function( self, length, ply )",lexical_candidate_not_semantic_analysis,not_ported
garrysmod/lua/autorun/properties/drive.lua,9,"Filter = function( self, ent, ply )",lexical_candidate_not_semantic_analysis,not_ported
garrysmod/lua/autorun/properties/drive.lua,28,"Action = function( self, ent )",lexical_candidate_not_semantic_analysis,not_ported
garrysmod/lua/autorun/properties/drive.lua,36,"Receive = function( self, length, ply )",lexical_candidate_not_semantic_analysis,not_ported
garrysmod/lua/autorun/properties/editentity.lua,10,"Filter = function( self, ent, ply )",lexical_candidate_not_semantic_analysis,not_ported
garrysmod/lua/autorun/properties/editentity.lua,20,"Action = function( self, ent )",lexical_candidate_not_semantic_analysis,not_ported
garrysmod/lua/autorun/properties/editentity.lua,43,control.OnEntityLost = function(),lexical_candidate_not_semantic_analysis,not_ported
garrysmod/lua/autorun/properties/gravity.lua,7,"function GravityDuplicator( ply, ent, data )",lexical_candidate_not_semantic_analysis,not_ported
garrysmod/lua/autorun/properties/gravity.lua,31,"Filter = function( self, ent, ply )",lexical_candidate_not_semantic_analysis,not_ported
garrysmod/lua/autorun/properties/gravity.lua,43,"Checked = function( self, ent, ply )",lexical_candidate_not_semantic_analysis,not_ported
garrysmod/lua/autorun/properties/gravity.lua,49,"Action = function( self, ent )",lexical_candidate_not_semantic_analysis,not_ported
garrysmod/lua/autorun/properties/gravity.lua,57,"Receive = function( self, length, ply )",lexical_candidate_not_semantic_analysis,not_ported
garrysmod/lua/autorun/properties/ignite.lua,4,local function CanEntityBeSetOnFire( ent ),lexical_candidate_not_semantic_analysis,not_ported
garrysmod/lua/autorun/properties/ignite.lua,24,"Filter = function( self, ent, ply )",lexical_candidate_not_semantic_analysis,not_ported
garrysmod/lua/autorun/properties/ignite.lua,34,"Action = function( self, ent )",lexical_candidate_not_semantic_analysis,not_ported
garrysmod/lua/autorun/properties/ignite.lua,42,"Receive = function( self, length, ply )",lexical_candidate_not_semantic_analysis,not_ported
garrysmod/lua/autorun/properties/ignite.lua,60,"Filter = function( self, ent, ply )",lexical_candidate_not_semantic_analysis,not_ported
garrysmod/lua/autorun/properties/ignite.lua,69,"Action = function( self, ent )",lexical_candidate_not_semantic_analysis,not_ported
garrysmod/lua/autorun/properties/ignite.lua,77,"Receive = function( self, length, ply )",lexical_candidate_not_semantic_analysis,not_ported
garrysmod/lua/autorun/properties/keep_upright.lua,9,"Filter = function( self, ent, ply )",lexical_candidate_not_semantic_analysis,not_ported
garrysmod/lua/autorun/properties/keep_upright.lua,19,"Action = function( self, ent )",lexical_candidate_not_semantic_analysis,not_ported
garrysmod/lua/autorun/properties/keep_upright.lua,27,"Receive = function( self, length, ply )",lexical_candidate_not_semantic_analysis,not_ported
garrysmod/lua/autorun/properties/keep_upright.lua,66,"Filter = function( self, ent )",lexical_candidate_not_semantic_analysis,not_ported
garrysmod/lua/autorun/properties/keep_upright.lua,73,"Action = function( self, ent )",lexical_candidate_not_semantic_analysis,not_ported
garrysmod/lua/autorun/properties/keep_upright.lua,81,"Receive = function( self, length, ply )",lexical_candidate_not_semantic_analysis,not_ported
garrysmod/lua/autorun/properties/kinect_controller.lua,18,"Filter = function( self, ent, ply )",lexical_candidate_not_semantic_analysis,not_ported
garrysmod/lua/autorun/properties/kinect_controller.lua,30,"Action = function( self, ent )",lexical_candidate_not_semantic_analysis,not_ported
garrysmod/lua/autorun/properties/kinect_controller.lua,45,"Receive = function( self, length, player )",lexical_candidate_not_semantic_analysis,not_ported
garrysmod/lua/autorun/properties/npc_scale.lua,9,"Filter = function( self, ent, ply )",lexical_candidate_not_semantic_analysis,not_ported
garrysmod/lua/autorun/properties/npc_scale.lua,19,"Action = function( self, ent )",lexical_candidate_not_semantic_analysis,not_ported
garrysmod/lua/autorun/properties/npc_scale.lua,27,"Receive = function( self, length, ply )",lexical_candidate_not_semantic_analysis,not_ported
garrysmod/lua/autorun/properties/npc_scale.lua,44,"Filter = function( self, ent, ply )",lexical_candidate_not_semantic_analysis,not_ported
garrysmod/lua/autorun/properties/npc_scale.lua,54,"Action = function( self, ent )",lexical_candidate_not_semantic_analysis,not_ported
garrysmod/lua/autorun/properties/npc_scale.lua,62,"Receive = function( self, length, ply )",lexical_candidate_not_semantic_analysis,not_ported
garrysmod/lua/autorun/properties/persist.lua,9,"Filter = function( self, ent, ply )",lexical_candidate_not_semantic_analysis,not_ported
garrysmod/lua/autorun/properties/persist.lua,19,"Action = function( self, ent )",lexical_candidate_not_semantic_analysis,not_ported
garrysmod/lua/autorun/properties/persist.lua,27,"Receive = function( self, length, ply )",lexical_candidate_not_semantic_analysis,not_ported
garrysmod/lua/autorun/properties/persist.lua,48,"Filter = function( self, ent, ply )",lexical_candidate_not_semantic_analysis,not_ported
garrysmod/lua/autorun/properties/persist.lua,58,"Action = function( self, ent )",lexical_candidate_not_semantic_analysis,not_ported
garrysmod/lua/autorun/properties/persist.lua,66,"Receive = function( self, length, ply )",lexical_candidate_not_semantic_analysis,not_ported
garrysmod/lua/autorun/properties/remove.lua,9,"Filter = function( self, ent, ply )",lexical_candidate_not_semantic_analysis,not_ported
garrysmod/lua/autorun/properties/remove.lua,19,"Action = function( self, ent )",lexical_candidate_not_semantic_analysis,not_ported
garrysmod/lua/autorun/properties/remove.lua,27,"Receive = function( self, length, ply )",lexical_candidate_not_semantic_analysis,not_ported
garrysmod/lua/autorun/properties/skin.lua,9,"Filter = function( self, ent, ply )",lexical_candidate_not_semantic_analysis,not_ported
garrysmod/lua/autorun/properties/skin.lua,21,"MenuOpen = function( self, option, ent, tr )",lexical_candidate_not_semantic_analysis,not_ported
garrysmod/lua/autorun/properties/skin.lua,41,"opt.OnChecked = function( s, checked ) if ( checked ) then self:SetSkin( ent, i ) end end",lexical_candidate_not_semantic_analysis,not_ported
garrysmod/lua/autorun/properties/skin.lua,47,"Action = function( self, ent )",lexical_candidate_not_semantic_analysis,not_ported
garrysmod/lua/autorun/properties/skin.lua,53,"SetSkin = function( self, ent, id )",lexical_candidate_not_semantic_analysis,not_ported
garrysmod/lua/autorun/properties/skin.lua,62,"Receive = function( self, length, ply )",lexical_candidate_not_semantic_analysis,not_ported
garrysmod/lua/autorun/properties/statue.lua,8,"function StatueDuplicator( ply, ent, data )",lexical_candidate_not_semantic_analysis,not_ported
garrysmod/lua/autorun/properties/statue.lua,56,"Filter = function( self, ent, ply )",lexical_candidate_not_semantic_analysis,not_ported
garrysmod/lua/autorun/properties/statue.lua,64,"Action = function( self, ent )",lexical_candidate_not_semantic_analysis,not_ported
garrysmod/lua/autorun/properties/statue.lua,72,"Receive = function( self, length, ply )",lexical_candidate_not_semantic_analysis,not_ported
garrysmod/lua/autorun/properties/statue.lua,149,"Filter = function( self, ent, ply )",lexical_candidate_not_semantic_analysis,not_ported
garrysmod/lua/autorun/properties/statue.lua,157,"Action = function( self, ent )",lexical_candidate_not_semantic_analysis,not_ported
garrysmod/lua/autorun/properties/statue.lua,165,"Receive = function( self, length, ply )",lexical_candidate_not_semantic_analysis,not_ported
garrysmod/lua/autorun/server/admin_functions.lua,6,"local function KickId( player, command, arguments )",lexical_candidate_not_semantic_analysis,not_ported
garrysmod/lua/autorun/server/admin_functions.lua,24,"local function BanID( player, command, arguments )",lexical_candidate_not_semantic_analysis,not_ported
garrysmod/lua/autorun/server/sensorbones/css.lua,23,"PrePosition = function( self, sensor )",lexical_candidate_not_semantic_analysis,not_ported
garrysmod/lua/autorun/server/sensorbones/css.lua,92,"Complete = function( self, player, sensor, rotation, pos, ang )",lexical_candidate_not_semantic_analysis,not_ported
garrysmod/lua/autorun/server/sensorbones/css.lua,101,"IsApplicable = function( self, ent )",lexical_candidate_not_semantic_analysis,not_ported
garrysmod/lua/autorun/server/sensorbones/eli.lua,21,"PrePosition = function( self, sensor )",lexical_candidate_not_semantic_analysis,not_ported
garrysmod/lua/autorun/server/sensorbones/eli.lua,87,"Complete = function( self, player, sensor, rotation, pos, ang )",lexical_candidate_not_semantic_analysis,not_ported
garrysmod/lua/autorun/server/sensorbones/eli.lua,97,"IsApplicable = function( self, ent )",lexical_candidate_not_semantic_analysis,not_ported
garrysmod/lua/autorun/server/sensorbones/tf2_engineer.lua,27,"PrePosition = function( self, sensor )",lexical_candidate_not_semantic_analysis,not_ported
garrysmod/lua/autorun/server/sensorbones/tf2_engineer.lua,112,"Complete = function( self, player, sensor, rotation, pos, ang )",lexical_candidate_not_semantic_analysis,not_ported
garrysmod/lua/autorun/server/sensorbones/tf2_engineer.lua,149,"IsApplicable = function( self, ent )",lexical_candidate_not_semantic_analysis,not_ported
garrysmod/lua/autorun/server/sensorbones/tf2_heavy.lua,24,"PrePosition = function( self, sensor )",lexical_candidate_not_semantic_analysis,not_ported
garrysmod/lua/autorun/server/sensorbones/tf2_heavy.lua,108,"Complete = function( self, player, sensor, rotation, pos, ang )",lexical_candidate_not_semantic_analysis,not_ported
garrysmod/lua/autorun/server/sensorbones/tf2_heavy.lua,133,"IsApplicable = function( self, ent )",lexical_candidate_not_semantic_analysis,not_ported
garrysmod/lua/autorun/server/sensorbones/tf2_medic.lua,27,"PrePosition = function( self, sensor )",lexical_candidate_not_semantic_analysis,not_ported
garrysmod/lua/autorun/server/sensorbones/tf2_medic.lua,107,"Complete = function( self, player, sensor, rotation, pos, ang )",lexical_candidate_not_semantic_analysis,not_ported
garrysmod/lua/autorun/server/sensorbones/tf2_medic.lua,129,"IsApplicable = function( self, ent )",lexical_candidate_not_semantic_analysis,not_ported
garrysmod/lua/autorun/server/sensorbones/tf2_pyro_demo.lua,23,"PrePosition = function( self, sensor )",lexical_candidate_not_semantic_analysis,not_ported
garrysmod/lua/autorun/server/sensorbones/tf2_pyro_demo.lua,105,"Complete = function( self, player, sensor, rotation, pos, ang )",lexical_candidate_not_semantic_analysis,not_ported
garrysmod/lua/autorun/server/sensorbones/tf2_pyro_demo.lua,129,"IsApplicable = function( self, ent )",lexical_candidate_not_semantic_analysis,not_ported
garrysmod/lua/autorun/server/sensorbones/tf2_scout.lua,24,"PrePosition = function( self, sensor )",lexical_candidate_not_semantic_analysis,not_ported
garrysmod/lua/autorun/server/sensorbones/tf2_scout.lua,112,"Complete = function( self, player, sensor, rotation, pos, ang )",lexical_candidate_not_semantic_analysis,not_ported
garrysmod/lua/autorun/server/sensorbones/tf2_scout.lua,137,"IsApplicable = function( self, ent )",lexical_candidate_not_semantic_analysis,not_ported
garrysmod/lua/autorun/server/sensorbones/tf2_sniper.lua,27,"PrePosition = function( self, sensor )",lexical_candidate_not_semantic_analysis,not_ported
garrysmod/lua/autorun/server/sensorbones/tf2_sniper.lua,112,"Complete = function( self, player, sensor, rotation, pos, ang )",lexical_candidate_not_semantic_analysis,not_ported
garrysmod/lua/autorun/server/sensorbones/tf2_sniper.lua,146,"IsApplicable = function( self, ent )",lexical_candidate_not_semantic_analysis,not_ported
garrysmod/lua/autorun/server/sensorbones/tf2_spy_solider.lua,24,"PrePosition = function( self, sensor )",lexical_candidate_not_semantic_analysis,not_ported
garrysmod/lua/autorun/server/sensorbones/tf2_spy_solider.lua,107,"Complete = function( self, player, sensor, rotation, pos, ang )",lexical_candidate_not_semantic_analysis,not_ported
garrysmod/lua/autorun/server/sensorbones/tf2_spy_solider.lua,137,"IsApplicable = function( self, ent )",lexical_candidate_not_semantic_analysis,not_ported
garrysmod/lua/autorun/server/sensorbones/valvebiped.lua,22,"PrePosition = function( self, sensor )",lexical_candidate_not_semantic_analysis,not_ported
garrysmod/lua/autorun/server/sensorbones/valvebiped.lua,90,"Complete = function( self, player, sensor, rotation, pos, ang )",lexical_candidate_not_semantic_analysis,not_ported
garrysmod/lua/autorun/server/sensorbones/valvebiped.lua,101,"IsApplicable = function( self, ent ) return false end,",lexical_candidate_not_semantic_analysis,not_ported
garrysmod/lua/autorun/utilities_menu.lua,8,local function LoadInConvarDefaults( cvars ),lexical_candidate_not_semantic_analysis,not_ported
garrysmod/lua/autorun/utilities_menu.lua,17,local function ServerSettings( pnl ),lexical_candidate_not_semantic_analysis,not_ported
garrysmod/lua/autorun/utilities_menu.lua,75,local function SandboxClientSettings( pnl ),lexical_candidate_not_semantic_analysis,not_ported
garrysmod/lua/autorun/utilities_menu.lua,113,local function SandboxSettings( pnl ),lexical_candidate_not_semantic_analysis,not_ported
garrysmod/lua/autorun/utilities_menu.lua,169,local function PhysgunSettings( pnl ),lexical_candidate_not_semantic_analysis,not_ported
garrysmod/lua/autorun/utilities_menu.lua,199,local function PhysgunSVSettings( pnl ),lexical_candidate_not_semantic_analysis,not_ported
garrysmod/lua/autorun/utilities_menu.lua,228,local function PlayerOptions( pnl ),lexical_candidate_not_semantic_analysis,not_ported
garrysmod/lua/derma/derma.lua,26,local function FindPanelsByClass( SeekingClass ),lexical_candidate_not_semantic_analysis,not_ported
garrysmod/lua/derma/derma.lua,54,local function ReloadClass( classname ),lexical_candidate_not_semantic_analysis,not_ported
garrysmod/lua/derma/derma.lua,88,function GetControlList(),lexical_candidate_not_semantic_analysis,not_ported
garrysmod/lua/derma/derma.lua,97,"function DefineControl( strName, strDescription, strTable, strBase )",lexical_candidate_not_semantic_analysis,not_ported
garrysmod/lua/derma/derma.lua,130,"function DefineSkin( strName, strDescription, strTable )",lexical_candidate_not_semantic_analysis,not_ported
garrysmod/lua/derma/derma.lua,152,function GetSkinTable(),lexical_candidate_not_semantic_analysis,not_ported
garrysmod/lua/derma/derma.lua,161,function GetDefaultSkin(),lexical_candidate_not_semantic_analysis,not_ported
garrysmod/lua/derma/derma.lua,181,function GetNamedSkin( name ),lexical_candidate_not_semantic_analysis,not_ported
garrysmod/lua/derma/derma.lua,190,"function SkinHook( strType, strName, panel, w, h )",lexical_candidate_not_semantic_analysis,not_ported
garrysmod/lua/derma/derma.lua,205,"function SkinTexture( strName, panel, default )",lexical_candidate_not_semantic_analysis,not_ported
garrysmod/lua/derma/derma.lua,220,"function Color( strName, panel, default )",lexical_candidate_not_semantic_analysis,not_ported
garrysmod/lua/derma/derma.lua,232,function SkinChangeIndex(),lexical_candidate_not_semantic_analysis,not_ported
garrysmod/lua/derma/derma.lua,241,function RefreshSkins(),lexical_candidate_not_semantic_analysis,not_ported
garrysmod/lua/derma/derma_animation.lua,5,function DermaAnimation:Run(),lexical_candidate_not_semantic_analysis,not_ported
garrysmod/lua/derma/derma_animation.lua,29,"function DermaAnimation:Start( Length, Data )",lexical_candidate_not_semantic_analysis,not_ported
garrysmod/lua/derma/derma_animation.lua,44,function DermaAnimation:Stop(),lexical_candidate_not_semantic_analysis,not_ported
garrysmod/lua/derma/derma_animation.lua,53,function DermaAnimation:Active(),lexical_candidate_not_semantic_analysis,not_ported
garrysmod/lua/derma/derma_animation.lua,59,"function Derma_Anim( name, panel, func )",lexical_candidate_not_semantic_analysis,not_ported
garrysmod/lua/derma/derma_example.lua,4,function PANEL:Init(),lexical_candidate_not_semantic_analysis,not_ported
garrysmod/lua/derma/derma_example.lua,30,function PANEL:SwitchTo( name ),lexical_candidate_not_semantic_analysis,not_ported
garrysmod/lua/derma/derma_gwen.lua,6,"function GWEN.CreateTextureBorder( _xo, _yo, _wo, _ho, l, t, r, b, material_override )",lexical_candidate_not_semantic_analysis,not_ported
garrysmod/lua/derma/derma_gwen.lua,58,"function GWEN.CreateTextureNormal( _xo, _yo, _wo, _ho, material_override )",lexical_candidate_not_semantic_analysis,not_ported
garrysmod/lua/derma/derma_gwen.lua,87,"function GWEN.CreateTextureCentered( _xo, _yo, _wo, _ho, material_override )",lexical_candidate_not_semantic_analysis,not_ported
garrysmod/lua/derma/derma_gwen.lua,121,"function GWEN.TextureColor( x, y, material_override )",lexical_candidate_not_semantic_analysis,not_ported
garrysmod/lua/derma/derma_gwen.lua,133,"function meta:LoadGWENFile( filename, path )",lexical_candidate_not_semantic_analysis,not_ported
garrysmod/lua/derma/derma_gwen.lua,145,function meta:LoadGWENString( str ),lexical_candidate_not_semantic_analysis,not_ported
garrysmod/lua/derma/derma_gwen.lua,173,function meta:ApplyGWEN( tbl ),lexical_candidate_not_semantic_analysis,not_ported
garrysmod/lua/derma/derma_gwen.lua,208,"function meta:GWEN_SetPosition( tbl ) self:SetPos( tbl.x, tbl.y ) end",lexical_candidate_not_semantic_analysis,not_ported
garrysmod/lua/derma/derma_gwen.lua,209,"function meta:GWEN_SetSize( tbl ) self:SetSize( tbl.w, tbl.h ) end",lexical_candidate_not_semantic_analysis,not_ported
garrysmod/lua/derma/derma_gwen.lua,210,function meta:GWEN_SetText( tbl ) self:SetText( tbl ) end,lexical_candidate_not_semantic_analysis,not_ported
garrysmod/lua/derma/derma_gwen.lua,211,function meta:GWEN_SetControlName( tbl ) self:SetName( tbl ) end,lexical_candidate_not_semantic_analysis,not_ported
garrysmod/lua/derma/derma_gwen.lua,212,"function meta:GWEN_SetMargin( tbl ) self:DockMargin( tbl.left, tbl.top, tbl.right, tbl.bottom ) end",lexical_candidate_not_semantic_analysis,not_ported
garrysmod/lua/derma/derma_gwen.lua,213,function meta:GWEN_SetMin( min ) self:SetMin( tonumber( min ) ) end,lexical_candidate_not_semantic_analysis,not_ported
garrysmod/lua/derma/derma_gwen.lua,214,function meta:GWEN_SetMax( max ) self:SetMax( tonumber( max ) ) end,lexical_candidate_not_semantic_analysis,not_ported
garrysmod/lua/derma/derma_gwen.lua,215,function meta:GWEN_SetHorizontalAlign( txt ),lexical_candidate_not_semantic_analysis,not_ported
garrysmod/lua/derma/derma_gwen.lua,221,function meta:GWEN_SetDock( tbl ),lexical_candidate_not_semantic_analysis,not_ported
garrysmod/lua/derma/derma_gwen.lua,229,function meta:GWEN_SetCheckboxText( tbl ) self:SetText( tbl ) end,lexical_candidate_not_semantic_analysis,not_ported
garrysmod/lua/derma/derma_menus.lua,4,function RegisterDermaMenuForClose( dmenu ),lexical_candidate_not_semantic_analysis,not_ported
garrysmod/lua/derma/derma_menus.lua,10,"function DermaMenu( parentmenu, parent )",lexical_candidate_not_semantic_analysis,not_ported
garrysmod/lua/derma/derma_menus.lua,18,function CloseDermaMenus(),lexical_candidate_not_semantic_analysis,not_ported
garrysmod/lua/derma/derma_menus.lua,42,"local function DermaDetectMenuFocus( panel, mousecode )",lexical_candidate_not_semantic_analysis,not_ported
garrysmod/lua/derma/derma_utils.lua,12,"function Derma_DrawBackgroundBlur( panel, starttime )",lexical_candidate_not_semantic_analysis,not_ported
garrysmod/lua/derma/derma_utils.lua,50,"function Derma_Message( strText, strTitle, strButtonText )",lexical_candidate_not_semantic_analysis,not_ported
garrysmod/lua/derma/derma_utils.lua,77,Button.DoClick = function() Window:Close() end,lexical_candidate_not_semantic_analysis,not_ported
garrysmod/lua/derma/derma_utils.lua,110,"function Derma_Query( strText, strTitle, ... )",lexical_candidate_not_semantic_analysis,not_ported
garrysmod/lua/derma/derma_utils.lua,148,Button.DoClick = function() Window:Close() Func() end,lexical_candidate_not_semantic_analysis,not_ported
garrysmod/lua/derma/derma_utils.lua,200,"function Derma_StringRequest( strTitle, strText, strDefaultText, fnEnter, fnCancel, strButtonText, strButtonCancelText )",lexical_candidate_not_semantic_analysis,not_ported
garrysmod/lua/derma/derma_utils.lua,220,TextEntry.OnEnter = function() Window:Close() fnEnter( TextEntry:GetValue() ) end,lexical_candidate_not_semantic_analysis,not_ported
garrysmod/lua/derma/derma_utils.lua,232,Button.DoClick = function() Window:Close() fnEnter( TextEntry:GetValue() ) end,lexical_candidate_not_semantic_analysis,not_ported
garrysmod/lua/derma/derma_utils.lua,240,ButtonCancel.DoClick = function() Window:Close() if ( fnCancel ) then fnCancel( TextEntry:GetValue() ) end end,lexical_candidate_not_semantic_analysis,not_ported
garrysmod/lua/derma/init.lua,54,"function Derma_Hook( panel, functionname, hookname, typename )",lexical_candidate_not_semantic_analysis,not_ported
garrysmod/lua/derma/init.lua,80,function Derma_Install_Convar_Functions( PANEL ),lexical_candidate_not_semantic_analysis,not_ported
garrysmod/lua/derma/init.lua,82,function PANEL:SetConVar( strConVar ),lexical_candidate_not_semantic_analysis,not_ported
garrysmod/lua/derma/init.lua,86,function PANEL:ConVarChanged( strNewValue ),lexical_candidate_not_semantic_analysis,not_ported
garrysmod/lua/derma/init.lua,94,function PANEL:ConVarStringThink(),lexical_candidate_not_semantic_analysis,not_ported
garrysmod/lua/derma/init.lua,106,function PANEL:ConVarNumberThink(),lexical_candidate_not_semantic_analysis,not_ported
garrysmod/lua/drive/drive_base.lua,10,"Init = function( self, cmd )						end,",lexical_candidate_not_semantic_analysis,not_ported
garrysmod/lua/drive/drive_base.lua,11,"SetupControls = function( self, cmd )				end,",lexical_candidate_not_semantic_analysis,not_ported
garrysmod/lua/drive/drive_base.lua,12,"StartMove = function( self, mv, cmd )				end,",lexical_candidate_not_semantic_analysis,not_ported
garrysmod/lua/drive/drive_base.lua,13,"Move = function( self, mv )							end,",lexical_candidate_not_semantic_analysis,not_ported
garrysmod/lua/drive/drive_base.lua,14,"FinishMove = function( self, mv )					end,",lexical_candidate_not_semantic_analysis,not_ported
garrysmod/lua/drive/drive_base.lua,15,"CalcView = function( self, view )					end,",lexical_candidate_not_semantic_analysis,not_ported
garrysmod/lua/drive/drive_base.lua,27,Stop = function( self ),lexical_candidate_not_semantic_analysis,not_ported
garrysmod/lua/drive/drive_base.lua,39,"CalcView_ThirdPerson = function( self, view, dist, hullsize, entityfilter )",lexical_candidate_not_semantic_analysis,not_ported
garrysmod/lua/drive/drive_noclip.lua,17,"StartMove = function( self, mv, cmd )",lexical_candidate_not_semantic_analysis,not_ported
garrysmod/lua/drive/drive_noclip.lua,39,"Move = function( self, mv )",lexical_candidate_not_semantic_analysis,not_ported
garrysmod/lua/drive/drive_noclip.lua,103,"FinishMove = function( self, mv )",lexical_candidate_not_semantic_analysis,not_ported
garrysmod/lua/drive/drive_sandbox.lua,18,Init = function( self ),lexical_candidate_not_semantic_analysis,not_ported
garrysmod/lua/drive/drive_sandbox.lua,28,"CalcView = function( self, view )",lexical_candidate_not_semantic_analysis,not_ported
garrysmod/lua/drive/drive_sandbox.lua,41,"SetupControls = function( self, cmd )",lexical_candidate_not_semantic_analysis,not_ported
garrysmod/lua/drive/drive_sandbox.lua,72,"StartMove = function( self, mv, cmd )",lexical_candidate_not_semantic_analysis,not_ported
garrysmod/lua/drive/drive_sandbox.lua,128,"Move = function( self, mv )",lexical_candidate_not_semantic_analysis,not_ported
garrysmod/lua/drive/drive_sandbox.lua,190,"FinishMove = function( self, mv )",lexical_candidate_not_semantic_analysis,not_ported
garrysmod/lua/entities/sent_ball.lua,19,function ENT:SetupDataTables(),lexical_candidate_not_semantic_analysis,not_ported
garrysmod/lua/entities/sent_ball.lua,36,"function ENT:SpawnFunction( ply, tr, ClassName )",lexical_candidate_not_semantic_analysis,not_ported
garrysmod/lua/entities/sent_ball.lua,64,function ENT:Initialize(),lexical_candidate_not_semantic_analysis,not_ported
garrysmod/lua/entities/sent_ball.lua,90,function ENT:RebuildPhysics( value ),lexical_candidate_not_semantic_analysis,not_ported
garrysmod/lua/entities/sent_ball.lua,106,"function ENT:OnBallSizeChanged( varname, oldvalue, newvalue )",lexical_candidate_not_semantic_analysis,not_ported
garrysmod/lua/entities/sent_ball.lua,115,"function ENT:KeyValue( key, val )",lexical_candidate_not_semantic_analysis,not_ported
garrysmod/lua/entities/sent_ball.lua,124,"function ENT:PhysicsCollide( data, physobj )",lexical_candidate_not_semantic_analysis,not_ported
garrysmod/lua/entities/sent_ball.lua,147,function ENT:OnTakeDamage( dmginfo ),lexical_candidate_not_semantic_analysis,not_ported
garrysmod/lua/entities/sent_ball.lua,154,"function ENT:Use( activator, caller )",lexical_candidate_not_semantic_analysis,not_ported
garrysmod/lua/entities/sent_ball.lua,173,function ENT:Draw(),lexical_candidate_not_semantic_analysis,not_ported
garrysmod/lua/entities/widget_arrow.lua,9,function ENT:SetupDataTables(),lexical_candidate_not_semantic_analysis,not_ported
garrysmod/lua/entities/widget_arrow.lua,23,function ENT:Initialize(),lexical_candidate_not_semantic_analysis,not_ported
garrysmod/lua/entities/widget_arrow.lua,33,function ENT:PressedShouldDraw( widget ) return widget == self end,lexical_candidate_not_semantic_analysis,not_ported
garrysmod/lua/entities/widget_arrow.lua,35,function ENT:OverlayRender(),lexical_candidate_not_semantic_analysis,not_ported
garrysmod/lua/entities/widget_arrow.lua,64,"function ENT:TestCollision( startpos, delta, isbox, extents )",lexical_candidate_not_semantic_analysis,not_ported
garrysmod/lua/entities/widget_arrow.lua,86,"function ENT:DragThink( pl, mv, dist )",lexical_candidate_not_semantic_analysis,not_ported
garrysmod/lua/entities/widget_arrow.lua,94,"function ENT:ArrowDragged( pl, mv, dist )",lexical_candidate_not_semantic_analysis,not_ported
garrysmod/lua/entities/widget_arrow.lua,97,"function ENT:GetGrabPos( Pos, Forward )",lexical_candidate_not_semantic_analysis,not_ported
garrysmod/lua/entities/widget_axis.lua,12,function widget_axis_arrow:SetupDataTables(),lexical_candidate_not_semantic_analysis,not_ported
garrysmod/lua/entities/widget_axis.lua,19,"function widget_axis_arrow:ArrowDragged( pl, mv, dist )",lexical_candidate_not_semantic_analysis,not_ported
garrysmod/lua/entities/widget_axis.lua,35,function widget_axis_disc:SetupDataTables(),lexical_candidate_not_semantic_analysis,not_ported
garrysmod/lua/entities/widget_axis.lua,43,"function widget_axis_disc:ArrowDragged( pl, mv, dist )",lexical_candidate_not_semantic_analysis,not_ported
garrysmod/lua/entities/widget_axis.lua,56,function ENT:Initialize(),lexical_candidate_not_semantic_analysis,not_ported
garrysmod/lua/entities/widget_axis.lua,65,"function ENT:Setup( ent, boneid, rotate )",lexical_candidate_not_semantic_analysis,not_ported
garrysmod/lua/entities/widget_axis.lua,123,function ENT:SetPriority( x ),lexical_candidate_not_semantic_analysis,not_ported
garrysmod/lua/entities/widget_axis.lua,131,function ENT:Draw(),lexical_candidate_not_semantic_analysis,not_ported
garrysmod/lua/entities/widget_axis.lua,134,function ENT:OverlayRender(),lexical_candidate_not_semantic_analysis,not_ported
garrysmod/lua/entities/widget_axis.lua,137,"function ENT:OnArrowDragged( num, dist, pl, mv )",lexical_candidate_not_semantic_analysis,not_ported
garrysmod/lua/entities/widget_base.lua,14,function ENT:SetupDataTables(),lexical_candidate_not_semantic_analysis,not_ported
garrysmod/lua/entities/widget_base.lua,26,function ENT:OnClick( ply ) end,lexical_candidate_not_semantic_analysis,not_ported
garrysmod/lua/entities/widget_base.lua,27,function ENT:OnRightClick( ply ) end,lexical_candidate_not_semantic_analysis,not_ported
garrysmod/lua/entities/widget_base.lua,28,"function ENT:PressedThink( pl, mv ) end",lexical_candidate_not_semantic_analysis,not_ported
garrysmod/lua/entities/widget_base.lua,29,function ENT:PressedShouldDraw( widget ) return true end,lexical_candidate_not_semantic_analysis,not_ported
garrysmod/lua/entities/widget_base.lua,30,"function ENT:PressStart( pl, mv ) end",lexical_candidate_not_semantic_analysis,not_ported
garrysmod/lua/entities/widget_base.lua,31,"function ENT:PressEnd( pl, mv ) end",lexical_candidate_not_semantic_analysis,not_ported
garrysmod/lua/entities/widget_base.lua,32,"function ENT:DragThink( pl, mv, dist ) end",lexical_candidate_not_semantic_analysis,not_ported
garrysmod/lua/entities/widget_base.lua,37,function ENT:Initialize(),lexical_candidate_not_semantic_analysis,not_ported
garrysmod/lua/entities/widget_base.lua,52,function ENT:GetSize(),lexical_candidate_not_semantic_analysis,not_ported
garrysmod/lua/entities/widget_base.lua,56,function ENT:SetSize( size ),lexical_candidate_not_semantic_analysis,not_ported
garrysmod/lua/entities/widget_base.lua,68,"function ENT:GetGrabPos( Pos, Forward )",lexical_candidate_not_semantic_analysis,not_ported
garrysmod/lua/entities/widget_base.lua,80,"function ENT:PressedThinkInternal( ply, mv )",lexical_candidate_not_semantic_analysis,not_ported
garrysmod/lua/entities/widget_base.lua,123,"function ENT:OnPress( ply, iButton, mv )",lexical_candidate_not_semantic_analysis,not_ported
garrysmod/lua/entities/widget_base.lua,141,"function ENT:OnRelease( ply, iButton, mv )",lexical_candidate_not_semantic_analysis,not_ported
garrysmod/lua/entities/widget_base.lua,170,function ENT:IsHovered(),lexical_candidate_not_semantic_analysis,not_ported
garrysmod/lua/entities/widget_base.lua,174,function ENT:SomethingHovered(),lexical_candidate_not_semantic_analysis,not_ported
garrysmod/lua/entities/widget_base.lua,178,function ENT:IsPressed(),lexical_candidate_not_semantic_analysis,not_ported
garrysmod/lua/entities/widget_base.lua,182,function ENT:Draw(),lexical_candidate_not_semantic_analysis,not_ported
garrysmod/lua/entities/widget_base.lua,193,function ENT:OverlayRender(),lexical_candidate_not_semantic_analysis,not_ported
garrysmod/lua/entities/widget_base.lua,226,"function ENT:TestCollision( startpos, delta, isbox, extents )",lexical_candidate_not_semantic_analysis,not_ported
garrysmod/lua/entities/widget_bones.lua,12,GetParentPos = function( self ),lexical_candidate_not_semantic_analysis,not_ported
garrysmod/lua/entities/widget_bones.lua,24,OverlayRender = function( self ),lexical_candidate_not_semantic_analysis,not_ported
garrysmod/lua/entities/widget_bones.lua,58,"TestCollision = function( self, startpos, delta, isbox, extents )",lexical_candidate_not_semantic_analysis,not_ported
garrysmod/lua/entities/widget_bones.lua,87,Think = function( self ),lexical_candidate_not_semantic_analysis,not_ported
garrysmod/lua/entities/widget_bones.lua,107,"CalcAbsolutePosition = function( self, v, a )",lexical_candidate_not_semantic_analysis,not_ported
garrysmod/lua/entities/widget_bones.lua,124,function ENT:SetupDataTables(),lexical_candidate_not_semantic_analysis,not_ported
garrysmod/lua/entities/widget_bones.lua,135,function ENT:Initialize(),lexical_candidate_not_semantic_analysis,not_ported
garrysmod/lua/entities/widget_bones.lua,144,function ENT:Setup( ent ),lexical_candidate_not_semantic_analysis,not_ported
garrysmod/lua/entities/widget_bones.lua,168,"btn.OnClick = function( x, ply )",lexical_candidate_not_semantic_analysis,not_ported
garrysmod/lua/entities/widget_bones.lua,183,"function ENT:OnBoneClick( boneid, ply )",lexical_candidate_not_semantic_analysis,not_ported
garrysmod/lua/entities/widget_bones.lua,186,function ENT:OverlayRender(),lexical_candidate_not_semantic_analysis,not_ported
garrysmod/lua/entities/widget_disc.lua,12,function ENT:Initialize(),lexical_candidate_not_semantic_analysis,not_ported
garrysmod/lua/entities/widget_disc.lua,22,function ENT:PressedShouldDraw( widget ) return widget == self end,lexical_candidate_not_semantic_analysis,not_ported
garrysmod/lua/entities/widget_disc.lua,24,function ENT:OverlayRender(),lexical_candidate_not_semantic_analysis,not_ported
garrysmod/lua/entities/widget_disc.lua,51,"function ENT:TestCollision( startpos, delta, isbox, extents )",lexical_candidate_not_semantic_analysis,not_ported
garrysmod/lua/entities/widget_disc.lua,79,"function ENT:DragThink( pl, mv, dist )",lexical_candidate_not_semantic_analysis,not_ported
garrysmod/lua/entities/widget_disc.lua,87,"function ENT:ArrowDragged( pl, mv, dist )",lexical_candidate_not_semantic_analysis,not_ported
garrysmod/lua/entities/widget_disc.lua,90,"function ENT:GetGrabPos( Pos, Forward )",lexical_candidate_not_semantic_analysis,not_ported
garrysmod/lua/includes/extensions/angle.lua,9,"function meta:SnapTo( component, degrees )",lexical_candidate_not_semantic_analysis,not_ported
garrysmod/lua/includes/extensions/client/globals.lua,6,function ScreenScale( width ),lexical_candidate_not_semantic_analysis,not_ported
garrysmod/lua/includes/extensions/client/globals.lua,10,function ScreenScaleH( height ),lexical_candidate_not_semantic_analysis,not_ported
garrysmod/lua/includes/extensions/client/panel/animation.lua,10,function meta:SetTerm( term ),lexical_candidate_not_semantic_analysis,not_ported
garrysmod/lua/includes/extensions/client/panel/animation.lua,20,function meta:AnimationThinkInternal(),lexical_candidate_not_semantic_analysis,not_ported
garrysmod/lua/includes/extensions/client/panel/animation.lua,65,function meta:SetAnimationEnabled( b ),lexical_candidate_not_semantic_analysis,not_ported
garrysmod/lua/includes/extensions/client/panel/animation.lua,78,function meta:Stop(),lexical_candidate_not_semantic_analysis,not_ported
garrysmod/lua/includes/extensions/client/panel/animation.lua,84,function meta:Queue(),lexical_candidate_not_semantic_analysis,not_ported
garrysmod/lua/includes/extensions/client/panel/animation.lua,90,function meta:AnimTail(),lexical_candidate_not_semantic_analysis,not_ported
garrysmod/lua/includes/extensions/client/panel/animation.lua,106,"function meta:NewAnimation( length, delay, ease, callback )",lexical_candidate_not_semantic_analysis,not_ported
garrysmod/lua/includes/extensions/client/panel/animation.lua,138,"local function MoveThink( anim, panel, fraction )",lexical_candidate_not_semantic_analysis,not_ported
garrysmod/lua/includes/extensions/client/panel/animation.lua,149,"function meta:MoveTo( x, y, length, delay, ease, callback )",lexical_candidate_not_semantic_analysis,not_ported
garrysmod/lua/includes/extensions/client/panel/animation.lua,159,"local function SizeThink( anim, panel, fraction )",lexical_candidate_not_semantic_analysis,not_ported
garrysmod/lua/includes/extensions/client/panel/animation.lua,182,"function meta:SizeTo( w, h, length, delay, ease, callback )",lexical_candidate_not_semantic_analysis,not_ported
garrysmod/lua/includes/extensions/client/panel/animation.lua,202,function meta:SlideUp( length ),lexical_candidate_not_semantic_analysis,not_ported
garrysmod/lua/includes/extensions/client/panel/animation.lua,206,anim.OnEnd = function(),lexical_candidate_not_semantic_analysis,not_ported
garrysmod/lua/includes/extensions/client/panel/animation.lua,216,function meta:SlideDown( length ),lexical_candidate_not_semantic_analysis,not_ported
garrysmod/lua/includes/extensions/client/panel/animation.lua,226,"local function ColorThink( anim, panel, fraction )",lexical_candidate_not_semantic_analysis,not_ported
garrysmod/lua/includes/extensions/client/panel/animation.lua,240,"function meta:ColorTo( col, length, delay, callback )",lexical_candidate_not_semantic_analysis,not_ported
garrysmod/lua/includes/extensions/client/panel/animation.lua,252,"local function AlphaThink( anim, panel, fraction )",lexical_candidate_not_semantic_analysis,not_ported
garrysmod/lua/includes/extensions/client/panel/animation.lua,263,"function meta:AlphaTo( alpha, length, delay, callback )",lexical_candidate_not_semantic_analysis,not_ported
garrysmod/lua/includes/extensions/client/panel/animation.lua,271,"local function MoveByThink( anim, panel, fraction )",lexical_candidate_not_semantic_analysis,not_ported
garrysmod/lua/includes/extensions/client/panel/animation.lua,286,"function meta:MoveBy( x, y, length, delay, ease, callback )",lexical_candidate_not_semantic_analysis,not_ported
garrysmod/lua/includes/extensions/client/panel/animation.lua,295,"local function LerpPositions( anim, panel )",lexical_candidate_not_semantic_analysis,not_ported
garrysmod/lua/includes/extensions/client/panel/animation.lua,323,"local function NewSetPos( self, x, y )",lexical_candidate_not_semantic_analysis,not_ported
garrysmod/lua/includes/extensions/client/panel/animation.lua,329,local function NewGetPos( self ),lexical_candidate_not_semantic_analysis,not_ported
garrysmod/lua/includes/extensions/client/panel/animation.lua,338,"function meta:LerpPositions( speed, usegravity )",lexical_candidate_not_semantic_analysis,not_ported
garrysmod/lua/includes/extensions/client/panel/animation.lua,359,function meta:DisableLerp(),lexical_candidate_not_semantic_analysis,not_ported
garrysmod/lua/includes/extensions/client/panel/dragdrop.lua,6,function dragndrop.Clear(),lexical_candidate_not_semantic_analysis,not_ported
garrysmod/lua/includes/extensions/client/panel/dragdrop.lua,21,function dragndrop.IsDragging(),lexical_candidate_not_semantic_analysis,not_ported
garrysmod/lua/includes/extensions/client/panel/dragdrop.lua,29,function dragndrop.HandleDroppedInGame(),lexical_candidate_not_semantic_analysis,not_ported
garrysmod/lua/includes/extensions/client/panel/dragdrop.lua,37,function dragndrop.Drop(),lexical_candidate_not_semantic_analysis,not_ported
garrysmod/lua/includes/extensions/client/panel/dragdrop.lua,50,menu.OnRemove = function( m ) -- If user clicks outside of the menu - drop the dragging,lexical_candidate_not_semantic_analysis,not_ported
garrysmod/lua/includes/extensions/client/panel/dragdrop.lua,82,function dragndrop.StartDragging(),lexical_candidate_not_semantic_analysis,not_ported
garrysmod/lua/includes/extensions/client/panel/dragdrop.lua,117,function dragndrop.StopDragging(),lexical_candidate_not_semantic_analysis,not_ported
garrysmod/lua/includes/extensions/client/panel/dragdrop.lua,135,function dragndrop.UpdateReceiver(),lexical_candidate_not_semantic_analysis,not_ported
garrysmod/lua/includes/extensions/client/panel/dragdrop.lua,166,function dragndrop.GetDroppable( name ),lexical_candidate_not_semantic_analysis,not_ported
garrysmod/lua/includes/extensions/client/panel/dragdrop.lua,179,"function dragndrop.CallReceiverFunction( bDoDrop, command, mx, my )",lexical_candidate_not_semantic_analysis,not_ported
garrysmod/lua/includes/extensions/client/panel/dragdrop.lua,198,function dragndrop.Think(),lexical_candidate_not_semantic_analysis,not_ported
garrysmod/lua/includes/extensions/client/panel/dragdrop.lua,306,function meta:Droppable( name ),lexical_candidate_not_semantic_analysis,not_ported
garrysmod/lua/includes/extensions/client/panel/dragdrop.lua,319,"function meta:Receiver( name, func, menu )",lexical_candidate_not_semantic_analysis,not_ported
garrysmod/lua/includes/extensions/client/panel/dragdrop.lua,335,function meta:SetDragParent( parent ),lexical_candidate_not_semantic_analysis,not_ported
garrysmod/lua/includes/extensions/client/panel/dragdrop.lua,339,function meta:GetValidReceiverSlot(),lexical_candidate_not_semantic_analysis,not_ported
garrysmod/lua/includes/extensions/client/panel/dragdrop.lua,365,function meta:IsDraggable(),lexical_candidate_not_semantic_analysis,not_ported
garrysmod/lua/includes/extensions/client/panel/dragdrop.lua,371,function meta:IsDragging(),lexical_candidate_not_semantic_analysis,not_ported
garrysmod/lua/includes/extensions/client/panel/dragdrop.lua,379,function meta:DroppedOn( pnl ),lexical_candidate_not_semantic_analysis,not_ported
garrysmod/lua/includes/extensions/client/panel/dragdrop.lua,383,function meta:OnDrop(),lexical_candidate_not_semantic_analysis,not_ported
garrysmod/lua/includes/extensions/client/panel/dragdrop.lua,395,function meta:OnStartDragging(),lexical_candidate_not_semantic_analysis,not_ported
garrysmod/lua/includes/extensions/client/panel/dragdrop.lua,412,function meta:OnStopDragging(),lexical_candidate_not_semantic_analysis,not_ported
garrysmod/lua/includes/extensions/client/panel/dragdrop.lua,416,function meta:DragMousePress( mcode ),lexical_candidate_not_semantic_analysis,not_ported
garrysmod/lua/includes/extensions/client/panel/dragdrop.lua,435,function meta:DragClick( mcode ),lexical_candidate_not_semantic_analysis,not_ported
garrysmod/lua/includes/extensions/client/panel/dragdrop.lua,444,function meta:DragMouseRelease( mcode ),lexical_candidate_not_semantic_analysis,not_ported
garrysmod/lua/includes/extensions/client/panel/dragdrop.lua,472,"function meta:SetDropTarget( x, y, w, h )",lexical_candidate_not_semantic_analysis,not_ported
garrysmod/lua/includes/extensions/client/panel/dragdrop.lua,479,self.PaintOver = function(),lexical_candidate_not_semantic_analysis,not_ported
garrysmod/lua/includes/extensions/client/panel/dragdrop.lua,503,function meta:DragHover( HoverTime ),lexical_candidate_not_semantic_analysis,not_ported
garrysmod/lua/includes/extensions/client/panel/dragdrop.lua,518,"function meta:DrawDragHover( x, y, w, h )",lexical_candidate_not_semantic_analysis,not_ported
garrysmod/lua/includes/extensions/client/panel/dragdrop.lua,535,function meta:DragHoverEnd(),lexical_candidate_not_semantic_analysis,not_ported
garrysmod/lua/includes/extensions/client/panel/dragdrop.lua,544,function meta:DragHoverClick( HoverTime ),lexical_candidate_not_semantic_analysis,not_ported
garrysmod/lua/includes/extensions/client/panel/dragdrop.lua,561,function dragndrop.HoverThink(),lexical_candidate_not_semantic_analysis,not_ported
garrysmod/lua/includes/extensions/client/panel/scriptedpanels.lua,15,function vgui.GetControlTable( classname ),lexical_candidate_not_semantic_analysis,not_ported
garrysmod/lua/includes/extensions/client/panel/scriptedpanels.lua,19,function vgui.Exists( classname ),lexical_candidate_not_semantic_analysis,not_ported
garrysmod/lua/includes/extensions/client/panel/scriptedpanels.lua,23,"function vgui.Create( classname, parent, name )",lexical_candidate_not_semantic_analysis,not_ported
garrysmod/lua/includes/extensions/client/panel/scriptedpanels.lua,54,"function vgui.CreateFromTable( metatable, parent, name )",lexical_candidate_not_semantic_analysis,not_ported
garrysmod/lua/includes/extensions/client/panel/scriptedpanels.lua,74,"function vgui.Register( classname, mtable, base )",lexical_candidate_not_semantic_analysis,not_ported
garrysmod/lua/includes/extensions/client/panel/scriptedpanels.lua,87,"mt.__index = function( t, k )",lexical_candidate_not_semantic_analysis,not_ported
garrysmod/lua/includes/extensions/client/panel/scriptedpanels.lua,100,"function vgui.RegisterTable( mtable, base )",lexical_candidate_not_semantic_analysis,not_ported
garrysmod/lua/includes/extensions/client/panel/scriptedpanels.lua,112,function vgui.RegisterFile( filename ),lexical_candidate_not_semantic_analysis,not_ported
garrysmod/lua/includes/extensions/client/panel/selections.lua,10,function meta:SetSelectionCanvas( bSet ),lexical_candidate_not_semantic_analysis,not_ported
garrysmod/lua/includes/extensions/client/panel/selections.lua,17,function meta:IsSelectionCanvas(),lexical_candidate_not_semantic_analysis,not_ported
garrysmod/lua/includes/extensions/client/panel/selections.lua,23,function meta:SetSelectable( bSet ),lexical_candidate_not_semantic_analysis,not_ported
garrysmod/lua/includes/extensions/client/panel/selections.lua,29,function meta:ToggleSelection(),lexical_candidate_not_semantic_analysis,not_ported
garrysmod/lua/includes/extensions/client/panel/selections.lua,35,function meta:UnselectAll(),lexical_candidate_not_semantic_analysis,not_ported
garrysmod/lua/includes/extensions/client/panel/selections.lua,47,function meta:SetSelected( bSet ),lexical_candidate_not_semantic_analysis,not_ported
garrysmod/lua/includes/extensions/client/panel/selections.lua,59,function meta:IsSelected( bSet ),lexical_candidate_not_semantic_analysis,not_ported
garrysmod/lua/includes/extensions/client/panel/selections.lua,66,function meta:IsSelectable(),lexical_candidate_not_semantic_analysis,not_ported
garrysmod/lua/includes/extensions/client/panel/selections.lua,72,local function GetSelectionRect(),lexical_candidate_not_semantic_analysis,not_ported
garrysmod/lua/includes/extensions/client/panel/selections.lua,91,function meta:DrawSelections(),lexical_candidate_not_semantic_analysis,not_ported
garrysmod/lua/includes/extensions/client/panel/selections.lua,103,local function PaintSelectionBox( self ),lexical_candidate_not_semantic_analysis,not_ported
garrysmod/lua/includes/extensions/client/panel/selections.lua,116,function meta:GetSelectionCanvas(),lexical_candidate_not_semantic_analysis,not_ported
garrysmod/lua/includes/extensions/client/panel/selections.lua,134,function meta:StartBoxSelection(),lexical_candidate_not_semantic_analysis,not_ported
garrysmod/lua/includes/extensions/client/panel/selections.lua,162,"function meta:GetChildrenInRect( x, y, w, h )",lexical_candidate_not_semantic_analysis,not_ported
garrysmod/lua/includes/extensions/client/panel/selections.lua,189,function meta:GetSelectedChildren(),lexical_candidate_not_semantic_analysis,not_ported
garrysmod/lua/includes/extensions/client/panel/selections.lua,207,function meta:NumSelectedChildren(),lexical_candidate_not_semantic_analysis,not_ported
garrysmod/lua/includes/extensions/client/panel/selections.lua,223,function meta:EndBoxSelection(),lexical_candidate_not_semantic_analysis,not_ported
garrysmod/lua/includes/extensions/client/panel.lua,18,"function meta:SetFGColor( r, g, b, a )",lexical_candidate_not_semantic_analysis,not_ported
garrysmod/lua/includes/extensions/client/panel.lua,32,"function meta:SetBGColor( r, g, b, a )",lexical_candidate_not_semantic_analysis,not_ported
garrysmod/lua/includes/extensions/client/panel.lua,45,function meta:SetHeight( h ),lexical_candidate_not_semantic_analysis,not_ported
garrysmod/lua/includes/extensions/client/panel.lua,53,function meta:SetWidth( w ),lexical_candidate_not_semantic_analysis,not_ported
garrysmod/lua/includes/extensions/client/panel.lua,62,function meta:GetX(),lexical_candidate_not_semantic_analysis,not_ported
garrysmod/lua/includes/extensions/client/panel.lua,66,function meta:GetY(),lexical_candidate_not_semantic_analysis,not_ported
garrysmod/lua/includes/extensions/client/panel.lua,70,function meta:SetX( x ),lexical_candidate_not_semantic_analysis,not_ported
garrysmod/lua/includes/extensions/client/panel.lua,73,function meta:SetY( y ),lexical_candidate_not_semantic_analysis,not_ported
garrysmod/lua/includes/extensions/client/panel.lua,80,"function meta:StretchToParent( l, u, r, d )",lexical_candidate_not_semantic_analysis,not_ported
garrysmod/lua/includes/extensions/client/panel.lua,108,function meta:CopyHeight( pnl ),lexical_candidate_not_semantic_analysis,not_ported
garrysmod/lua/includes/extensions/client/panel.lua,115,function meta:CopyWidth( pnl ),lexical_candidate_not_semantic_analysis,not_ported
garrysmod/lua/includes/extensions/client/panel.lua,122,function meta:CopyPos( pnl ),lexical_candidate_not_semantic_analysis,not_ported
garrysmod/lua/includes/extensions/client/panel.lua,129,"function meta:AlignBottom( m ) self:SetPos( self.x, self:GetParent():GetTall() - self:GetTall() - ( m or 0 ) ) end",lexical_candidate_not_semantic_analysis,not_ported
garrysmod/lua/includes/extensions/client/panel.lua,130,"function meta:AlignRight( m ) self:SetPos( self:GetParent():GetWide() - self:GetWide() - ( m or 0 ), self.y ) end",lexical_candidate_not_semantic_analysis,not_ported
garrysmod/lua/includes/extensions/client/panel.lua,131,"function meta:AlignTop( m ) self:SetPos( self.x, m or 0 ) end",lexical_candidate_not_semantic_analysis,not_ported
garrysmod/lua/includes/extensions/client/panel.lua,132,"function meta:AlignLeft( m ) self:SetPos( m or 0, self.y ) end",lexical_candidate_not_semantic_analysis,not_ported
garrysmod/lua/includes/extensions/client/panel.lua,137,"function meta:MoveAbove( pnl, m ) self:SetPos( self.x, pnl.y - self:GetTall() - ( m or 0 ) ) end",lexical_candidate_not_semantic_analysis,not_ported
garrysmod/lua/includes/extensions/client/panel.lua,138,"function meta:MoveBelow( pnl, m ) self:SetPos( self.x, pnl.y + pnl:GetTall() + ( m or 0 ) ) end",lexical_candidate_not_semantic_analysis,not_ported
garrysmod/lua/includes/extensions/client/panel.lua,139,"function meta:MoveRightOf( pnl, m ) self:SetPos( pnl.x + pnl:GetWide() + ( m or 0 ), self.y ) end",lexical_candidate_not_semantic_analysis,not_ported
garrysmod/lua/includes/extensions/client/panel.lua,140,"function meta:MoveLeftOf( pnl, m ) self:SetPos( pnl.x - self:GetWide() - ( m or 0 ), self.y ) end",lexical_candidate_not_semantic_analysis,not_ported
garrysmod/lua/includes/extensions/client/panel.lua,145,"function meta:StretchRightTo( pnl, m ) self:SetWide( pnl.x - self.x - ( m or 0 ) ) end",lexical_candidate_not_semantic_analysis,not_ported
garrysmod/lua/includes/extensions/client/panel.lua,146,"function meta:StretchBottomTo( pnl, m ) self:SetTall( pnl.y - self.y - ( m or 0 ) ) end",lexical_candidate_not_semantic_analysis,not_ported
garrysmod/lua/includes/extensions/client/panel.lua,151,function meta:CenterVertical( fraction ),lexical_candidate_not_semantic_analysis,not_ported
garrysmod/lua/includes/extensions/client/panel.lua,158,function meta:CenterHorizontal( fraction ),lexical_candidate_not_semantic_analysis,not_ported
garrysmod/lua/includes/extensions/client/panel.lua,165,function meta:Center(),lexical_candidate_not_semantic_analysis,not_ported
garrysmod/lua/includes/extensions/client/panel.lua,175,function meta:CopyBounds( pnl ),lexical_candidate_not_semantic_analysis,not_ported
garrysmod/lua/includes/extensions/client/panel.lua,187,function meta:SetCookieName( cookiename ),lexical_candidate_not_semantic_analysis,not_ported
garrysmod/lua/includes/extensions/client/panel.lua,202,"function meta:GetCookieNumber( cookiename, default )",lexical_candidate_not_semantic_analysis,not_ported
garrysmod/lua/includes/extensions/client/panel.lua,214,"function meta:GetCookie( cookiename, default )",lexical_candidate_not_semantic_analysis,not_ported
garrysmod/lua/includes/extensions/client/panel.lua,226,"function meta:SetCookie( cookiename, value )",lexical_candidate_not_semantic_analysis,not_ported
garrysmod/lua/includes/extensions/client/panel.lua,238,function meta:DeleteCookie( cookiename ),lexical_candidate_not_semantic_analysis,not_ported
garrysmod/lua/includes/extensions/client/panel.lua,250,function meta:InvalidateParent( layoutnow ),lexical_candidate_not_semantic_analysis,not_ported
garrysmod/lua/includes/extensions/client/panel.lua,265,"function meta:PositionLabel( labelWidth, x, y, lbl, ctrl )",lexical_candidate_not_semantic_analysis,not_ported
garrysmod/lua/includes/extensions/client/panel.lua,280,function meta:GetTooltip(),lexical_candidate_not_semantic_analysis,not_ported
garrysmod/lua/includes/extensions/client/panel.lua,287,function meta:GetTooltipPanel(),lexical_candidate_not_semantic_analysis,not_ported
garrysmod/lua/includes/extensions/client/panel.lua,294,function meta:GetTooltipDelay(),lexical_candidate_not_semantic_analysis,not_ported
garrysmod/lua/includes/extensions/client/panel.lua,301,function meta:SetTooltip( tooltip ),lexical_candidate_not_semantic_analysis,not_ported
garrysmod/lua/includes/extensions/client/panel.lua,309,function meta:SetTooltipPanel( panel ),lexical_candidate_not_semantic_analysis,not_ported
garrysmod/lua/includes/extensions/client/panel.lua,316,function meta:SetTooltipPanelOverride( panel ),lexical_candidate_not_semantic_analysis,not_ported
garrysmod/lua/includes/extensions/client/panel.lua,323,function meta:SetTooltipDelay( delay ),lexical_candidate_not_semantic_analysis,not_ported
garrysmod/lua/includes/extensions/client/panel.lua,330,function meta:SizeToContentsY( addval ),lexical_candidate_not_semantic_analysis,not_ported
garrysmod/lua/includes/extensions/client/panel.lua,342,function meta:SizeToContentsX( addval ),lexical_candidate_not_semantic_analysis,not_ported
garrysmod/lua/includes/extensions/client/panel.lua,352,local function InvalidateSkinRecurse( self ),lexical_candidate_not_semantic_analysis,not_ported
garrysmod/lua/includes/extensions/client/panel.lua,364,function meta:SetSkin( strSkin ),lexical_candidate_not_semantic_analysis,not_ported
garrysmod/lua/includes/extensions/client/panel.lua,378,function meta:GetSkin(),lexical_candidate_not_semantic_analysis,not_ported
garrysmod/lua/includes/extensions/client/panel.lua,418,function meta:ToggleVisible(),lexical_candidate_not_semantic_analysis,not_ported
garrysmod/lua/includes/extensions/client/panel.lua,422,function meta:Distance( pnl ),lexical_candidate_not_semantic_analysis,not_ported
garrysmod/lua/includes/extensions/client/panel.lua,430,"function meta:DistanceFrom( x, y )",lexical_candidate_not_semantic_analysis,not_ported
garrysmod/lua/includes/extensions/client/panel.lua,442,function meta:GetChildPosition( pnl ),lexical_candidate_not_semantic_analysis,not_ported
garrysmod/lua/includes/extensions/client/panel.lua,465,function ValidPanel( pnl ),lexical_candidate_not_semantic_analysis,not_ported
garrysmod/lua/includes/extensions/client/panel.lua,473,function meta:InvalidateChildren( bRecurse ),lexical_candidate_not_semantic_analysis,not_ported
garrysmod/lua/includes/extensions/client/panel.lua,489,function meta:IsOurChild( child ),lexical_candidate_not_semantic_analysis,not_ported
garrysmod/lua/includes/extensions/client/panel.lua,497,function meta:CopyBase( pnl ),lexical_candidate_not_semantic_analysis,not_ported
garrysmod/lua/includes/extensions/client/panel.lua,506,function meta:Add( pnl ),lexical_candidate_not_semantic_analysis,not_ported
garrysmod/lua/includes/extensions/client/panel.lua,523,"function meta:GetClosestChild( x, y )",lexical_candidate_not_semantic_analysis,not_ported
garrysmod/lua/includes/extensions/client/panel.lua,540,function meta:LocalCursorPos(),lexical_candidate_not_semantic_analysis,not_ported
garrysmod/lua/includes/extensions/client/panel.lua,544,function meta:MoveToAfter( pnl ),lexical_candidate_not_semantic_analysis,not_ported
garrysmod/lua/includes/extensions/client/panel.lua,567,function meta:MoveToBefore( pnl ),lexical_candidate_not_semantic_analysis,not_ported
garrysmod/lua/includes/extensions/client/panel.lua,590,function meta:Clear(),lexical_candidate_not_semantic_analysis,not_ported
garrysmod/lua/includes/extensions/client/panel.lua,598,function meta:IsHovered(),lexical_candidate_not_semantic_analysis,not_ported
garrysmod/lua/includes/extensions/client/panel.lua,602,function meta:Show(),lexical_candidate_not_semantic_analysis,not_ported
garrysmod/lua/includes/extensions/client/panel.lua,606,function meta:Hide(),lexical_candidate_not_semantic_analysis,not_ported
garrysmod/lua/includes/extensions/client/panel.lua,610,function meta:IsChildHovered( bImmediate ),lexical_candidate_not_semantic_analysis,not_ported
garrysmod/lua/includes/extensions/client/player.lua,26,"function meta:AddPlayerOption( name, timeout, in_func, draw_func )",lexical_candidate_not_semantic_analysis,not_ported
garrysmod/lua/includes/extensions/client/player.lua,42,"local function hook_PlayerOptionInput( pl, bind, down )",lexical_candidate_not_semantic_analysis,not_ported
garrysmod/lua/includes/extensions/client/player.lua,65,local function hook_PlayerOptionDraw(),lexical_candidate_not_semantic_analysis,not_ported
garrysmod/lua/includes/extensions/client/render.lua,32,"function render.ClearRenderTarget( rt, color )",lexical_candidate_not_semantic_analysis,not_ported
garrysmod/lua/includes/extensions/client/render.lua,46,function render.SupportsHDR( ),lexical_candidate_not_semantic_analysis,not_ported
garrysmod/lua/includes/extensions/client/render.lua,60,"function render.CopyTexture( from, to )",lexical_candidate_not_semantic_analysis,not_ported
garrysmod/lua/includes/extensions/client/render.lua,70,function render.SetColorMaterial(),lexical_candidate_not_semantic_analysis,not_ported
garrysmod/lua/includes/extensions/client/render.lua,76,function render.SetColorMaterialIgnoreZ(),lexical_candidate_not_semantic_analysis,not_ported
garrysmod/lua/includes/extensions/client/render.lua,84,"function render.BlurRenderTarget( rt, sizex, sizey, passes )",lexical_candidate_not_semantic_analysis,not_ported
garrysmod/lua/includes/extensions/client/render.lua,106,function cam.Start2D(),lexical_candidate_not_semantic_analysis,not_ported
garrysmod/lua/includes/extensions/client/render.lua,112,"function cam.Start3D( pos, ang, fov, x, y, w, h, znear, zfar )",lexical_candidate_not_semantic_analysis,not_ported
garrysmod/lua/includes/extensions/client/render.lua,145,function render.DrawTextureToScreen( tex ),lexical_candidate_not_semantic_analysis,not_ported
garrysmod/lua/includes/extensions/client/render.lua,155,"function render.DrawTextureToScreenRect( tex, x, y, w, h )",lexical_candidate_not_semantic_analysis,not_ported
garrysmod/lua/includes/extensions/client/render.lua,172,"function render.Model( tbl, ent )",lexical_candidate_not_semantic_analysis,not_ported
garrysmod/lua/includes/extensions/coroutine.lua,15,function coroutine.wait( seconds ),lexical_candidate_not_semantic_analysis,not_ported
garrysmod/lua/includes/extensions/debug.lua,24,function debug.Trace(),lexical_candidate_not_semantic_analysis,not_ported
garrysmod/lua/includes/extensions/entity.lua,7,function meta:SetSpawnFlags( flags ),lexical_candidate_not_semantic_analysis,not_ported
garrysmod/lua/includes/extensions/entity.lua,11,function meta:AddSpawnFlags( flags ),lexical_candidate_not_semantic_analysis,not_ported
garrysmod/lua/includes/extensions/entity.lua,15,function meta:RemoveSpawnFlags( flags ),lexical_candidate_not_semantic_analysis,not_ported
garrysmod/lua/includes/extensions/entity.lua,19,function meta:GetShouldPlayPickupSound(),lexical_candidate_not_semantic_analysis,not_ported
garrysmod/lua/includes/extensions/entity.lua,23,function meta:SetShouldPlayPickupSound( bPlaySound ),lexical_candidate_not_semantic_analysis,not_ported
garrysmod/lua/includes/extensions/entity.lua,30,function meta:__index( key ),lexical_candidate_not_semantic_analysis,not_ported
garrysmod/lua/includes/extensions/entity.lua,60,"function meta:GetVar( name, default )",lexical_candidate_not_semantic_analysis,not_ported
garrysmod/lua/includes/extensions/entity.lua,71,function meta:SetCreator( ply --[[= NULL]] ),lexical_candidate_not_semantic_analysis,not_ported
garrysmod/lua/includes/extensions/entity.lua,81,function meta:GetCreator(),lexical_candidate_not_semantic_analysis,not_ported
garrysmod/lua/includes/extensions/entity.lua,90,function meta:IsConstrained(),lexical_candidate_not_semantic_analysis,not_ported
garrysmod/lua/includes/extensions/entity.lua,114,"function meta:SetVar( name, value )",lexical_candidate_not_semantic_analysis,not_ported
garrysmod/lua/includes/extensions/entity.lua,125,"function meta:CallOnRemove( name, func, ... )",lexical_candidate_not_semantic_analysis,not_ported
garrysmod/lua/includes/extensions/entity.lua,138,function meta:RemoveCallOnRemove( name ),lexical_candidate_not_semantic_analysis,not_ported
garrysmod/lua/includes/extensions/entity.lua,149,local function DoDieFunction( ent ),lexical_candidate_not_semantic_analysis,not_ported
garrysmod/lua/includes/extensions/entity.lua,168,function meta:PhysWake(),lexical_candidate_not_semantic_analysis,not_ported
garrysmod/lua/includes/extensions/entity.lua,178,function meta:GetColor(),lexical_candidate_not_semantic_analysis,not_ported
garrysmod/lua/includes/extensions/entity.lua,184,function meta:SetColor( col ),lexical_candidate_not_semantic_analysis,not_ported
garrysmod/lua/includes/extensions/entity.lua,195,function meta:GetChildBones( bone ),lexical_candidate_not_semantic_analysis,not_ported
garrysmod/lua/includes/extensions/entity.lua,211,"function DTVar_ReceiveProxyGL( ent, name, id, val )",lexical_candidate_not_semantic_analysis,not_ported
garrysmod/lua/includes/extensions/entity.lua,217,function meta:InstallDataTable(),lexical_candidate_not_semantic_analysis,not_ported
garrysmod/lua/includes/extensions/entity.lua,235,"dtmeta.__newindex = function( ent, key, value )",lexical_candidate_not_semantic_analysis,not_ported
garrysmod/lua/includes/extensions/entity.lua,244,local function FindUnusedIndex( typename ),lexical_candidate_not_semantic_analysis,not_ported
garrysmod/lua/includes/extensions/entity.lua,255,"self.IsDTVarSlotUsed = function( ent, typename, index )",lexical_candidate_not_semantic_analysis,not_ported
garrysmod/lua/includes/extensions/entity.lua,263,"self.DTVar = function( ent, typename, index, name )",lexical_candidate_not_semantic_analysis,not_ported
garrysmod/lua/includes/extensions/entity.lua,300,self.GetEditingData = function(),lexical_candidate_not_semantic_analysis,not_ported
garrysmod/lua/includes/extensions/entity.lua,307,"self.SetupEditing = function( ent, name, keyname, data )",lexical_candidate_not_semantic_analysis,not_ported
garrysmod/lua/includes/extensions/entity.lua,317,"self.SetupKeyValue = function( ent, keyname, kvtype, setfunc, getfunc, other_data )",lexical_candidate_not_semantic_analysis,not_ported
garrysmod/lua/includes/extensions/entity.lua,336,"local CallProxies = function( ent, tbl, name, oldval, newval )",lexical_candidate_not_semantic_analysis,not_ported
garrysmod/lua/includes/extensions/entity.lua,344,"self.CallDTVarProxies = function( ent, typename, index, newVal )",lexical_candidate_not_semantic_analysis,not_ported
garrysmod/lua/includes/extensions/entity.lua,353,"self.NetworkVar = function( ent, typename, index, name, other_data )",lexical_candidate_not_semantic_analysis,not_ported
garrysmod/lua/includes/extensions/entity.lua,366,"ent[ ""Set"" .. name ] = function( selfent, value )",lexical_candidate_not_semantic_analysis,not_ported
garrysmod/lua/includes/extensions/entity.lua,371,"ent[ ""Get"" .. name ] = function( selfent )",lexical_candidate_not_semantic_analysis,not_ported
garrysmod/lua/includes/extensions/entity.lua,390,"self.NetworkVarNotify = function( ent, name, func )",lexical_candidate_not_semantic_analysis,not_ported
garrysmod/lua/includes/extensions/entity.lua,402,"self.NetworkVarElement = function( ent, typename, index, element, name, other_data )",lexical_candidate_not_semantic_analysis,not_ported
garrysmod/lua/includes/extensions/entity.lua,416,"ent[ ""Set"" .. name ] = function( selfent, value )",lexical_candidate_not_semantic_analysis,not_ported
garrysmod/lua/includes/extensions/entity.lua,422,"ent[ ""Get"" .. name ] = function( selfent )",lexical_candidate_not_semantic_analysis,not_ported
garrysmod/lua/includes/extensions/entity.lua,437,"self.SetNetworkKeyValue = function( ent, key, value )",lexical_candidate_not_semantic_analysis,not_ported
garrysmod/lua/includes/extensions/entity.lua,452,"self.SetNetworkVarsFromMapInput = function( ent, name, data )",lexical_candidate_not_semantic_analysis,not_ported
garrysmod/lua/includes/extensions/entity.lua,477,"self.GetNetworkKeyValue = function( ent, key )",lexical_candidate_not_semantic_analysis,not_ported
garrysmod/lua/includes/extensions/entity.lua,491,self.GetNetworkVars = function( ent ),lexical_candidate_not_semantic_analysis,not_ported
garrysmod/lua/includes/extensions/entity.lua,520,"self.RestoreNetworkVars = function( ent, tab )",lexical_candidate_not_semantic_analysis,not_ported
garrysmod/lua/includes/extensions/entity.lua,560,"self.EditValue = function( ent, variable, value )",lexical_candidate_not_semantic_analysis,not_ported
garrysmod/lua/includes/extensions/entity.lua,615,function meta:GetUnFreezable(),lexical_candidate_not_semantic_analysis,not_ported
garrysmod/lua/includes/extensions/entity.lua,619,function meta:SetUnFreezable( bFreeze ),lexical_candidate_not_semantic_analysis,not_ported
garrysmod/lua/includes/extensions/entity.lua,628,"function meta:SetNetworked2VarProxy( name, func )",lexical_candidate_not_semantic_analysis,not_ported
garrysmod/lua/includes/extensions/entity.lua,638,function meta:GetNetworked2VarProxy( name ),lexical_candidate_not_semantic_analysis,not_ported
garrysmod/lua/includes/extensions/entity.lua,678,function vehicle:SetVehicleClass( s ),lexical_candidate_not_semantic_analysis,not_ported
garrysmod/lua/includes/extensions/entity.lua,684,function vehicle:GetVehicleClass(),lexical_candidate_not_semantic_analysis,not_ported
garrysmod/lua/includes/extensions/entity.lua,690,function vehicle:SetThirdPersonMode( b ),lexical_candidate_not_semantic_analysis,not_ported
garrysmod/lua/includes/extensions/entity.lua,696,function vehicle:GetThirdPersonMode(),lexical_candidate_not_semantic_analysis,not_ported
garrysmod/lua/includes/extensions/entity.lua,702,function vehicle:SetCameraDistance( dist ),lexical_candidate_not_semantic_analysis,not_ported
garrysmod/lua/includes/extensions/entity.lua,708,function vehicle:GetCameraDistance(),lexical_candidate_not_semantic_analysis,not_ported
garrysmod/lua/includes/extensions/entity_iter.lua,5,function ents.Iterator(),lexical_candidate_not_semantic_analysis,not_ported
garrysmod/lua/includes/extensions/entity_iter.lua,14,function player.Iterator(),lexical_candidate_not_semantic_analysis,not_ported
garrysmod/lua/includes/extensions/entity_iter.lua,23,function InvalidateInternalEntityCache( isPly ),lexical_candidate_not_semantic_analysis,not_ported
garrysmod/lua/includes/extensions/ents.lua,2,"function ents.FindByClassAndParent( classname, entity )",lexical_candidate_not_semantic_analysis,not_ported
garrysmod/lua/includes/extensions/file.lua,2,"function file.Read( filename, path )",lexical_candidate_not_semantic_analysis,not_ported
garrysmod/lua/includes/extensions/file.lua,19,"function file.Write( filename, contents )",lexical_candidate_not_semantic_analysis,not_ported
garrysmod/lua/includes/extensions/file.lua,31,"function file.Append( filename, contents )",lexical_candidate_not_semantic_analysis,not_ported
garrysmod/lua/includes/extensions/game.lua,24,function game.AddAmmoType( tbl ),lexical_candidate_not_semantic_analysis,not_ported
garrysmod/lua/includes/extensions/game.lua,46,function game.BuildAmmoTypes(),lexical_candidate_not_semantic_analysis,not_ported
garrysmod/lua/includes/extensions/math/ease.lua,37,function InSine( x ),lexical_candidate_not_semantic_analysis,not_ported
garrysmod/lua/includes/extensions/math/ease.lua,41,function OutSine( x ),lexical_candidate_not_semantic_analysis,not_ported
garrysmod/lua/includes/extensions/math/ease.lua,45,function InOutSine( x ),lexical_candidate_not_semantic_analysis,not_ported
garrysmod/lua/includes/extensions/math/ease.lua,49,function InQuad( x ),lexical_candidate_not_semantic_analysis,not_ported
garrysmod/lua/includes/extensions/math/ease.lua,53,function OutQuad( x ),lexical_candidate_not_semantic_analysis,not_ported
garrysmod/lua/includes/extensions/math/ease.lua,57,function InOutQuad( x ),lexical_candidate_not_semantic_analysis,not_ported
garrysmod/lua/includes/extensions/math/ease.lua,61,function InCubic( x ),lexical_candidate_not_semantic_analysis,not_ported
garrysmod/lua/includes/extensions/math/ease.lua,65,function OutCubic( x ),lexical_candidate_not_semantic_analysis,not_ported
garrysmod/lua/includes/extensions/math/ease.lua,69,function InOutCubic( x ),lexical_candidate_not_semantic_analysis,not_ported
garrysmod/lua/includes/extensions/math/ease.lua,73,function InQuart( x ),lexical_candidate_not_semantic_analysis,not_ported
garrysmod/lua/includes/extensions/math/ease.lua,77,function OutQuart( x ),lexical_candidate_not_semantic_analysis,not_ported
garrysmod/lua/includes/extensions/math/ease.lua,81,function InOutQuart( x ),lexical_candidate_not_semantic_analysis,not_ported
garrysmod/lua/includes/extensions/math/ease.lua,85,function InQuint( x ),lexical_candidate_not_semantic_analysis,not_ported
garrysmod/lua/includes/extensions/math/ease.lua,89,function OutQuint( x ),lexical_candidate_not_semantic_analysis,not_ported
garrysmod/lua/includes/extensions/math/ease.lua,93,function InOutQuint( x ),lexical_candidate_not_semantic_analysis,not_ported
garrysmod/lua/includes/extensions/math/ease.lua,97,function InExpo( x ),lexical_candidate_not_semantic_analysis,not_ported
garrysmod/lua/includes/extensions/math/ease.lua,101,function OutExpo( x ),lexical_candidate_not_semantic_analysis,not_ported
garrysmod/lua/includes/extensions/math/ease.lua,105,function InOutExpo( x ),lexical_candidate_not_semantic_analysis,not_ported
garrysmod/lua/includes/extensions/math/ease.lua,114,function InCirc( x ),lexical_candidate_not_semantic_analysis,not_ported
garrysmod/lua/includes/extensions/math/ease.lua,118,function OutCirc( x ),lexical_candidate_not_semantic_analysis,not_ported
garrysmod/lua/includes/extensions/math/ease.lua,122,function InOutCirc( x ),lexical_candidate_not_semantic_analysis,not_ported
garrysmod/lua/includes/extensions/math/ease.lua,128,function InBack( x ),lexical_candidate_not_semantic_analysis,not_ported
garrysmod/lua/includes/extensions/math/ease.lua,132,function OutBack( x ),lexical_candidate_not_semantic_analysis,not_ported
garrysmod/lua/includes/extensions/math/ease.lua,136,function InOutBack( x ),lexical_candidate_not_semantic_analysis,not_ported
garrysmod/lua/includes/extensions/math/ease.lua,142,function InElastic( x ),lexical_candidate_not_semantic_analysis,not_ported
garrysmod/lua/includes/extensions/math/ease.lua,150,function OutElastic( x ),lexical_candidate_not_semantic_analysis,not_ported
garrysmod/lua/includes/extensions/math/ease.lua,158,function InOutElastic( x ),lexical_candidate_not_semantic_analysis,not_ported
garrysmod/lua/includes/extensions/math/ease.lua,168,function InBounce( x ),lexical_candidate_not_semantic_analysis,not_ported
garrysmod/lua/includes/extensions/math/ease.lua,172,function OutBounce( x ),lexical_candidate_not_semantic_analysis,not_ported
garrysmod/lua/includes/extensions/math/ease.lua,187,function InOutBounce( x ),lexical_candidate_not_semantic_analysis,not_ported
garrysmod/lua/includes/extensions/math.lua,10,"function math.DistanceSqr( x1, y1, x2, y2 )",lexical_candidate_not_semantic_analysis,not_ported
garrysmod/lua/includes/extensions/math.lua,20,"function math.Distance( x1, y1, x2, y2 )",lexical_candidate_not_semantic_analysis,not_ported
garrysmod/lua/includes/extensions/math.lua,31,function math.BinToInt( bin ),lexical_candidate_not_semantic_analysis,not_ported
garrysmod/lua/includes/extensions/math.lua,44,function math.IntToBin( int ),lexical_candidate_not_semantic_analysis,not_ported
garrysmod/lua/includes/extensions/math.lua,53,"function math.Clamp( _in, low, high )",lexical_candidate_not_semantic_analysis,not_ported
garrysmod/lua/includes/extensions/math.lua,61,"function math.Rand( low, high )",lexical_candidate_not_semantic_analysis,not_ported
garrysmod/lua/includes/extensions/math.lua,74,"function math.EaseInOut( frac, easeIn, easeOut )",lexical_candidate_not_semantic_analysis,not_ported
garrysmod/lua/includes/extensions/math.lua,100,"function math.calcBSplineN( i, k, t, tInc )",lexical_candidate_not_semantic_analysis,not_ported
garrysmod/lua/includes/extensions/math.lua,131,"function math.BSplinePoint( frac, points, frac_max )",lexical_candidate_not_semantic_analysis,not_ported
garrysmod/lua/includes/extensions/math.lua,148,"function math.CHSpline( frac, p0, m0, p1, m1 )",lexical_candidate_not_semantic_analysis,not_ported
garrysmod/lua/includes/extensions/math.lua,162,"function math.Round( num, idp )",lexical_candidate_not_semantic_analysis,not_ported
garrysmod/lua/includes/extensions/math.lua,168,"function math.Truncate( num, idp )",lexical_candidate_not_semantic_analysis,not_ported
garrysmod/lua/includes/extensions/math.lua,173,"function math.Approach( cur, target, inc )",lexical_candidate_not_semantic_analysis,not_ported
garrysmod/lua/includes/extensions/math.lua,185,function math.Sign( num ),lexical_candidate_not_semantic_analysis,not_ported
garrysmod/lua/includes/extensions/math.lua,189,function math.NormalizeAngle( a ),lexical_candidate_not_semantic_analysis,not_ported
garrysmod/lua/includes/extensions/math.lua,193,"function math.AngleDifference( a, b )",lexical_candidate_not_semantic_analysis,not_ported
garrysmod/lua/includes/extensions/math.lua,203,"function math.ApproachAngle( cur, target, inc )",lexical_candidate_not_semantic_analysis,not_ported
garrysmod/lua/includes/extensions/math.lua,207,"function math.TimeFraction( start, _end, current )",lexical_candidate_not_semantic_analysis,not_ported
garrysmod/lua/includes/extensions/math.lua,211,"function math.Remap( value, inMin, inMax, outMin, outMax )",lexical_candidate_not_semantic_analysis,not_ported
garrysmod/lua/includes/extensions/math.lua,216,"function math.SnapTo( num, multiple )",lexical_candidate_not_semantic_analysis,not_ported
garrysmod/lua/includes/extensions/math.lua,224,"function math.CubicBezier( frac, p0, p1, p2, p3 )",lexical_candidate_not_semantic_analysis,not_ported
garrysmod/lua/includes/extensions/math.lua,236,"function math.QuadraticBezier( frac, p0, p1, p2 )",lexical_candidate_not_semantic_analysis,not_ported
garrysmod/lua/includes/extensions/math.lua,248,function math.Factorial( num ),lexical_candidate_not_semantic_analysis,not_ported
garrysmod/lua/includes/extensions/math.lua,267,"function math.IsNearlyEqual( a, b, tolerance )",lexical_candidate_not_semantic_analysis,not_ported
garrysmod/lua/includes/extensions/motionsensor.lua,45,motionsensor.ChooseBuilderFromEntity = function( ent ),lexical_candidate_not_semantic_analysis,not_ported
garrysmod/lua/includes/extensions/motionsensor.lua,59,"motionsensor.ProcessAngle = function( translator, sensor, pos, ang, special_vectors, boneid, v )",lexical_candidate_not_semantic_analysis,not_ported
garrysmod/lua/includes/extensions/motionsensor.lua,125,"motionsensor.ProcessAnglesTable = function( translator, sensor, pos, rotation )",lexical_candidate_not_semantic_analysis,not_ported
garrysmod/lua/includes/extensions/motionsensor.lua,194,"motionsensor.ProcessPositionTable = function( translator, sensor )",lexical_candidate_not_semantic_analysis,not_ported
garrysmod/lua/includes/extensions/motionsensor.lua,220,"motionsensor.BuildSkeleton = function( translator, player, rotation )",lexical_candidate_not_semantic_analysis,not_ported
garrysmod/lua/includes/extensions/net.lua,10,"function net.Receive( name, func )",lexical_candidate_not_semantic_analysis,not_ported
garrysmod/lua/includes/extensions/net.lua,19,"function net.Incoming( len, client )",lexical_candidate_not_semantic_analysis,not_ported
garrysmod/lua/includes/extensions/net.lua,43,function net.ReadBool(),lexical_candidate_not_semantic_analysis,not_ported
garrysmod/lua/includes/extensions/net.lua,52,function net.WriteEntity( ent ),lexical_candidate_not_semantic_analysis,not_ported
garrysmod/lua/includes/extensions/net.lua,62,function net.ReadEntity(),lexical_candidate_not_semantic_analysis,not_ported
garrysmod/lua/includes/extensions/net.lua,76,function net.WritePlayer( ply ),lexical_candidate_not_semantic_analysis,not_ported
garrysmod/lua/includes/extensions/net.lua,80,function net.ReadPlayer(),lexical_candidate_not_semantic_analysis,not_ported
garrysmod/lua/includes/extensions/net.lua,88,"function net.WriteColor( col, writeAlpha )",lexical_candidate_not_semantic_analysis,not_ported
garrysmod/lua/includes/extensions/net.lua,103,function net.ReadColor( readAlpha ),lexical_candidate_not_semantic_analysis,not_ported
garrysmod/lua/includes/extensions/net.lua,118,local function HasCyclicReferences( tab ),lexical_candidate_not_semantic_analysis,not_ported
garrysmod/lua/includes/extensions/net.lua,119,"local function check( t, visited )",lexical_candidate_not_semantic_analysis,not_ported
garrysmod/lua/includes/extensions/net.lua,147,"function net.WriteTable( tab, seq )",lexical_candidate_not_semantic_analysis,not_ported
garrysmod/lua/includes/extensions/net.lua,182,function net.ReadTable( seq ),lexical_candidate_not_semantic_analysis,not_ported
garrysmod/lua/includes/extensions/net.lua,225,function net.WriteType( v ),lexical_candidate_not_semantic_analysis,not_ported
garrysmod/lua/includes/extensions/net.lua,255,function net.ReadType( typeid ),lexical_candidate_not_semantic_analysis,not_ported
garrysmod/lua/includes/extensions/player.lua,11,function meta:__index( key ),lexical_candidate_not_semantic_analysis,not_ported
garrysmod/lua/includes/extensions/player.lua,48,function meta:DebugInfo(),lexical_candidate_not_semantic_analysis,not_ported
garrysmod/lua/includes/extensions/player.lua,68,"function meta:ConCommand( command, bSkipQueue )",lexical_candidate_not_semantic_analysis,not_ported
garrysmod/lua/includes/extensions/player.lua,79,local function SendQueuedConsoleCommands(),lexical_candidate_not_semantic_analysis,not_ported
garrysmod/lua/includes/extensions/player.lua,115,"function meta:GetPData( name, default )",lexical_candidate_not_semantic_analysis,not_ported
garrysmod/lua/includes/extensions/player.lua,137,"function meta:SetPData( name, value )",lexical_candidate_not_semantic_analysis,not_ported
garrysmod/lua/includes/extensions/player.lua,152,function meta:RemovePData( name ),lexical_candidate_not_semantic_analysis,not_ported
garrysmod/lua/includes/extensions/player.lua,169,function meta:SwitchToDefaultWeapon(),lexical_candidate_not_semantic_analysis,not_ported
garrysmod/lua/includes/extensions/player.lua,182,function meta:AllowFlashlight( bAble ) self.m_bFlashlight = bAble end,lexical_candidate_not_semantic_analysis,not_ported
garrysmod/lua/includes/extensions/player.lua,183,function meta:CanUseFlashlight() return self.m_bFlashlight == true end,lexical_candidate_not_semantic_analysis,not_ported
garrysmod/lua/includes/extensions/player.lua,187,function meta:SetupHands( spec_ply ),lexical_candidate_not_semantic_analysis,not_ported
garrysmod/lua/includes/extensions/player.lua,212,function meta:Freeze( b ),lexical_candidate_not_semantic_analysis,not_ported
garrysmod/lua/includes/extensions/player.lua,226,function meta:GodEnable(),lexical_candidate_not_semantic_analysis,not_ported
garrysmod/lua/includes/extensions/player.lua,236,function meta:GodDisable(),lexical_candidate_not_semantic_analysis,not_ported
garrysmod/lua/includes/extensions/player.lua,248,function meta:IsFrozen(),lexical_candidate_not_semantic_analysis,not_ported
garrysmod/lua/includes/extensions/player.lua,258,function meta:HasGodMode(),lexical_candidate_not_semantic_analysis,not_ported
garrysmod/lua/includes/extensions/player.lua,265,function player.GetByAccountID( ID ),lexical_candidate_not_semantic_analysis,not_ported
garrysmod/lua/includes/extensions/player.lua,275,function player.GetByUniqueID( ID ),lexical_candidate_not_semantic_analysis,not_ported
garrysmod/lua/includes/extensions/player.lua,285,function player.GetBySteamID( ID ),lexical_candidate_not_semantic_analysis,not_ported
garrysmod/lua/includes/extensions/player.lua,297,function player.GetBySteamID64( ID ),lexical_candidate_not_semantic_analysis,not_ported
garrysmod/lua/includes/extensions/player_auth.lua,9,function meta:IsAdmin(),lexical_candidate_not_semantic_analysis,not_ported
garrysmod/lua/includes/extensions/player_auth.lua,22,function meta:IsSuperAdmin(),lexical_candidate_not_semantic_analysis,not_ported
garrysmod/lua/includes/extensions/player_auth.lua,32,function meta:IsUserGroup( name ),lexical_candidate_not_semantic_analysis,not_ported
garrysmod/lua/includes/extensions/player_auth.lua,44,function meta:GetUserGroup(),lexical_candidate_not_semantic_analysis,not_ported
garrysmod/lua/includes/extensions/player_auth.lua,61,function meta:SetUserGroup( name ),lexical_candidate_not_semantic_analysis,not_ported
garrysmod/lua/includes/extensions/player_auth.lua,75,local function LoadUsersFile(),lexical_candidate_not_semantic_analysis,not_ported
garrysmod/lua/includes/extensions/player_auth.lua,99,function util.GetUserGroups(),lexical_candidate_not_semantic_analysis,not_ported
garrysmod/lua/includes/extensions/string.lua,14,function string.ToTable( input ),lexical_candidate_not_semantic_analysis,not_ported
garrysmod/lua/includes/extensions/string.lua,48,function string.JavascriptSafe( str ),lexical_candidate_not_semantic_analysis,not_ported
garrysmod/lua/includes/extensions/string.lua,80,function string.PatternSafe( str ),lexical_candidate_not_semantic_analysis,not_ported
garrysmod/lua/includes/extensions/string.lua,91,"function string.Explode( separator, str, withpattern )",lexical_candidate_not_semantic_analysis,not_ported
garrysmod/lua/includes/extensions/string.lua,110,"function string.Split( str, delimiter )",lexical_candidate_not_semantic_analysis,not_ported
garrysmod/lua/includes/extensions/string.lua,119,"function string.Implode( seperator, Table ) return",lexical_candidate_not_semantic_analysis,not_ported
garrysmod/lua/includes/extensions/string.lua,128,function string.GetExtensionFromFilename( path ),lexical_candidate_not_semantic_analysis,not_ported
garrysmod/lua/includes/extensions/string.lua,147,function string.StripExtension( path ),lexical_candidate_not_semantic_analysis,not_ported
garrysmod/lua/includes/extensions/string.lua,166,function string.GetPathFromFilename( path ),lexical_candidate_not_semantic_analysis,not_ported
garrysmod/lua/includes/extensions/string.lua,183,function string.GetFileFromFilename( path ),lexical_candidate_not_semantic_analysis,not_ported
garrysmod/lua/includes/extensions/string.lua,206,"function string.FormattedTime( seconds, format )",lexical_candidate_not_semantic_analysis,not_ported
garrysmod/lua/includes/extensions/string.lua,223,"function string.ToMinutesSecondsMilliseconds( TimeInSeconds ) return string.FormattedTime( TimeInSeconds, ""%02i:%02i:%02i"" ) end",lexical_candidate_not_semantic_analysis,not_ported
garrysmod/lua/includes/extensions/string.lua,224,"function string.ToMinutesSeconds( TimeInSeconds ) return string.FormattedTime( TimeInSeconds, ""%02i:%02i"" ) end",lexical_candidate_not_semantic_analysis,not_ported
garrysmod/lua/includes/extensions/string.lua,226,"local function pluralizeString( str, quantity )",lexical_candidate_not_semantic_analysis,not_ported
garrysmod/lua/includes/extensions/string.lua,230,function string.NiceTime( seconds ),lexical_candidate_not_semantic_analysis,not_ported
garrysmod/lua/includes/extensions/string.lua,264,"function string.Left( str, num ) return string_sub( str, 1, num ) end",lexical_candidate_not_semantic_analysis,not_ported
garrysmod/lua/includes/extensions/string.lua,265,"function string.Right( str, num ) return string_sub( str, -num ) end",lexical_candidate_not_semantic_analysis,not_ported
garrysmod/lua/includes/extensions/string.lua,267,"function string.Replace( str, tofind, toreplace )",lexical_candidate_not_semantic_analysis,not_ported
garrysmod/lua/includes/extensions/string.lua,278,"function string.Trim( s, char )",lexical_candidate_not_semantic_analysis,not_ported
garrysmod/lua/includes/extensions/string.lua,288,"function string.TrimRight( s, char )",lexical_candidate_not_semantic_analysis,not_ported
garrysmod/lua/includes/extensions/string.lua,298,"function string.TrimLeft( s, char )",lexical_candidate_not_semantic_analysis,not_ported
garrysmod/lua/includes/extensions/string.lua,303,function string.NiceSize( size ),lexical_candidate_not_semantic_analysis,not_ported
garrysmod/lua/includes/extensions/string.lua,319,"function string.SetChar( s, k, v )",lexical_candidate_not_semantic_analysis,not_ported
garrysmod/lua/includes/extensions/string.lua,325,"function string.GetChar( s, k )",lexical_candidate_not_semantic_analysis,not_ported
garrysmod/lua/includes/extensions/string.lua,333,function meta:__index( key ),lexical_candidate_not_semantic_analysis,not_ported
garrysmod/lua/includes/extensions/string.lua,344,"function string.StartsWith( str, start )",lexical_candidate_not_semantic_analysis,not_ported
garrysmod/lua/includes/extensions/string.lua,351,"function string.EndsWith( str, endStr )",lexical_candidate_not_semantic_analysis,not_ported
garrysmod/lua/includes/extensions/string.lua,357,function string.FromColor( color ),lexical_candidate_not_semantic_analysis,not_ported
garrysmod/lua/includes/extensions/string.lua,363,function string.ToColor( str ),lexical_candidate_not_semantic_analysis,not_ported
garrysmod/lua/includes/extensions/string.lua,371,"function string.Comma( number, str )",lexical_candidate_not_semantic_analysis,not_ported
garrysmod/lua/includes/extensions/string.lua,393,"function string.Interpolate( str, lookuptable )",lexical_candidate_not_semantic_analysis,not_ported
garrysmod/lua/includes/extensions/string.lua,399,function string.CardinalToOrdinal( cardinal ),lexical_candidate_not_semantic_analysis,not_ported
garrysmod/lua/includes/extensions/string.lua,427,function string.NiceName( name ),lexical_candidate_not_semantic_analysis,not_ported
garrysmod/lua/includes/extensions/table.lua,2,function table.Pack( ... ),lexical_candidate_not_semantic_analysis,not_ported
garrysmod/lua/includes/extensions/table.lua,10,"function table.Inherit( t, base )",lexical_candidate_not_semantic_analysis,not_ported
garrysmod/lua/includes/extensions/table.lua,28,"function table.Copy( t, lookup_table )",lexical_candidate_not_semantic_analysis,not_ported
garrysmod/lua/includes/extensions/table.lua,53,function table.Empty( tab ),lexical_candidate_not_semantic_analysis,not_ported
garrysmod/lua/includes/extensions/table.lua,63,function table.IsEmpty( tab ),lexical_candidate_not_semantic_analysis,not_ported
garrysmod/lua/includes/extensions/table.lua,71,"function table.CopyFromTo( from, to )",lexical_candidate_not_semantic_analysis,not_ported
garrysmod/lua/includes/extensions/table.lua,85,"function table.Merge( dest, source, forceOverride )",lexical_candidate_not_semantic_analysis,not_ported
garrysmod/lua/includes/extensions/table.lua,105,"function table.HasValue( t, val )",lexical_candidate_not_semantic_analysis,not_ported
garrysmod/lua/includes/extensions/table.lua,116,"function table.Add( dest, source )",lexical_candidate_not_semantic_analysis,not_ported
garrysmod/lua/includes/extensions/table.lua,135,function table.SortDesc( t ),lexical_candidate_not_semantic_analysis,not_ported
garrysmod/lua/includes/extensions/table.lua,143,"function table.SortByKey( t, desc )",lexical_candidate_not_semantic_analysis,not_ported
garrysmod/lua/includes/extensions/table.lua,162,function table.Count( t ),lexical_candidate_not_semantic_analysis,not_ported
garrysmod/lua/includes/extensions/table.lua,172,function table.Random( t ),lexical_candidate_not_semantic_analysis,not_ported
garrysmod/lua/includes/extensions/table.lua,185,function table.Shuffle( t ),lexical_candidate_not_semantic_analysis,not_ported
garrysmod/lua/includes/extensions/table.lua,198,function table.IsSequential( t ),lexical_candidate_not_semantic_analysis,not_ported
garrysmod/lua/includes/extensions/table.lua,214,"local function MakeTable( t, nice, indent, done )",lexical_candidate_not_semantic_analysis,not_ported
garrysmod/lua/includes/extensions/table.lua,273,"function table.ToString( t, n, nice )",lexical_candidate_not_semantic_analysis,not_ported
garrysmod/lua/includes/extensions/table.lua,286,"function table.Sanitise( t, done )",lexical_candidate_not_semantic_analysis,not_ported
garrysmod/lua/includes/extensions/table.lua,346,"function table.DeSanitise( t, done )",lexical_candidate_not_semantic_analysis,not_ported
garrysmod/lua/includes/extensions/table.lua,395,"function table.ForceInsert( t, v )",lexical_candidate_not_semantic_analysis,not_ported
garrysmod/lua/includes/extensions/table.lua,409,"function table.SortByMember( tab, memberName, bAsc )",lexical_candidate_not_semantic_analysis,not_ported
garrysmod/lua/includes/extensions/table.lua,411,"local TableMemberSort = function( a, b, MemberName, bReverse )",lexical_candidate_not_semantic_analysis,not_ported
garrysmod/lua/includes/extensions/table.lua,447,function table.LowerKeyNames( tab ),lexical_candidate_not_semantic_analysis,not_ported
garrysmod/lua/includes/extensions/table.lua,477,function table.CollapseKeyValue( Table ),lexical_candidate_not_semantic_analysis,not_ported
garrysmod/lua/includes/extensions/table.lua,501,"function table.ClearKeys( Table, bSaveKey )",lexical_candidate_not_semantic_analysis,not_ported
garrysmod/lua/includes/extensions/table.lua,516,local function keyValuePairs( state ),lexical_candidate_not_semantic_analysis,not_ported
garrysmod/lua/includes/extensions/table.lua,527,local function toKeyValues( tbl ),lexical_candidate_not_semantic_analysis,not_ported
garrysmod/lua/includes/extensions/table.lua,539,local function getKeys( tbl ),lexical_candidate_not_semantic_analysis,not_ported
garrysmod/lua/includes/extensions/table.lua,556,"function SortedPairs( pTable, Desc )",lexical_candidate_not_semantic_analysis,not_ported
garrysmod/lua/includes/extensions/table.lua,582,"function SortedPairsByValue( pTable, Desc )",lexical_candidate_not_semantic_analysis,not_ported
garrysmod/lua/includes/extensions/table.lua,600,"function SortedPairsByMemberValue( pTable, pValueName, Desc )",lexical_candidate_not_semantic_analysis,not_ported
garrysmod/lua/includes/extensions/table.lua,617,"function RandomPairs( pTable, Desc )",lexical_candidate_not_semantic_analysis,not_ported
garrysmod/lua/includes/extensions/table.lua,639,function table.GetFirstKey( t ),lexical_candidate_not_semantic_analysis,not_ported
garrysmod/lua/includes/extensions/table.lua,644,function table.GetFirstValue( t ),lexical_candidate_not_semantic_analysis,not_ported
garrysmod/lua/includes/extensions/table.lua,649,function table.GetLastKey( t ),lexical_candidate_not_semantic_analysis,not_ported
garrysmod/lua/includes/extensions/table.lua,654,function table.GetLastValue( t ),lexical_candidate_not_semantic_analysis,not_ported
garrysmod/lua/includes/extensions/table.lua,659,"function table.FindNext( tab, val )",lexical_candidate_not_semantic_analysis,not_ported
garrysmod/lua/includes/extensions/table.lua,669,"function table.FindPrev( tab, val )",lexical_candidate_not_semantic_analysis,not_ported
garrysmod/lua/includes/extensions/table.lua,681,function table.GetWinningKey( tab ),lexical_candidate_not_semantic_analysis,not_ported
garrysmod/lua/includes/extensions/table.lua,697,"function table.KeyFromValue( tbl, val )",lexical_candidate_not_semantic_analysis,not_ported
garrysmod/lua/includes/extensions/table.lua,703,"function table.RemoveByValue( tbl, val )",lexical_candidate_not_semantic_analysis,not_ported
garrysmod/lua/includes/extensions/table.lua,718,"function table.KeysFromValue( tbl, val )",lexical_candidate_not_semantic_analysis,not_ported
garrysmod/lua/includes/extensions/table.lua,726,"function table.MemberValuesFromKey( tab, key )",lexical_candidate_not_semantic_analysis,not_ported
garrysmod/lua/includes/extensions/table.lua,734,function table.Reverse( tbl ),lexical_candidate_not_semantic_analysis,not_ported
garrysmod/lua/includes/extensions/table.lua,747,"function table.ForEach( tab, funcname )",lexical_candidate_not_semantic_analysis,not_ported
garrysmod/lua/includes/extensions/table.lua,755,function table.GetKeys( tab ),lexical_candidate_not_semantic_analysis,not_ported
garrysmod/lua/includes/extensions/table.lua,769,function table.Flip( tab ),lexical_candidate_not_semantic_analysis,not_ported
garrysmod/lua/includes/extensions/table.lua,784,"function table.move( sourceTbl, from, to, dest, destTbl )",lexical_candidate_not_semantic_analysis,not_ported
garrysmod/lua/includes/extensions/util/worldpicker.lua,18,Start = function( func ),lexical_candidate_not_semantic_analysis,not_ported
garrysmod/lua/includes/extensions/util/worldpicker.lua,29,Finish = function( tr ),lexical_candidate_not_semantic_analysis,not_ported
garrysmod/lua/includes/extensions/util/worldpicker.lua,37,Active = function() return bDoing end,lexical_candidate_not_semantic_analysis,not_ported
garrysmod/lua/includes/extensions/util.lua,14,"function util.IsValidPhysicsObject( ent, num )",lexical_candidate_not_semantic_analysis,not_ported
garrysmod/lua/includes/extensions/util.lua,37,"function util.GetPlayerTrace( ply, dir )",lexical_candidate_not_semantic_analysis,not_ported
garrysmod/lua/includes/extensions/util.lua,56,"function util.QuickTrace( origin, dir, filter )",lexical_candidate_not_semantic_analysis,not_ported
garrysmod/lua/includes/extensions/util.lua,80,"function util.LocalToWorld( ent, lpos, bone )",lexical_candidate_not_semantic_analysis,not_ported
garrysmod/lua/includes/extensions/util.lua,101,function util.DateStamp(),lexical_candidate_not_semantic_analysis,not_ported
garrysmod/lua/includes/extensions/util.lua,111,"function util.StringToType( str, typename )",lexical_candidate_not_semantic_analysis,not_ported
garrysmod/lua/includes/extensions/util.lua,130,function util.TypeToString( v ),lexical_candidate_not_semantic_analysis,not_ported
garrysmod/lua/includes/extensions/util.lua,156,function util.NiceFloat( f ),lexical_candidate_not_semantic_analysis,not_ported
garrysmod/lua/includes/extensions/util.lua,178,Reset = function( self ),lexical_candidate_not_semantic_analysis,not_ported
garrysmod/lua/includes/extensions/util.lua,188,"Start = function( self, time )",lexical_candidate_not_semantic_analysis,not_ported
garrysmod/lua/includes/extensions/util.lua,198,Started = function( self ),lexical_candidate_not_semantic_analysis,not_ported
garrysmod/lua/includes/extensions/util.lua,207,Elapsed = function( self ),lexical_candidate_not_semantic_analysis,not_ported
garrysmod/lua/includes/extensions/util.lua,216,GetElaspedTime = function( self ),lexical_candidate_not_semantic_analysis,not_ported
garrysmod/lua/includes/extensions/util.lua,228,function util.Timer( startdelay ),lexical_candidate_not_semantic_analysis,not_ported
garrysmod/lua/includes/extensions/util.lua,237,"local function PopStack( self, num )",lexical_candidate_not_semantic_analysis,not_ported
garrysmod/lua/includes/extensions/util.lua,259,"Push = function( self, obj )",lexical_candidate_not_semantic_analysis,not_ported
garrysmod/lua/includes/extensions/util.lua,265,"Pop = function( self, num )",lexical_candidate_not_semantic_analysis,not_ported
garrysmod/lua/includes/extensions/util.lua,287,"PopMulti = function( self, num )",lexical_candidate_not_semantic_analysis,not_ported
garrysmod/lua/includes/extensions/util.lua,315,Top = function( self ),lexical_candidate_not_semantic_analysis,not_ported
garrysmod/lua/includes/extensions/util.lua,325,Size = function( self ),lexical_candidate_not_semantic_analysis,not_ported
garrysmod/lua/includes/extensions/util.lua,332,function util.Stack(),lexical_candidate_not_semantic_analysis,not_ported
garrysmod/lua/includes/extensions/util.lua,337,local function GetUniqueID( sid ),lexical_candidate_not_semantic_analysis,not_ported
garrysmod/lua/includes/extensions/util.lua,345,"function util.GetPData( steamid, name, default )",lexical_candidate_not_semantic_analysis,not_ported
garrysmod/lua/includes/extensions/util.lua,367,"function util.SetPData( steamid, name, value )",lexical_candidate_not_semantic_analysis,not_ported
garrysmod/lua/includes/extensions/util.lua,378,"function util.RemovePData( steamid, name )",lexical_candidate_not_semantic_analysis,not_ported
garrysmod/lua/includes/extensions/util.lua,401,function util.IsBinaryModuleInstalled( name ),lexical_candidate_not_semantic_analysis,not_ported
garrysmod/lua/includes/extensions/vector.lua,7,function meta:ToColor(),lexical_candidate_not_semantic_analysis,not_ported
garrysmod/lua/includes/extensions/weapon.lua,13,function meta:__index( key ),lexical_candidate_not_semantic_analysis,not_ported
garrysmod/lua/includes/gmsave/entity_filters.lua,49,"function gmsave.ShouldSaveEntity( ent, t )",lexical_candidate_not_semantic_analysis,not_ported
garrysmod/lua/includes/gmsave/physics.lua,5,function gmsave.PhysicsSave( ent ),lexical_candidate_not_semantic_analysis,not_ported
garrysmod/lua/includes/gmsave/physics.lua,34,function gmsave.PhysicsSaveList( ents ),lexical_candidate_not_semantic_analysis,not_ported
garrysmod/lua/includes/gmsave/physics.lua,56,"function gmsave.PhysicsLoad( t, ent )",lexical_candidate_not_semantic_analysis,not_ported
garrysmod/lua/includes/gmsave/physics.lua,83,"function gmsave.PhysicsLoadFromTable( tab, ents )",lexical_candidate_not_semantic_analysis,not_ported
garrysmod/lua/includes/gmsave/player.lua,2,function gmsave.PlayerSave( ent ),lexical_candidate_not_semantic_analysis,not_ported
garrysmod/lua/includes/gmsave/player.lua,14,"function gmsave.PlayerLoad( ent, tab )",lexical_candidate_not_semantic_analysis,not_ported
garrysmod/lua/includes/gmsave.lua,11,"function gmsave.LoadMap( strMapContents, ply, callback )",lexical_candidate_not_semantic_analysis,not_ported
garrysmod/lua/includes/gmsave.lua,87,function gmsave.SaveMap( ply ),lexical_candidate_not_semantic_analysis,not_ported
garrysmod/lua/includes/gui/icon_progress.lua,13,g_Progress.Think = function(),lexical_candidate_not_semantic_analysis,not_ported
garrysmod/lua/includes/modules/ai_schedule.lua,21,function Schedule:Init( _debugname_ ),lexical_candidate_not_semantic_analysis,not_ported
garrysmod/lua/includes/modules/ai_schedule.lua,36,"function Schedule:EngTask( _taskname_, _taskdata_ )",lexical_candidate_not_semantic_analysis,not_ported
garrysmod/lua/includes/modules/ai_schedule.lua,56,"function Schedule:AddTask( _functionname_, _data_ )",lexical_candidate_not_semantic_analysis,not_ported
garrysmod/lua/includes/modules/ai_schedule.lua,67,function name to call,lexical_candidate_not_semantic_analysis,not_ported
garrysmod/lua/includes/modules/ai_schedule.lua,70,"function Schedule:AddTaskEx( _start, _run, _data_ )",lexical_candidate_not_semantic_analysis,not_ported
garrysmod/lua/includes/modules/ai_schedule.lua,78,function Schedule:NumTasks(),lexical_candidate_not_semantic_analysis,not_ported
garrysmod/lua/includes/modules/ai_schedule.lua,82,function Schedule:GetTask( num ),lexical_candidate_not_semantic_analysis,not_ported
garrysmod/lua/includes/modules/ai_schedule.lua,89,function New( debugname ),lexical_candidate_not_semantic_analysis,not_ported
garrysmod/lua/includes/modules/ai_task.lua,29,function Task:Init(),lexical_candidate_not_semantic_analysis,not_ported
garrysmod/lua/includes/modules/ai_task.lua,36,"function Task:InitEngine( _taskname_, _taskdata_ )",lexical_candidate_not_semantic_analysis,not_ported
garrysmod/lua/includes/modules/ai_task.lua,48,"function Task:InitFunctionName( _start, _end, _taskdata_ )",lexical_candidate_not_semantic_analysis,not_ported
garrysmod/lua/includes/modules/ai_task.lua,55,function Task:IsEngineType(),lexical_candidate_not_semantic_analysis,not_ported
garrysmod/lua/includes/modules/ai_task.lua,59,function Task:IsFNameType(),lexical_candidate_not_semantic_analysis,not_ported
garrysmod/lua/includes/modules/ai_task.lua,63,function Task:Start( npc ),lexical_candidate_not_semantic_analysis,not_ported
garrysmod/lua/includes/modules/ai_task.lua,79,function Task:Start_FName( npc ),lexical_candidate_not_semantic_analysis,not_ported
garrysmod/lua/includes/modules/ai_task.lua,89,function Task:Run( npc ),lexical_candidate_not_semantic_analysis,not_ported
garrysmod/lua/includes/modules/ai_task.lua,99,function Task:Run_FName( npc ),lexical_candidate_not_semantic_analysis,not_ported
garrysmod/lua/includes/modules/ai_task.lua,112,function New(),lexical_candidate_not_semantic_analysis,not_ported
garrysmod/lua/includes/modules/baseclass.lua,32,function Get( name ),lexical_candidate_not_semantic_analysis,not_ported
garrysmod/lua/includes/modules/baseclass.lua,43,"function Set( name, tab )",lexical_candidate_not_semantic_analysis,not_ported
garrysmod/lua/includes/modules/cleanup.lua,6,local function IsType( type ),lexical_candidate_not_semantic_analysis,not_ported
garrysmod/lua/includes/modules/cleanup.lua,18,function Register( type ),lexical_candidate_not_semantic_analysis,not_ported
garrysmod/lua/includes/modules/cleanup.lua,32,function GetTable(),lexical_candidate_not_semantic_analysis,not_ported
garrysmod/lua/includes/modules/cleanup.lua,41,local function CleanupInvalidEntities(),lexical_candidate_not_semantic_analysis,not_ported
garrysmod/lua/includes/modules/cleanup.lua,77,function GetList(),lexical_candidate_not_semantic_analysis,not_ported
garrysmod/lua/includes/modules/cleanup.lua,88,"function Add( pl, type, ent )",lexical_candidate_not_semantic_analysis,not_ported
garrysmod/lua/includes/modules/cleanup.lua,105,"function ReplaceEntity( from, to )",lexical_candidate_not_semantic_analysis,not_ported
garrysmod/lua/includes/modules/cleanup.lua,127,"function CC_Cleanup( pl, command, args )",lexical_candidate_not_semantic_analysis,not_ported
garrysmod/lua/includes/modules/cleanup.lua,179,"function CC_AdminCleanup( pl, command, args )",lexical_candidate_not_semantic_analysis,not_ported
garrysmod/lua/includes/modules/cleanup.lua,244,"local function BuildPanel( pnl, command )",lexical_candidate_not_semantic_analysis,not_ported
garrysmod/lua/includes/modules/cleanup.lua,261,function UpdateUI(),lexical_candidate_not_semantic_analysis,not_ported
garrysmod/lua/includes/modules/concommand.lua,23,function GetTable(),lexical_candidate_not_semantic_analysis,not_ported
garrysmod/lua/includes/modules/concommand.lua,31,"function Add( name, func, completefunc, help, flags )",lexical_candidate_not_semantic_analysis,not_ported
garrysmod/lua/includes/modules/concommand.lua,45,function Remove( name ),lexical_candidate_not_semantic_analysis,not_ported
garrysmod/lua/includes/modules/concommand.lua,55,"function Run( player, command, arguments, argumentsStr )",lexical_candidate_not_semantic_analysis,not_ported
garrysmod/lua/includes/modules/concommand.lua,73,"function AutoComplete( command, argumentsStr, arguments )",lexical_candidate_not_semantic_analysis,not_ported
garrysmod/lua/includes/modules/constraint.lua,55,local function ConstraintCreated( constr ),lexical_candidate_not_semantic_analysis,not_ported
garrysmod/lua/includes/modules/constraint.lua,65,local function CreateConstraintSystem(),lexical_candidate_not_semantic_analysis,not_ported
garrysmod/lua/includes/modules/constraint.lua,90,"local function FindOrCreateConstraintSystem( ent1, ent2 )",lexical_candidate_not_semantic_analysis,not_ported
garrysmod/lua/includes/modules/constraint.lua,132,"local function onStartConstraint( ent1, ent2 )",lexical_candidate_not_semantic_analysis,not_ported
garrysmod/lua/includes/modules/constraint.lua,149,local function onFinishConstraint(),lexical_candidate_not_semantic_analysis,not_ported
garrysmod/lua/includes/modules/constraint.lua,157,"local function SetPhysicsCollisions( ent, collisions )",lexical_candidate_not_semantic_analysis,not_ported
garrysmod/lua/includes/modules/constraint.lua,169,"function RemoveConstraints( ent, const_type )",lexical_candidate_not_semantic_analysis,not_ported
garrysmod/lua/includes/modules/constraint.lua,212,function RemoveAll( ent ),lexical_candidate_not_semantic_analysis,not_ported
garrysmod/lua/includes/modules/constraint.lua,244,"function Find( ent1, ent2, const_type, bone1, bone2 )",lexical_candidate_not_semantic_analysis,not_ported
garrysmod/lua/includes/modules/constraint.lua,272,"function CanConstrain( ent, bone )",lexical_candidate_not_semantic_analysis,not_ported
garrysmod/lua/includes/modules/constraint.lua,288,"local function CalcElasticConsts( phys1, phys2, ent1, ent2, fixed )",lexical_candidate_not_semantic_analysis,not_ported
garrysmod/lua/includes/modules/constraint.lua,318,"function CreateKeyframeRope( Pos, width, material, Constraint, Ent1, LPos1, Bone1, Ent2, LPos2, Bone2, kv )",lexical_candidate_not_semantic_analysis,not_ported
garrysmod/lua/includes/modules/constraint.lua,378,"function AddConstraintTable( ent, constraint, ent2, ent3, ent4 )",lexical_candidate_not_semantic_analysis,not_ported
garrysmod/lua/includes/modules/constraint.lua,398,"function AddConstraintTableNoDelete( ent, constraint, ent2, ent3, ent4 )",lexical_candidate_not_semantic_analysis,not_ported
garrysmod/lua/includes/modules/constraint.lua,418,"function Weld( Ent1, Ent2, Bone1, Bone2, forcelimit, nocollide, deleteonbreak )",lexical_candidate_not_semantic_analysis,not_ported
garrysmod/lua/includes/modules/constraint.lua,494,"function Rope( Ent1, Ent2, Bone1, Bone2, LPos1, LPos2, length, addLength, forcelimit, width, material, rigid, color )",lexical_candidate_not_semantic_analysis,not_ported
garrysmod/lua/includes/modules/constraint.lua,578,"function Elastic( Ent1, Ent2, Bone1, Bone2, LPos1, LPos2, constant, damping, rdamping, material, width, stretchonly, color )",lexical_candidate_not_semantic_analysis,not_ported
garrysmod/lua/includes/modules/constraint.lua,658,"function Keepupright( Ent, Ang, Bone, angularlimit )",lexical_candidate_not_semantic_analysis,not_ported
garrysmod/lua/includes/modules/constraint.lua,710,function CreateStaticAnchorPoint( pos ),lexical_candidate_not_semantic_analysis,not_ported
garrysmod/lua/includes/modules/constraint.lua,729,"function Slider( Ent1, Ent2, Bone1, Bone2, LPos1, LPos2, width, material, color )",lexical_candidate_not_semantic_analysis,not_ported
garrysmod/lua/includes/modules/constraint.lua,822,"function Axis( Ent1, Ent2, Bone1, Bone2, LPos1, LPos2, forcelimit, torquelimit, friction, nocollide, LocalAxis, DontAddTable )",lexical_candidate_not_semantic_analysis,not_ported
garrysmod/lua/includes/modules/constraint.lua,890,"function AdvBallsocket( Ent1, Ent2, Bone1, Bone2, LPos1, LPos2, forcelimit, torquelimit, xmin, ymin, zmin, xmax, ymax, zmax, xfric, yfric, zfric, onlyrotation, nocollide )",lexical_candidate_not_semantic_analysis,not_ported
garrysmod/lua/includes/modules/constraint.lua,971,"function NoCollide( Ent1, Ent2, Bone1, Bone2, disableOnRemove )",lexical_candidate_not_semantic_analysis,not_ported
garrysmod/lua/includes/modules/constraint.lua,1016,"local function MotorControl( pl, motor, onoff, dir )",lexical_candidate_not_semantic_analysis,not_ported
garrysmod/lua/includes/modules/constraint.lua,1092,"function Motor( Ent1, Ent2, Bone1, Bone2, LPos1, LPos2, friction, torque, forcetime, nocollide, toggle, pl, forcelimit, numpadkey_fwd, numpadkey_bwd, direction, LocalAxis )",lexical_candidate_not_semantic_analysis,not_ported
garrysmod/lua/includes/modules/constraint.lua,1200,"function Pulley( Ent1, Ent4, Bone1, Bone4, LPos1, LPos4, WPos2, WPos3, forcelimit, rigid, width, material, color )",lexical_candidate_not_semantic_analysis,not_ported
garrysmod/lua/includes/modules/constraint.lua,1283,"function Ballsocket( Ent1, Ent2, Bone1, Bone2, LPos, forcelimit, torquelimit, nocollide )",lexical_candidate_not_semantic_analysis,not_ported
garrysmod/lua/includes/modules/constraint.lua,1339,"function Winch( pl, Ent1, Ent2, Bone1, Bone2, LPos1, LPos2, width, fwd_bind, bwd_bind, fwd_speed, bwd_speed, material, toggle, color )",lexical_candidate_not_semantic_analysis,not_ported
garrysmod/lua/includes/modules/constraint.lua,1415,"function Hydraulic( pl, Ent1, Ent2, Bone1, Bone2, LPos1, LPos2, lengthMin, lengthMax, width, key, fixed, speed, material, toggle, color )",lexical_candidate_not_semantic_analysis,not_ported
garrysmod/lua/includes/modules/constraint.lua,1508,"function Muscle( pl, Ent1, Ent2, Bone1, Bone2, LPos1, LPos2, Length1, Length2, width, key, fixed, period, amplitude, starton, material, color )",lexical_candidate_not_semantic_analysis,not_ported
garrysmod/lua/includes/modules/constraint.lua,1593,function HasConstraints( ent ),lexical_candidate_not_semantic_analysis,not_ported
garrysmod/lua/includes/modules/constraint.lua,1622,function GetTable( ent ),lexical_candidate_not_semantic_analysis,not_ported
garrysmod/lua/includes/modules/constraint.lua,1665,function ForgetConstraints( ent ),lexical_candidate_not_semantic_analysis,not_ported
garrysmod/lua/includes/modules/constraint.lua,1675,"function FindConstraints( ent, name )",lexical_candidate_not_semantic_analysis,not_ported
garrysmod/lua/includes/modules/constraint.lua,1696,"function FindConstraint( ent, name )",lexical_candidate_not_semantic_analysis,not_ported
garrysmod/lua/includes/modules/constraint.lua,1715,"function FindConstraintEntity( ent, name )",lexical_candidate_not_semantic_analysis,not_ported
garrysmod/lua/includes/modules/constraint.lua,1734,"function GetAllConstrainedEntities( ent, result )",lexical_candidate_not_semantic_analysis,not_ported
garrysmod/lua/includes/modules/construct.lua,13,"function SetPhysProp( Player, Entity, BoneID, Bone, Data )",lexical_candidate_not_semantic_analysis,not_ported
garrysmod/lua/includes/modules/construct.lua,56,"local function MagnetOff( pl, magnet )",lexical_candidate_not_semantic_analysis,not_ported
garrysmod/lua/includes/modules/construct.lua,68,"local function MagnetOn( pl, magnet )",lexical_candidate_not_semantic_analysis,not_ported
garrysmod/lua/includes/modules/construct.lua,95,"function Magnet( pl, pos, angle, model, material, key, maxobjects, strength, nopull, allowrot, alwayson, toggle, Vel, aVel, frozen )",lexical_candidate_not_semantic_analysis,not_ported
garrysmod/lua/includes/modules/controlpanel.lua,8,local function ShouldReCreate( pnl ),lexical_candidate_not_semantic_analysis,not_ported
garrysmod/lua/includes/modules/controlpanel.lua,21,function Get( name ),lexical_candidate_not_semantic_analysis,not_ported
garrysmod/lua/includes/modules/controlpanel.lua,43,function Clear(),lexical_candidate_not_semantic_analysis,not_ported
garrysmod/lua/includes/modules/cookie.lua,20,local function GetCache( key ),lexical_candidate_not_semantic_analysis,not_ported
garrysmod/lua/includes/modules/cookie.lua,40,local function FlushCache(),lexical_candidate_not_semantic_analysis,not_ported
garrysmod/lua/includes/modules/cookie.lua,47,local function CommitToSQLite(),lexical_candidate_not_semantic_analysis,not_ported
garrysmod/lua/includes/modules/cookie.lua,65,local function ScheduleCommit(),lexical_candidate_not_semantic_analysis,not_ported
garrysmod/lua/includes/modules/cookie.lua,71,"local function SetCache( key, value )",lexical_candidate_not_semantic_analysis,not_ported
garrysmod/lua/includes/modules/cookie.lua,96,"function GetString( name, default )",lexical_candidate_not_semantic_analysis,not_ported
garrysmod/lua/includes/modules/cookie.lua,106,"function GetNumber( name, default )",lexical_candidate_not_semantic_analysis,not_ported
garrysmod/lua/includes/modules/cookie.lua,116,function Delete( name ),lexical_candidate_not_semantic_analysis,not_ported
garrysmod/lua/includes/modules/cookie.lua,126,"function Set( name, value )",lexical_candidate_not_semantic_analysis,not_ported
garrysmod/lua/includes/modules/cvars.lua,22,"function GetConVarCallbacks( name, createIfNotFound )",lexical_candidate_not_semantic_analysis,not_ported
garrysmod/lua/includes/modules/cvars.lua,38,"function OnConVarChanged( name, old, new )",lexical_candidate_not_semantic_analysis,not_ported
garrysmod/lua/includes/modules/cvars.lua,58,"function AddChangeCallback( name, func, identifier )",lexical_candidate_not_semantic_analysis,not_ported
garrysmod/lua/includes/modules/cvars.lua,87,"function RemoveChangeCallback( name, identifier )",lexical_candidate_not_semantic_analysis,not_ported
garrysmod/lua/includes/modules/cvars.lua,108,"function String( name, default )",lexical_candidate_not_semantic_analysis,not_ported
garrysmod/lua/includes/modules/cvars.lua,123,"function Number( name, default )",lexical_candidate_not_semantic_analysis,not_ported
garrysmod/lua/includes/modules/cvars.lua,138,"function Bool( name, default )",lexical_candidate_not_semantic_analysis,not_ported
garrysmod/lua/includes/modules/draw.lua,37,function GetFontHeight( font ),lexical_candidate_not_semantic_analysis,not_ported
garrysmod/lua/includes/modules/draw.lua,56,"function SimpleText( text, font, x, y, colour, xalign, yalign )",lexical_candidate_not_semantic_analysis,not_ported
garrysmod/lua/includes/modules/draw.lua,99,"function SimpleTextOutlined(text, font, x, y, colour, xalign, yalign, outlinewidth, outlinecolour)",lexical_candidate_not_semantic_analysis,not_ported
garrysmod/lua/includes/modules/draw.lua,124,"function DrawText( text, font, x, y, colour, xalign )",lexical_candidate_not_semantic_analysis,not_ported
garrysmod/lua/includes/modules/draw.lua,166,"function RoundedBox( bordersize, x, y, w, h, color )",lexical_candidate_not_semantic_analysis,not_ported
garrysmod/lua/includes/modules/draw.lua,177,"function RoundedBoxEx( bordersize, x, y, w, h, color, tl, tr, bl, br )",lexical_candidate_not_semantic_analysis,not_ported
garrysmod/lua/includes/modules/draw.lua,237,"function WordBox( bordersize, x, y, text, font, color, fontcolor, xalign, yalign )",lexical_candidate_not_semantic_analysis,not_ported
garrysmod/lua/includes/modules/draw.lua,268,function Text( tab ),lexical_candidate_not_semantic_analysis,not_ported
garrysmod/lua/includes/modules/draw.lua,277,"function TextShadow( tab, distance, alpha )",lexical_candidate_not_semantic_analysis,not_ported
garrysmod/lua/includes/modules/draw.lua,299,function TexturedQuad( tab ),lexical_candidate_not_semantic_analysis,not_ported
garrysmod/lua/includes/modules/draw.lua,309,function NoTexture(),lexical_candidate_not_semantic_analysis,not_ported
garrysmod/lua/includes/modules/drive.lua,14,"function Register( name, table, base )",lexical_candidate_not_semantic_analysis,not_ported
garrysmod/lua/includes/modules/drive.lua,39,"function PlayerStartDriving( ply, ent, mode )",lexical_candidate_not_semantic_analysis,not_ported
garrysmod/lua/includes/modules/drive.lua,50,function PlayerStopDriving( ply ),lexical_candidate_not_semantic_analysis,not_ported
garrysmod/lua/includes/modules/drive.lua,56,function GetMethod( ply ),lexical_candidate_not_semantic_analysis,not_ported
garrysmod/lua/includes/modules/drive.lua,103,function DestroyMethod( pl ),lexical_candidate_not_semantic_analysis,not_ported
garrysmod/lua/includes/modules/drive.lua,114,"function Start( ply, ent )",lexical_candidate_not_semantic_analysis,not_ported
garrysmod/lua/includes/modules/drive.lua,141,function CreateMove( cmd ),lexical_candidate_not_semantic_analysis,not_ported
garrysmod/lua/includes/modules/drive.lua,154,"function CalcView( ply, view )",lexical_candidate_not_semantic_analysis,not_ported
garrysmod/lua/includes/modules/drive.lua,169,"function StartMove( ply, mv, cmd )",lexical_candidate_not_semantic_analysis,not_ported
garrysmod/lua/includes/modules/drive.lua,183,"function Move( ply, mv )",lexical_candidate_not_semantic_analysis,not_ported
garrysmod/lua/includes/modules/drive.lua,196,"function FinishMove( ply, mv )",lexical_candidate_not_semantic_analysis,not_ported
garrysmod/lua/includes/modules/drive.lua,214,"function End( ply, ent )",lexical_candidate_not_semantic_analysis,not_ported
garrysmod/lua/includes/modules/duplicator.lua,30,"Save = function( data, phys )",lexical_candidate_not_semantic_analysis,not_ported
garrysmod/lua/includes/modules/duplicator.lua,42,"Load = function( data, phys )",lexical_candidate_not_semantic_analysis,not_ported
garrysmod/lua/includes/modules/duplicator.lua,85,"Save = function( data, Entity )",lexical_candidate_not_semantic_analysis,not_ported
garrysmod/lua/includes/modules/duplicator.lua,104,"Load = function( data, Entity )",lexical_candidate_not_semantic_analysis,not_ported
garrysmod/lua/includes/modules/duplicator.lua,128,"Save = function( data, ent )",lexical_candidate_not_semantic_analysis,not_ported
garrysmod/lua/includes/modules/duplicator.lua,283,"Load = function( data, ent )",lexical_candidate_not_semantic_analysis,not_ported
garrysmod/lua/includes/modules/duplicator.lua,335,function Allow( classname ),lexical_candidate_not_semantic_analysis,not_ported
garrysmod/lua/includes/modules/duplicator.lua,344,function Disallow( classname ),lexical_candidate_not_semantic_analysis,not_ported
garrysmod/lua/includes/modules/duplicator.lua,353,function IsAllowed( classname ),lexical_candidate_not_semantic_analysis,not_ported
garrysmod/lua/includes/modules/duplicator.lua,365,function SetLocalPos( v ) LocalPos = v * 1 end,lexical_candidate_not_semantic_analysis,not_ported
garrysmod/lua/includes/modules/duplicator.lua,366,function SetLocalAng( v ) LocalAng = v * 1 end,lexical_candidate_not_semantic_analysis,not_ported
garrysmod/lua/includes/modules/duplicator.lua,371,"function RegisterConstraint( _name_, _function_, ... )",lexical_candidate_not_semantic_analysis,not_ported
garrysmod/lua/includes/modules/duplicator.lua,385,"function RegisterEntityClass( _name_, _function_, ... )",lexical_candidate_not_semantic_analysis,not_ported
garrysmod/lua/includes/modules/duplicator.lua,399,function FindEntityClass( _name_ ),lexical_candidate_not_semantic_analysis,not_ported
garrysmod/lua/includes/modules/duplicator.lua,409,"function RegisterBoneModifier( _name_, _function_ ) BoneModifiers[ _name_ ] = _function_ end",lexical_candidate_not_semantic_analysis,not_ported
garrysmod/lua/includes/modules/duplicator.lua,410,"function RegisterEntityModifier( _name_, _function_ ) EntityModifiers[ _name_ ] = _function_ end",lexical_candidate_not_semantic_analysis,not_ported
garrysmod/lua/includes/modules/duplicator.lua,415,function FigureOutRequiredAddons( Dupe ),lexical_candidate_not_semantic_analysis,not_ported
garrysmod/lua/includes/modules/duplicator.lua,440,"function DoFlex( ent, Flex, Scale )",lexical_candidate_not_semantic_analysis,not_ported
garrysmod/lua/includes/modules/duplicator.lua,458,"function DoBoneManipulator( ent, bones )",lexical_candidate_not_semantic_analysis,not_ported
garrysmod/lua/includes/modules/duplicator.lua,476,"function GenericDuplicatorFunction( ply, data )",lexical_candidate_not_semantic_analysis,not_ported
garrysmod/lua/includes/modules/duplicator.lua,514,"function StoreEntityModifier( Entity, Type, Data )",lexical_candidate_not_semantic_analysis,not_ported
garrysmod/lua/includes/modules/duplicator.lua,531,"function ClearEntityModifier( Entity, Type )",lexical_candidate_not_semantic_analysis,not_ported
garrysmod/lua/includes/modules/duplicator.lua,543,"function StoreBoneModifier( Entity, BoneID, Type, Data )",lexical_candidate_not_semantic_analysis,not_ported
garrysmod/lua/includes/modules/duplicator.lua,562,function CopyEntTable( Ent ),lexical_candidate_not_semantic_analysis,not_ported
garrysmod/lua/includes/modules/duplicator.lua,573,function WorkoutSize( Ents ),lexical_candidate_not_semantic_analysis,not_ported
garrysmod/lua/includes/modules/duplicator.lua,619,"function Copy( Ent, AddToTable )",lexical_candidate_not_semantic_analysis,not_ported
garrysmod/lua/includes/modules/duplicator.lua,651,function CopyEnts( Ents ),lexical_candidate_not_semantic_analysis,not_ported
garrysmod/lua/includes/modules/duplicator.lua,668,"function CreateEntityFromTable( Player, EntTable )",lexical_candidate_not_semantic_analysis,not_ported
garrysmod/lua/includes/modules/duplicator.lua,726,"function CreateConstraintFromTable( Constraint, EntityList, ply )",lexical_candidate_not_semantic_analysis,not_ported
garrysmod/lua/includes/modules/duplicator.lua,773,"local function IsRopeConstraint( ent ) return ent and ent:GetClass() == ""keyframe_rope"" end",lexical_candidate_not_semantic_analysis,not_ported
garrysmod/lua/includes/modules/duplicator.lua,797,"function Paste( Player, entityList, constraintList )",lexical_candidate_not_semantic_analysis,not_ported
garrysmod/lua/includes/modules/duplicator.lua,893,"function ApplyEntityModifiers( Player, Ent )",lexical_candidate_not_semantic_analysis,not_ported
garrysmod/lua/includes/modules/duplicator.lua,913,"function ApplyBoneModifiers( Player, Ent )",lexical_candidate_not_semantic_analysis,not_ported
garrysmod/lua/includes/modules/duplicator.lua,949,"function GetAllConstrainedEntitiesAndConstraints( ent, EntTable, ConstraintTable )",lexical_candidate_not_semantic_analysis,not_ported
garrysmod/lua/includes/modules/duplicator.lua,1004,"local function ShouldMapEntityBeRemoved( ent, classname )",lexical_candidate_not_semantic_analysis,not_ported
garrysmod/lua/includes/modules/duplicator.lua,1021,function RemoveMapCreatedEntities(),lexical_candidate_not_semantic_analysis,not_ported
garrysmod/lua/includes/modules/duplicator.lua,1036,"function DoGenericPhysics( Entity, Player, data )",lexical_candidate_not_semantic_analysis,not_ported
garrysmod/lua/includes/modules/duplicator.lua,1044,"function DoGeneric( ent, data )",lexical_candidate_not_semantic_analysis,not_ported
garrysmod/lua/includes/modules/effects.lua,15,"function Register( t, name )",lexical_candidate_not_semantic_analysis,not_ported
garrysmod/lua/includes/modules/effects.lua,45,"function Create( name, retval )",lexical_candidate_not_semantic_analysis,not_ported
garrysmod/lua/includes/modules/effects.lua,67,function GetList(),lexical_candidate_not_semantic_analysis,not_ported
garrysmod/lua/includes/modules/gamemode.lua,20,"function Register( t, name, derived )",lexical_candidate_not_semantic_analysis,not_ported
garrysmod/lua/includes/modules/gamemode.lua,66,function Get( name ),lexical_candidate_not_semantic_analysis,not_ported
garrysmod/lua/includes/modules/gamemode.lua,75,"function Call( name, ... )",lexical_candidate_not_semantic_analysis,not_ported
garrysmod/lua/includes/modules/halo.lua,16,"function Add( entities, color, blurx, blury, passes, add, ignorez )",lexical_candidate_not_semantic_analysis,not_ported
garrysmod/lua/includes/modules/halo.lua,37,function RenderedEntity(),lexical_candidate_not_semantic_analysis,not_ported
garrysmod/lua/includes/modules/halo.lua,41,function Render( entry ),lexical_candidate_not_semantic_analysis,not_ported
garrysmod/lua/includes/modules/hook.lua,19,function GetTable(),lexical_candidate_not_semantic_analysis,not_ported
garrysmod/lua/includes/modules/hook.lua,28,"function Add( event_name, name, func )",lexical_candidate_not_semantic_analysis,not_ported
garrysmod/lua/includes/modules/hook.lua,50,"function Remove( event_name, name )",lexical_candidate_not_semantic_analysis,not_ported
garrysmod/lua/includes/modules/hook.lua,71,"function Run( name, ... )",lexical_candidate_not_semantic_analysis,not_ported
garrysmod/lua/includes/modules/hook.lua,85,"function Call( name, gm, ... )",lexical_candidate_not_semantic_analysis,not_ported
garrysmod/lua/includes/modules/http.lua,15,"function callback( (args optional), contents, size )",lexical_candidate_not_semantic_analysis,not_ported
garrysmod/lua/includes/modules/http.lua,18,"function Fetch( url, onsuccess, onfailure, header )",lexical_candidate_not_semantic_analysis,not_ported
garrysmod/lua/includes/modules/http.lua,25,"success = function( code, body, headers )",lexical_candidate_not_semantic_analysis,not_ported
garrysmod/lua/includes/modules/http.lua,33,failed = function( err ),lexical_candidate_not_semantic_analysis,not_ported
garrysmod/lua/includes/modules/http.lua,47,"function Post( url, params, onsuccess, onfailure, header )",lexical_candidate_not_semantic_analysis,not_ported
garrysmod/lua/includes/modules/http.lua,55,"success = function( code, body, headers )",lexical_candidate_not_semantic_analysis,not_ported
garrysmod/lua/includes/modules/http.lua,63,failed = function( err ),lexical_candidate_not_semantic_analysis,not_ported
garrysmod/lua/includes/modules/http.lua,90,"success = function( code, body, headers )",lexical_candidate_not_semantic_analysis,not_ported
garrysmod/lua/includes/modules/http.lua,100,failed = function( reason ),lexical_candidate_not_semantic_analysis,not_ported
garrysmod/lua/includes/modules/killicon.lua,19,"function AddFont( name, font, character, color, heightScale )",lexical_candidate_not_semantic_analysis,not_ported
garrysmod/lua/includes/modules/killicon.lua,33,"function Add( name, material, color )",lexical_candidate_not_semantic_analysis,not_ported
garrysmod/lua/includes/modules/killicon.lua,43,"function AddTexCoord( name, material, color, x, y, w, h )",lexical_candidate_not_semantic_analysis,not_ported
garrysmod/lua/includes/modules/killicon.lua,57,"function AddAlias( name, alias )",lexical_candidate_not_semantic_analysis,not_ported
garrysmod/lua/includes/modules/killicon.lua,63,function Exists( name ),lexical_candidate_not_semantic_analysis,not_ported
garrysmod/lua/includes/modules/killicon.lua,69,"function GetSize( name, dontEqualizeHeight )",lexical_candidate_not_semantic_analysis,not_ported
garrysmod/lua/includes/modules/killicon.lua,132,"local function DrawInternal( x, y, name, alpha, noCorrections, dontEqualizeHeight )",lexical_candidate_not_semantic_analysis,not_ported
garrysmod/lua/includes/modules/killicon.lua,189,"function Draw( x, y, name, alpha )",lexical_candidate_not_semantic_analysis,not_ported
garrysmod/lua/includes/modules/killicon.lua,196,"function Render( x, y, name, alpha, dontEqualizeHeight )",lexical_candidate_not_semantic_analysis,not_ported
garrysmod/lua/includes/modules/list.lua,11,function Get( listid ),lexical_candidate_not_semantic_analysis,not_ported
garrysmod/lua/includes/modules/list.lua,17,"function GetForEdit( listid, nocreate )",lexical_candidate_not_semantic_analysis,not_ported
garrysmod/lua/includes/modules/list.lua,30,function GetTable(),lexical_candidate_not_semantic_analysis,not_ported
garrysmod/lua/includes/modules/list.lua,36,"function Add( listid, value )",lexical_candidate_not_semantic_analysis,not_ported
garrysmod/lua/includes/modules/list.lua,42,"function Contains( listid, value )",lexical_candidate_not_semantic_analysis,not_ported
garrysmod/lua/includes/modules/list.lua,55,"function Set( listid, key, value )",lexical_candidate_not_semantic_analysis,not_ported
garrysmod/lua/includes/modules/list.lua,61,"function RemoveEntry( listid, key )",lexical_candidate_not_semantic_analysis,not_ported
garrysmod/lua/includes/modules/list.lua,67,"function HasEntry( listid, key )",lexical_candidate_not_semantic_analysis,not_ported
garrysmod/lua/includes/modules/list.lua,75,"function GetEntry( listid, key )",lexical_candidate_not_semantic_analysis,not_ported
garrysmod/lua/includes/modules/markup.lua,40,function Color( col ),lexical_candidate_not_semantic_analysis,not_ported
garrysmod/lua/includes/modules/markup.lua,107,local function colourMatch( c ),lexical_candidate_not_semantic_analysis,not_ported
garrysmod/lua/includes/modules/markup.lua,116,"local function ExtractParams( p1, p2, p3 )",lexical_candidate_not_semantic_analysis,not_ported
garrysmod/lua/includes/modules/markup.lua,162,local function CheckTextOrTag( p ),lexical_candidate_not_semantic_analysis,not_ported
garrysmod/lua/includes/modules/markup.lua,184,"local function ProcessMatches( p1, p2, p3 )",lexical_candidate_not_semantic_analysis,not_ported
garrysmod/lua/includes/modules/markup.lua,195,function MarkupObject:GetWidth(),lexical_candidate_not_semantic_analysis,not_ported
garrysmod/lua/includes/modules/markup.lua,204,function MarkupObject:GetMaxWidth(),lexical_candidate_not_semantic_analysis,not_ported
garrysmod/lua/includes/modules/markup.lua,213,function MarkupObject:GetHeight(),lexical_candidate_not_semantic_analysis,not_ported
garrysmod/lua/includes/modules/markup.lua,217,function MarkupObject:Size(),lexical_candidate_not_semantic_analysis,not_ported
garrysmod/lua/includes/modules/markup.lua,229,"function MarkupObject:Draw( xOffset, yOffset, halign, valign, alphaoverride, textAlign )",lexical_candidate_not_semantic_analysis,not_ported
garrysmod/lua/includes/modules/markup.lua,280,function Escape( str ),lexical_candidate_not_semantic_analysis,not_ported
garrysmod/lua/includes/modules/markup.lua,296,"function Parse( ml, maxwidth )",lexical_candidate_not_semantic_analysis,not_ported
garrysmod/lua/includes/modules/matproxy.lua,12,function ShouldOverrideProxy( name ),lexical_candidate_not_semantic_analysis,not_ported
garrysmod/lua/includes/modules/matproxy.lua,24,function Add( tbl ),lexical_candidate_not_semantic_analysis,not_ported
garrysmod/lua/includes/modules/matproxy.lua,54,"function Call( name, mat, ent )",lexical_candidate_not_semantic_analysis,not_ported
garrysmod/lua/includes/modules/matproxy.lua,67,"function Init( name, uname, mat, values )",lexical_candidate_not_semantic_analysis,not_ported
garrysmod/lua/includes/modules/menubar.lua,4,function menubar.Init(),lexical_candidate_not_semantic_analysis,not_ported
garrysmod/lua/includes/modules/menubar.lua,14,function menubar.ParentTo( pnl ),lexical_candidate_not_semantic_analysis,not_ported
garrysmod/lua/includes/modules/menubar.lua,28,function menubar.IsParent( pnl ),lexical_candidate_not_semantic_analysis,not_ported
garrysmod/lua/includes/modules/notification.lua,37,"function AddProgress( uid, text, frac )",lexical_candidate_not_semantic_analysis,not_ported
garrysmod/lua/includes/modules/notification.lua,68,function Kill( uid ),lexical_candidate_not_semantic_analysis,not_ported
garrysmod/lua/includes/modules/notification.lua,77,"function AddLegacy( text, type, length )",lexical_candidate_not_semantic_analysis,not_ported
garrysmod/lua/includes/modules/notification.lua,99,"local function UpdateNotice( pnl, total_h )",lexical_candidate_not_semantic_analysis,not_ported
garrysmod/lua/includes/modules/notification.lua,170,function PANEL:Init(),lexical_candidate_not_semantic_analysis,not_ported
garrysmod/lua/includes/modules/notification.lua,185,function PANEL:SetText( txt ),lexical_candidate_not_semantic_analysis,not_ported
garrysmod/lua/includes/modules/notification.lua,192,function PANEL:SizeToContents(),lexical_candidate_not_semantic_analysis,not_ported
garrysmod/lua/includes/modules/notification.lua,230,function PANEL:SetLegacyType( t ),lexical_candidate_not_semantic_analysis,not_ported
garrysmod/lua/includes/modules/notification.lua,240,"self.Image.Paint = function( s, w, h )",lexical_candidate_not_semantic_analysis,not_ported
garrysmod/lua/includes/modules/notification.lua,252,"function PANEL:Paint( w, h )",lexical_candidate_not_semantic_analysis,not_ported
garrysmod/lua/includes/modules/notification.lua,294,function PANEL:SetProgress( frac ),lexical_candidate_not_semantic_analysis,not_ported
garrysmod/lua/includes/modules/notification.lua,303,function PANEL:KillSelf(),lexical_candidate_not_semantic_analysis,not_ported
garrysmod/lua/includes/modules/numpad.lua,31,function FromButton(),lexical_candidate_not_semantic_analysis,not_ported
garrysmod/lua/includes/modules/numpad.lua,37,local function Save( save ),lexical_candidate_not_semantic_analysis,not_ported
garrysmod/lua/includes/modules/numpad.lua,45,local function Restore( restore ),lexical_candidate_not_semantic_analysis,not_ported
garrysmod/lua/includes/modules/numpad.lua,59,local function GetPlayerIndex( ply ),lexical_candidate_not_semantic_analysis,not_ported
garrysmod/lua/includes/modules/numpad.lua,70,"local function FireImpulse( tab, pl, idx )",lexical_candidate_not_semantic_analysis,not_ported
garrysmod/lua/includes/modules/numpad.lua,97,"function Activate( pl, num, bIsButton )",lexical_candidate_not_semantic_analysis,not_ported
garrysmod/lua/includes/modules/numpad.lua,123,"function Deactivate( pl, num, bIsButton )",lexical_candidate_not_semantic_analysis,not_ported
garrysmod/lua/includes/modules/numpad.lua,146,"function Toggle( pl, num )",lexical_candidate_not_semantic_analysis,not_ported
garrysmod/lua/includes/modules/numpad.lua,160,"local function AddImpulse( table, ply, impulse )",lexical_candidate_not_semantic_analysis,not_ported
garrysmod/lua/includes/modules/numpad.lua,175,"function OnDown( ply, key, name, ... )",lexical_candidate_not_semantic_analysis,not_ported
garrysmod/lua/includes/modules/numpad.lua,195,"function OnUp( ply, key, name, ... )",lexical_candidate_not_semantic_analysis,not_ported
garrysmod/lua/includes/modules/numpad.lua,215,"local function RemoveFromKeyTable( tab, idx )",lexical_candidate_not_semantic_analysis,not_ported
garrysmod/lua/includes/modules/numpad.lua,234,function Remove( idx ),lexical_candidate_not_semantic_analysis,not_ported
garrysmod/lua/includes/modules/numpad.lua,246,"function Register( name, func )",lexical_candidate_not_semantic_analysis,not_ported
garrysmod/lua/includes/modules/player_manager.lua,24,"function AddValidModel( name, model, title, category )",lexical_candidate_not_semantic_analysis,not_ported
garrysmod/lua/includes/modules/player_manager.lua,40,"function AddValidHands( name, model, skin, body, matchBodySkin )",lexical_candidate_not_semantic_analysis,not_ported
garrysmod/lua/includes/modules/player_manager.lua,49,function AllValidModels(),lexical_candidate_not_semantic_analysis,not_ported
garrysmod/lua/includes/modules/player_manager.lua,59,function GetAllPlayerModels(),lexical_candidate_not_semantic_analysis,not_ported
garrysmod/lua/includes/modules/player_manager.lua,68,function RemoveValidModel( name ),lexical_candidate_not_semantic_analysis,not_ported
garrysmod/lua/includes/modules/player_manager.lua,84,function TranslatePlayerModel( name ),lexical_candidate_not_semantic_analysis,not_ported
garrysmod/lua/includes/modules/player_manager.lua,95,function TranslateToPlayerModelName( model ),lexical_candidate_not_semantic_analysis,not_ported
garrysmod/lua/includes/modules/player_manager.lua,110,function TranslatePlayerHands( name ),lexical_candidate_not_semantic_analysis,not_ported
garrysmod/lua/includes/modules/player_manager.lua,129,"local function AddPlayerModel( name, title, model, handsModel, handsSkin, handsBody )",lexical_candidate_not_semantic_analysis,not_ported
garrysmod/lua/includes/modules/player_manager.lua,257,function GetPlayerClasses(),lexical_candidate_not_semantic_analysis,not_ported
garrysmod/lua/includes/modules/player_manager.lua,263,local function LookupPlayerClass( ply ),lexical_candidate_not_semantic_analysis,not_ported
garrysmod/lua/includes/modules/player_manager.lua,292,Func = function() end,lexical_candidate_not_semantic_analysis,not_ported
garrysmod/lua/includes/modules/player_manager.lua,307,"function RegisterClass( name, tab, base )",lexical_candidate_not_semantic_analysis,not_ported
garrysmod/lua/includes/modules/player_manager.lua,334,"function SetPlayerClass( ply, classname )",lexical_candidate_not_semantic_analysis,not_ported
garrysmod/lua/includes/modules/player_manager.lua,347,function GetPlayerClass( ply ),lexical_candidate_not_semantic_analysis,not_ported
garrysmod/lua/includes/modules/player_manager.lua,356,function GetPlayerClassTable( ply ),lexical_candidate_not_semantic_analysis,not_ported
garrysmod/lua/includes/modules/player_manager.lua,368,function ClearPlayerClass( ply ),lexical_candidate_not_semantic_analysis,not_ported
garrysmod/lua/includes/modules/player_manager.lua,374,"function RunClass( ply, funcname, ... )",lexical_candidate_not_semantic_analysis,not_ported
garrysmod/lua/includes/modules/player_manager.lua,390,"function OnPlayerSpawn( ply, transiton )",lexical_candidate_not_semantic_analysis,not_ported
garrysmod/lua/includes/modules/presets.lua,8,function GetTable( presetname ),lexical_candidate_not_semantic_analysis,not_ported
garrysmod/lua/includes/modules/presets.lua,20,"function Exists( presetname, strName )",lexical_candidate_not_semantic_analysis,not_ported
garrysmod/lua/includes/modules/presets.lua,33,"function Add( presetname, strName, pTable )",lexical_candidate_not_semantic_analysis,not_ported
garrysmod/lua/includes/modules/presets.lua,48,"function Rename( presetname, strName, strToName )",lexical_candidate_not_semantic_analysis,not_ported
garrysmod/lua/includes/modules/presets.lua,65,"function Remove( presetname, strName )",lexical_candidate_not_semantic_analysis,not_ported
garrysmod/lua/includes/modules/presets.lua,81,function BadNameAlert(),lexical_candidate_not_semantic_analysis,not_ported
garrysmod/lua/includes/modules/presets.lua,87,function OverwritePresetPrompt( func ),lexical_candidate_not_semantic_analysis,not_ported
garrysmod/lua/includes/modules/properties.lua,5,MsgStart = function( self ),lexical_candidate_not_semantic_analysis,not_ported
garrysmod/lua/includes/modules/properties.lua,12,MsgEnd = function( self ),lexical_candidate_not_semantic_analysis,not_ported
garrysmod/lua/includes/modules/properties.lua,28,"function Add( name, tab )",lexical_candidate_not_semantic_analysis,not_ported
garrysmod/lua/includes/modules/properties.lua,38,function Remove( name ),lexical_candidate_not_semantic_analysis,not_ported
garrysmod/lua/includes/modules/properties.lua,50,"local function AddToggleOption( data, menu, ent, ply, tr )",lexical_candidate_not_semantic_analysis,not_ported
garrysmod/lua/includes/modules/properties.lua,64,"local function AddOption( data, menu, ent, ply, tr )",lexical_candidate_not_semantic_analysis,not_ported
garrysmod/lua/includes/modules/properties.lua,86,"function OpenEntityMenu( ent, tr )",lexical_candidate_not_semantic_analysis,not_ported
garrysmod/lua/includes/modules/properties.lua,105,"function OnScreenClick( eyepos, eyevec )",lexical_candidate_not_semantic_analysis,not_ported
garrysmod/lua/includes/modules/properties.lua,116,"function CanBeTargeted( ent, ply )",lexical_candidate_not_semantic_analysis,not_ported
garrysmod/lua/includes/modules/properties.lua,134,"function GetHovered( eyepos, eyevec )",lexical_candidate_not_semantic_analysis,not_ported
garrysmod/lua/includes/modules/saverestore.lua,19,local function MySaveFunction( save ),lexical_candidate_not_semantic_analysis,not_ported
garrysmod/lua/includes/modules/saverestore.lua,23,local function MyRestoreFunction( restore ),lexical_candidate_not_semantic_analysis,not_ported
garrysmod/lua/includes/modules/saverestore.lua,48,function PreSave(),lexical_candidate_not_semantic_analysis,not_ported
garrysmod/lua/includes/modules/saverestore.lua,55,function PreRestore(),lexical_candidate_not_semantic_analysis,not_ported
garrysmod/lua/includes/modules/saverestore.lua,66,"local function GetTypeStr( name, bRead )",lexical_candidate_not_semantic_analysis,not_ported
garrysmod/lua/includes/modules/saverestore.lua,103,local function GetType( var ),lexical_candidate_not_semantic_analysis,not_ported
garrysmod/lua/includes/modules/saverestore.lua,114,"local function IsWritable( k, v )",lexical_candidate_not_semantic_analysis,not_ported
garrysmod/lua/includes/modules/saverestore.lua,132,function WritableKeysInTable( t ),lexical_candidate_not_semantic_analysis,not_ported
garrysmod/lua/includes/modules/saverestore.lua,151,"function WriteVar( var, save )",lexical_candidate_not_semantic_analysis,not_ported
garrysmod/lua/includes/modules/saverestore.lua,185,function ReadVar( restore ),lexical_candidate_not_semantic_analysis,not_ported
garrysmod/lua/includes/modules/saverestore.lua,220,"function WriteTable( tab, save )",lexical_candidate_not_semantic_analysis,not_ported
garrysmod/lua/includes/modules/saverestore.lua,274,function ReadTable( restore ),lexical_candidate_not_semantic_analysis,not_ported
garrysmod/lua/includes/modules/saverestore.lua,323,"function SaveEntity( ent, save )",lexical_candidate_not_semantic_analysis,not_ported
garrysmod/lua/includes/modules/saverestore.lua,337,"function LoadEntity( ent, restore )",lexical_candidate_not_semantic_analysis,not_ported
garrysmod/lua/includes/modules/saverestore.lua,360,"function AddSaveHook( name, func )",lexical_candidate_not_semantic_analysis,not_ported
garrysmod/lua/includes/modules/saverestore.lua,374,"function AddRestoreHook( name, func )",lexical_candidate_not_semantic_analysis,not_ported
garrysmod/lua/includes/modules/saverestore.lua,388,function SaveGlobal( save ),lexical_candidate_not_semantic_analysis,not_ported
garrysmod/lua/includes/modules/saverestore.lua,411,function LoadGlobal( restore ),lexical_candidate_not_semantic_analysis,not_ported
garrysmod/lua/includes/modules/scripted_ents.lua,22,"local function TableInherit( t, base )",lexical_candidate_not_semantic_analysis,not_ported
garrysmod/lua/includes/modules/scripted_ents.lua,44,"function IsBasedOn( name, base )",lexical_candidate_not_semantic_analysis,not_ported
garrysmod/lua/includes/modules/scripted_ents.lua,53,"function Register( t, name )",lexical_candidate_not_semantic_analysis,not_ported
garrysmod/lua/includes/modules/scripted_ents.lua,145,function OnLoaded(),lexical_candidate_not_semantic_analysis,not_ported
garrysmod/lua/includes/modules/scripted_ents.lua,160,"function Get( name, retval )",lexical_candidate_not_semantic_analysis,not_ported
garrysmod/lua/includes/modules/scripted_ents.lua,196,function GetType( name ),lexical_candidate_not_semantic_analysis,not_ported
garrysmod/lua/includes/modules/scripted_ents.lua,221,function GetStored( name ),lexical_candidate_not_semantic_analysis,not_ported
garrysmod/lua/includes/modules/scripted_ents.lua,229,function GetList(),lexical_candidate_not_semantic_analysis,not_ported
garrysmod/lua/includes/modules/scripted_ents.lua,239,function GetSpawnable(),lexical_candidate_not_semantic_analysis,not_ported
garrysmod/lua/includes/modules/scripted_ents.lua,257,"function Alias( From, To )",lexical_candidate_not_semantic_analysis,not_ported
garrysmod/lua/includes/modules/scripted_ents.lua,263,"function GetMember( entity_name, membername )",lexical_candidate_not_semantic_analysis,not_ported
garrysmod/lua/includes/modules/search.lua,6,"function AddProvider( func, id )",lexical_candidate_not_semantic_analysis,not_ported
garrysmod/lua/includes/modules/search.lua,20,"function GetResults( str, types, maxResults )",lexical_candidate_not_semantic_analysis,not_ported
garrysmod/lua/includes/modules/spawnmenu.lua,20,function SetActiveControlPanel( pnl ),lexical_candidate_not_semantic_analysis,not_ported
garrysmod/lua/includes/modules/spawnmenu.lua,24,function ActiveControlPanel(),lexical_candidate_not_semantic_analysis,not_ported
garrysmod/lua/includes/modules/spawnmenu.lua,28,function GetTools(),lexical_candidate_not_semantic_analysis,not_ported
garrysmod/lua/includes/modules/spawnmenu.lua,32,"function GetToolMenu( name, label, icon )",lexical_candidate_not_semantic_analysis,not_ported
garrysmod/lua/includes/modules/spawnmenu.lua,60,function ClearToolMenus(),lexical_candidate_not_semantic_analysis,not_ported
garrysmod/lua/includes/modules/spawnmenu.lua,66,"function AddToolTab( strName, strLabel, Icon )",lexical_candidate_not_semantic_analysis,not_ported
garrysmod/lua/includes/modules/spawnmenu.lua,72,function SwitchToolTab( id ),lexical_candidate_not_semantic_analysis,not_ported
garrysmod/lua/includes/modules/spawnmenu.lua,81,"function ActivateToolPanel( tabId, ctrlPnl, toolName )",lexical_candidate_not_semantic_analysis,not_ported
garrysmod/lua/includes/modules/spawnmenu.lua,101,"function ActivateTool( strName, noCommand )",lexical_candidate_not_semantic_analysis,not_ported
garrysmod/lua/includes/modules/spawnmenu.lua,131,"function AddToolCategory( tab, RealName, PrintName )",lexical_candidate_not_semantic_analysis,not_ported
garrysmod/lua/includes/modules/spawnmenu.lua,147,"function AddToolMenuOption( tab, category, itemname, text, command, controls, cpanelfunction, TheTable )",lexical_candidate_not_semantic_analysis,not_ported
garrysmod/lua/includes/modules/spawnmenu.lua,182,"function AddCreationTab( strName, pFunction, pMaterial, iOrder, strTooltip )",lexical_candidate_not_semantic_analysis,not_ported
garrysmod/lua/includes/modules/spawnmenu.lua,192,function GetCreationTabs(),lexical_candidate_not_semantic_analysis,not_ported
garrysmod/lua/includes/modules/spawnmenu.lua,198,function SwitchCreationTab( id ),lexical_candidate_not_semantic_analysis,not_ported
garrysmod/lua/includes/modules/spawnmenu.lua,212,function GetPropTable(),lexical_candidate_not_semantic_analysis,not_ported
garrysmod/lua/includes/modules/spawnmenu.lua,218,function GetCustomPropTable(),lexical_candidate_not_semantic_analysis,not_ported
garrysmod/lua/includes/modules/spawnmenu.lua,224,"function AddPropCategory( strFilename, strName, tabContents, icon, id, parentid, needsapp )",lexical_candidate_not_semantic_analysis,not_ported
garrysmod/lua/includes/modules/spawnmenu.lua,240,function PopulateFromEngineTextFiles(),lexical_candidate_not_semantic_analysis,not_ported
garrysmod/lua/includes/modules/spawnmenu.lua,260,function DoSaveToTextFiles( props ),lexical_candidate_not_semantic_analysis,not_ported
garrysmod/lua/includes/modules/spawnmenu.lua,272,"function MyFunction( ContentPanel, ObjectTable )",lexical_candidate_not_semantic_analysis,not_ported
garrysmod/lua/includes/modules/spawnmenu.lua,285,"function AddContentType( name, func )",lexical_candidate_not_semantic_analysis,not_ported
garrysmod/lua/includes/modules/spawnmenu.lua,289,function GetContentType( name ),lexical_candidate_not_semantic_analysis,not_ported
garrysmod/lua/includes/modules/spawnmenu.lua,298,cp[ name ] = function() end,lexical_candidate_not_semantic_analysis,not_ported
garrysmod/lua/includes/modules/spawnmenu.lua,306,"function CreateContentIcon( type, parent, tbl )",lexical_candidate_not_semantic_analysis,not_ported
garrysmod/lua/includes/modules/team.lua,25,"function SetUp( id, name, color, joinable )",lexical_candidate_not_semantic_analysis,not_ported
garrysmod/lua/includes/modules/team.lua,34,function GetAllTeams(),lexical_candidate_not_semantic_analysis,not_ported
garrysmod/lua/includes/modules/team.lua,40,function Valid( id ),lexical_candidate_not_semantic_analysis,not_ported
garrysmod/lua/includes/modules/team.lua,47,function Joinable( id ),lexical_candidate_not_semantic_analysis,not_ported
garrysmod/lua/includes/modules/team.lua,54,function GetSpawnPoint( id ),lexical_candidate_not_semantic_analysis,not_ported
garrysmod/lua/includes/modules/team.lua,61,function GetSpawnPoints( id ),lexical_candidate_not_semantic_analysis,not_ported
garrysmod/lua/includes/modules/team.lua,80,"function SetSpawnPoint( id, ent_name )",lexical_candidate_not_semantic_analysis,not_ported
garrysmod/lua/includes/modules/team.lua,89,"function SetClass( id, classtable )",lexical_candidate_not_semantic_analysis,not_ported
garrysmod/lua/includes/modules/team.lua,98,function GetClass( id ),lexical_candidate_not_semantic_analysis,not_ported
garrysmod/lua/includes/modules/team.lua,105,function TotalDeaths( index ),lexical_candidate_not_semantic_analysis,not_ported
garrysmod/lua/includes/modules/team.lua,119,function TotalFrags( index ),lexical_candidate_not_semantic_analysis,not_ported
garrysmod/lua/includes/modules/team.lua,133,function NumPlayers( index ),lexical_candidate_not_semantic_analysis,not_ported
garrysmod/lua/includes/modules/team.lua,147,function GetPlayers( index ),lexical_candidate_not_semantic_analysis,not_ported
garrysmod/lua/includes/modules/team.lua,161,function GetScore( index ),lexical_candidate_not_semantic_analysis,not_ported
garrysmod/lua/includes/modules/team.lua,167,function GetName( index ),lexical_candidate_not_semantic_analysis,not_ported
garrysmod/lua/includes/modules/team.lua,174,"function SetColor( index, color )",lexical_candidate_not_semantic_analysis,not_ported
garrysmod/lua/includes/modules/team.lua,183,function GetColor( index ),lexical_candidate_not_semantic_analysis,not_ported
garrysmod/lua/includes/modules/team.lua,190,"function SetScore( index, score )",lexical_candidate_not_semantic_analysis,not_ported
garrysmod/lua/includes/modules/team.lua,196,"function AddScore(index, score)",lexical_candidate_not_semantic_analysis,not_ported
garrysmod/lua/includes/modules/team.lua,202,function BestAutoJoinTeam(),lexical_candidate_not_semantic_analysis,not_ported
garrysmod/lua/includes/modules/undo.lua,19,function GetTable(),lexical_candidate_not_semantic_analysis,not_ported
garrysmod/lua/includes/modules/undo.lua,28,local function UpdateUI(),lexical_candidate_not_semantic_analysis,not_ported
garrysmod/lua/includes/modules/undo.lua,50,"Item.DoClick = function() RunConsoleCommand( ""gmod_undonum"", tostring( v.Key ) ) end",lexical_candidate_not_semantic_analysis,not_ported
garrysmod/lua/includes/modules/undo.lua,129,function MakeUIDirty(),lexical_candidate_not_semantic_analysis,not_ported
garrysmod/lua/includes/modules/undo.lua,141,local function CPanelUpdate( panel ),lexical_candidate_not_semantic_analysis,not_ported
garrysmod/lua/includes/modules/undo.lua,160,function so we can determine when it is being drawn.,lexical_candidate_not_semantic_analysis,not_ported
garrysmod/lua/includes/modules/undo.lua,162,function SetupUI(),lexical_candidate_not_semantic_analysis,not_ported
garrysmod/lua/includes/modules/undo.lua,206,function GetTable(),lexical_candidate_not_semantic_analysis,not_ported
garrysmod/lua/includes/modules/undo.lua,224,function Create( text ),lexical_candidate_not_semantic_analysis,not_ported
garrysmod/lua/includes/modules/undo.lua,237,function SetCustomUndoText( CustomUndoText ),lexical_candidate_not_semantic_analysis,not_ported
garrysmod/lua/includes/modules/undo.lua,248,function AddEntity( ent ),lexical_candidate_not_semantic_analysis,not_ported
garrysmod/lua/includes/modules/undo.lua,260,"function AddFunction( func, ... )",lexical_candidate_not_semantic_analysis,not_ported
garrysmod/lua/includes/modules/undo.lua,272,"function ReplaceEntity( from, to )",lexical_candidate_not_semantic_analysis,not_ported
garrysmod/lua/includes/modules/undo.lua,299,function SetPlayer( ply ),lexical_candidate_not_semantic_analysis,not_ported
garrysmod/lua/includes/modules/undo.lua,312,"local function SendUndoneMessage( ent, id, ply )",lexical_candidate_not_semantic_analysis,not_ported
garrysmod/lua/includes/modules/undo.lua,328,local function Can_CreateUndo( undo ),lexical_candidate_not_semantic_analysis,not_ported
garrysmod/lua/includes/modules/undo.lua,339,function Finish( NiceText ),lexical_candidate_not_semantic_analysis,not_ported
garrysmod/lua/includes/modules/undo.lua,378,local function CleanupInvalidUndos(),lexical_candidate_not_semantic_analysis,not_ported
garrysmod/lua/includes/modules/undo.lua,438,function Do_Undo( undo ),lexical_candidate_not_semantic_analysis,not_ported
garrysmod/lua/includes/modules/undo.lua,489,"local function Can_Undo( ply, undo )",lexical_candidate_not_semantic_analysis,not_ported
garrysmod/lua/includes/modules/undo.lua,497,"local function CC_UndoLast( pl, command, args )",lexical_candidate_not_semantic_analysis,not_ported
garrysmod/lua/includes/modules/undo.lua,538,"local function CC_UndoNum( ply, command, args )",lexical_candidate_not_semantic_analysis,not_ported
garrysmod/lua/includes/modules/usermessage.lua,11,"function SendUserMessage( name, ply, ... )",lexical_candidate_not_semantic_analysis,not_ported
garrysmod/lua/includes/modules/usermessage.lua,53,function GetTable(),lexical_candidate_not_semantic_analysis,not_ported
garrysmod/lua/includes/modules/usermessage.lua,63,"function Hook( messagename, func, ... )",lexical_candidate_not_semantic_analysis,not_ported
garrysmod/lua/includes/modules/usermessage.lua,76,"function IncomingMessage( MessageName, msg )",lexical_candidate_not_semantic_analysis,not_ported
garrysmod/lua/includes/modules/utf8.lua,21,"local function strRelToAbs( str, ... )",lexical_candidate_not_semantic_analysis,not_ported
garrysmod/lua/includes/modules/utf8.lua,42,"local function decode( str, startPos )",lexical_candidate_not_semantic_analysis,not_ported
garrysmod/lua/includes/modules/utf8.lua,98,function char( ... ),lexical_candidate_not_semantic_analysis,not_ported
garrysmod/lua/includes/modules/utf8.lua,150,function codes( str ),lexical_candidate_not_semantic_analysis,not_ported
garrysmod/lua/includes/modules/utf8.lua,179,"function codepoint( str, startPos, endPos )",lexical_candidate_not_semantic_analysis,not_ported
garrysmod/lua/includes/modules/utf8.lua,206,"function len( str, startPos, endPos )",lexical_candidate_not_semantic_analysis,not_ported
garrysmod/lua/includes/modules/utf8.lua,236,"function offset( str, n, startPos )",lexical_candidate_not_semantic_analysis,not_ported
garrysmod/lua/includes/modules/utf8.lua,307,function force( str ),lexical_candidate_not_semantic_analysis,not_ported
garrysmod/lua/includes/modules/utf8.lua,344,"local function strRelToAbsChar( str, pos )",lexical_candidate_not_semantic_analysis,not_ported
garrysmod/lua/includes/modules/utf8.lua,354,"function GetChar( str, idx )",lexical_candidate_not_semantic_analysis,not_ported
garrysmod/lua/includes/modules/utf8.lua,367,"function sub( str, charstart, charend )",lexical_candidate_not_semantic_analysis,not_ported
garrysmod/lua/includes/modules/weapons.lua,10,"local function TableInherit( t, base )",lexical_candidate_not_semantic_analysis,not_ported
garrysmod/lua/includes/modules/weapons.lua,32,"function IsBasedOn( name, base )",lexical_candidate_not_semantic_analysis,not_ported
garrysmod/lua/includes/modules/weapons.lua,46,"function Register( t, name )",lexical_candidate_not_semantic_analysis,not_ported
garrysmod/lua/includes/modules/weapons.lua,114,function OnLoaded(),lexical_candidate_not_semantic_analysis,not_ported
garrysmod/lua/includes/modules/weapons.lua,133,"function Get( name, retval )",lexical_candidate_not_semantic_analysis,not_ported
garrysmod/lua/includes/modules/weapons.lua,170,function GetStored( name ),lexical_candidate_not_semantic_analysis,not_ported
garrysmod/lua/includes/modules/weapons.lua,178,function GetList(),lexical_candidate_not_semantic_analysis,not_ported
garrysmod/lua/includes/modules/widget.lua,28,local function UpdateHovered( pl ),lexical_candidate_not_semantic_analysis,not_ported
garrysmod/lua/includes/modules/widget.lua,65,"local function UpdateButton( pl, mv, btn, mousebutton, hvr, prs )",lexical_candidate_not_semantic_analysis,not_ported
garrysmod/lua/includes/modules/widget.lua,84,"function widgets.PlayerTick( pl, mv )",lexical_candidate_not_semantic_analysis,not_ported
garrysmod/lua/includes/modules/widget.lua,103,function widgets.RenderMe( ent ),lexical_candidate_not_semantic_analysis,not_ported
garrysmod/lua/includes/modules/widget.lua,108,local function RenderWidgets(),lexical_candidate_not_semantic_analysis,not_ported
garrysmod/lua/includes/modules/widget.lua,172,function ENTITY:IsWidget(),lexical_candidate_not_semantic_analysis,not_ported
garrysmod/lua/includes/util/client.lua,10,function RealFrameTime() return FrameTime end,lexical_candidate_not_semantic_analysis,not_ported
garrysmod/lua/includes/util/client.lua,12,local function RealFrameTimeThink(),lexical_candidate_not_semantic_analysis,not_ported
garrysmod/lua/includes/util/client.lua,24,"init = function( self, mat, values )",lexical_candidate_not_semantic_analysis,not_ported
garrysmod/lua/includes/util/client.lua,26,"bind = function( self, mat, ent )",lexical_candidate_not_semantic_analysis,not_ported
garrysmod/lua/includes/util/client.lua,53,"local function RenderSpawnIcon_Prop( model, pos, middle, size )",lexical_candidate_not_semantic_analysis,not_ported
garrysmod/lua/includes/util/client.lua,77,"local function RenderSpawnIcon_Ragdoll( model, pos, middle, size )",lexical_candidate_not_semantic_analysis,not_ported
garrysmod/lua/includes/util/client.lua,99,"local function RenderSpawnIcon_Ragdoll_Head( model, pos, middle, size )",lexical_candidate_not_semantic_analysis,not_ported
garrysmod/lua/includes/util/client.lua,118,"local function RenderSpawnIcon_Ragdoll_Facemask( model, pos, middle, size )",lexical_candidate_not_semantic_analysis,not_ported
garrysmod/lua/includes/util/client.lua,139,"local function RenderSpawnIcon_Ragdoll_Forward( model, pos, middle, size )",lexical_candidate_not_semantic_analysis,not_ported
garrysmod/lua/includes/util/client.lua,158,"local function RenderSpawnIcon_DOD( model, pos, middle, size )",lexical_candidate_not_semantic_analysis,not_ported
garrysmod/lua/includes/util/client.lua,174,"local function RenderSpawnIcon_CS( model, pos, middle, size )",lexical_candidate_not_semantic_analysis,not_ported
garrysmod/lua/includes/util/client.lua,190,"local function RenderSpawnIcon_Special( model, pos, middle, size, x, y, z )",lexical_candidate_not_semantic_analysis,not_ported
garrysmod/lua/includes/util/client.lua,206,"local function RenderSpawnIcon_ViewModel( model, pos, middle, size )",lexical_candidate_not_semantic_analysis,not_ported
garrysmod/lua/includes/util/client.lua,224,"function PositionSpawnIcon( model, pos, noAngles )",lexical_candidate_not_semantic_analysis,not_ported
garrysmod/lua/includes/util/client.lua,294,"SpawniconGenFunctions[ ""models/infected/witch.mdl"" ] = function( a, b, c, d ) return RenderSpawnIcon_Special( a, b, c, d, -40, 25, 0 ) end",lexical_candidate_not_semantic_analysis,not_ported
garrysmod/lua/includes/util/client.lua,295,"SpawniconGenFunctions[ ""models/infected/smoker.mdl"" ] = function( a, b, c, d ) return RenderSpawnIcon_Special( a, b, c, d, -60, 33, 10 ) end",lexical_candidate_not_semantic_analysis,not_ported
garrysmod/lua/includes/util/client.lua,296,"SpawniconGenFunctions[ ""models/infected/hunter.mdl"" ] = function( a, b, c, d ) return RenderSpawnIcon_Special( a, b, c, d, -50, 26, 2 ) end",lexical_candidate_not_semantic_analysis,not_ported
garrysmod/lua/includes/util/client.lua,297,"SpawniconGenFunctions[ ""models/infected/hulk.mdl"" ] = function( a, b, c, d ) return RenderSpawnIcon_Special( a, b, c, d, -70, 30, 11 ) end",lexical_candidate_not_semantic_analysis,not_ported
garrysmod/lua/includes/util/client.lua,298,"SpawniconGenFunctions[ ""models/infected/boomer.mdl"" ] = function( a, b, c, d ) return RenderSpawnIcon_Special( a, b, c, d, -50, 27, 0 ) end",lexical_candidate_not_semantic_analysis,not_ported
garrysmod/lua/includes/util/client.lua,331,"SpawniconGenFunctions[ ""models/zombies/zombie0/zombie0.mdl"" ] = function( a, b, c, d ) return RenderSpawnIcon_Special( a, b, c, d, -100, 17, 10 ) end",lexical_candidate_not_semantic_analysis,not_ported
garrysmod/lua/includes/util/client.lua,332,"SpawniconGenFunctions[ ""models/zombies/zombie1/zombie1.mdl"" ] = function( a, b, c, d ) return RenderSpawnIcon_Special( a, b, c, d, -100, 17, 10 ) end",lexical_candidate_not_semantic_analysis,not_ported
garrysmod/lua/includes/util/client.lua,333,"SpawniconGenFunctions[ ""models/zombies/zombie2/zombie2.mdl"" ] = function( a, b, c, d ) return RenderSpawnIcon_Special( a, b, c, d, -100, 17, 10 ) end",lexical_candidate_not_semantic_analysis,not_ported
garrysmod/lua/includes/util/client.lua,334,"SpawniconGenFunctions[ ""models/zombies/zombie3/zombie3.mdl"" ] = function( a, b, c, d ) return RenderSpawnIcon_Special( a, b, c, d, -100, 17, 10 ) end",lexical_candidate_not_semantic_analysis,not_ported
garrysmod/lua/includes/util/client.lua,335,"SpawniconGenFunctions[ ""models/zombies/zombie4/zombie4.mdl"" ] = function( a, b, c, d ) return RenderSpawnIcon_Special( a, b, c, d, -100, 17, 10 ) end",lexical_candidate_not_semantic_analysis,not_ported
garrysmod/lua/includes/util/client.lua,336,"SpawniconGenFunctions[ ""models/zombies/zombie5/zombie5.mdl"" ] = function( a, b, c, d ) return RenderSpawnIcon_Special( a, b, c, d, -100, 17, 10 ) end",lexical_candidate_not_semantic_analysis,not_ported
garrysmod/lua/includes/util/client.lua,339,"SpawniconGenFunctions[ ""models/infected/boomette.mdl"" ] = function( a, b, c, d ) return RenderSpawnIcon_Special( a, b, c, d, -50, 28, 0 ) end",lexical_candidate_not_semantic_analysis,not_ported
garrysmod/lua/includes/util/client.lua,340,"SpawniconGenFunctions[ ""models/infected/charger.mdl"" ] = function( a, b, c, d ) return RenderSpawnIcon_Special( a, b, c, d, -70, 14, 20 ) end",lexical_candidate_not_semantic_analysis,not_ported
garrysmod/lua/includes/util/client.lua,341,"SpawniconGenFunctions[ ""models/infected/jockey.mdl"" ] = function( a, b, c, d ) return RenderSpawnIcon_Special( a, b, c, d, -50, 0, 7 ) end",lexical_candidate_not_semantic_analysis,not_ported
garrysmod/lua/includes/util/client.lua,342,"SpawniconGenFunctions[ ""models/infected/spitter.mdl"" ] = function( a, b, c, d ) return RenderSpawnIcon_Special( a, b, c, d, -1, 0, -70 ) end -- as good as deleted",lexical_candidate_not_semantic_analysis,not_ported
garrysmod/lua/includes/util/color.lua,13,"function Color( r, g, b, a )",lexical_candidate_not_semantic_analysis,not_ported
garrysmod/lua/includes/util/color.lua,27,"function ColorAlpha( c, a )",lexical_candidate_not_semantic_analysis,not_ported
garrysmod/lua/includes/util/color.lua,36,function IsColor( obj ),lexical_candidate_not_semantic_analysis,not_ported
garrysmod/lua/includes/util/color.lua,45,"function HSVToColor( h, s, v )",lexical_candidate_not_semantic_analysis,not_ported
garrysmod/lua/includes/util/color.lua,76,"function HSLToColor( h, s, l )",lexical_candidate_not_semantic_analysis,not_ported
garrysmod/lua/includes/util/color.lua,107,"function HWBToColor( h, w, b )",lexical_candidate_not_semantic_analysis,not_ported
garrysmod/lua/includes/util/color.lua,124,function HexToColor( hex ),lexical_candidate_not_semantic_analysis,not_ported
garrysmod/lua/includes/util/color.lua,166,function COLOR:__tostring(),lexical_candidate_not_semantic_analysis,not_ported
garrysmod/lua/includes/util/color.lua,175,function COLOR:__eq( c ),lexical_candidate_not_semantic_analysis,not_ported
garrysmod/lua/includes/util/color.lua,184,function COLOR:ToHSL(),lexical_candidate_not_semantic_analysis,not_ported
garrysmod/lua/includes/util/color.lua,193,function COLOR:ToHSV(),lexical_candidate_not_semantic_analysis,not_ported
garrysmod/lua/includes/util/color.lua,202,function COLOR:ToHWB(),lexical_candidate_not_semantic_analysis,not_ported
garrysmod/lua/includes/util/color.lua,212,function COLOR:ToHex( omitAlpha ),lexical_candidate_not_semantic_analysis,not_ported
garrysmod/lua/includes/util/color.lua,225,function COLOR:ToVector(),lexical_candidate_not_semantic_analysis,not_ported
garrysmod/lua/includes/util/color.lua,234,function COLOR:Unpack(),lexical_candidate_not_semantic_analysis,not_ported
garrysmod/lua/includes/util/color.lua,240,function COLOR:Copy(),lexical_candidate_not_semantic_analysis,not_ported
garrysmod/lua/includes/util/color.lua,246,"function COLOR:Lerp( target_clr, frac )",lexical_candidate_not_semantic_analysis,not_ported
garrysmod/lua/includes/util/color.lua,257,"function COLOR:SetUnpacked( r, g, b, a )",lexical_candidate_not_semantic_analysis,not_ported
garrysmod/lua/includes/util/color.lua,271,function COLOR:ToTable(),lexical_candidate_not_semantic_analysis,not_ported
garrysmod/lua/includes/util/color.lua,277,"local function ColorCopy( dest, origin )",lexical_candidate_not_semantic_analysis,not_ported
garrysmod/lua/includes/util/color.lua,286,function COLOR:GetHue(),lexical_candidate_not_semantic_analysis,not_ported
garrysmod/lua/includes/util/color.lua,293,function COLOR:SetHue( hue ),lexical_candidate_not_semantic_analysis,not_ported
garrysmod/lua/includes/util/color.lua,301,function COLOR:AddHue( hueAdd ),lexical_candidate_not_semantic_analysis,not_ported
garrysmod/lua/includes/util/color.lua,310,function COLOR:GetSaturation(),lexical_candidate_not_semantic_analysis,not_ported
garrysmod/lua/includes/util/color.lua,317,function COLOR:SetSaturation( saturation ),lexical_candidate_not_semantic_analysis,not_ported
garrysmod/lua/includes/util/color.lua,325,function COLOR:AddSaturation( saturationAdd ),lexical_candidate_not_semantic_analysis,not_ported
garrysmod/lua/includes/util/color.lua,334,function COLOR:GetBrightness(),lexical_candidate_not_semantic_analysis,not_ported
garrysmod/lua/includes/util/color.lua,341,function COLOR:SetBrightness( brightness ),lexical_candidate_not_semantic_analysis,not_ported
garrysmod/lua/includes/util/color.lua,349,function COLOR:AddBrightness( brightnessAdd ),lexical_candidate_not_semantic_analysis,not_ported
garrysmod/lua/includes/util/color.lua,358,function COLOR:GetLightness(),lexical_candidate_not_semantic_analysis,not_ported
garrysmod/lua/includes/util/color.lua,365,function COLOR:SetLightness( lightness ),lexical_candidate_not_semantic_analysis,not_ported
garrysmod/lua/includes/util/color.lua,373,function COLOR:AddLightness( lightnessAdd ),lexical_candidate_not_semantic_analysis,not_ported
garrysmod/lua/includes/util/color.lua,382,function COLOR:GetWhiteness(),lexical_candidate_not_semantic_analysis,not_ported
garrysmod/lua/includes/util/color.lua,389,function COLOR:SetWhiteness( whiteness ),lexical_candidate_not_semantic_analysis,not_ported
garrysmod/lua/includes/util/color.lua,397,function COLOR:AddWhiteness( whitenessAdd ),lexical_candidate_not_semantic_analysis,not_ported
garrysmod/lua/includes/util/color.lua,406,function COLOR:GetBlackness(),lexical_candidate_not_semantic_analysis,not_ported
garrysmod/lua/includes/util/color.lua,413,function COLOR:SetBlackness( blackness ),lexical_candidate_not_semantic_analysis,not_ported
garrysmod/lua/includes/util/color.lua,421,function COLOR:AddBlackness( blacknessAdd ),lexical_candidate_not_semantic_analysis,not_ported
garrysmod/lua/includes/util/javascript_util.lua,2,function JS_Language( html ),lexical_candidate_not_semantic_analysis,not_ported
garrysmod/lua/includes/util/javascript_util.lua,11,function JS_Utility( html ),lexical_candidate_not_semantic_analysis,not_ported
garrysmod/lua/includes/util/javascript_util.lua,19,function JS_Workshop( html ),lexical_candidate_not_semantic_analysis,not_ported
garrysmod/lua/includes/util/model_database.lua,28,"function OnModelLoaded( ModelName, NumPoseParams, NumSeq, NumAttachments, NumBoneControllers, NumSkins, Size )",lexical_candidate_not_semantic_analysis,not_ported
garrysmod/lua/includes/util/model_database.lua,85,function NumModelSkins( ModelName ),lexical_candidate_not_semantic_analysis,not_ported
garrysmod/lua/includes/util/sql.lua,9,"function sql.SQLStr( str_in, bNoQuotes )",lexical_candidate_not_semantic_analysis,not_ported
garrysmod/lua/includes/util/sql.lua,33,function sql.TableExists( name ),lexical_candidate_not_semantic_analysis,not_ported
garrysmod/lua/includes/util/sql.lua,44,function sql.IndexExists( name ),lexical_candidate_not_semantic_analysis,not_ported
garrysmod/lua/includes/util/sql.lua,56,"function sql.QueryRow( query, row )",lexical_candidate_not_semantic_analysis,not_ported
garrysmod/lua/includes/util/sql.lua,72,function sql.QueryValue( query ),lexical_candidate_not_semantic_analysis,not_ported
garrysmod/lua/includes/util/sql.lua,91,function sql.Begin(),lexical_candidate_not_semantic_analysis,not_ported
garrysmod/lua/includes/util/sql.lua,99,function sql.Commit(),lexical_candidate_not_semantic_analysis,not_ported
garrysmod/lua/includes/util/sql.lua,107,function sql.LastError(),lexical_candidate_not_semantic_analysis,not_ported
garrysmod/lua/includes/util/tooltips.lua,9,function RemoveTooltip(),lexical_candidate_not_semantic_analysis,not_ported
garrysmod/lua/includes/util/tooltips.lua,24,function FindTooltip( panel ),lexical_candidate_not_semantic_analysis,not_ported
garrysmod/lua/includes/util/tooltips.lua,43,function ChangeTooltip( panel ),lexical_candidate_not_semantic_analysis,not_ported
garrysmod/lua/includes/util/tooltips.lua,71,function EndTooltip( panel ),lexical_candidate_not_semantic_analysis,not_ported
garrysmod/lua/includes/util/vgui_showlayout.lua,34,function VisualizeLayout( panel ),lexical_candidate_not_semantic_analysis,not_ported
garrysmod/lua/includes/util/workshop_files.lua,6,"function WorkshopFileBase( namespace, requiredtags )",lexical_candidate_not_semantic_analysis,not_ported
garrysmod/lua/includes/util/workshop_files.lua,11,"function ret:Fetch( type, offset, perpage, extratags, searchText, filter, sort )",lexical_candidate_not_semantic_analysis,not_ported
garrysmod/lua/includes/util/workshop_files.lua,49,"function ret:FetchSubscribed( offset, perpage, tags, searchText, isUGC, filter, sort )",lexical_candidate_not_semantic_analysis,not_ported
garrysmod/lua/includes/util/workshop_files.lua,148,"function ret:FetchDownloadedUGC( offset, perpage )",lexical_candidate_not_semantic_analysis,not_ported
garrysmod/lua/includes/util/workshop_files.lua,185,"function ret:RetrieveUserName( steamid, func )",lexical_candidate_not_semantic_analysis,not_ported
garrysmod/lua/includes/util/workshop_files.lua,192,"function ret:FillFileInfo( results, isUGC )",lexical_candidate_not_semantic_analysis,not_ported
garrysmod/lua/includes/util/workshop_files.lua,324,"function ret:Publish( filename, image )",lexical_candidate_not_semantic_analysis,not_ported
garrysmod/lua/includes/util.lua,6,"function meta.__index( self, key )",lexical_candidate_not_semantic_analysis,not_ported
garrysmod/lua/includes/util.lua,9,"function meta.__newindex( self, key, value )",lexical_candidate_not_semantic_analysis,not_ported
garrysmod/lua/includes/util.lua,19,function debug.getregistry() return tbl end,lexical_candidate_not_semantic_analysis,not_ported
garrysmod/lua/includes/util.lua,35,"function Material( name, words )",lexical_candidate_not_semantic_analysis,not_ported
garrysmod/lua/includes/util.lua,56,function type( v ),lexical_candidate_not_semantic_analysis,not_ported
garrysmod/lua/includes/util.lua,82,function TypeID( v ),lexical_candidate_not_semantic_analysis,not_ported
garrysmod/lua/includes/util.lua,96,"function isstring( v ) return C_type( v ) == ""string"" end",lexical_candidate_not_semantic_analysis,not_ported
garrysmod/lua/includes/util.lua,97,"function isnumber( v ) return C_type( v ) == ""number"" end",lexical_candidate_not_semantic_analysis,not_ported
garrysmod/lua/includes/util.lua,98,"function istable( v ) return C_type( v ) == ""table"" end",lexical_candidate_not_semantic_analysis,not_ported
garrysmod/lua/includes/util.lua,99,"function isfunction( v ) return C_type( v ) == ""function"" end",lexical_candidate_not_semantic_analysis,not_ported
garrysmod/lua/includes/util.lua,100,function isbool( v ) return v == true or v == false end,lexical_candidate_not_semantic_analysis,not_ported
garrysmod/lua/includes/util.lua,101,"function isangle( v ) return type( v ) == ""Angle"" end",lexical_candidate_not_semantic_analysis,not_ported
garrysmod/lua/includes/util.lua,102,"function isvector( v ) return type( v ) == ""Vector"" end",lexical_candidate_not_semantic_analysis,not_ported
garrysmod/lua/includes/util.lua,103,"function ismatrix( v ) return type( v ) == ""VMatrix"" end",lexical_candidate_not_semantic_analysis,not_ported
garrysmod/lua/includes/util.lua,104,"function ispanel( v ) return type( v ) == ""Panel"" end",lexical_candidate_not_semantic_analysis,not_ported
garrysmod/lua/includes/util.lua,105,function isentity( v ),lexical_candidate_not_semantic_analysis,not_ported
garrysmod/lua/includes/util.lua,125,function IsTableOfEntitiesValid( tab ),lexical_candidate_not_semantic_analysis,not_ported
garrysmod/lua/includes/util.lua,148,"function PrintTable( t, indent, done )",lexical_candidate_not_semantic_analysis,not_ported
garrysmod/lua/includes/util.lua,188,"function VectorRand( min, max )",lexical_candidate_not_semantic_analysis,not_ported
garrysmod/lua/includes/util.lua,197,"function AngleRand( min, max )",lexical_candidate_not_semantic_analysis,not_ported
garrysmod/lua/includes/util.lua,204,function ColorRand( alpha ),lexical_candidate_not_semantic_analysis,not_ported
garrysmod/lua/includes/util.lua,216,function Sound( name ),lexical_candidate_not_semantic_analysis,not_ported
garrysmod/lua/includes/util.lua,224,function Model( name ),lexical_candidate_not_semantic_analysis,not_ported
garrysmod/lua/includes/util.lua,232,function Particle( name ),lexical_candidate_not_semantic_analysis,not_ported
garrysmod/lua/includes/util.lua,251,function IncludeCS( filename ),lexical_candidate_not_semantic_analysis,not_ported
garrysmod/lua/includes/util.lua,271,"function AccessorFunc( tab, varname, name, iForce )",lexical_candidate_not_semantic_analysis,not_ported
garrysmod/lua/includes/util.lua,275,"tab[ ""Get"" .. name ] = function( self ) return self[ varname ] end",lexical_candidate_not_semantic_analysis,not_ported
garrysmod/lua/includes/util.lua,278,"tab[ ""Set"" .. name ] = function( self, v ) self[ varname ] = tostring( v ) end",lexical_candidate_not_semantic_analysis,not_ported
garrysmod/lua/includes/util.lua,282,"tab[ ""Set"" .. name ] = function( self, v ) self[ varname ] = tonumber( v ) end",lexical_candidate_not_semantic_analysis,not_ported
garrysmod/lua/includes/util.lua,286,"tab[ ""Set"" .. name ] = function( self, v ) self[ varname ] = tobool( v ) end",lexical_candidate_not_semantic_analysis,not_ported
garrysmod/lua/includes/util.lua,290,"tab[ ""Set"" .. name ] = function( self, v ) self[ varname ] = Angle( v ) end",lexical_candidate_not_semantic_analysis,not_ported
garrysmod/lua/includes/util.lua,294,"tab[ ""Set"" .. name ] = function( self, v )",lexical_candidate_not_semantic_analysis,not_ported
garrysmod/lua/includes/util.lua,301,"tab[ ""Set"" .. name ] = function( self, v )",lexical_candidate_not_semantic_analysis,not_ported
garrysmod/lua/includes/util.lua,307,"tab[ ""Set"" .. name ] = function( self, v ) self[ varname ] = v end",lexical_candidate_not_semantic_analysis,not_ported
garrysmod/lua/includes/util.lua,314,function IsValid( object ),lexical_candidate_not_semantic_analysis,not_ported
garrysmod/lua/includes/util.lua,328,function SafeRemoveEntity( ent ),lexical_candidate_not_semantic_analysis,not_ported
garrysmod/lua/includes/util.lua,339,"function SafeRemoveEntityDelayed( ent, timedelay )",lexical_candidate_not_semantic_analysis,not_ported
garrysmod/lua/includes/util.lua,350,"function Lerp( delta, from, to )",lexical_candidate_not_semantic_analysis,not_ported
garrysmod/lua/includes/util.lua,362,function tobool( val ),lexical_candidate_not_semantic_analysis,not_ported
garrysmod/lua/includes/util.lua,375,function IsUselessModel( modelname ),lexical_candidate_not_semantic_analysis,not_ported
garrysmod/lua/includes/util.lua,397,function STNDRD( num ),lexical_candidate_not_semantic_analysis,not_ported
garrysmod/lua/includes/util.lua,409,"function TimedSin( freq, min, max, offset )",lexical_candidate_not_semantic_analysis,not_ported
garrysmod/lua/includes/util.lua,416,"function TimedCos( freq, min, max, offset )",lexical_candidate_not_semantic_analysis,not_ported
garrysmod/lua/includes/util.lua,441,function IsEnemyEntityName( victimtype ),lexical_candidate_not_semantic_analysis,not_ported
garrysmod/lua/includes/util.lua,458,function IsFriendEntityName( victimtype ),lexical_candidate_not_semantic_analysis,not_ported
garrysmod/lua/includes/util.lua,467,function IsMounted( name ),lexical_candidate_not_semantic_analysis,not_ported
garrysmod/lua/includes/util.lua,491,"function Either( iff, aa, bb )",lexical_candidate_not_semantic_analysis,not_ported
garrysmod/lua/includes/util.lua,502,function Add_NPC_Class( name ),lexical_candidate_not_semantic_analysis,not_ported
garrysmod/lua/includes/util.lua,520,function RememberCursorPosition(),lexical_candidate_not_semantic_analysis,not_ported
garrysmod/lua/includes/util.lua,531,function RestoreCursorPosition(),lexical_candidate_not_semantic_analysis,not_ported
garrysmod/lua/includes/util.lua,542,"function language.FormatPhrase( phrase, ... )",lexical_candidate_not_semantic_analysis,not_ported
garrysmod/lua/includes/util.lua,550,"function CreateClientConVar( name, default, shouldsave, userdata, helptext, min, max )",lexical_candidate_not_semantic_analysis,not_ported
garrysmod/lua/includes/util.lua,572,function GetConVar( name ),lexical_candidate_not_semantic_analysis,not_ported
garrysmod/lua/includes/util.lua,586,function GetConVarNumber( name ),lexical_candidate_not_semantic_analysis,not_ported
garrysmod/lua/includes/util.lua,592,function GetConVarString( name ),lexical_candidate_not_semantic_analysis,not_ported
garrysmod/lua/matproxy/player_color.lua,13,"init = function( self, mat, values )",lexical_candidate_not_semantic_analysis,not_ported
garrysmod/lua/matproxy/player_color.lua,18,"bind = function( self, mat, ent )",lexical_candidate_not_semantic_analysis,not_ported
garrysmod/lua/matproxy/player_weapon_color.lua,7,"init = function( self, mat, values )",lexical_candidate_not_semantic_analysis,not_ported
garrysmod/lua/matproxy/player_weapon_color.lua,13,"bind = function( self, mat, ent )",lexical_candidate_not_semantic_analysis,not_ported
garrysmod/lua/matproxy/sky_paint.lua,5,"init = function( self, mat, values )",lexical_candidate_not_semantic_analysis,not_ported
garrysmod/lua/matproxy/sky_paint.lua,8,"bind = function( self, mat, ent )",lexical_candidate_not_semantic_analysis,not_ported
garrysmod/lua/menu/background.lua,6,local function CreateBackgroundMaterial( path ),lexical_candidate_not_semantic_analysis,not_ported
garrysmod/lua/menu/background.lua,18,local function FreeBackgroundMaterial( mat ),lexical_candidate_not_semantic_analysis,not_ported
garrysmod/lua/menu/background.lua,31,"local function Think( tbl, isOutgoing )",lexical_candidate_not_semantic_analysis,not_ported
garrysmod/lua/menu/background.lua,49,local function Render( tbl ),lexical_candidate_not_semantic_analysis,not_ported
garrysmod/lua/menu/background.lua,66,local function ShouldBackgroundUpdate(),lexical_candidate_not_semantic_analysis,not_ported
garrysmod/lua/menu/background.lua,72,function DrawBackground(),lexical_candidate_not_semantic_analysis,not_ported
garrysmod/lua/menu/background.lua,94,function ClearBackgroundImages( img ),lexical_candidate_not_semantic_analysis,not_ported
garrysmod/lua/menu/background.lua,100,function AddBackgroundImage( img ),lexical_candidate_not_semantic_analysis,not_ported
garrysmod/lua/menu/background.lua,108,function ChangeBackground( currentgm ),lexical_candidate_not_semantic_analysis,not_ported
garrysmod/lua/menu/cef_credits.lua,6,function PANEL:Init(),lexical_candidate_not_semantic_analysis,not_ported
garrysmod/lua/menu/crosshair_setup.lua,15,local function GetCrosshairColor(),lexical_candidate_not_semantic_analysis,not_ported
garrysmod/lua/menu/crosshair_setup.lua,23,"local function DrawCrosshairRect( color, x0, y0, x1, y1, bAdditive )",lexical_candidate_not_semantic_analysis,not_ported
garrysmod/lua/menu/crosshair_setup.lua,40,"local function DrawSimpleCrosshairPreview( x, y )",lexical_candidate_not_semantic_analysis,not_ported
garrysmod/lua/menu/crosshair_setup.lua,109,"preview.PaintOver = function( p, w, h )",lexical_candidate_not_semantic_analysis,not_ported
garrysmod/lua/menu/crosshair_setup.lua,141,"img1btn.DoClick = function() preview:SetImage( ""gui/crosshair_bg.png"" ) end",lexical_candidate_not_semantic_analysis,not_ported
garrysmod/lua/menu/crosshair_setup.lua,144,"img2btn.DoClick = function() preview:SetImage( ""gui/crosshair_bg2.png"" ) end",lexical_candidate_not_semantic_analysis,not_ported
garrysmod/lua/menu/crosshair_setup.lua,151,local function HideUselessStuff( style ),lexical_candidate_not_semantic_analysis,not_ported
garrysmod/lua/menu/crosshair_setup.lua,177,"setting.OnSelect = function( pnl, indx, val, data ) pnl:ConVarChanged( data ) HideUselessStuff( tonumber( data ) ) end",lexical_candidate_not_semantic_analysis,not_ported
garrysmod/lua/menu/crosshair_setup.lua,199,resetCrosshair.DoClick = function(),lexical_candidate_not_semantic_analysis,not_ported
garrysmod/lua/menu/demo_to_video.lua,61,inFPS.OnChange = function() settings.fps = inFPS:GetInt() end,lexical_candidate_not_semantic_analysis,not_ported
garrysmod/lua/menu/demo_to_video.lua,64,inBitRate.OnChange = function() settings.bitrate = inBitRate:GetInt() end,lexical_candidate_not_semantic_analysis,not_ported
garrysmod/lua/menu/demo_to_video.lua,68,"inCodec.OnSelect = function( _, index, value, data ) settings.container = data[1] settings.video = data[2] settings.audio = data[3] end",lexical_candidate_not_semantic_analysis,not_ported
garrysmod/lua/menu/demo_to_video.lua,72,"inQuality.OnSelect = function( _, index, value, data ) settings.quality = data end",lexical_candidate_not_semantic_analysis,not_ported
garrysmod/lua/menu/demo_to_video.lua,78,"inSize.OnSelect = function( _, index, value, data ) settings.width = data[1] settings.height = data[2] end",lexical_candidate_not_semantic_analysis,not_ported
garrysmod/lua/menu/demo_to_video.lua,88,"inFrameBlend.OnSelect = function( _, index, value, data ) settings.frameblend = data end",lexical_candidate_not_semantic_analysis,not_ported
garrysmod/lua/menu/demo_to_video.lua,96,"inFBShutter.OnSelect = function( _, index, value, data ) settings.fbshutter = data end",lexical_candidate_not_semantic_analysis,not_ported
garrysmod/lua/menu/demo_to_video.lua,105,"inDOF.OnSelect = function( _, index, value, data ) settings.dofsteps = data[1] settings.dofpasses = data[2] end",lexical_candidate_not_semantic_analysis,not_ported
garrysmod/lua/menu/demo_to_video.lua,111,inDOFSpeed.OnChange = function() settings.doffocusspeed = inDOFSpeed:GetFloat() end,lexical_candidate_not_semantic_analysis,not_ported
garrysmod/lua/menu/demo_to_video.lua,114,inDOFSize.OnChange = function() settings.dofsize = inDOFSize:GetFloat() end,lexical_candidate_not_semantic_analysis,not_ported
garrysmod/lua/menu/demo_to_video.lua,120,"inViewSmooth.OnSelect = function( _, index, value, data ) settings.viewsmooth = data end",lexical_candidate_not_semantic_analysis,not_ported
garrysmod/lua/menu/demo_to_video.lua,129,"inPosSmooth.OnSelect = function( _, index, value, data ) settings.possmooth = data end",lexical_candidate_not_semantic_analysis,not_ported
garrysmod/lua/menu/demo_to_video.lua,138,btnStart.DoClick = function(),lexical_candidate_not_semantic_analysis,not_ported
garrysmod/lua/menu/demo_to_video.lua,169,local function FinishRecording(),lexical_candidate_not_semantic_analysis,not_ported
garrysmod/lua/menu/demo_to_video.lua,185,local function UpdateFrame(),lexical_candidate_not_semantic_analysis,not_ported
garrysmod/lua/menu/demo_to_video.lua,208,local function DrawOverlay(),lexical_candidate_not_semantic_analysis,not_ported
garrysmod/lua/menu/demo_to_video.lua,316,function RecordDemoFrame(),lexical_candidate_not_semantic_analysis,not_ported
garrysmod/lua/menu/derma_icon_browser.lua,2,function Derma_OpenIconBrowser(),lexical_candidate_not_semantic_analysis,not_ported
garrysmod/lua/menu/derma_icon_browser.lua,30,Derma_IconBrowser.OnScreenSizeChanged = function( self ),lexical_candidate_not_semantic_analysis,not_ported
garrysmod/lua/menu/derma_icon_browser.lua,41,Derma_IconBrowser.OnSizeChanged = function( self ),lexical_candidate_not_semantic_analysis,not_ported
garrysmod/lua/menu/derma_icon_browser.lua,50,Derma_IconBrowser.OnMouseReleased = function( self ),lexical_candidate_not_semantic_analysis,not_ported
garrysmod/lua/menu/derma_icon_browser.lua,72,Derma_IconBrowser.PaintOver = function( self ),lexical_candidate_not_semantic_analysis,not_ported
garrysmod/lua/menu/derma_icon_browser.lua,107,IconBrowser.OnChange = function( self ),lexical_candidate_not_semantic_analysis,not_ported
garrysmod/lua/menu/derma_icon_browser.lua,127,Search.OnValueChange = function( self ),lexical_candidate_not_semantic_analysis,not_ported
garrysmod/lua/menu/getmaps.lua,7,local function UpdateMaps(),lexical_candidate_not_semantic_analysis,not_ported
garrysmod/lua/menu/getmaps.lua,284,local function LoadFavourites(),lexical_candidate_not_semantic_analysis,not_ported
garrysmod/lua/menu/getmaps.lua,291,function UpdateAddonMapList(),lexical_candidate_not_semantic_analysis,not_ported
garrysmod/lua/menu/getmaps.lua,301,function UpdateMapList(),lexical_candidate_not_semantic_analysis,not_ported
garrysmod/lua/menu/getmaps.lua,342,local function RefreshMaps( skip ),lexical_candidate_not_semantic_analysis,not_ported
garrysmod/lua/menu/getmaps.lua,430,local function DelayedRefreshMaps(),lexical_candidate_not_semantic_analysis,not_ported
garrysmod/lua/menu/getmaps.lua,438,function GetMapList(),lexical_candidate_not_semantic_analysis,not_ported
garrysmod/lua/menu/getmaps.lua,442,function ToggleFavourite( map ),lexical_candidate_not_semantic_analysis,not_ported
garrysmod/lua/menu/getmaps.lua,460,"function SaveLastMap( map, cat )",lexical_candidate_not_semantic_analysis,not_ported
garrysmod/lua/menu/getmaps.lua,470,function LoadLastMap(),lexical_candidate_not_semantic_analysis,not_ported
garrysmod/lua/menu/loading.lua,4,function PANEL:Init(),lexical_candidate_not_semantic_analysis,not_ported
garrysmod/lua/menu/loading.lua,10,"function PANEL:ShowURL( url, force )",lexical_candidate_not_semantic_analysis,not_ported
garrysmod/lua/menu/loading.lua,35,function PANEL:PerformLayout(),lexical_candidate_not_semantic_analysis,not_ported
garrysmod/lua/menu/loading.lua,41,"function PANEL:Paint( w, h )",lexical_candidate_not_semantic_analysis,not_ported
garrysmod/lua/menu/loading.lua,55,function PANEL:RunJavascript( str ),lexical_candidate_not_semantic_analysis,not_ported
garrysmod/lua/menu/loading.lua,64,function PANEL:OnActivate(),lexical_candidate_not_semantic_analysis,not_ported
garrysmod/lua/menu/loading.lua,73,function PANEL:OnDeactivate(),lexical_candidate_not_semantic_analysis,not_ported
garrysmod/lua/menu/loading.lua,84,"function PANEL:OnScreenSizeChanged( oldW, oldH, newW, newH )",lexical_candidate_not_semantic_analysis,not_ported
garrysmod/lua/menu/loading.lua,90,function PANEL:Think(),lexical_candidate_not_semantic_analysis,not_ported
garrysmod/lua/menu/loading.lua,105,function PANEL:StatusChanged( strStatus ),lexical_candidate_not_semantic_analysis,not_ported
garrysmod/lua/menu/loading.lua,144,function PANEL:CheckForStatusChanges(),lexical_candidate_not_semantic_analysis,not_ported
garrysmod/lua/menu/loading.lua,164,function PANEL:RefreshDownloadables(),lexical_candidate_not_semantic_analysis,not_ported
garrysmod/lua/menu/loading.lua,189,function PANEL:FileNeedsDownload( filename ),lexical_candidate_not_semantic_analysis,not_ported
garrysmod/lua/menu/loading.lua,198,function PANEL:CheckDownloadTables(),lexical_candidate_not_semantic_analysis,not_ported
garrysmod/lua/menu/loading.lua,214,function GetLoadPanel(),lexical_candidate_not_semantic_analysis,not_ported
garrysmod/lua/menu/loading.lua,225,function IsInLoading(),lexical_candidate_not_semantic_analysis,not_ported
garrysmod/lua/menu/loading.lua,235,"function GameDetails( servername, serverurl, mapname, maxplayers, maxplayers_visible, steamid, gamemode )",lexical_candidate_not_semantic_analysis,not_ported
garrysmod/lua/menu/mainmenu.lua,13,function PANEL:Init(),lexical_candidate_not_semantic_analysis,not_ported
garrysmod/lua/menu/mainmenu.lua,39,self.HTML.OnBeginLoadingDocument = function(),lexical_candidate_not_semantic_analysis,not_ported
garrysmod/lua/menu/mainmenu.lua,66,function PANEL:ScreenshotScan( folder ),lexical_candidate_not_semantic_analysis,not_ported
garrysmod/lua/menu/mainmenu.lua,85,function PANEL:Paint(),lexical_candidate_not_semantic_analysis,not_ported
garrysmod/lua/menu/mainmenu.lua,120,function PANEL:RefreshContent(),lexical_candidate_not_semantic_analysis,not_ported
garrysmod/lua/menu/mainmenu.lua,126,function PANEL:RefreshGamemodes(),lexical_candidate_not_semantic_analysis,not_ported
garrysmod/lua/menu/mainmenu.lua,136,"function PANEL:SetProblemCount( problems, severity )",lexical_candidate_not_semantic_analysis,not_ported
garrysmod/lua/menu/mainmenu.lua,142,function PANEL:UpdateBackgroundImages(),lexical_candidate_not_semantic_analysis,not_ported
garrysmod/lua/menu/mainmenu.lua,162,function PANEL:Call( js ),lexical_candidate_not_semantic_analysis,not_ported
garrysmod/lua/menu/mainmenu.lua,172,function PANEL:SetText( txt ),lexical_candidate_not_semantic_analysis,not_ported
garrysmod/lua/menu/mainmenu.lua,176,"function PANEL:Paint( w, h )",lexical_candidate_not_semantic_analysis,not_ported
garrysmod/lua/menu/mainmenu.lua,188,function OnMenuFailedToLoad(),lexical_candidate_not_semantic_analysis,not_ported
garrysmod/lua/menu/mainmenu.lua,220,"btn_exit.DoClick = function() RunGameUICommand( ""quit"" ) end",lexical_candidate_not_semantic_analysis,not_ported
garrysmod/lua/menu/mainmenu.lua,227,function UpdateServerSettings(),lexical_candidate_not_semantic_analysis,not_ported
garrysmod/lua/menu/mainmenu.lua,268,function GetPlayerList( serverip ),lexical_candidate_not_semantic_analysis,not_ported
garrysmod/lua/menu/mainmenu.lua,311,function LoadNewsList(),lexical_candidate_not_semantic_analysis,not_ported
garrysmod/lua/menu/mainmenu.lua,320,function SaveHideNews( bHide ),lexical_candidate_not_semantic_analysis,not_ported
garrysmod/lua/menu/mainmenu.lua,324,"function IsServerBlacklisted( address, hostname, description, gm, map )",lexical_candidate_not_semantic_analysis,not_ported
garrysmod/lua/menu/mainmenu.lua,378,"local function SendServer( pnlMainMenu, category, id,",lexical_candidate_not_semantic_analysis,not_ported
garrysmod/lua/menu/mainmenu.lua,398,"function GetServers( category, id )",lexical_candidate_not_semantic_analysis,not_ported
garrysmod/lua/menu/mainmenu.lua,407,"Callback = function( ping, name, desc, map, players, maxplayers, botplayers, pass, lastplayed, address, gm, workshopid, isAnon, netVersion, luaVersion, loc, gmcat )",lexical_candidate_not_semantic_analysis,not_ported
garrysmod/lua/menu/mainmenu.lua,429,CallbackFailed = function( address ),lexical_candidate_not_semantic_analysis,not_ported
garrysmod/lua/menu/mainmenu.lua,444,Finished = function(),lexical_candidate_not_semantic_analysis,not_ported
garrysmod/lua/menu/mainmenu.lua,458,function DoStopServers( category ),lexical_candidate_not_semantic_analysis,not_ported
garrysmod/lua/menu/mainmenu.lua,464,function PingServer( srvAddress ),lexical_candidate_not_semantic_analysis,not_ported
garrysmod/lua/menu/mainmenu.lua,481,function FindServersAtAddress( inputStr ),lexical_candidate_not_semantic_analysis,not_ported
garrysmod/lua/menu/mainmenu.lua,541,function UpdateLanguages(),lexical_candidate_not_semantic_analysis,not_ported
garrysmod/lua/menu/mainmenu.lua,552,function LanguageChanged( lang ),lexical_candidate_not_semantic_analysis,not_ported
garrysmod/lua/menu/mainmenu.lua,561,function UpdateGames(),lexical_candidate_not_semantic_analysis,not_ported
garrysmod/lua/menu/mainmenu.lua,570,function UpdateSubscribedAddons(),lexical_candidate_not_semantic_analysis,not_ported
garrysmod/lua/menu/mainmenu.lua,585,function UpdateAddonDisabledState(),lexical_candidate_not_semantic_analysis,not_ported
garrysmod/lua/menu/mainmenu.lua,590,function MenuGetAddonData( wsid ),lexical_candidate_not_semantic_analysis,not_ported
garrysmod/lua/menu/mainmenu.lua,598,local function EnsurePresetsLoaded(),lexical_candidate_not_semantic_analysis,not_ported
garrysmod/lua/menu/mainmenu.lua,603,function CreateNewAddonPreset( json ),lexical_candidate_not_semantic_analysis,not_ported
garrysmod/lua/menu/mainmenu.lua,611,"function ImportAddonPreset( id, json )",lexical_candidate_not_semantic_analysis,not_ported
garrysmod/lua/menu/mainmenu.lua,629,function DeleteAddonPreset( name ),lexical_candidate_not_semantic_analysis,not_ported
garrysmod/lua/menu/mainmenu.lua,639,function ListAddonPresets(),lexical_candidate_not_semantic_analysis,not_ported
garrysmod/lua/menu/menu_demo.lua,4,"function demo:FetchLocal( offset, perpage )",lexical_candidate_not_semantic_analysis,not_ported
garrysmod/lua/menu/menu_demo.lua,36,function demo:DownloadAndPlay( id ),lexical_candidate_not_semantic_analysis,not_ported
garrysmod/lua/menu/menu_demo.lua,47,function demo:Play( filename ),lexical_candidate_not_semantic_analysis,not_ported
garrysmod/lua/menu/menu_demo.lua,54,function demo:DownloadAndToVideo( id ),lexical_candidate_not_semantic_analysis,not_ported
garrysmod/lua/menu/menu_demo.lua,66,function demo:ToVideo( filename ),lexical_candidate_not_semantic_analysis,not_ported
garrysmod/lua/menu/menu_demo.lua,72,"function demo:FinishPublish( filename, imagename, name, desc, chosenTag, other )",lexical_candidate_not_semantic_analysis,not_ported
garrysmod/lua/menu/menu_dupe.lua,4,"function ws_dupe:FetchLocal( offset, perpage )",lexical_candidate_not_semantic_analysis,not_ported
garrysmod/lua/menu/menu_dupe.lua,36,"function ws_dupe:FinishPublish( filename, imagename, name, desc, chosenTag, other )",lexical_candidate_not_semantic_analysis,not_ported
garrysmod/lua/menu/menu_save.lua,4,"function ws_save:FetchLocal( offset, perpage )",lexical_candidate_not_semantic_analysis,not_ported
garrysmod/lua/menu/menu_save.lua,36,function ws_save:DownloadAndLoad( id ),lexical_candidate_not_semantic_analysis,not_ported
garrysmod/lua/menu/menu_save.lua,48,function ws_save:Load( filename ),lexical_candidate_not_semantic_analysis,not_ported
garrysmod/lua/menu/menu_save.lua,54,"function ws_save:FinishPublish( filename, imagename, name, desc, chosenTag, other )",lexical_candidate_not_semantic_analysis,not_ported
garrysmod/lua/menu/motionsensor.lua,7,local function DrawColorBox(),lexical_candidate_not_semantic_analysis,not_ported
garrysmod/lua/menu/mount/vgui/addon_rocket.lua,6,function PANEL:Init(),lexical_candidate_not_semantic_analysis,not_ported
garrysmod/lua/menu/mount/vgui/addon_rocket.lua,14,function PANEL:Think(),lexical_candidate_not_semantic_analysis,not_ported
garrysmod/lua/menu/mount/vgui/addon_rocket.lua,33,"function PANEL:Paint( wide, tall )",lexical_candidate_not_semantic_analysis,not_ported
garrysmod/lua/menu/mount/vgui/addon_rocket.lua,57,"function PANEL:Charging( id, iImageID )",lexical_candidate_not_semantic_analysis,not_ported
garrysmod/lua/menu/mount/vgui/workshop.lua,27,function PANEL:Init(),lexical_candidate_not_semantic_analysis,not_ported
garrysmod/lua/menu/mount/vgui/workshop.lua,56,function PANEL:PerformLayout( wide ),lexical_candidate_not_semantic_analysis,not_ported
garrysmod/lua/menu/mount/vgui/workshop.lua,70,function PANEL:Spawn(),lexical_candidate_not_semantic_analysis,not_ported
garrysmod/lua/menu/mount/vgui/workshop.lua,76,function PANEL:PrepareDownloading(),lexical_candidate_not_semantic_analysis,not_ported
garrysmod/lua/menu/mount/vgui/workshop.lua,87,"function PANEL:StartDownloading( id, iImageID, title, iSize )",lexical_candidate_not_semantic_analysis,not_ported
garrysmod/lua/menu/mount/vgui/workshop.lua,103,function PANEL:FinishedDownloading( id ),lexical_candidate_not_semantic_analysis,not_ported
garrysmod/lua/menu/mount/vgui/workshop.lua,113,function PANEL:SetMessage( msg ),lexical_candidate_not_semantic_analysis,not_ported
garrysmod/lua/menu/mount/vgui/workshop.lua,125,"function PANEL:Paint( wide, tall )",lexical_candidate_not_semantic_analysis,not_ported
garrysmod/lua/menu/mount/vgui/workshop.lua,172,"function PANEL:UpdateProgress( downloaded, expected )",lexical_candidate_not_semantic_analysis,not_ported
garrysmod/lua/menu/mount/vgui/workshop.lua,190,"function PANEL:ExtractProgress( title, percent )",lexical_candidate_not_semantic_analysis,not_ported
garrysmod/lua/menu/mount/vgui/workshop.lua,203,"function PANEL:UpdateTotalProgress( iCurrent, iTotal )",lexical_candidate_not_semantic_analysis,not_ported
garrysmod/lua/menu/mount/vgui/workshop.lua,210,"function PANEL:SubscriptionsProgress( iCurrent, iTotal )",lexical_candidate_not_semantic_analysis,not_ported
garrysmod/lua/menu/openurl.lua,6,function PANEL_Browser:Init(),lexical_candidate_not_semantic_analysis,not_ported
garrysmod/lua/menu/openurl.lua,27,function PANEL_Browser:SetURL( url ),lexical_candidate_not_semantic_analysis,not_ported
garrysmod/lua/menu/openurl.lua,34,function GMOD_OpenURLNoOverlay( url ),lexical_candidate_not_semantic_analysis,not_ported
garrysmod/lua/menu/openurl.lua,53,function PANEL:Init(),lexical_candidate_not_semantic_analysis,not_ported
garrysmod/lua/menu/openurl.lua,76,self.URLCopyBtn.DoClick = function() SetClipboardText( self.URL:GetText() ) end,lexical_candidate_not_semantic_analysis,not_ported
garrysmod/lua/menu/openurl.lua,84,"self.CustomPanel.Paint = function( s, w, h )",lexical_candidate_not_semantic_analysis,not_ported
garrysmod/lua/menu/openurl.lua,95,"self.Disconnect.DoClick = function() self:DoNope() RunConsoleCommand( ""disconnect"" ) end",lexical_candidate_not_semantic_analysis,not_ported
garrysmod/lua/menu/openurl.lua,102,self.Nope.DoClick = function() self:DoNope() end,lexical_candidate_not_semantic_analysis,not_ported
garrysmod/lua/menu/openurl.lua,109,self.Yes.DoClick = function() self:DoYes() end,lexical_candidate_not_semantic_analysis,not_ported
garrysmod/lua/menu/openurl.lua,130,function PANEL:LoadServerInfo(),lexical_candidate_not_semantic_analysis,not_ported
garrysmod/lua/menu/openurl.lua,150,function PANEL:DisplayPermissionInfo(),lexical_candidate_not_semantic_analysis,not_ported
garrysmod/lua/menu/openurl.lua,160,function PANEL:AlwaysThink(),lexical_candidate_not_semantic_analysis,not_ported
garrysmod/lua/menu/openurl.lua,181,"function PANEL:PerformLayout( w, h )",lexical_candidate_not_semantic_analysis,not_ported
garrysmod/lua/menu/openurl.lua,189,function PANEL:SetURL( url ),lexical_candidate_not_semantic_analysis,not_ported
garrysmod/lua/menu/openurl.lua,205,function PANEL:GetURL(),lexical_candidate_not_semantic_analysis,not_ported
garrysmod/lua/menu/openurl.lua,211,function PANEL:DoNope(),lexical_candidate_not_semantic_analysis,not_ported
garrysmod/lua/menu/openurl.lua,223,function PANEL:DoYes(),lexical_candidate_not_semantic_analysis,not_ported
garrysmod/lua/menu/openurl.lua,236,function PANEL:DoYesAction( bSessionOnly ),lexical_candidate_not_semantic_analysis,not_ported
garrysmod/lua/menu/openurl.lua,251,function PANEL:SetType( t ),lexical_candidate_not_semantic_analysis,not_ported
garrysmod/lua/menu/openurl.lua,265,"local function OpenConfirmationDialog( address, confirm_type )",lexical_candidate_not_semantic_analysis,not_ported
garrysmod/lua/menu/openurl.lua,287,function RequestOpenURL( url ),lexical_candidate_not_semantic_analysis,not_ported
garrysmod/lua/menu/openurl.lua,292,function RequestConnectToServer( serverip ),lexical_candidate_not_semantic_analysis,not_ported
garrysmod/lua/menu/openurl.lua,301,function RequestPermission( perm ),lexical_candidate_not_semantic_analysis,not_ported
garrysmod/lua/menu/problems/permissions.lua,4,function PANEL:Init(),lexical_candidate_not_semantic_analysis,not_ported
garrysmod/lua/menu/problems/permissions.lua,12,self.RemoveBtn.DoClick = function( btm ),lexical_candidate_not_semantic_analysis,not_ported
garrysmod/lua/menu/problems/permissions.lua,25,"function PANEL:PerformLayout( w, h )",lexical_candidate_not_semantic_analysis,not_ported
garrysmod/lua/menu/problems/permissions.lua,38,"function PANEL:Paint( w, h )",lexical_candidate_not_semantic_analysis,not_ported
garrysmod/lua/menu/problems/permissions.lua,51,function PANEL:Think(),lexical_candidate_not_semantic_analysis,not_ported
garrysmod/lua/menu/problems/permissions.lua,54,"function PANEL:SetPermission( perm, temp )",lexical_candidate_not_semantic_analysis,not_ported
garrysmod/lua/menu/problems/permissions.lua,75,function PANEL:Init(),lexical_candidate_not_semantic_analysis,not_ported
garrysmod/lua/menu/problems/permissions.lua,91,"function PANEL:Paint( w, h )",lexical_candidate_not_semantic_analysis,not_ported
garrysmod/lua/menu/problems/permissions.lua,105,function PANEL:OnMousePressed(),lexical_candidate_not_semantic_analysis,not_ported
garrysmod/lua/menu/problems/permissions.lua,112,function PANEL:SetGroup( groupID ),lexical_candidate_not_semantic_analysis,not_ported
garrysmod/lua/menu/problems/permissions.lua,118,"function PANEL:PerformLayout( w, h )",lexical_candidate_not_semantic_analysis,not_ported
garrysmod/lua/menu/problems/permissions.lua,138,"function PANEL:ReceivePerm( perm, temp )",lexical_candidate_not_semantic_analysis,not_ported
garrysmod/lua/menu/problems/permissions.lua,150,"function PANEL:ReceivePerms( perms, temp )",lexical_candidate_not_semantic_analysis,not_ported
garrysmod/lua/menu/problems/permissions.lua,169,function PANEL:Init(),lexical_candidate_not_semantic_analysis,not_ported
garrysmod/lua/menu/problems/permissions.lua,179,"function PANEL:AddServerGroup( address, perms, temp )",lexical_candidate_not_semantic_analysis,not_ported
garrysmod/lua/menu/problems/permissions.lua,193,function PANEL:DoPermissions(),lexical_candidate_not_semantic_analysis,not_ported
garrysmod/lua/menu/problems/permissions.lua,209,function PANEL:Think(),lexical_candidate_not_semantic_analysis,not_ported
garrysmod/lua/menu/problems/problem_generic.lua,4,function PANEL:Init(),lexical_candidate_not_semantic_analysis,not_ported
garrysmod/lua/menu/problems/problem_generic.lua,13,self.CopyBtn.DoClick = function( btm ),lexical_candidate_not_semantic_analysis,not_ported
garrysmod/lua/menu/problems/problem_generic.lua,20,self.FixBtn.DoClick = function( btm ),lexical_candidate_not_semantic_analysis,not_ported
garrysmod/lua/menu/problems/problem_generic.lua,39,"function PANEL:PerformLayout( w, h )",lexical_candidate_not_semantic_analysis,not_ported
garrysmod/lua/menu/problems/problem_generic.lua,62,"function PANEL:Paint( w, h )",lexical_candidate_not_semantic_analysis,not_ported
garrysmod/lua/menu/problems/problem_generic.lua,91,function PANEL:Think(),lexical_candidate_not_semantic_analysis,not_ported
garrysmod/lua/menu/problems/problem_generic.lua,94,function PANEL:Setup( problem ),lexical_candidate_not_semantic_analysis,not_ported
garrysmod/lua/menu/problems/problem_generic.lua,117,function PANEL:Init(),lexical_candidate_not_semantic_analysis,not_ported
garrysmod/lua/menu/problems/problem_generic.lua,133,"function PANEL:Paint( w, h )",lexical_candidate_not_semantic_analysis,not_ported
garrysmod/lua/menu/problems/problem_generic.lua,147,function PANEL:OnMousePressed(),lexical_candidate_not_semantic_analysis,not_ported
garrysmod/lua/menu/problems/problem_generic.lua,154,function PANEL:SetGroup( groupID ),lexical_candidate_not_semantic_analysis,not_ported
garrysmod/lua/menu/problems/problem_generic.lua,160,"function PANEL:PerformLayout( w, h )",lexical_candidate_not_semantic_analysis,not_ported
garrysmod/lua/menu/problems/problem_generic.lua,180,"function PANEL:ReceivedProblem( uid, prob )",lexical_candidate_not_semantic_analysis,not_ported
garrysmod/lua/menu/problems/problem_lua.lua,15,function PANEL:Init(),lexical_candidate_not_semantic_analysis,not_ported
garrysmod/lua/menu/problems/problem_lua.lua,24,self.CopyBtn.DoClick = function( btm ),lexical_candidate_not_semantic_analysis,not_ported
garrysmod/lua/menu/problems/problem_lua.lua,34,"function PANEL:PerformLayout( w, h )",lexical_candidate_not_semantic_analysis,not_ported
garrysmod/lua/menu/problems/problem_lua.lua,50,"function PANEL:Paint( w, h )",lexical_candidate_not_semantic_analysis,not_ported
garrysmod/lua/menu/problems/problem_lua.lua,87,function PANEL:Setup( problem ),lexical_candidate_not_semantic_analysis,not_ported
garrysmod/lua/menu/problems/problem_lua.lua,102,function PANEL:Init(),lexical_candidate_not_semantic_analysis,not_ported
garrysmod/lua/menu/problems/problem_lua.lua,115,self.ClearButton.DoClick = function( s ) self:ClearThisGroup() end,lexical_candidate_not_semantic_analysis,not_ported
garrysmod/lua/menu/problems/problem_lua.lua,123,"function PANEL:Paint( w, h )",lexical_candidate_not_semantic_analysis,not_ported
garrysmod/lua/menu/problems/problem_lua.lua,142,function PANEL:ClearThisGroup(),lexical_candidate_not_semantic_analysis,not_ported
garrysmod/lua/menu/problems/problem_lua.lua,148,function PANEL:OnMousePressed( code ),lexical_candidate_not_semantic_analysis,not_ported
garrysmod/lua/menu/problems/problem_lua.lua,159,function PANEL:GetExplainerText(),lexical_candidate_not_semantic_analysis,not_ported
garrysmod/lua/menu/problems/problem_lua.lua,174,"function PANEL:SetTitleAndID( title, id, groupid )",lexical_candidate_not_semantic_analysis,not_ported
garrysmod/lua/menu/problems/problem_lua.lua,186,"self.DisableBtn.DoClick = function() steamworks.SetShouldMountAddon( self.AddonID, false ) steamworks.ApplyAddons() end",lexical_candidate_not_semantic_analysis,not_ported
garrysmod/lua/menu/problems/problem_lua.lua,191,self.OpenWSBtn.DoClick = function() steamworks.ViewFile( self.AddonID ) end,lexical_candidate_not_semantic_analysis,not_ported
garrysmod/lua/menu/problems/problem_lua.lua,196,self.UninstallBtn.DoClick = function() steamworks.Unsubscribe( self.AddonID ) end,lexical_candidate_not_semantic_analysis,not_ported
garrysmod/lua/menu/problems/problem_lua.lua,206,"function PANEL:PerformLayout( w, h )",lexical_candidate_not_semantic_analysis,not_ported
garrysmod/lua/menu/problems/problem_lua.lua,243,function PANEL:Think(),lexical_candidate_not_semantic_analysis,not_ported
garrysmod/lua/menu/problems/problem_lua.lua,252,"function PANEL:ReceivedError( uid, err )",lexical_candidate_not_semantic_analysis,not_ported
garrysmod/lua/menu/problems/problems.lua,12,local function RefreshGenericProblemList(),lexical_candidate_not_semantic_analysis,not_ported
garrysmod/lua/menu/problems/problems.lua,23,local function RefreshLuaErrorList(),lexical_candidate_not_semantic_analysis,not_ported
garrysmod/lua/menu/problems/problems.lua,34,local function CountProblem( severity ),lexical_candidate_not_semantic_analysis,not_ported
garrysmod/lua/menu/problems/problems.lua,46,local function RecountProblems(),lexical_candidate_not_semantic_analysis,not_ported
garrysmod/lua/menu/problems/problems.lua,73,function ClearLuaErrorGroup( group_id ),lexical_candidate_not_semantic_analysis,not_ported
garrysmod/lua/menu/problems/problems.lua,88,function ClearProblem( id ),lexical_candidate_not_semantic_analysis,not_ported
garrysmod/lua/menu/problems/problems.lua,100,function FireProblem( prob ),lexical_candidate_not_semantic_analysis,not_ported
garrysmod/lua/menu/problems/problems.lua,115,"local function FireError( str, realm, stack, addontitle, addonid )",lexical_candidate_not_semantic_analysis,not_ported
garrysmod/lua/menu/problems/problems.lua,167,function OpenProblemsPanel(),lexical_candidate_not_semantic_analysis,not_ported
garrysmod/lua/menu/problems/problems.lua,190,"function FireProblemFromEngine( id, severity, params )",lexical_candidate_not_semantic_analysis,not_ported
garrysmod/lua/menu/problems/problems.lua,193,"FireProblem( { id = id, text = text, severity = severity, type = ""addons"", fix = function() RunConsoleCommand( ""menu_cleanupgmas"" ) ClearProblem( id ) end } )",lexical_candidate_not_semantic_analysis,not_ported
garrysmod/lua/menu/problems/problems.lua,210,"FireProblem( { id = ""mat_hdr_level"", text = ""#problem.mat_hdr_level"", type = ""config"", fix = function() RunConsoleCommand( ""mat_hdr_level"", ""2"" ) end, severity = 1 } )",lexical_candidate_not_semantic_analysis,not_ported
garrysmod/lua/menu/problems/problems.lua,216,"FireProblem( { id = ""mat_bumpmap"", text = ""#problem.mat_bumpmap"", type = ""config"", fix = function() RunConsoleCommand( ""mat_bumpmap"", ""1"" ) end } )",lexical_candidate_not_semantic_analysis,not_ported
garrysmod/lua/menu/problems/problems.lua,222,"FireProblem( { id = ""mat_specular"", text = ""#problem.mat_specular"", type = ""config"", fix = function() RunConsoleCommand( ""mat_specular"", ""1"" ) end } )",lexical_candidate_not_semantic_analysis,not_ported
garrysmod/lua/menu/problems/problems.lua,234,"FireProblem( { id = ""voice_fadeouttime"", text = ""#problem.voice_fadeouttime"", type = ""config"", fix = function() RunConsoleCommand( ""voice_fadeouttime"", ""0.1"" ) ClearProblem( ""voice_fadeouttime"" ) end } )",lexical_candidate_not_semantic_analysis,not_ported
garrysmod/lua/menu/problems/problems.lua,240,"FireProblem( { id = ""mat_viewportscale"", text = ""#problem.mat_viewportscale"", type = ""config"", fix = function() RunConsoleCommand( ""mat_viewportscale"", ""1"" ) ClearProblem( ""mat_viewportscale"" ) end } )",lexical_candidate_not_semantic_analysis,not_ported
garrysmod/lua/menu/problems/problems.lua,253,"FireProblem( { id = ""cl_speeds"", text = ""#problem.cl_speeds"", type = ""config"", fix = function()",lexical_candidate_not_semantic_analysis,not_ported
garrysmod/lua/menu/problems/problems.lua,319,function RefreshAddonConflicts(),lexical_candidate_not_semantic_analysis,not_ported
garrysmod/lua/menu/problems/problems.lua,323,function FireAddonConflicts(),lexical_candidate_not_semantic_analysis,not_ported
garrysmod/lua/menu/problems/problems_pnl.lua,8,function PANEL:Init(),lexical_candidate_not_semantic_analysis,not_ported
garrysmod/lua/menu/problems/problems_pnl.lua,22,ProblemsFrame.OnRemove = function( frm ) self:Remove() end,lexical_candidate_not_semantic_analysis,not_ported
garrysmod/lua/menu/problems/problems_pnl.lua,23,ProblemsFrame.Paint = function( frm ) end,lexical_candidate_not_semantic_analysis,not_ported
garrysmod/lua/menu/problems/problems_pnl.lua,61,function PANEL:OnMousePressed( mcode ),lexical_candidate_not_semantic_analysis,not_ported
garrysmod/lua/menu/problems/problems_pnl.lua,69,function PANEL:Think(),lexical_candidate_not_semantic_analysis,not_ported
garrysmod/lua/menu/problems/problems_pnl.lua,77,"function PANEL:AddEmptyWarning( txt, parent )",lexical_candidate_not_semantic_analysis,not_ported
garrysmod/lua/menu/problems/problems_pnl.lua,87,"lab.Paint = function( s, w, h )",lexical_candidate_not_semantic_analysis,not_ported
garrysmod/lua/menu/problems/problems_pnl.lua,97,"function PANEL:Paint( w, h )",lexical_candidate_not_semantic_analysis,not_ported
garrysmod/lua/menu/problems/problems_pnl.lua,103,function PANEL:PerformLayout(),lexical_candidate_not_semantic_analysis,not_ported
garrysmod/lua/menu/problems/problems_pnl.lua,115,"function PANEL:ReceivedError( uid, err )",lexical_candidate_not_semantic_analysis,not_ported
garrysmod/lua/menu/problems/problems_pnl.lua,139,"function PANEL:ReceivedProblem( uid, prob )",lexical_candidate_not_semantic_analysis,not_ported
garrysmod/lua/menu/ugcpublish.lua,4,function PANEL:Init(),lexical_candidate_not_semantic_analysis,not_ported
garrysmod/lua/menu/ugcpublish.lua,19,"self.AddonList.OnRowSelected = function( s, ... ) self:OnRowSelected( ... ) end",lexical_candidate_not_semantic_analysis,not_ported
garrysmod/lua/menu/ugcpublish.lua,26,"self.AddonListLabel.Paint = function( s, w, h ) draw.RoundedBox( 0, 0, 0, w, h, Color( 0, 0, 0, 100 ) ) end -- TODO: Prolly should be hooked to skin",lexical_candidate_not_semantic_analysis,not_ported
garrysmod/lua/menu/ugcpublish.lua,44,self.Title.OnTextChanged = function( s ) self:CheckInput() end,lexical_candidate_not_semantic_analysis,not_ported
garrysmod/lua/menu/ugcpublish.lua,79,self.Publish.DoClick = function( s ) self:DoPublish() end,lexical_candidate_not_semantic_analysis,not_ported
garrysmod/lua/menu/ugcpublish.lua,87,"self.UpdateProgress.Paint = function( s, w, h )",lexical_candidate_not_semantic_analysis,not_ported
garrysmod/lua/menu/ugcpublish.lua,113,function PANEL:FitContents(),lexical_candidate_not_semantic_analysis,not_ported
garrysmod/lua/menu/ugcpublish.lua,122,"function PANEL:OnRowSelected( rowID, row )",lexical_candidate_not_semantic_analysis,not_ported
garrysmod/lua/menu/ugcpublish.lua,151,"function PANEL:Setup( ugcType, file, imageFile, handler )",lexical_candidate_not_semantic_analysis,not_ported
garrysmod/lua/menu/ugcpublish.lua,167,"rb.OnChange = function( s, val )",lexical_candidate_not_semantic_analysis,not_ported
garrysmod/lua/menu/ugcpublish.lua,194,function PANEL:UpdateWorkshopItems(),lexical_candidate_not_semantic_analysis,not_ported
garrysmod/lua/menu/ugcpublish.lua,209,a.OnRightClick = function( s ),lexical_candidate_not_semantic_analysis,not_ported
garrysmod/lua/menu/ugcpublish.lua,226,function PANEL:GetChosenTag(),lexical_candidate_not_semantic_analysis,not_ported
garrysmod/lua/menu/ugcpublish.lua,234,function PANEL:CheckInput(),lexical_candidate_not_semantic_analysis,not_ported
garrysmod/lua/menu/ugcpublish.lua,250,function PANEL:DisplayError( err ),lexical_candidate_not_semantic_analysis,not_ported
garrysmod/lua/menu/ugcpublish.lua,267,"function PANEL:OnPublishFinished( wsid, err )",lexical_candidate_not_semantic_analysis,not_ported
garrysmod/lua/menu/ugcpublish.lua,279,function PANEL:DoPublish(),lexical_candidate_not_semantic_analysis,not_ported
garrysmod/lua/menu/ugcpublish.lua,309,"Callback = function( wsid, erro ) self:OnPublishFinished( wsid, erro ) end",lexical_candidate_not_semantic_analysis,not_ported
garrysmod/lua/postprocess/bloom.lua,25,"function DrawBloom( darken, multiply, sizex, sizey, passes, color, colr, colg, colb )",lexical_candidate_not_semantic_analysis,not_ported
garrysmod/lua/postprocess/bloom.lua,82,cpanel = function( CPanel ),lexical_candidate_not_semantic_analysis,not_ported
garrysmod/lua/postprocess/bokeh_dof.lua,9,"function DrawBokehDOF( intensity, distance, focus )",lexical_candidate_not_semantic_analysis,not_ported
garrysmod/lua/postprocess/color_modify.lua,20,function DrawColorModify( tab ),lexical_candidate_not_semantic_analysis,not_ported
garrysmod/lua/postprocess/color_modify.lua,63,cpanel = function( CPanel ),lexical_candidate_not_semantic_analysis,not_ported
garrysmod/lua/postprocess/dof.lua,14,function DOF_Kill(),lexical_candidate_not_semantic_analysis,not_ported
garrysmod/lua/postprocess/dof.lua,32,function DOF_Start(),lexical_candidate_not_semantic_analysis,not_ported
garrysmod/lua/postprocess/dof.lua,74,cpanel = function( CPanel ),lexical_candidate_not_semantic_analysis,not_ported
garrysmod/lua/postprocess/frame_blend.lua,20,local function FixupCurve( num ),lexical_candidate_not_semantic_analysis,not_ported
garrysmod/lua/postprocess/frame_blend.lua,37,"local function FrameCurve( f, num )",lexical_candidate_not_semantic_analysis,not_ported
garrysmod/lua/postprocess/frame_blend.lua,71,frame_blend.IsActive = function(),lexical_candidate_not_semantic_analysis,not_ported
garrysmod/lua/postprocess/frame_blend.lua,77,frame_blend.IsLastFrame = function(),lexical_candidate_not_semantic_analysis,not_ported
garrysmod/lua/postprocess/frame_blend.lua,87,frame_blend.RenderableFrames = function(),lexical_candidate_not_semantic_analysis,not_ported
garrysmod/lua/postprocess/frame_blend.lua,94,frame_blend.DrawPreview = function(),lexical_candidate_not_semantic_analysis,not_ported
garrysmod/lua/postprocess/frame_blend.lua,104,frame_blend.ShouldSkipFrame = function(),lexical_candidate_not_semantic_analysis,not_ported
garrysmod/lua/postprocess/frame_blend.lua,119,frame_blend.CompleteFrame = function(),lexical_candidate_not_semantic_analysis,not_ported
garrysmod/lua/postprocess/frame_blend.lua,135,frame_blend.AddFrame = function(),lexical_candidate_not_semantic_analysis,not_ported
garrysmod/lua/postprocess/frame_blend.lua,146,frame_blend.BlendFrame = function(),lexical_candidate_not_semantic_analysis,not_ported
garrysmod/lua/postprocess/frame_blend.lua,194,cpanel = function( CPanel ),lexical_candidate_not_semantic_analysis,not_ported
garrysmod/lua/postprocess/motion_blur.lua,17,"function DrawMotionBlur( addalpha, drawalpha, delay )",lexical_candidate_not_semantic_analysis,not_ported
garrysmod/lua/postprocess/motion_blur.lua,74,cpanel = function( CPanel ),lexical_candidate_not_semantic_analysis,not_ported
garrysmod/lua/postprocess/overlay.lua,11,"function DrawMaterialOverlay( texture, refractamount )",lexical_candidate_not_semantic_analysis,not_ported
garrysmod/lua/postprocess/overlay.lua,77,func = function( content ),lexical_candidate_not_semantic_analysis,not_ported
garrysmod/lua/postprocess/overlay.lua,97,cpanel = function( CPanel ),lexical_candidate_not_semantic_analysis,not_ported
garrysmod/lua/postprocess/sharpen.lua,12,"function DrawSharpen( contrast, distance )",lexical_candidate_not_semantic_analysis,not_ported
garrysmod/lua/postprocess/sharpen.lua,39,cpanel = function( CPanel ),lexical_candidate_not_semantic_analysis,not_ported
garrysmod/lua/postprocess/sobel.lua,8,function DrawSobel( threshold ),lexical_candidate_not_semantic_analysis,not_ported
garrysmod/lua/postprocess/sobel.lua,35,cpanel = function( CPanel ),lexical_candidate_not_semantic_analysis,not_ported
garrysmod/lua/postprocess/stereoscopy.lua,11,"function RenderStereoscopy( ViewOrigin, ViewAngles )",lexical_candidate_not_semantic_analysis,not_ported
garrysmod/lua/postprocess/stereoscopy.lua,59,cpanel = function( CPanel ),lexical_candidate_not_semantic_analysis,not_ported
garrysmod/lua/postprocess/sunbeams.lua,14,"function DrawSunbeams( darken, multiply, sunsize, sunx, suny )",lexical_candidate_not_semantic_analysis,not_ported
garrysmod/lua/postprocess/sunbeams.lua,58,cpanel = function( CPanel ),lexical_candidate_not_semantic_analysis,not_ported
garrysmod/lua/postprocess/super_dof.lua,15,function PANEL:Init(),lexical_candidate_not_semantic_analysis,not_ported
garrysmod/lua/postprocess/super_dof.lua,34,function self.BlurSize:OnValueChanged( val ) BlurSize = val end,lexical_candidate_not_semantic_analysis,not_ported
garrysmod/lua/postprocess/super_dof.lua,45,function self.Distance:OnValueChanged( val ) Distance = val end,lexical_candidate_not_semantic_analysis,not_ported
garrysmod/lua/postprocess/super_dof.lua,70,function PassesCtrl:OnValueChanged( val ) Passes = val end,lexical_candidate_not_semantic_analysis,not_ported
garrysmod/lua/postprocess/super_dof.lua,82,function RadialsCtrl:OnValueChanged( val ) Steps = val end,lexical_candidate_not_semantic_analysis,not_ported
garrysmod/lua/postprocess/super_dof.lua,94,function ShapeCtrl:OnValueChanged( val ) Shape = val end,lexical_candidate_not_semantic_analysis,not_ported
garrysmod/lua/postprocess/super_dof.lua,108,"function self.Render:DoClick() Status = ""Render"" end",lexical_candidate_not_semantic_analysis,not_ported
garrysmod/lua/postprocess/super_dof.lua,113,"function self.Screenshot:DoClick() RunConsoleCommand( ""jpeg"" ) end",lexical_candidate_not_semantic_analysis,not_ported
garrysmod/lua/postprocess/super_dof.lua,121,function Break:DoClick(),lexical_candidate_not_semantic_analysis,not_ported
garrysmod/lua/postprocess/super_dof.lua,143,function PANEL:ChangeDistanceTo( dist ),lexical_candidate_not_semantic_analysis,not_ported
garrysmod/lua/postprocess/super_dof.lua,149,function PANEL:PositionMyself(),lexical_candidate_not_semantic_analysis,not_ported
garrysmod/lua/postprocess/super_dof.lua,156,"function PANEL:OnScreenSizeChanged( what, ever )",lexical_candidate_not_semantic_analysis,not_ported
garrysmod/lua/postprocess/super_dof.lua,174,"function RenderDoF( vOrigin, vAngle, vFocus, fAngleSize, radial_steps, passes, bSpin, inView, ViewFOV )",lexical_candidate_not_semantic_analysis,not_ported
garrysmod/lua/postprocess/super_dof.lua,281,"function RenderSuperDoF( ViewOrigin, ViewAngles, ViewFOV )",lexical_candidate_not_semantic_analysis,not_ported
garrysmod/lua/postprocess/super_dof.lua,380,"onclick = function() RunConsoleCommand( ""pp_superdof"" ) end",lexical_candidate_not_semantic_analysis,not_ported
garrysmod/lua/postprocess/texturize.lua,8,"function DrawTexturize( scale, pMaterial )",lexical_candidate_not_semantic_analysis,not_ported
garrysmod/lua/postprocess/texturize.lua,43,func = function( content ),lexical_candidate_not_semantic_analysis,not_ported
garrysmod/lua/postprocess/toytown.lua,12,"function DrawToyTown( NumPasses, H )",lexical_candidate_not_semantic_analysis,not_ported
garrysmod/lua/postprocess/toytown.lua,49,cpanel = function( CPanel ),lexical_candidate_not_semantic_analysis,not_ported
garrysmod/lua/skins/default.lua,321,"function SKIN:PaintPanel( panel, w, h )",lexical_candidate_not_semantic_analysis,not_ported
garrysmod/lua/skins/default.lua,331,"function SKIN:PaintShadow( panel, w, h )",lexical_candidate_not_semantic_analysis,not_ported
garrysmod/lua/skins/default.lua,340,"function SKIN:PaintFrame( panel, w, h )",lexical_candidate_not_semantic_analysis,not_ported
garrysmod/lua/skins/default.lua,365,"function SKIN:PaintButton( panel, w, h )",lexical_candidate_not_semantic_analysis,not_ported
garrysmod/lua/skins/default.lua,388,"function SKIN:PaintTree( panel, w, h )",lexical_candidate_not_semantic_analysis,not_ported
garrysmod/lua/skins/default.lua,399,"function SKIN:PaintCheckBox( panel, w, h )",lexical_candidate_not_semantic_analysis,not_ported
garrysmod/lua/skins/default.lua,424,"function SKIN:PaintRadioButton( panel, w, h )",lexical_candidate_not_semantic_analysis,not_ported
garrysmod/lua/skins/default.lua,449,"function SKIN:PaintExpandButton( panel, w, h )",lexical_candidate_not_semantic_analysis,not_ported
garrysmod/lua/skins/default.lua,462,"function SKIN:PaintTextEntry( panel, w, h )",lexical_candidate_not_semantic_analysis,not_ported
garrysmod/lua/skins/default.lua,499,"function SKIN:PaintMenu( panel, w, h )",lexical_candidate_not_semantic_analysis,not_ported
garrysmod/lua/skins/default.lua,512,"function SKIN:PaintMenuSpacer( panel, w, h )",lexical_candidate_not_semantic_analysis,not_ported
garrysmod/lua/skins/default.lua,522,"function SKIN:PaintMenuOption( panel, w, h )",lexical_candidate_not_semantic_analysis,not_ported
garrysmod/lua/skins/default.lua,559,"function SKIN:PaintMenuRightArrow( panel, w, h )",lexical_candidate_not_semantic_analysis,not_ported
garrysmod/lua/skins/default.lua,568,"function SKIN:PaintPropertySheet( panel, w, h )",lexical_candidate_not_semantic_analysis,not_ported
garrysmod/lua/skins/default.lua,583,"function SKIN:PaintTab( panel, w, h )",lexical_candidate_not_semantic_analysis,not_ported
garrysmod/lua/skins/default.lua,593,"function SKIN:PaintActiveTab( panel, w, h )",lexical_candidate_not_semantic_analysis,not_ported
garrysmod/lua/skins/default.lua,602,"function SKIN:PaintWindowCloseButton( panel, w, h )",lexical_candidate_not_semantic_analysis,not_ported
garrysmod/lua/skins/default.lua,622,"function SKIN:PaintWindowMinimizeButton( panel, w, h )",lexical_candidate_not_semantic_analysis,not_ported
garrysmod/lua/skins/default.lua,642,"function SKIN:PaintWindowMaximizeButton( panel, w, h )",lexical_candidate_not_semantic_analysis,not_ported
garrysmod/lua/skins/default.lua,665,"function SKIN:PaintVScrollBar( panel, w, h )",lexical_candidate_not_semantic_analysis,not_ported
garrysmod/lua/skins/default.lua,674,"function SKIN:PaintHScrollBar( panel, w, h )",lexical_candidate_not_semantic_analysis,not_ported
garrysmod/lua/skins/default.lua,683,"function SKIN:PaintScrollBarGrip( panel, w, h )",lexical_candidate_not_semantic_analysis,not_ported
garrysmod/lua/skins/default.lua,704,"function SKIN:PaintButtonDown( panel, w, h )",lexical_candidate_not_semantic_analysis,not_ported
garrysmod/lua/skins/default.lua,727,"function SKIN:PaintButtonUp( panel, w, h )",lexical_candidate_not_semantic_analysis,not_ported
garrysmod/lua/skins/default.lua,750,"function SKIN:PaintButtonLeft( panel, w, h )",lexical_candidate_not_semantic_analysis,not_ported
garrysmod/lua/skins/default.lua,773,"function SKIN:PaintButtonRight( panel, w, h )",lexical_candidate_not_semantic_analysis,not_ported
garrysmod/lua/skins/default.lua,796,"function SKIN:PaintComboDownArrow( panel, w, h )",lexical_candidate_not_semantic_analysis,not_ported
garrysmod/lua/skins/default.lua,817,"function SKIN:PaintComboBox( panel, w, h )",lexical_candidate_not_semantic_analysis,not_ported
garrysmod/lua/skins/default.lua,838,"function SKIN:PaintListBox( panel, w, h )",lexical_candidate_not_semantic_analysis,not_ported
garrysmod/lua/skins/default.lua,847,"function SKIN:PaintNumberUp( panel, w, h )",lexical_candidate_not_semantic_analysis,not_ported
garrysmod/lua/skins/default.lua,868,"function SKIN:PaintNumberDown( panel, w, h )",lexical_candidate_not_semantic_analysis,not_ported
garrysmod/lua/skins/default.lua,886,"function SKIN:PaintTreeNode( panel, w, h )",lexical_candidate_not_semantic_analysis,not_ported
garrysmod/lua/skins/default.lua,906,"function SKIN:PaintTreeNodeButton( panel, w, h )",lexical_candidate_not_semantic_analysis,not_ported
garrysmod/lua/skins/default.lua,918,"function SKIN:PaintSelection( panel, w, h )",lexical_candidate_not_semantic_analysis,not_ported
garrysmod/lua/skins/default.lua,924,"function SKIN:PaintSliderKnob( panel, w, h )",lexical_candidate_not_semantic_analysis,not_ported
garrysmod/lua/skins/default.lua,940,"local function PaintNotches( x, y, w, h, num )",lexical_candidate_not_semantic_analysis,not_ported
garrysmod/lua/skins/default.lua,960,"function SKIN:PaintNumSlider( panel, w, h )",lexical_candidate_not_semantic_analysis,not_ported
garrysmod/lua/skins/default.lua,972,"function SKIN:PaintProgress( panel, w, h )",lexical_candidate_not_semantic_analysis,not_ported
garrysmod/lua/skins/default.lua,979,"function SKIN:PaintCollapsibleCategory( panel, w, h )",lexical_candidate_not_semantic_analysis,not_ported
garrysmod/lua/skins/default.lua,994,"function SKIN:PaintCategoryList( panel, w, h )",lexical_candidate_not_semantic_analysis,not_ported
garrysmod/lua/skins/default.lua,1000,"function SKIN:PaintCategoryButton( panel, w, h )",lexical_candidate_not_semantic_analysis,not_ported
garrysmod/lua/skins/default.lua,1026,"function SKIN:PaintListViewLine( panel, w, h )",lexical_candidate_not_semantic_analysis,not_ported
garrysmod/lua/skins/default.lua,1044,"function SKIN:PaintListView( panel, w, h )",lexical_candidate_not_semantic_analysis,not_ported
garrysmod/lua/skins/default.lua,1052,"function SKIN:PaintTooltip( panel, w, h )",lexical_candidate_not_semantic_analysis,not_ported
garrysmod/lua/skins/default.lua,1058,"function SKIN:PaintMenuBar( panel, w, h )",lexical_candidate_not_semantic_analysis,not_ported
garrysmod/lua/vgui/DPanPanel.lua,6,function PANEL:Init(),lexical_candidate_not_semantic_analysis,not_ported
garrysmod/lua/vgui/DPanPanel.lua,10,"self:GetCanvas().OnMousePressed = function( s, code )",lexical_candidate_not_semantic_analysis,not_ported
garrysmod/lua/vgui/DPanPanel.lua,16,self:GetCanvas().PerformLayout = function( pnl ),lexical_candidate_not_semantic_analysis,not_ported
garrysmod/lua/vgui/DPanPanel.lua,21,function self.pnlCanvas:Think(),lexical_candidate_not_semantic_analysis,not_ported
garrysmod/lua/vgui/DPanPanel.lua,41,function self.pnlCanvas:OnMousePressed( keyCode ),lexical_candidate_not_semantic_analysis,not_ported
garrysmod/lua/vgui/DPanPanel.lua,46,function self.pnlCanvas:OnMouseReleased( keyCode ),lexical_candidate_not_semantic_analysis,not_ported
garrysmod/lua/vgui/DPanPanel.lua,62,function PANEL:Think(),lexical_candidate_not_semantic_analysis,not_ported
garrysmod/lua/vgui/DPanPanel.lua,74,function PANEL:OnMousePressed( ... ),lexical_candidate_not_semantic_analysis,not_ported
garrysmod/lua/vgui/DPanPanel.lua,78,function PANEL:OnMouseReleased( ... ),lexical_candidate_not_semantic_analysis,not_ported
garrysmod/lua/vgui/DPanPanel.lua,82,function PANEL:AddItem( pnl ),lexical_candidate_not_semantic_analysis,not_ported
garrysmod/lua/vgui/DPanPanel.lua,86,function PANEL:OnChildAdded( child ),lexical_candidate_not_semantic_analysis,not_ported
garrysmod/lua/vgui/DPanPanel.lua,115,function PANEL:SizeToContents(),lexical_candidate_not_semantic_analysis,not_ported
garrysmod/lua/vgui/DPanPanel.lua,119,"function PANEL:OnScroll( x, y )",lexical_candidate_not_semantic_analysis,not_ported
garrysmod/lua/vgui/DPanPanel.lua,123,function PANEL:ScrollToChild( panel ),lexical_candidate_not_semantic_analysis,not_ported
garrysmod/lua/vgui/DPanPanel.lua,137,function PANEL:PerformLayout(),lexical_candidate_not_semantic_analysis,not_ported
garrysmod/lua/vgui/DPanPanel.lua,204,function PANEL:Clear() return self:GetCanvas():Clear() end,lexical_candidate_not_semantic_analysis,not_ported
garrysmod/lua/vgui/DPanPanel.lua,206,"function PANEL:GenerateExample( class, propsheet, width, height )",lexical_candidate_not_semantic_analysis,not_ported
garrysmod/lua/vgui/contextbase.lua,4,function PANEL:Init(),lexical_candidate_not_semantic_analysis,not_ported
garrysmod/lua/vgui/contextbase.lua,12,function PANEL:SetConVar( cvar ),lexical_candidate_not_semantic_analysis,not_ported
garrysmod/lua/vgui/contextbase.lua,16,function PANEL:ConVar(),lexical_candidate_not_semantic_analysis,not_ported
garrysmod/lua/vgui/contextbase.lua,20,function PANEL:ControlValues( kv ),lexical_candidate_not_semantic_analysis,not_ported
garrysmod/lua/vgui/contextbase.lua,27,function PANEL:PerformLayout(),lexical_candidate_not_semantic_analysis,not_ported
garrysmod/lua/vgui/contextbase.lua,40,function PANEL:TestForChanges(),lexical_candidate_not_semantic_analysis,not_ported
garrysmod/lua/vgui/contextbase.lua,47,function PANEL:Think(),lexical_candidate_not_semantic_analysis,not_ported
garrysmod/lua/vgui/dadjustablemodelpanel.lua,7,function PANEL:Init(),lexical_candidate_not_semantic_analysis,not_ported
garrysmod/lua/vgui/dadjustablemodelpanel.lua,16,function PANEL:OnMousePressed( mousecode ),lexical_candidate_not_semantic_analysis,not_ported
garrysmod/lua/vgui/dadjustablemodelpanel.lua,56,function PANEL:Think(),lexical_candidate_not_semantic_analysis,not_ported
garrysmod/lua/vgui/dadjustablemodelpanel.lua,66,function PANEL:CaptureMouse(),lexical_candidate_not_semantic_analysis,not_ported
garrysmod/lua/vgui/dadjustablemodelpanel.lua,85,local function IsKeyBindDown( cmd ),lexical_candidate_not_semantic_analysis,not_ported
garrysmod/lua/vgui/dadjustablemodelpanel.lua,100,function PANEL:FirstPersonControls(),lexical_candidate_not_semantic_analysis,not_ported
garrysmod/lua/vgui/dadjustablemodelpanel.lua,156,function PANEL:OnMouseWheeled( dlta ),lexical_candidate_not_semantic_analysis,not_ported
garrysmod/lua/vgui/dadjustablemodelpanel.lua,163,function PANEL:OnMouseReleased( mousecode ),lexical_candidate_not_semantic_analysis,not_ported
garrysmod/lua/vgui/dadjustablemodelpanel.lua,171,"function PANEL:GenerateExample( ClassName, PropertySheet, Width, Height )",lexical_candidate_not_semantic_analysis,not_ported
garrysmod/lua/vgui/dalphabar.lua,10,function PANEL:Init(),lexical_candidate_not_semantic_analysis,not_ported
garrysmod/lua/vgui/dalphabar.lua,18,"function PANEL:OnCursorMoved( x, y )",lexical_candidate_not_semantic_analysis,not_ported
garrysmod/lua/vgui/dalphabar.lua,31,function PANEL:OnMousePressed( mcode ),lexical_candidate_not_semantic_analysis,not_ported
garrysmod/lua/vgui/dalphabar.lua,38,function PANEL:OnMouseReleased( mcode ),lexical_candidate_not_semantic_analysis,not_ported
garrysmod/lua/vgui/dalphabar.lua,45,function PANEL:OnChange( fAlpha ),lexical_candidate_not_semantic_analysis,not_ported
garrysmod/lua/vgui/dalphabar.lua,48,"function PANEL:Paint( w, h )",lexical_candidate_not_semantic_analysis,not_ported
garrysmod/lua/vgui/dbinder.lua,9,function PANEL:Init(),lexical_candidate_not_semantic_analysis,not_ported
garrysmod/lua/vgui/dbinder.lua,19,function PANEL:UpdateText(),lexical_candidate_not_semantic_analysis,not_ported
garrysmod/lua/vgui/dbinder.lua,30,function PANEL:DoClick(),lexical_candidate_not_semantic_analysis,not_ported
garrysmod/lua/vgui/dbinder.lua,38,function PANEL:ResetToDefaultValue(),lexical_candidate_not_semantic_analysis,not_ported
garrysmod/lua/vgui/dbinder.lua,45,function PANEL:DoMiddleClick(),lexical_candidate_not_semantic_analysis,not_ported
garrysmod/lua/vgui/dbinder.lua,51,function PANEL:DoRightClick(),lexical_candidate_not_semantic_analysis,not_ported
garrysmod/lua/vgui/dbinder.lua,61,function PANEL:SetSelectedNumber( iNum ),lexical_candidate_not_semantic_analysis,not_ported
garrysmod/lua/vgui/dbinder.lua,70,function PANEL:SetConVar( strConVar ),lexical_candidate_not_semantic_analysis,not_ported
garrysmod/lua/vgui/dbinder.lua,79,function PANEL:Think(),lexical_candidate_not_semantic_analysis,not_ported
garrysmod/lua/vgui/dbinder.lua,106,function PANEL:SetValue( iNumValue ),lexical_candidate_not_semantic_analysis,not_ported
garrysmod/lua/vgui/dbinder.lua,112,function PANEL:GetValue(),lexical_candidate_not_semantic_analysis,not_ported
garrysmod/lua/vgui/dbinder.lua,118,function PANEL:OnChange( iNum ),lexical_candidate_not_semantic_analysis,not_ported
garrysmod/lua/vgui/dbubblecontainer.lua,6,function PANEL:Init(),lexical_candidate_not_semantic_analysis,not_ported
garrysmod/lua/vgui/dbubblecontainer.lua,14,"function PANEL:OpenForPos( x, y, w, h )",lexical_candidate_not_semantic_analysis,not_ported
garrysmod/lua/vgui/dbubblecontainer.lua,31,function PANEL:PerformLayout(),lexical_candidate_not_semantic_analysis,not_ported
garrysmod/lua/vgui/dbubblecontainer.lua,34,"function PANEL:Paint( w, h )",lexical_candidate_not_semantic_analysis,not_ported
garrysmod/lua/vgui/dbutton.lua,6,function PANEL:Init(),lexical_candidate_not_semantic_analysis,not_ported
garrysmod/lua/vgui/dbutton.lua,26,function PANEL:IsDown(),lexical_candidate_not_semantic_analysis,not_ported
garrysmod/lua/vgui/dbutton.lua,32,function PANEL:SetImage( img ),lexical_candidate_not_semantic_analysis,not_ported
garrysmod/lua/vgui/dbutton.lua,54,function PANEL:SetMaterial( mat ),lexical_candidate_not_semantic_analysis,not_ported
garrysmod/lua/vgui/dbutton.lua,75,"function PANEL:Paint( w, h )",lexical_candidate_not_semantic_analysis,not_ported
garrysmod/lua/vgui/dbutton.lua,86,function PANEL:UpdateColours( skin ),lexical_candidate_not_semantic_analysis,not_ported
garrysmod/lua/vgui/dbutton.lua,96,function PANEL:PerformLayoutImage(),lexical_candidate_not_semantic_analysis,not_ported
garrysmod/lua/vgui/dbutton.lua,131,"function PANEL:PerformLayout( w, h )",lexical_candidate_not_semantic_analysis,not_ported
garrysmod/lua/vgui/dbutton.lua,139,"function PANEL:SetConsoleCommand( strName, strArg, ... )",lexical_candidate_not_semantic_analysis,not_ported
garrysmod/lua/vgui/dbutton.lua,143,"self.DoClick = function( slf, val )",lexical_candidate_not_semantic_analysis,not_ported
garrysmod/lua/vgui/dbutton.lua,149,"self.DoClick = function( slf, val )",lexical_candidate_not_semantic_analysis,not_ported
garrysmod/lua/vgui/dbutton.lua,155,function PANEL:SizeToContents(),lexical_candidate_not_semantic_analysis,not_ported
garrysmod/lua/vgui/dbutton.lua,162,function PANEL:SizeToContentsX( addVal ),lexical_candidate_not_semantic_analysis,not_ported
garrysmod/lua/vgui/dbutton.lua,169,"function PANEL:GenerateExample( ClassName, PropertySheet, Width, Height )",lexical_candidate_not_semantic_analysis,not_ported
garrysmod/lua/vgui/dbutton.lua,183,function PANEL:SetActionFunction( func ),lexical_candidate_not_semantic_analysis,not_ported
garrysmod/lua/vgui/dbutton.lua,185,"self.DoClick = function( slf, val ) func( slf, ""Command"", 0, 0 ) end",lexical_candidate_not_semantic_analysis,not_ported
garrysmod/lua/vgui/dbutton.lua,190,"function PANEL:GenerateExample( class, tabs, w, h )",lexical_candidate_not_semantic_analysis,not_ported
garrysmod/lua/vgui/dcategorycollapse.lua,4,Init = function( self ),lexical_candidate_not_semantic_analysis,not_ported
garrysmod/lua/vgui/dcategorycollapse.lua,12,DoClick = function( self ),lexical_candidate_not_semantic_analysis,not_ported
garrysmod/lua/vgui/dcategorycollapse.lua,18,"UpdateColours = function( self, skin )",lexical_candidate_not_semantic_analysis,not_ported
garrysmod/lua/vgui/dcategorycollapse.lua,30,Paint = function( self ),lexical_candidate_not_semantic_analysis,not_ported
garrysmod/lua/vgui/dcategorycollapse.lua,36,GenerateExample = function(),lexical_candidate_not_semantic_analysis,not_ported
garrysmod/lua/vgui/dcategorycollapse.lua,56,function PANEL:Init(),lexical_candidate_not_semantic_analysis,not_ported
garrysmod/lua/vgui/dcategorycollapse.lua,75,function PANEL:Add( strName ),lexical_candidate_not_semantic_analysis,not_ported
garrysmod/lua/vgui/dcategorycollapse.lua,78,"button.Paint = function( panel, w, h ) derma.SkinHook( ""Paint"", ""CategoryButton"", panel, w, h ) end",lexical_candidate_not_semantic_analysis,not_ported
garrysmod/lua/vgui/dcategorycollapse.lua,79,"button.UpdateColours = function( panel, skin )",lexical_candidate_not_semantic_analysis,not_ported
garrysmod/lua/vgui/dcategorycollapse.lua,102,button.DoClickInternal = function(),lexical_candidate_not_semantic_analysis,not_ported
garrysmod/lua/vgui/dcategorycollapse.lua,124,function PANEL:UnselectAll(),lexical_candidate_not_semantic_analysis,not_ported
garrysmod/lua/vgui/dcategorycollapse.lua,136,function PANEL:UpdateAltLines(),lexical_candidate_not_semantic_analysis,not_ported
garrysmod/lua/vgui/dcategorycollapse.lua,144,function PANEL:Think(),lexical_candidate_not_semantic_analysis,not_ported
garrysmod/lua/vgui/dcategorycollapse.lua,150,function PANEL:SetLabel( strLabel ),lexical_candidate_not_semantic_analysis,not_ported
garrysmod/lua/vgui/dcategorycollapse.lua,156,function PANEL:SetHeaderHeight( height ),lexical_candidate_not_semantic_analysis,not_ported
garrysmod/lua/vgui/dcategorycollapse.lua,162,function PANEL:GetHeaderHeight(),lexical_candidate_not_semantic_analysis,not_ported
garrysmod/lua/vgui/dcategorycollapse.lua,168,"function PANEL:Paint( w, h )",lexical_candidate_not_semantic_analysis,not_ported
garrysmod/lua/vgui/dcategorycollapse.lua,176,function PANEL:SetContents( pContents ),lexical_candidate_not_semantic_analysis,not_ported
garrysmod/lua/vgui/dcategorycollapse.lua,198,function PANEL:SetExpanded( expanded ),lexical_candidate_not_semantic_analysis,not_ported
garrysmod/lua/vgui/dcategorycollapse.lua,209,function PANEL:Toggle(),lexical_candidate_not_semantic_analysis,not_ported
garrysmod/lua/vgui/dcategorycollapse.lua,227,function PANEL:OnToggle( expanded ),lexical_candidate_not_semantic_analysis,not_ported
garrysmod/lua/vgui/dcategorycollapse.lua,233,function PANEL:DoExpansion( b ),lexical_candidate_not_semantic_analysis,not_ported
garrysmod/lua/vgui/dcategorycollapse.lua,240,function PANEL:PerformLayout(),lexical_candidate_not_semantic_analysis,not_ported
garrysmod/lua/vgui/dcategorycollapse.lua,273,function PANEL:OnMousePressed( mcode ),lexical_candidate_not_semantic_analysis,not_ported
garrysmod/lua/vgui/dcategorycollapse.lua,281,"function PANEL:AnimSlide( anim, delta, data )",lexical_candidate_not_semantic_analysis,not_ported
garrysmod/lua/vgui/dcategorycollapse.lua,309,function PANEL:LoadCookies(),lexical_candidate_not_semantic_analysis,not_ported
garrysmod/lua/vgui/dcategorycollapse.lua,320,function PANEL:Clear(),lexical_candidate_not_semantic_analysis,not_ported
garrysmod/lua/vgui/dcategorycollapse.lua,329,"function PANEL:GenerateExample( ClassName, PropertySheet, Width, Height )",lexical_candidate_not_semantic_analysis,not_ported
garrysmod/lua/vgui/dcategorylist.lua,4,function PANEL:Init(),lexical_candidate_not_semantic_analysis,not_ported
garrysmod/lua/vgui/dcategorylist.lua,10,function PANEL:AddItem( item ),lexical_candidate_not_semantic_analysis,not_ported
garrysmod/lua/vgui/dcategorylist.lua,18,function PANEL:Add( name ),lexical_candidate_not_semantic_analysis,not_ported
garrysmod/lua/vgui/dcategorylist.lua,30,"function PANEL:Paint( w, h )",lexical_candidate_not_semantic_analysis,not_ported
garrysmod/lua/vgui/dcategorylist.lua,37,function PANEL:UnselectAll(),lexical_candidate_not_semantic_analysis,not_ported
garrysmod/lua/vgui/dcategorylist.lua,49,"function PANEL:GenerateExample( ClassName, PropertySheet, Width, Height )",lexical_candidate_not_semantic_analysis,not_ported
garrysmod/lua/vgui/dcheckbox.lua,12,function PANEL:Init(),lexical_candidate_not_semantic_analysis,not_ported
garrysmod/lua/vgui/dcheckbox.lua,19,function PANEL:IsEditing(),lexical_candidate_not_semantic_analysis,not_ported
garrysmod/lua/vgui/dcheckbox.lua,23,function PANEL:SetValue( val ),lexical_candidate_not_semantic_analysis,not_ported
garrysmod/lua/vgui/dcheckbox.lua,39,function PANEL:DoClick(),lexical_candidate_not_semantic_analysis,not_ported
garrysmod/lua/vgui/dcheckbox.lua,45,function PANEL:Toggle(),lexical_candidate_not_semantic_analysis,not_ported
garrysmod/lua/vgui/dcheckbox.lua,51,function PANEL:OnChange( bVal ),lexical_candidate_not_semantic_analysis,not_ported
garrysmod/lua/vgui/dcheckbox.lua,57,function PANEL:Think(),lexical_candidate_not_semantic_analysis,not_ported
garrysmod/lua/vgui/dcheckbox.lua,63,function PANEL:LoadCookies(),lexical_candidate_not_semantic_analysis,not_ported
garrysmod/lua/vgui/dcheckbox.lua,70,"function PANEL:GenerateExample( class, tabs, w, h )",lexical_candidate_not_semantic_analysis,not_ported
garrysmod/lua/vgui/dcheckbox.lua,83,function PANEL:Init(),lexical_candidate_not_semantic_analysis,not_ported
garrysmod/lua/vgui/dcheckbox.lua,87,"self.Button.OnChange = function( _, val ) self:OnChange( val ) end",lexical_candidate_not_semantic_analysis,not_ported
garrysmod/lua/vgui/dcheckbox.lua,91,self.Label.DoClick = function() self:Toggle() end,lexical_candidate_not_semantic_analysis,not_ported
garrysmod/lua/vgui/dcheckbox.lua,94,function PANEL:SetDark( b ),lexical_candidate_not_semantic_analysis,not_ported
garrysmod/lua/vgui/dcheckbox.lua,98,function PANEL:SetBright( b ),lexical_candidate_not_semantic_analysis,not_ported
garrysmod/lua/vgui/dcheckbox.lua,102,function PANEL:SetConVar( cvar ),lexical_candidate_not_semantic_analysis,not_ported
garrysmod/lua/vgui/dcheckbox.lua,106,function PANEL:SetValue( val ),lexical_candidate_not_semantic_analysis,not_ported
garrysmod/lua/vgui/dcheckbox.lua,110,function PANEL:SetChecked( val ),lexical_candidate_not_semantic_analysis,not_ported
garrysmod/lua/vgui/dcheckbox.lua,114,function PANEL:GetChecked(),lexical_candidate_not_semantic_analysis,not_ported
garrysmod/lua/vgui/dcheckbox.lua,118,function PANEL:Toggle(),lexical_candidate_not_semantic_analysis,not_ported
garrysmod/lua/vgui/dcheckbox.lua,122,function PANEL:PerformLayout(),lexical_candidate_not_semantic_analysis,not_ported
garrysmod/lua/vgui/dcheckbox.lua,134,function PANEL:SetTextColor( color ),lexical_candidate_not_semantic_analysis,not_ported
garrysmod/lua/vgui/dcheckbox.lua,140,function PANEL:SizeToContents(),lexical_candidate_not_semantic_analysis,not_ported
garrysmod/lua/vgui/dcheckbox.lua,149,function PANEL:SetText( text ),lexical_candidate_not_semantic_analysis,not_ported
garrysmod/lua/vgui/dcheckbox.lua,156,function PANEL:SetFont( font ),lexical_candidate_not_semantic_analysis,not_ported
garrysmod/lua/vgui/dcheckbox.lua,163,function PANEL:GetText(),lexical_candidate_not_semantic_analysis,not_ported
garrysmod/lua/vgui/dcheckbox.lua,170,function PANEL:SetCookieName( str ),lexical_candidate_not_semantic_analysis,not_ported
garrysmod/lua/vgui/dcheckbox.lua,176,function PANEL:Paint(),lexical_candidate_not_semantic_analysis,not_ported
garrysmod/lua/vgui/dcheckbox.lua,179,function PANEL:OnChange( bVal ),lexical_candidate_not_semantic_analysis,not_ported
garrysmod/lua/vgui/dcheckbox.lua,185,"function PANEL:GenerateExample( ClassName, PropertySheet, Width, Height )",lexical_candidate_not_semantic_analysis,not_ported
garrysmod/lua/vgui/dcolorbutton.lua,12,function PANEL:Init(),lexical_candidate_not_semantic_analysis,not_ported
garrysmod/lua/vgui/dcolorbutton.lua,24,function PANEL:IsDown(),lexical_candidate_not_semantic_analysis,not_ported
garrysmod/lua/vgui/dcolorbutton.lua,30,"function PANEL:SetColor( color, hideTooltip )",lexical_candidate_not_semantic_analysis,not_ported
garrysmod/lua/vgui/dcolorbutton.lua,43,"function PANEL:Paint( w, h )",lexical_candidate_not_semantic_analysis,not_ported
garrysmod/lua/vgui/dcolorbutton.lua,68,"function PANEL:GenerateExample( ClassName, PropertySheet, Width, Height )",lexical_candidate_not_semantic_analysis,not_ported
garrysmod/lua/vgui/dcolorcombo.lua,6,function PANEL:Init(),lexical_candidate_not_semantic_analysis,not_ported
garrysmod/lua/vgui/dcolorcombo.lua,14,function PANEL:BuildControls(),lexical_candidate_not_semantic_analysis,not_ported
garrysmod/lua/vgui/dcolorcombo.lua,25,"mixer.ValueChanged = function( slf, color )",lexical_candidate_not_semantic_analysis,not_ported
garrysmod/lua/vgui/dcolorcombo.lua,44,"ctrl.OnValueChanged = function( slf, color )",lexical_candidate_not_semantic_analysis,not_ported
garrysmod/lua/vgui/dcolorcombo.lua,57,function PANEL:IsEditing(),lexical_candidate_not_semantic_analysis,not_ported
garrysmod/lua/vgui/dcolorcombo.lua,63,function PANEL:OnValueChanged( newcol ),lexical_candidate_not_semantic_analysis,not_ported
garrysmod/lua/vgui/dcolorcombo.lua,69,function PANEL:SetColor( newcol ),lexical_candidate_not_semantic_analysis,not_ported
garrysmod/lua/vgui/dcolorcube.lua,9,function PANEL:Init(),lexical_candidate_not_semantic_analysis,not_ported
garrysmod/lua/vgui/dcolorcube.lua,14,"self.Knob.OnMousePressed = function( panel, btnId )",lexical_candidate_not_semantic_analysis,not_ported
garrysmod/lua/vgui/dcolorcube.lua,41,"function PANEL:PerformLayout( w, h )",lexical_candidate_not_semantic_analysis,not_ported
garrysmod/lua/vgui/dcolorcube.lua,53,function PANEL:ResetToDefaultValue(),lexical_candidate_not_semantic_analysis,not_ported
garrysmod/lua/vgui/dcolorcube.lua,61,function PANEL:Paint(),lexical_candidate_not_semantic_analysis,not_ported
garrysmod/lua/vgui/dcolorcube.lua,68,function PANEL:PaintOver(),lexical_candidate_not_semantic_analysis,not_ported
garrysmod/lua/vgui/dcolorcube.lua,75,"function PANEL:TranslateValues( x, y )",lexical_candidate_not_semantic_analysis,not_ported
garrysmod/lua/vgui/dcolorcube.lua,84,"function PANEL:UpdateColor( x, y )",lexical_candidate_not_semantic_analysis,not_ported
garrysmod/lua/vgui/dcolorcube.lua,99,function PANEL:OnUserChanged( color ),lexical_candidate_not_semantic_analysis,not_ported
garrysmod/lua/vgui/dcolorcube.lua,105,function PANEL:DoRightClick(),lexical_candidate_not_semantic_analysis,not_ported
garrysmod/lua/vgui/dcolorcube.lua,114,function PANEL:OnMousePressed( btnId ),lexical_candidate_not_semantic_analysis,not_ported
garrysmod/lua/vgui/dcolorcube.lua,124,function PANEL:SetColor( color ),lexical_candidate_not_semantic_analysis,not_ported
garrysmod/lua/vgui/dcolorcube.lua,136,function PANEL:SetBaseRGB( color ),lexical_candidate_not_semantic_analysis,not_ported
garrysmod/lua/vgui/dcolormixer.lua,17,"local function CreateWangFunction( self, colindex )",lexical_candidate_not_semantic_analysis,not_ported
garrysmod/lua/vgui/dcolormixer.lua,18,"local function OnValueChanged( ptxt, strvar )",lexical_candidate_not_semantic_analysis,not_ported
garrysmod/lua/vgui/dcolormixer.lua,39,function PANEL:Init(),lexical_candidate_not_semantic_analysis,not_ported
garrysmod/lua/vgui/dcolormixer.lua,47,"self.Palette.DoClick = function( ctrl, color, btn )",lexical_candidate_not_semantic_analysis,not_ported
garrysmod/lua/vgui/dcolormixer.lua,50,"self.Palette.OnRightClickButton = function( ctrl, btn )",lexical_candidate_not_semantic_analysis,not_ported
garrysmod/lua/vgui/dcolormixer.lua,113,"self.HSV.OnUserChanged = function( ctrl, color )",lexical_candidate_not_semantic_analysis,not_ported
garrysmod/lua/vgui/dcolormixer.lua,122,"self.RGB.OnChange = function( ctrl, color )",lexical_candidate_not_semantic_analysis,not_ported
garrysmod/lua/vgui/dcolormixer.lua,130,"self.Alpha.OnChange = function( ctrl, fAlpha )",lexical_candidate_not_semantic_analysis,not_ported
garrysmod/lua/vgui/dcolormixer.lua,145,function PANEL:SetLabel( text ),lexical_candidate_not_semantic_analysis,not_ported
garrysmod/lua/vgui/dcolormixer.lua,159,function PANEL:SetPalette( bEnabled ),lexical_candidate_not_semantic_analysis,not_ported
garrysmod/lua/vgui/dcolormixer.lua,167,function PANEL:SetPaletteName( name ),lexical_candidate_not_semantic_analysis,not_ported
garrysmod/lua/vgui/dcolormixer.lua,175,function PANEL:SetAlphaBar( bEnabled ),lexical_candidate_not_semantic_analysis,not_ported
garrysmod/lua/vgui/dcolormixer.lua,184,function PANEL:SetWangs( bEnabled ),lexical_candidate_not_semantic_analysis,not_ported
garrysmod/lua/vgui/dcolormixer.lua,192,function PANEL:SetConVarR( cvar ),lexical_candidate_not_semantic_analysis,not_ported
garrysmod/lua/vgui/dcolormixer.lua,197,function PANEL:SetConVarG( cvar ),lexical_candidate_not_semantic_analysis,not_ported
garrysmod/lua/vgui/dcolormixer.lua,202,function PANEL:SetConVarB( cvar ),lexical_candidate_not_semantic_analysis,not_ported
garrysmod/lua/vgui/dcolormixer.lua,207,function PANEL:SetConVarA( cvar ),lexical_candidate_not_semantic_analysis,not_ported
garrysmod/lua/vgui/dcolormixer.lua,213,function PANEL:UpdateDefaultColor(),lexical_candidate_not_semantic_analysis,not_ported
garrysmod/lua/vgui/dcolormixer.lua,215,local function GetConVarDefault( str ),lexical_candidate_not_semantic_analysis,not_ported
garrysmod/lua/vgui/dcolormixer.lua,233,"function PANEL:PerformLayout( w, h )",lexical_candidate_not_semantic_analysis,not_ported
garrysmod/lua/vgui/dcolormixer.lua,251,function PANEL:Paint(),lexical_candidate_not_semantic_analysis,not_ported
garrysmod/lua/vgui/dcolormixer.lua,255,function PANEL:SetColor( color ),lexical_candidate_not_semantic_analysis,not_ported
garrysmod/lua/vgui/dcolormixer.lua,266,function PANEL:SetVector( vec ),lexical_candidate_not_semantic_analysis,not_ported
garrysmod/lua/vgui/dcolormixer.lua,272,function PANEL:SetBaseColor( color ),lexical_candidate_not_semantic_analysis,not_ported
garrysmod/lua/vgui/dcolormixer.lua,277,"function PANEL:UpdateConVar( strName, strKey, color )",lexical_candidate_not_semantic_analysis,not_ported
garrysmod/lua/vgui/dcolormixer.lua,286,function PANEL:UpdateConVars( color ),lexical_candidate_not_semantic_analysis,not_ported
garrysmod/lua/vgui/dcolormixer.lua,297,function PANEL:UpdateColor( color ),lexical_candidate_not_semantic_analysis,not_ported
garrysmod/lua/vgui/dcolormixer.lua,333,function PANEL:ValueChanged( color ),lexical_candidate_not_semantic_analysis,not_ported
garrysmod/lua/vgui/dcolormixer.lua,337,function PANEL:GetColor(),lexical_candidate_not_semantic_analysis,not_ported
garrysmod/lua/vgui/dcolormixer.lua,348,function PANEL:GetVector(),lexical_candidate_not_semantic_analysis,not_ported
garrysmod/lua/vgui/dcolormixer.lua,355,function PANEL:Think(),lexical_candidate_not_semantic_analysis,not_ported
garrysmod/lua/vgui/dcolormixer.lua,361,function PANEL:ConVarThink(),lexical_candidate_not_semantic_analysis,not_ported
garrysmod/lua/vgui/dcolormixer.lua,382,function PANEL:DoConVarThink( convar ),lexical_candidate_not_semantic_analysis,not_ported
garrysmod/lua/vgui/dcolormixer.lua,396,"function PANEL:GenerateExample( ClassName, PropertySheet, Width, Height )",lexical_candidate_not_semantic_analysis,not_ported
garrysmod/lua/vgui/dcolorpalette.lua,15,local function CreateColorTable( num_rows ),lexical_candidate_not_semantic_analysis,not_ported
garrysmod/lua/vgui/dcolorpalette.lua,55,"local function AddButton( panel, color, size, id )",lexical_candidate_not_semantic_analysis,not_ported
garrysmod/lua/vgui/dcolorpalette.lua,71,button.DoClick = function( self ),lexical_candidate_not_semantic_analysis,not_ported
garrysmod/lua/vgui/dcolorpalette.lua,78,button.DoRightClick = function( self ),lexical_candidate_not_semantic_analysis,not_ported
garrysmod/lua/vgui/dcolorpalette.lua,89,function PANEL:Init(),lexical_candidate_not_semantic_analysis,not_ported
garrysmod/lua/vgui/dcolorpalette.lua,103,function PANEL:NetworkColorChange(),lexical_candidate_not_semantic_analysis,not_ported
garrysmod/lua/vgui/dcolorpalette.lua,121,"function PANEL:DoClick( color, button )",lexical_candidate_not_semantic_analysis,not_ported
garrysmod/lua/vgui/dcolorpalette.lua,127,function PANEL:Reset(),lexical_candidate_not_semantic_analysis,not_ported
garrysmod/lua/vgui/dcolorpalette.lua,133,function PANEL:ResetSavedColors(),lexical_candidate_not_semantic_analysis,not_ported
garrysmod/lua/vgui/dcolorpalette.lua,150,"function PANEL:PaintOver( w, h )",lexical_candidate_not_semantic_analysis,not_ported
garrysmod/lua/vgui/dcolorpalette.lua,164,function PANEL:SetColorButtons( tab ),lexical_candidate_not_semantic_analysis,not_ported
garrysmod/lua/vgui/dcolorpalette.lua,181,function PANEL:SetButtonSize( val ),lexical_candidate_not_semantic_analysis,not_ported
garrysmod/lua/vgui/dcolorpalette.lua,193,"function PANEL:UpdateConVar( strName, strKey, color )",lexical_candidate_not_semantic_analysis,not_ported
garrysmod/lua/vgui/dcolorpalette.lua,201,function PANEL:UpdateConVars( color ),lexical_candidate_not_semantic_analysis,not_ported
garrysmod/lua/vgui/dcolorpalette.lua,210,"function PANEL:SaveColor( btn, color )",lexical_candidate_not_semantic_analysis,not_ported
garrysmod/lua/vgui/dcolorpalette.lua,224,function PANEL:SetColor( newcol ),lexical_candidate_not_semantic_analysis,not_ported
garrysmod/lua/vgui/dcolorpalette.lua,228,function PANEL:OnValueChanged( newcol ),lexical_candidate_not_semantic_analysis,not_ported
garrysmod/lua/vgui/dcolorpalette.lua,232,function PANEL:OnRightClickButton( btn ),lexical_candidate_not_semantic_analysis,not_ported
garrysmod/lua/vgui/dcolorpalette.lua,236,"function PANEL:GenerateExample( ClassName, PropertySheet, Width, Height )",lexical_candidate_not_semantic_analysis,not_ported
garrysmod/lua/vgui/dcolumnsheet.lua,6,function PANEL:Init(),lexical_candidate_not_semantic_analysis,not_ported
garrysmod/lua/vgui/dcolumnsheet.lua,20,function PANEL:UseButtonOnlyStyle(),lexical_candidate_not_semantic_analysis,not_ported
garrysmod/lua/vgui/dcolumnsheet.lua,24,"function PANEL:AddSheet( label, panel, material )",lexical_candidate_not_semantic_analysis,not_ported
garrysmod/lua/vgui/dcolumnsheet.lua,42,Sheet.Button.DoClick = function(),lexical_candidate_not_semantic_analysis,not_ported
garrysmod/lua/vgui/dcolumnsheet.lua,64,function PANEL:SetActiveButton( active ),lexical_candidate_not_semantic_analysis,not_ported
garrysmod/lua/vgui/dcombobox.lua,10,function PANEL:Init(),lexical_candidate_not_semantic_analysis,not_ported
garrysmod/lua/vgui/dcombobox.lua,14,"self.DropButton.Paint = function( panel, w, h ) derma.SkinHook( ""Paint"", ""ComboDownArrow"", panel, w, h ) end",lexical_candidate_not_semantic_analysis,not_ported
garrysmod/lua/vgui/dcombobox.lua,29,function PANEL:Clear(),lexical_candidate_not_semantic_analysis,not_ported
garrysmod/lua/vgui/dcombobox.lua,42,function PANEL:GetOptionText( index ),lexical_candidate_not_semantic_analysis,not_ported
garrysmod/lua/vgui/dcombobox.lua,48,function PANEL:GetOptionData( index ),lexical_candidate_not_semantic_analysis,not_ported
garrysmod/lua/vgui/dcombobox.lua,54,function PANEL:GetOptionTextByData( data ),lexical_candidate_not_semantic_analysis,not_ported
garrysmod/lua/vgui/dcombobox.lua,74,"function PANEL:PerformLayout( w, h )",lexical_candidate_not_semantic_analysis,not_ported
garrysmod/lua/vgui/dcombobox.lua,85,"function PANEL:ChooseOption( value, index )",lexical_candidate_not_semantic_analysis,not_ported
garrysmod/lua/vgui/dcombobox.lua,99,function PANEL:ChooseOptionID( index ),lexical_candidate_not_semantic_analysis,not_ported
garrysmod/lua/vgui/dcombobox.lua,106,function PANEL:GetSelectedID(),lexical_candidate_not_semantic_analysis,not_ported
garrysmod/lua/vgui/dcombobox.lua,112,function PANEL:GetSelected(),lexical_candidate_not_semantic_analysis,not_ported
garrysmod/lua/vgui/dcombobox.lua,120,"function PANEL:OnSelect( index, value, data )",lexical_candidate_not_semantic_analysis,not_ported
garrysmod/lua/vgui/dcombobox.lua,126,function PANEL:OnMenuOpened( menu ),lexical_candidate_not_semantic_analysis,not_ported
garrysmod/lua/vgui/dcombobox.lua,132,function PANEL:AddSpacer(),lexical_candidate_not_semantic_analysis,not_ported
garrysmod/lua/vgui/dcombobox.lua,138,"function PANEL:AddChoice( value, data, select, icon )",lexical_candidate_not_semantic_analysis,not_ported
garrysmod/lua/vgui/dcombobox.lua,160,function PANEL:RemoveChoice( index ),lexical_candidate_not_semantic_analysis,not_ported
garrysmod/lua/vgui/dcombobox.lua,170,function PANEL:IsMenuOpen(),lexical_candidate_not_semantic_analysis,not_ported
garrysmod/lua/vgui/dcombobox.lua,176,function PANEL:OpenMenu( pControlOpener ),lexical_candidate_not_semantic_analysis,not_ported
garrysmod/lua/vgui/dcombobox.lua,236,function PANEL:CloseMenu(),lexical_candidate_not_semantic_analysis,not_ported
garrysmod/lua/vgui/dcombobox.lua,247,function PANEL:CheckConVarChanges(),lexical_candidate_not_semantic_analysis,not_ported
garrysmod/lua/vgui/dcombobox.lua,260,function PANEL:Think(),lexical_candidate_not_semantic_analysis,not_ported
garrysmod/lua/vgui/dcombobox.lua,266,function PANEL:SetValue( strValue ),lexical_candidate_not_semantic_analysis,not_ported
garrysmod/lua/vgui/dcombobox.lua,272,function PANEL:DoClick(),lexical_candidate_not_semantic_analysis,not_ported
garrysmod/lua/vgui/dcombobox.lua,282,"function PANEL:GenerateExample( ClassName, PropertySheet, Width, Height )",lexical_candidate_not_semantic_analysis,not_ported
garrysmod/lua/vgui/ddragbase.lua,8,function PANEL:Init(),lexical_candidate_not_semantic_analysis,not_ported
garrysmod/lua/vgui/ddragbase.lua,24,function PANEL:SetDropPos( strPos ),lexical_candidate_not_semantic_analysis,not_ported
garrysmod/lua/vgui/ddragbase.lua,34,"function PANEL:MakeDroppable( name, bAllowCopy )",lexical_candidate_not_semantic_analysis,not_ported
garrysmod/lua/vgui/ddragbase.lua,47,"function PANEL:DropAction_Copy( Drops, bDoDrop, Command, x, y )",lexical_candidate_not_semantic_analysis,not_ported
garrysmod/lua/vgui/ddragbase.lua,53,"function PANEL:DropAction_Simple( Drops, bDoDrop, Command, x, y )",lexical_candidate_not_semantic_analysis,not_ported
garrysmod/lua/vgui/ddragbase.lua,72,"function PANEL:DropAction_Normal( Drops, bDoDrop, Command, x, y )",lexical_candidate_not_semantic_analysis,not_ported
garrysmod/lua/vgui/ddragbase.lua,139,function PANEL:OnModified(),lexical_candidate_not_semantic_analysis,not_ported
garrysmod/lua/vgui/ddragbase.lua,143,"function PANEL:UpdateDropTarget( drop, pnl )",lexical_candidate_not_semantic_analysis,not_ported
garrysmod/lua/vgui/ddrawer.lua,7,function PANEL:Init(),lexical_candidate_not_semantic_analysis,not_ported
garrysmod/lua/vgui/ddrawer.lua,20,self.ToggleButton.DoClick = function(),lexical_candidate_not_semantic_analysis,not_ported
garrysmod/lua/vgui/ddrawer.lua,26,self.ToggleButton.Think = function(),lexical_candidate_not_semantic_analysis,not_ported
garrysmod/lua/vgui/ddrawer.lua,35,function PANEL:OnRemove(),lexical_candidate_not_semantic_analysis,not_ported
garrysmod/lua/vgui/ddrawer.lua,41,function PANEL:Think(),lexical_candidate_not_semantic_analysis,not_ported
garrysmod/lua/vgui/ddrawer.lua,49,function PANEL:Toggle(),lexical_candidate_not_semantic_analysis,not_ported
garrysmod/lua/vgui/ddrawer.lua,59,function PANEL:Open(),lexical_candidate_not_semantic_analysis,not_ported
garrysmod/lua/vgui/ddrawer.lua,70,function PANEL:Close(),lexical_candidate_not_semantic_analysis,not_ported
garrysmod/lua/vgui/dentityproperties.lua,4,function PANEL:Init(),lexical_candidate_not_semantic_analysis,not_ported
garrysmod/lua/vgui/dentityproperties.lua,14,function PANEL:SetEntity( entity ),lexical_candidate_not_semantic_analysis,not_ported
garrysmod/lua/vgui/dentityproperties.lua,26,function PANEL:RebuildControls(),lexical_candidate_not_semantic_analysis,not_ported
garrysmod/lua/vgui/dentityproperties.lua,59,"function PANEL:EditVariable( varname, editdata )",lexical_candidate_not_semantic_analysis,not_ported
garrysmod/lua/vgui/dentityproperties.lua,80,row.DataUpdate = function( _ ),lexical_candidate_not_semantic_analysis,not_ported
garrysmod/lua/vgui/dentityproperties.lua,89,"row.DataChanged = function( _, val )",lexical_candidate_not_semantic_analysis,not_ported
garrysmod/lua/vgui/dentityproperties.lua,99,function PANEL:EntityLost(),lexical_candidate_not_semantic_analysis,not_ported
garrysmod/lua/vgui/dentityproperties.lua,106,function PANEL:OnEntityLost(),lexical_candidate_not_semantic_analysis,not_ported
garrysmod/lua/vgui/dentityproperties.lua,119,function PANEL:PreAutoRefresh(),lexical_candidate_not_semantic_analysis,not_ported
garrysmod/lua/vgui/dentityproperties.lua,122,function PANEL:PostAutoRefresh(),lexical_candidate_not_semantic_analysis,not_ported
garrysmod/lua/vgui/dexpandbutton.lua,7,function PANEL:Init(),lexical_candidate_not_semantic_analysis,not_ported
garrysmod/lua/vgui/dexpandbutton.lua,15,"function PANEL:GenerateExample( class, tabs, w, h )",lexical_candidate_not_semantic_analysis,not_ported
garrysmod/lua/vgui/dfilebrowser.lua,13,function PANEL:Init(),lexical_candidate_not_semantic_analysis,not_ported
garrysmod/lua/vgui/dfilebrowser.lua,27,"self.Tree.DoClick = function( _, node )",lexical_candidate_not_semantic_analysis,not_ported
garrysmod/lua/vgui/dfilebrowser.lua,36,function PANEL:SetName( strName ),lexical_candidate_not_semantic_analysis,not_ported
garrysmod/lua/vgui/dfilebrowser.lua,50,function PANEL:SetBaseFolder( strBase ),lexical_candidate_not_semantic_analysis,not_ported
garrysmod/lua/vgui/dfilebrowser.lua,59,function PANEL:SetPath( strPath ),lexical_candidate_not_semantic_analysis,not_ported
garrysmod/lua/vgui/dfilebrowser.lua,68,function PANEL:SetSearch( strSearch ),lexical_candidate_not_semantic_analysis,not_ported
garrysmod/lua/vgui/dfilebrowser.lua,81,function PANEL:SetFileTypes( strTypes ),lexical_candidate_not_semantic_analysis,not_ported
garrysmod/lua/vgui/dfilebrowser.lua,92,function PANEL:SetModels( bUseModels ),lexical_candidate_not_semantic_analysis,not_ported
garrysmod/lua/vgui/dfilebrowser.lua,104,function PANEL:SetCurrentFolder( strDir ),lexical_candidate_not_semantic_analysis,not_ported
garrysmod/lua/vgui/dfilebrowser.lua,120,"function PANEL:SetOpen( bOpen, bAnim )",lexical_candidate_not_semantic_analysis,not_ported
garrysmod/lua/vgui/dfilebrowser.lua,133,"function PANEL:Paint( w, h )",lexical_candidate_not_semantic_analysis,not_ported
garrysmod/lua/vgui/dfilebrowser.lua,143,function PANEL:SetupTree(),lexical_candidate_not_semantic_analysis,not_ported
garrysmod/lua/vgui/dfilebrowser.lua,154,"self.Tree.RootNode.ChildExpanded = function( node, bExpand )",lexical_candidate_not_semantic_analysis,not_ported
garrysmod/lua/vgui/dfilebrowser.lua,169,function PANEL:SetupFiles(),lexical_candidate_not_semantic_analysis,not_ported
garrysmod/lua/vgui/dfilebrowser.lua,182,"self.Files.DoDoubleClick = function( pnl, _, line )",lexical_candidate_not_semantic_analysis,not_ported
garrysmod/lua/vgui/dfilebrowser.lua,185,"self.Files.OnRowSelected = function( pnl, _, line )",lexical_candidate_not_semantic_analysis,not_ported
garrysmod/lua/vgui/dfilebrowser.lua,188,"self.Files.OnRowRightClick = function( pnl, _, line )",lexical_candidate_not_semantic_analysis,not_ported
garrysmod/lua/vgui/dfilebrowser.lua,202,function PANEL:Setup(),lexical_candidate_not_semantic_analysis,not_ported
garrysmod/lua/vgui/dfilebrowser.lua,210,function PANEL:ShowFolder( path ),lexical_candidate_not_semantic_analysis,not_ported
garrysmod/lua/vgui/dfilebrowser.lua,238,icon.DoClick = function( pnl ),lexical_candidate_not_semantic_analysis,not_ported
garrysmod/lua/vgui/dfilebrowser.lua,246,icon.DoRightClick = function(),lexical_candidate_not_semantic_analysis,not_ported
garrysmod/lua/vgui/dfilebrowser.lua,259,function PANEL:SortFiles( desc ),lexical_candidate_not_semantic_analysis,not_ported
garrysmod/lua/vgui/dfilebrowser.lua,267,function PANEL:GetFolderNode(),lexical_candidate_not_semantic_analysis,not_ported
garrysmod/lua/vgui/dfilebrowser.lua,273,function PANEL:Clear(),lexical_candidate_not_semantic_analysis,not_ported
garrysmod/lua/vgui/dfilebrowser.lua,285,function PANEL:LoadCookies(),lexical_candidate_not_semantic_analysis,not_ported
garrysmod/lua/vgui/dfilebrowser.lua,291,"function PANEL:OnSelect( path, pnl )",lexical_candidate_not_semantic_analysis,not_ported
garrysmod/lua/vgui/dfilebrowser.lua,297,"function PANEL:OnDoubleClick( path, pnl )",lexical_candidate_not_semantic_analysis,not_ported
garrysmod/lua/vgui/dfilebrowser.lua,303,"function PANEL:OnRightClick( path, pnl )",lexical_candidate_not_semantic_analysis,not_ported
garrysmod/lua/vgui/dfilebrowser.lua,309,"function PANEL:GenerateExample( class, sheet, w, h )",lexical_candidate_not_semantic_analysis,not_ported
garrysmod/lua/vgui/dfilebrowser.lua,319,"function browser:OnSelect( path, pnl ) -- Called when a file is clicked",lexical_candidate_not_semantic_analysis,not_ported
garrysmod/lua/vgui/dform.lua,10,function PANEL:Init(),lexical_candidate_not_semantic_analysis,not_ported
garrysmod/lua/vgui/dform.lua,24,function PANEL:SetName( name ),lexical_candidate_not_semantic_analysis,not_ported
garrysmod/lua/vgui/dform.lua,30,function PANEL:Clear(),lexical_candidate_not_semantic_analysis,not_ported
garrysmod/lua/vgui/dform.lua,42,"function PANEL:AddItem( left, right )",lexical_candidate_not_semantic_analysis,not_ported
garrysmod/lua/vgui/dform.lua,75,"function PANEL:TextEntry( strLabel, strConVar )",lexical_candidate_not_semantic_analysis,not_ported
garrysmod/lua/vgui/dform.lua,91,"function PANEL:PropSelect( label, convar, models, height )",lexical_candidate_not_semantic_analysis,not_ported
garrysmod/lua/vgui/dform.lua,134,"function PANEL:ComboBox( strLabel, strConVar )",lexical_candidate_not_semantic_analysis,not_ported
garrysmod/lua/vgui/dform.lua,143,"function right:OnSelect( index, value, data )",lexical_candidate_not_semantic_analysis,not_ported
garrysmod/lua/vgui/dform.lua,154,"function PANEL:NumberWang( strLabel, strConVar, numMin, numMax, numDecimals )",lexical_candidate_not_semantic_analysis,not_ported
garrysmod/lua/vgui/dform.lua,174,"function PANEL:NumSlider( strLabel, strConVar, numMin, numMax, numDecimals )",lexical_candidate_not_semantic_analysis,not_ported
garrysmod/lua/vgui/dform.lua,200,"function PANEL:CheckBox( strLabel, strConVar )",lexical_candidate_not_semantic_analysis,not_ported
garrysmod/lua/vgui/dform.lua,213,function PANEL:Help( strHelp ),lexical_candidate_not_semantic_analysis,not_ported
garrysmod/lua/vgui/dform.lua,233,function PANEL:ControlHelp( strHelp ),lexical_candidate_not_semantic_analysis,not_ported
garrysmod/lua/vgui/dform.lua,262,"function PANEL:Button( strName, strConCommand, ... --[[ console command args!! --]] )",lexical_candidate_not_semantic_analysis,not_ported
garrysmod/lua/vgui/dform.lua,277,function PANEL:PanelSelect(),lexical_candidate_not_semantic_analysis,not_ported
garrysmod/lua/vgui/dform.lua,285,function PANEL:ListBox( strLabel ),lexical_candidate_not_semantic_analysis,not_ported
garrysmod/lua/vgui/dform.lua,305,function PANEL:Rebuild(),lexical_candidate_not_semantic_analysis,not_ported
garrysmod/lua/vgui/dform.lua,309,"function PANEL:GenerateExample( class, tabs, w, h )",lexical_candidate_not_semantic_analysis,not_ported
garrysmod/lua/vgui/dframe.lua,16,function PANEL:Init(),lexical_candidate_not_semantic_analysis,not_ported
garrysmod/lua/vgui/dframe.lua,27,"self.btnClose.Paint = function( panel, w, h ) derma.SkinHook( ""Paint"", ""WindowCloseButton"", panel, w, h ) end",lexical_candidate_not_semantic_analysis,not_ported
garrysmod/lua/vgui/dframe.lua,32,"self.btnMaxim.Paint = function( panel, w, h ) derma.SkinHook( ""Paint"", ""WindowMaximizeButton"", panel, w, h ) end",lexical_candidate_not_semantic_analysis,not_ported
garrysmod/lua/vgui/dframe.lua,38,"self.btnMinim.Paint = function( panel, w, h ) derma.SkinHook( ""Paint"", ""WindowMinimizeButton"", panel, w, h ) end",lexical_candidate_not_semantic_analysis,not_ported
garrysmod/lua/vgui/dframe.lua,42,"self.lblTitle.UpdateColours = function( label, skin )",lexical_candidate_not_semantic_analysis,not_ported
garrysmod/lua/vgui/dframe.lua,69,function PANEL:ShowCloseButton( bShow ),lexical_candidate_not_semantic_analysis,not_ported
garrysmod/lua/vgui/dframe.lua,77,function PANEL:GetTitle(),lexical_candidate_not_semantic_analysis,not_ported
garrysmod/lua/vgui/dframe.lua,83,function PANEL:SetTitle( strTitle ),lexical_candidate_not_semantic_analysis,not_ported
garrysmod/lua/vgui/dframe.lua,89,function PANEL:Close(),lexical_candidate_not_semantic_analysis,not_ported
garrysmod/lua/vgui/dframe.lua,101,function PANEL:OnClose(),lexical_candidate_not_semantic_analysis,not_ported
garrysmod/lua/vgui/dframe.lua,104,function PANEL:Center(),lexical_candidate_not_semantic_analysis,not_ported
garrysmod/lua/vgui/dframe.lua,112,function PANEL:IsActive(),lexical_candidate_not_semantic_analysis,not_ported
garrysmod/lua/vgui/dframe.lua,121,function PANEL:SetIcon( str ),lexical_candidate_not_semantic_analysis,not_ported
garrysmod/lua/vgui/dframe.lua,137,function PANEL:Think(),lexical_candidate_not_semantic_analysis,not_ported
garrysmod/lua/vgui/dframe.lua,197,"function PANEL:Paint( w, h )",lexical_candidate_not_semantic_analysis,not_ported
garrysmod/lua/vgui/dframe.lua,208,function PANEL:OnMousePressed(),lexical_candidate_not_semantic_analysis,not_ported
garrysmod/lua/vgui/dframe.lua,226,function PANEL:OnMouseReleased(),lexical_candidate_not_semantic_analysis,not_ported
garrysmod/lua/vgui/dframe.lua,234,"function PANEL:PerformLayout( w, h )",lexical_candidate_not_semantic_analysis,not_ported
garrysmod/lua/vgui/dgrid.lua,8,function PANEL:Init(),lexical_candidate_not_semantic_analysis,not_ported
garrysmod/lua/vgui/dgrid.lua,20,function PANEL:GetItems(),lexical_candidate_not_semantic_analysis,not_ported
garrysmod/lua/vgui/dgrid.lua,28,function PANEL:AddItem( item ),lexical_candidate_not_semantic_analysis,not_ported
garrysmod/lua/vgui/dgrid.lua,41,"function PANEL:RemoveItem( item, bDontDelete )",lexical_candidate_not_semantic_analysis,not_ported
garrysmod/lua/vgui/dgrid.lua,61,function PANEL:PerformLayout(),lexical_candidate_not_semantic_analysis,not_ported
garrysmod/lua/vgui/dgrid.lua,86,"function PANEL:SortByMember( key, desc )",lexical_candidate_not_semantic_analysis,not_ported
garrysmod/lua/vgui/dgrid.lua,113,function PANEL:Clear(),lexical_candidate_not_semantic_analysis,not_ported
garrysmod/lua/vgui/dhorizontaldivider.lua,4,function PANEL:Init(),lexical_candidate_not_semantic_analysis,not_ported
garrysmod/lua/vgui/dhorizontaldivider.lua,11,function PANEL:OnMousePressed( mcode ),lexical_candidate_not_semantic_analysis,not_ported
garrysmod/lua/vgui/dhorizontaldivider.lua,35,function PANEL:Init(),lexical_candidate_not_semantic_analysis,not_ported
garrysmod/lua/vgui/dhorizontaldivider.lua,50,function PANEL:LoadCookies(),lexical_candidate_not_semantic_analysis,not_ported
garrysmod/lua/vgui/dhorizontaldivider.lua,64,function PANEL:SetLeft( pnl ),lexical_candidate_not_semantic_analysis,not_ported
garrysmod/lua/vgui/dhorizontaldivider.lua,74,function PANEL:SetMiddle( Middle ),lexical_candidate_not_semantic_analysis,not_ported
garrysmod/lua/vgui/dhorizontaldivider.lua,84,function PANEL:SetRight( pnl ),lexical_candidate_not_semantic_analysis,not_ported
garrysmod/lua/vgui/dhorizontaldivider.lua,94,"function PANEL:PerformLayout( w, h )",lexical_candidate_not_semantic_analysis,not_ported
garrysmod/lua/vgui/dhorizontaldivider.lua,137,"function PANEL:OnCursorMoved( x, y )",lexical_candidate_not_semantic_analysis,not_ported
garrysmod/lua/vgui/dhorizontaldivider.lua,151,function PANEL:Think(),lexical_candidate_not_semantic_analysis,not_ported
garrysmod/lua/vgui/dhorizontaldivider.lua,161,function PANEL:StartGrab(),lexical_candidate_not_semantic_analysis,not_ported
garrysmod/lua/vgui/dhorizontaldivider.lua,173,function PANEL:OnMouseReleased( mcode ),lexical_candidate_not_semantic_analysis,not_ported
garrysmod/lua/vgui/dhorizontaldivider.lua,186,"function PANEL:GenerateExample( ClassName, PropertySheet, Width, Height )",lexical_candidate_not_semantic_analysis,not_ported
garrysmod/lua/vgui/dhorizontalscroller.lua,7,function PANEL:Init(),lexical_candidate_not_semantic_analysis,not_ported
garrysmod/lua/vgui/dhorizontalscroller.lua,16,self.pnlCanvas.OnModified = function() self:OnDragModified() end,lexical_candidate_not_semantic_analysis,not_ported
garrysmod/lua/vgui/dhorizontalscroller.lua,18,"self.pnlCanvas.UpdateDropTarget = function( Canvas, drop, pnl )",lexical_candidate_not_semantic_analysis,not_ported
garrysmod/lua/vgui/dhorizontalscroller.lua,23,"self.pnlCanvas.OnChildAdded = function( Canvas, child )",lexical_candidate_not_semantic_analysis,not_ported
garrysmod/lua/vgui/dhorizontalscroller.lua,29,child.OnDrop = function(),lexical_candidate_not_semantic_analysis,not_ported
garrysmod/lua/vgui/dhorizontalscroller.lua,54,"self.btnLeft.Paint = function( panel, w, h ) derma.SkinHook( ""Paint"", ""ButtonLeft"", panel, w, h ) end",lexical_candidate_not_semantic_analysis,not_ported
garrysmod/lua/vgui/dhorizontalscroller.lua,58,"self.btnRight.Paint = function( panel, w, h ) derma.SkinHook( ""Paint"", ""ButtonRight"", panel, w, h ) end",lexical_candidate_not_semantic_analysis,not_ported
garrysmod/lua/vgui/dhorizontalscroller.lua,62,function PANEL:GetCanvas(),lexical_candidate_not_semantic_analysis,not_ported
garrysmod/lua/vgui/dhorizontalscroller.lua,66,function PANEL:ScrollToChild( panel ),lexical_candidate_not_semantic_analysis,not_ported
garrysmod/lua/vgui/dhorizontalscroller.lua,81,function PANEL:SetScroll( x ),lexical_candidate_not_semantic_analysis,not_ported
garrysmod/lua/vgui/dhorizontalscroller.lua,88,function PANEL:SetUseLiveDrag( bool ),lexical_candidate_not_semantic_analysis,not_ported
garrysmod/lua/vgui/dhorizontalscroller.lua,92,"function PANEL:MakeDroppable( name, allowCopy )",lexical_candidate_not_semantic_analysis,not_ported
garrysmod/lua/vgui/dhorizontalscroller.lua,96,function PANEL:AddPanel( pnl ),lexical_candidate_not_semantic_analysis,not_ported
garrysmod/lua/vgui/dhorizontalscroller.lua,105,function PANEL:Clear(),lexical_candidate_not_semantic_analysis,not_ported
garrysmod/lua/vgui/dhorizontalscroller.lua,110,function PANEL:OnMouseWheeled( dlta ),lexical_candidate_not_semantic_analysis,not_ported
garrysmod/lua/vgui/dhorizontalscroller.lua,119,function PANEL:Think(),lexical_candidate_not_semantic_analysis,not_ported
garrysmod/lua/vgui/dhorizontalscroller.lua,152,function PANEL:PerformLayout(),lexical_candidate_not_semantic_analysis,not_ported
garrysmod/lua/vgui/dhorizontalscroller.lua,195,function PANEL:OnDragModified(),lexical_candidate_not_semantic_analysis,not_ported
garrysmod/lua/vgui/dhorizontalscroller.lua,199,"function PANEL:GenerateExample( classname, sheet, w, h )",lexical_candidate_not_semantic_analysis,not_ported
garrysmod/lua/vgui/dhscrollbar.lua,6,function PANEL:Init(),lexical_candidate_not_semantic_analysis,not_ported
garrysmod/lua/vgui/dhscrollbar.lua,15,self.btnLeft.DoClick = function( s ) s:GetParent():AddScroll( -1 ) end,lexical_candidate_not_semantic_analysis,not_ported
garrysmod/lua/vgui/dhscrollbar.lua,16,"self.btnLeft.Paint = function( panel, w, h ) derma.SkinHook( ""Paint"", ""ButtonLeft"", panel, w, h ) end",lexical_candidate_not_semantic_analysis,not_ported
garrysmod/lua/vgui/dhscrollbar.lua,20,self.btnRight.DoClick = function( s ) s:GetParent():AddScroll( 1 ) end,lexical_candidate_not_semantic_analysis,not_ported
garrysmod/lua/vgui/dhscrollbar.lua,21,"self.btnRight.Paint = function( panel, w, h ) derma.SkinHook( ""Paint"", ""ButtonRight"", panel, w, h ) end",lexical_candidate_not_semantic_analysis,not_ported
garrysmod/lua/vgui/dhscrollbar.lua,30,function PANEL:SetEnabled( b ),lexical_candidate_not_semantic_analysis,not_ported
garrysmod/lua/vgui/dhscrollbar.lua,59,function PANEL:BarScale(),lexical_candidate_not_semantic_analysis,not_ported
garrysmod/lua/vgui/dhscrollbar.lua,67,"function PANEL:SetUp( _barsize_, _canvassize_ )",lexical_candidate_not_semantic_analysis,not_ported
garrysmod/lua/vgui/dhscrollbar.lua,79,function PANEL:OnMouseWheeled( dlta ),lexical_candidate_not_semantic_analysis,not_ported
garrysmod/lua/vgui/dhscrollbar.lua,90,function PANEL:AddScroll( dlta ),lexical_candidate_not_semantic_analysis,not_ported
garrysmod/lua/vgui/dhscrollbar.lua,101,function PANEL:SetScroll( scrll ),lexical_candidate_not_semantic_analysis,not_ported
garrysmod/lua/vgui/dhscrollbar.lua,125,"function PANEL:AnimateTo( scrll, length, delay, ease )",lexical_candidate_not_semantic_analysis,not_ported
garrysmod/lua/vgui/dhscrollbar.lua,130,"anim.Think = function( anm, pnl, fraction )",lexical_candidate_not_semantic_analysis,not_ported
garrysmod/lua/vgui/dhscrollbar.lua,138,function PANEL:GetScroll(),lexical_candidate_not_semantic_analysis,not_ported
garrysmod/lua/vgui/dhscrollbar.lua,145,function PANEL:GetOffset(),lexical_candidate_not_semantic_analysis,not_ported
garrysmod/lua/vgui/dhscrollbar.lua,152,function PANEL:Think(),lexical_candidate_not_semantic_analysis,not_ported
garrysmod/lua/vgui/dhscrollbar.lua,155,"function PANEL:Paint( w, h )",lexical_candidate_not_semantic_analysis,not_ported
garrysmod/lua/vgui/dhscrollbar.lua,163,function PANEL:OnMousePressed(),lexical_candidate_not_semantic_analysis,not_ported
garrysmod/lua/vgui/dhscrollbar.lua,177,function PANEL:OnMouseReleased(),lexical_candidate_not_semantic_analysis,not_ported
garrysmod/lua/vgui/dhscrollbar.lua,187,"function PANEL:OnCursorMoved( lx, ly )",lexical_candidate_not_semantic_analysis,not_ported
garrysmod/lua/vgui/dhscrollbar.lua,209,function PANEL:Grip(),lexical_candidate_not_semantic_analysis,not_ported
garrysmod/lua/vgui/dhscrollbar.lua,224,function PANEL:PerformLayout(),lexical_candidate_not_semantic_analysis,not_ported
garrysmod/lua/vgui/dhtml.lua,7,function PANEL:Init(),lexical_candidate_not_semantic_analysis,not_ported
garrysmod/lua/vgui/dhtml.lua,22,function PANEL:Think(),lexical_candidate_not_semantic_analysis,not_ported
garrysmod/lua/vgui/dhtml.lua,38,function PANEL:Paint(),lexical_candidate_not_semantic_analysis,not_ported
garrysmod/lua/vgui/dhtml.lua,46,function PANEL:QueueJavascript( js ),lexical_candidate_not_semantic_analysis,not_ported
garrysmod/lua/vgui/dhtml.lua,62,function PANEL:Call( js ),lexical_candidate_not_semantic_analysis,not_ported
garrysmod/lua/vgui/dhtml.lua,66,"function PANEL:ConsoleMessage( msg, file, line, severity )",lexical_candidate_not_semantic_analysis,not_ported
garrysmod/lua/vgui/dhtml.lua,124,"function PANEL:OnCallback( obj, func, args )",lexical_candidate_not_semantic_analysis,not_ported
garrysmod/lua/vgui/dhtml.lua,140,"function PANEL:AddFunction( obj, funcname, func )",lexical_candidate_not_semantic_analysis,not_ported
garrysmod/lua/vgui/dhtml.lua,165,function PANEL:OnBeginLoadingDocument( url ),lexical_candidate_not_semantic_analysis,not_ported
garrysmod/lua/vgui/dhtml.lua,171,function PANEL:OnFinishLoadingDocument( url ),lexical_candidate_not_semantic_analysis,not_ported
garrysmod/lua/vgui/dhtml.lua,177,function PANEL:OnDocumentReady( url ),lexical_candidate_not_semantic_analysis,not_ported
garrysmod/lua/vgui/dhtml.lua,183,"function PANEL:OnChildViewCreated( sourceURL, targetURL, isPopup )",lexical_candidate_not_semantic_analysis,not_ported
garrysmod/lua/vgui/dhtml.lua,189,function PANEL:OnChangeTitle( title ),lexical_candidate_not_semantic_analysis,not_ported
garrysmod/lua/vgui/dhtml.lua,195,function PANEL:OnChangeTargetURL( url ),lexical_candidate_not_semantic_analysis,not_ported
garrysmod/lua/vgui/dhtmlcontrols.lua,4,function PANEL:Init(),lexical_candidate_not_semantic_analysis,not_ported
garrysmod/lua/vgui/dhtmlcontrols.lua,15,self.BackButton.DoClick = function(),lexical_candidate_not_semantic_analysis,not_ported
garrysmod/lua/vgui/dhtmlcontrols.lua,27,self.ForwardButton.DoClick = function(),lexical_candidate_not_semantic_analysis,not_ported
garrysmod/lua/vgui/dhtmlcontrols.lua,39,self.RefreshButton.DoClick = function() self.HTML:Refresh() end,lexical_candidate_not_semantic_analysis,not_ported
garrysmod/lua/vgui/dhtmlcontrols.lua,46,self.HomeButton.DoClick = function(),lexical_candidate_not_semantic_analysis,not_ported
garrysmod/lua/vgui/dhtmlcontrols.lua,57,self.StopButton.DoClick = function() self.HTML:Stop() end,lexical_candidate_not_semantic_analysis,not_ported
garrysmod/lua/vgui/dhtmlcontrols.lua,62,self.AddressBar.OnEnter = function(),lexical_candidate_not_semantic_analysis,not_ported
garrysmod/lua/vgui/dhtmlcontrols.lua,80,function PANEL:SetHTML( html ),lexical_candidate_not_semantic_analysis,not_ported
garrysmod/lua/vgui/dhtmlcontrols.lua,92,"self.HTML.OnBeginLoadingDocument = function( panel, url )",lexical_candidate_not_semantic_analysis,not_ported
garrysmod/lua/vgui/dhtmlcontrols.lua,106,"self.HTML.OnFinishLoadingDocument = function( panel, url )",lexical_candidate_not_semantic_analysis,not_ported
garrysmod/lua/vgui/dhtmlcontrols.lua,118,function PANEL:UpdateHistory( url ),lexical_candidate_not_semantic_analysis,not_ported
garrysmod/lua/vgui/dhtmlcontrols.lua,149,function PANEL:FinishedLoading(),lexical_candidate_not_semantic_analysis,not_ported
garrysmod/lua/vgui/dhtmlcontrols.lua,156,function PANEL:StartedLoading(),lexical_candidate_not_semantic_analysis,not_ported
garrysmod/lua/vgui/dhtmlcontrols.lua,163,function PANEL:UpdateNavButtonStatus(),lexical_candidate_not_semantic_analysis,not_ported
garrysmod/lua/vgui/dhtmlcontrols.lua,170,function PANEL:SetButtonColor( col ),lexical_candidate_not_semantic_analysis,not_ported
garrysmod/lua/vgui/dhtmlcontrols.lua,180,function PANEL:Paint(),lexical_candidate_not_semantic_analysis,not_ported
garrysmod/lua/vgui/diconbrowser.lua,7,function PANEL:SelectIcon( name ),lexical_candidate_not_semantic_analysis,not_ported
garrysmod/lua/vgui/diconbrowser.lua,21,function PANEL:ScrollToSelected(),lexical_candidate_not_semantic_analysis,not_ported
garrysmod/lua/vgui/diconbrowser.lua,29,function PANEL:Init(),lexical_candidate_not_semantic_analysis,not_ported
garrysmod/lua/vgui/diconbrowser.lua,47,function PANEL:Fill(),lexical_candidate_not_semantic_analysis,not_ported
garrysmod/lua/vgui/diconbrowser.lua,81,btn.DoClick = function(),lexical_candidate_not_semantic_analysis,not_ported
garrysmod/lua/vgui/diconbrowser.lua,89,"btn.Paint = function( pnl, w, h )",lexical_candidate_not_semantic_analysis,not_ported
garrysmod/lua/vgui/diconbrowser.lua,110,function PANEL:FilterByText( text ),lexical_candidate_not_semantic_analysis,not_ported
garrysmod/lua/vgui/diconbrowser.lua,124,"function PANEL:Paint( w, h )",lexical_candidate_not_semantic_analysis,not_ported
garrysmod/lua/vgui/diconbrowser.lua,132,function PANEL:OnChangeInternal(),lexical_candidate_not_semantic_analysis,not_ported
garrysmod/lua/vgui/diconbrowser.lua,138,function PANEL:Clear(),lexical_candidate_not_semantic_analysis,not_ported
garrysmod/lua/vgui/diconbrowser.lua,142,function PANEL:Add( name ),lexical_candidate_not_semantic_analysis,not_ported
garrysmod/lua/vgui/diconbrowser.lua,146,function PANEL:OnChange(),lexical_candidate_not_semantic_analysis,not_ported
garrysmod/lua/vgui/diconbrowser.lua,149,"function PANEL:GenerateExample( ClassName, PropertySheet, Width, Height )",lexical_candidate_not_semantic_analysis,not_ported
garrysmod/lua/vgui/diconlayout.lua,12,function PANEL:Init(),lexical_candidate_not_semantic_analysis,not_ported
garrysmod/lua/vgui/diconlayout.lua,29,function PANEL:Layout(),lexical_candidate_not_semantic_analysis,not_ported
garrysmod/lua/vgui/diconlayout.lua,37,function PANEL:LayoutIcons_TOP(),lexical_candidate_not_semantic_analysis,not_ported
garrysmod/lua/vgui/diconlayout.lua,71,function PANEL:LayoutIcons_LEFT(),lexical_candidate_not_semantic_analysis,not_ported
garrysmod/lua/vgui/diconlayout.lua,105,function PANEL:PerformLayout(),lexical_candidate_not_semantic_analysis,not_ported
garrysmod/lua/vgui/diconlayout.lua,126,function PANEL:OnModified(),lexical_candidate_not_semantic_analysis,not_ported
garrysmod/lua/vgui/diconlayout.lua,132,function PANEL:OnChildRemoved(),lexical_candidate_not_semantic_analysis,not_ported
garrysmod/lua/vgui/diconlayout.lua,138,function PANEL:OnChildAdded( child ),lexical_candidate_not_semantic_analysis,not_ported
garrysmod/lua/vgui/diconlayout.lua,153,function PANEL:Copy(),lexical_candidate_not_semantic_analysis,not_ported
garrysmod/lua/vgui/diconlayout.lua,172,function PANEL:CopyContents( from ),lexical_candidate_not_semantic_analysis,not_ported
garrysmod/lua/vgui/diconlayout.lua,182,"function PANEL:GenerateExample( ClassName, PropertySheet, Width, Height )",lexical_candidate_not_semantic_analysis,not_ported
garrysmod/lua/vgui/dimage.lua,10,function PANEL:Init(),lexical_candidate_not_semantic_analysis,not_ported
garrysmod/lua/vgui/dimage.lua,25,"function PANEL:SetOnViewMaterial( MatName, MatNameBackup )",lexical_candidate_not_semantic_analysis,not_ported
garrysmod/lua/vgui/dimage.lua,33,function PANEL:Unloaded(),lexical_candidate_not_semantic_analysis,not_ported
garrysmod/lua/vgui/dimage.lua,37,function PANEL:LoadMaterial(),lexical_candidate_not_semantic_analysis,not_ported
garrysmod/lua/vgui/dimage.lua,47,function PANEL:DoLoadMaterial(),lexical_candidate_not_semantic_analysis,not_ported
garrysmod/lua/vgui/dimage.lua,67,function PANEL:SetMaterial( Mat ),lexical_candidate_not_semantic_analysis,not_ported
garrysmod/lua/vgui/dimage.lua,91,"function PANEL:SetImage( strImage, strBackup )",lexical_candidate_not_semantic_analysis,not_ported
garrysmod/lua/vgui/dimage.lua,105,function PANEL:GetImage(),lexical_candidate_not_semantic_analysis,not_ported
garrysmod/lua/vgui/dimage.lua,111,function PANEL:FixVertexLitMaterial(),lexical_candidate_not_semantic_analysis,not_ported
garrysmod/lua/vgui/dimage.lua,143,function PANEL:SizeToContents(),lexical_candidate_not_semantic_analysis,not_ported
garrysmod/lua/vgui/dimage.lua,149,"function PANEL:Paint( w, h )",lexical_candidate_not_semantic_analysis,not_ported
garrysmod/lua/vgui/dimage.lua,156,"function PANEL:PaintAt( x, y, dw, dh )",lexical_candidate_not_semantic_analysis,not_ported
garrysmod/lua/vgui/dimage.lua,221,"function PANEL:GenerateExample( ClassName, PropertySheet, Width, Height )",lexical_candidate_not_semantic_analysis,not_ported
garrysmod/lua/vgui/dimagebutton.lua,6,function PANEL:Init(),lexical_candidate_not_semantic_analysis,not_ported
garrysmod/lua/vgui/dimagebutton.lua,26,function PANEL:SetImageVisible( bBool ),lexical_candidate_not_semantic_analysis,not_ported
garrysmod/lua/vgui/dimagebutton.lua,32,"function PANEL:SetImage( strImage, strBackup )",lexical_candidate_not_semantic_analysis,not_ported
garrysmod/lua/vgui/dimagebutton.lua,39,function PANEL:SetColor( col ),lexical_candidate_not_semantic_analysis,not_ported
garrysmod/lua/vgui/dimagebutton.lua,46,function PANEL:GetImage(),lexical_candidate_not_semantic_analysis,not_ported
garrysmod/lua/vgui/dimagebutton.lua,52,function PANEL:SetKeepAspect( bKeep ),lexical_candidate_not_semantic_analysis,not_ported
garrysmod/lua/vgui/dimagebutton.lua,59,function PANEL:SetMaterial( Mat ),lexical_candidate_not_semantic_analysis,not_ported
garrysmod/lua/vgui/dimagebutton.lua,65,function PANEL:SizeToContents(),lexical_candidate_not_semantic_analysis,not_ported
garrysmod/lua/vgui/dimagebutton.lua,72,function PANEL:DepressImage(),lexical_candidate_not_semantic_analysis,not_ported
garrysmod/lua/vgui/dimagebutton.lua,93,function PANEL:OnMousePressed( mousecode ),lexical_candidate_not_semantic_analysis,not_ported
garrysmod/lua/vgui/dimagebutton.lua,101,function PANEL:OnMouseReleased( mousecode ),lexical_candidate_not_semantic_analysis,not_ported
garrysmod/lua/vgui/dimagebutton.lua,110,function PANEL:PerformLayout(),lexical_candidate_not_semantic_analysis,not_ported
garrysmod/lua/vgui/dimagebutton.lua,130,function PANEL:SetDisabled( bDisabled ),lexical_candidate_not_semantic_analysis,not_ported
garrysmod/lua/vgui/dimagebutton.lua,142,"function PANEL:SetOnViewMaterial( MatName, Backup )",lexical_candidate_not_semantic_analysis,not_ported
garrysmod/lua/vgui/dimagebutton.lua,148,"function PANEL:GenerateExample( ClassName, PropertySheet, Width, Height )",lexical_candidate_not_semantic_analysis,not_ported
garrysmod/lua/vgui/dkillicon.lua,6,function PANEL:Init(),lexical_candidate_not_semantic_analysis,not_ported
garrysmod/lua/vgui/dkillicon.lua,14,function PANEL:SizeToContents(),lexical_candidate_not_semantic_analysis,not_ported
garrysmod/lua/vgui/dkillicon.lua,22,function PANEL:Paint(),lexical_candidate_not_semantic_analysis,not_ported
garrysmod/lua/vgui/dlabel.lua,23,function PANEL:Init(),lexical_candidate_not_semantic_analysis,not_ported
garrysmod/lua/vgui/dlabel.lua,43,function PANEL:SetFont( strFont ),lexical_candidate_not_semantic_analysis,not_ported
garrysmod/lua/vgui/dlabel.lua,51,function PANEL:SetTextColor( clr ),lexical_candidate_not_semantic_analysis,not_ported
garrysmod/lua/vgui/dlabel.lua,59,function PANEL:GetColor(),lexical_candidate_not_semantic_analysis,not_ported
garrysmod/lua/vgui/dlabel.lua,65,function PANEL:UpdateFGColor(),lexical_candidate_not_semantic_analysis,not_ported
garrysmod/lua/vgui/dlabel.lua,76,function PANEL:Toggle(),lexical_candidate_not_semantic_analysis,not_ported
garrysmod/lua/vgui/dlabel.lua,85,function PANEL:SetDisabled( bDisabled ),lexical_candidate_not_semantic_analysis,not_ported
garrysmod/lua/vgui/dlabel.lua,95,function PANEL:SetEnabled( bEnabled ),lexical_candidate_not_semantic_analysis,not_ported
garrysmod/lua/vgui/dlabel.lua,101,function PANEL:IsEnabled(),lexical_candidate_not_semantic_analysis,not_ported
garrysmod/lua/vgui/dlabel.lua,107,function PANEL:SetDark( bDark ),lexical_candidate_not_semantic_analysis,not_ported
garrysmod/lua/vgui/dlabel.lua,113,function PANEL:SetBright( bBright ),lexical_candidate_not_semantic_analysis,not_ported
garrysmod/lua/vgui/dlabel.lua,120,function PANEL:UpdateColours( skin ),lexical_candidate_not_semantic_analysis,not_ported
garrysmod/lua/vgui/dlabel.lua,134,function PANEL:ApplySchemeSettings(),lexical_candidate_not_semantic_analysis,not_ported
garrysmod/lua/vgui/dlabel.lua,142,function PANEL:Think(),lexical_candidate_not_semantic_analysis,not_ported
garrysmod/lua/vgui/dlabel.lua,150,function PANEL:PerformLayout(),lexical_candidate_not_semantic_analysis,not_ported
garrysmod/lua/vgui/dlabel.lua,156,function PANEL:OnCursorEntered(),lexical_candidate_not_semantic_analysis,not_ported
garrysmod/lua/vgui/dlabel.lua,162,function PANEL:OnCursorExited(),lexical_candidate_not_semantic_analysis,not_ported
garrysmod/lua/vgui/dlabel.lua,168,function PANEL:OnMousePressed( mousecode ),lexical_candidate_not_semantic_analysis,not_ported
garrysmod/lua/vgui/dlabel.lua,209,function PANEL:OnMouseReleased( mousecode ),lexical_candidate_not_semantic_analysis,not_ported
garrysmod/lua/vgui/dlabel.lua,267,function PANEL:OnReleased(),lexical_candidate_not_semantic_analysis,not_ported
garrysmod/lua/vgui/dlabel.lua,270,function PANEL:OnDepressed(),lexical_candidate_not_semantic_analysis,not_ported
garrysmod/lua/vgui/dlabel.lua,273,function PANEL:OnToggled( bool ),lexical_candidate_not_semantic_analysis,not_ported
garrysmod/lua/vgui/dlabel.lua,276,function PANEL:DoClick(),lexical_candidate_not_semantic_analysis,not_ported
garrysmod/lua/vgui/dlabel.lua,282,function PANEL:DoRightClick(),lexical_candidate_not_semantic_analysis,not_ported
garrysmod/lua/vgui/dlabel.lua,285,function PANEL:DoMiddleClick(),lexical_candidate_not_semantic_analysis,not_ported
garrysmod/lua/vgui/dlabel.lua,288,function PANEL:DoClickInternal(),lexical_candidate_not_semantic_analysis,not_ported
garrysmod/lua/vgui/dlabel.lua,291,function PANEL:DoDoubleClick(),lexical_candidate_not_semantic_analysis,not_ported
garrysmod/lua/vgui/dlabel.lua,294,function PANEL:DoDoubleClickInternal(),lexical_candidate_not_semantic_analysis,not_ported
garrysmod/lua/vgui/dlabel.lua,297,"function PANEL:GenerateExample( ClassName, PropertySheet, Width, Height )",lexical_candidate_not_semantic_analysis,not_ported
garrysmod/lua/vgui/dlabel.lua,310,"function Label( strText, parent )",lexical_candidate_not_semantic_analysis,not_ported
garrysmod/lua/vgui/dlabeleditable.lua,6,function PANEL:Init(),lexical_candidate_not_semantic_analysis,not_ported
garrysmod/lua/vgui/dlabeleditable.lua,12,function PANEL:SizeToContents(),lexical_candidate_not_semantic_analysis,not_ported
garrysmod/lua/vgui/dlabeleditable.lua,19,function PANEL:GetContentSize(),lexical_candidate_not_semantic_analysis,not_ported
garrysmod/lua/vgui/dlabeleditable.lua,33,function PANEL:DoDoubleClick(),lexical_candidate_not_semantic_analysis,not_ported
garrysmod/lua/vgui/dlabeleditable.lua,42,TextEdit.OnTextChanged = function(),lexical_candidate_not_semantic_analysis,not_ported
garrysmod/lua/vgui/dlabeleditable.lua,48,TextEdit.OnEnter = function(),lexical_candidate_not_semantic_analysis,not_ported
garrysmod/lua/vgui/dlabeleditable.lua,59,TextEdit.OnLoseFocus = function(),lexical_candidate_not_semantic_analysis,not_ported
garrysmod/lua/vgui/dlabeleditable.lua,74,function PANEL:IsEditing(),lexical_candidate_not_semantic_analysis,not_ported
garrysmod/lua/vgui/dlabeleditable.lua,82,function PANEL:OnLabelTextChanged( text ),lexical_candidate_not_semantic_analysis,not_ported
garrysmod/lua/vgui/dlabelurl.lua,9,function PANEL:Init(),lexical_candidate_not_semantic_analysis,not_ported
garrysmod/lua/vgui/dlabelurl.lua,22,function PANEL:ApplySchemeSettings(),lexical_candidate_not_semantic_analysis,not_ported
garrysmod/lua/vgui/dlabelurl.lua,28,function PANEL:SetTextColor( clr ),lexical_candidate_not_semantic_analysis,not_ported
garrysmod/lua/vgui/dlabelurl.lua,36,function PANEL:GetColor(),lexical_candidate_not_semantic_analysis,not_ported
garrysmod/lua/vgui/dlabelurl.lua,42,function PANEL:OnCursorEntered(),lexical_candidate_not_semantic_analysis,not_ported
garrysmod/lua/vgui/dlabelurl.lua,49,function PANEL:OnCursorExited(),lexical_candidate_not_semantic_analysis,not_ported
garrysmod/lua/vgui/dlabelurl.lua,56,function PANEL:UpdateFGColor(),lexical_candidate_not_semantic_analysis,not_ported
garrysmod/lua/vgui/dlistbox.lua,6,function PANEL:Init(),lexical_candidate_not_semantic_analysis,not_ported
garrysmod/lua/vgui/dlistbox.lua,15,function PANEL:OnMousePressed( mcode ),lexical_candidate_not_semantic_analysis,not_ported
garrysmod/lua/vgui/dlistbox.lua,24,"function PANEL:Paint( w, h )",lexical_candidate_not_semantic_analysis,not_ported
garrysmod/lua/vgui/dlistbox.lua,32,"function PANEL:OnCursorMoved( x, y )",lexical_candidate_not_semantic_analysis,not_ported
garrysmod/lua/vgui/dlistbox.lua,40,function PANEL:Select( bOnlyMe ),lexical_candidate_not_semantic_analysis,not_ported
garrysmod/lua/vgui/dlistbox.lua,48,function PANEL:DoClick(),lexical_candidate_not_semantic_analysis,not_ported
garrysmod/lua/vgui/dlistbox.lua,54,"function PANEL:GenerateExample( ClassName, PropertySheet, Width, Height )",lexical_candidate_not_semantic_analysis,not_ported
garrysmod/lua/vgui/dlistbox.lua,70,function PANEL:Init(),lexical_candidate_not_semantic_analysis,not_ported
garrysmod/lua/vgui/dlistbox.lua,83,function PANEL:Clear(),lexical_candidate_not_semantic_analysis,not_ported
garrysmod/lua/vgui/dlistbox.lua,90,function PANEL:AddItem( strLabel ),lexical_candidate_not_semantic_analysis,not_ported
garrysmod/lua/vgui/dlistbox.lua,102,function PANEL:Rebuild(),lexical_candidate_not_semantic_analysis,not_ported
garrysmod/lua/vgui/dlistbox.lua,127,"function PANEL:SelectItem( item, onlyme )",lexical_candidate_not_semantic_analysis,not_ported
garrysmod/lua/vgui/dlistbox.lua,151,function PANEL:SelectByName( strName ),lexical_candidate_not_semantic_analysis,not_ported
garrysmod/lua/vgui/dlistbox.lua,163,function PANEL:GetSelectedValues(),lexical_candidate_not_semantic_analysis,not_ported
garrysmod/lua/vgui/dlistbox.lua,181,"function PANEL:GenerateExample( ClassName, PropertySheet, Width, Height )",lexical_candidate_not_semantic_analysis,not_ported
garrysmod/lua/vgui/dlistlayout.lua,4,function PANEL:Init(),lexical_candidate_not_semantic_analysis,not_ported
garrysmod/lua/vgui/dlistlayout.lua,10,function PANEL:OnModified(),lexical_candidate_not_semantic_analysis,not_ported
garrysmod/lua/vgui/dlistlayout.lua,16,function PANEL:OnChildRemoved(),lexical_candidate_not_semantic_analysis,not_ported
garrysmod/lua/vgui/dlistlayout.lua,22,function PANEL:PerformLayout(),lexical_candidate_not_semantic_analysis,not_ported
garrysmod/lua/vgui/dlistlayout.lua,28,function PANEL:OnChildAdded( child ),lexical_candidate_not_semantic_analysis,not_ported
garrysmod/lua/vgui/dlistlayout.lua,43,"function PANEL:GenerateExample( ClassName, PropertySheet, Width, Height )",lexical_candidate_not_semantic_analysis,not_ported
garrysmod/lua/vgui/dlistview.lua,15,function PANEL:Init(),lexical_candidate_not_semantic_analysis,not_ported
garrysmod/lua/vgui/dlistview.lua,40,function PANEL:DisableScrollbar(),lexical_candidate_not_semantic_analysis,not_ported
garrysmod/lua/vgui/dlistview.lua,50,function PANEL:GetLines(),lexical_candidate_not_semantic_analysis,not_ported
garrysmod/lua/vgui/dlistview.lua,54,function PANEL:GetInnerTall(),lexical_candidate_not_semantic_analysis,not_ported
garrysmod/lua/vgui/dlistview.lua,58,function PANEL:GetCanvas(),lexical_candidate_not_semantic_analysis,not_ported
garrysmod/lua/vgui/dlistview.lua,62,"function PANEL:AddColumn( strName, iPosition )",lexical_candidate_not_semantic_analysis,not_ported
garrysmod/lua/vgui/dlistview.lua,110,function PANEL:RemoveLine( LineID ),lexical_candidate_not_semantic_analysis,not_ported
garrysmod/lua/vgui/dlistview.lua,125,function PANEL:ColumnWidth( i ),lexical_candidate_not_semantic_analysis,not_ported
garrysmod/lua/vgui/dlistview.lua,134,function PANEL:FixColumnsLayout(),lexical_candidate_not_semantic_analysis,not_ported
garrysmod/lua/vgui/dlistview.lua,196,function PANEL:PerformLayout(),lexical_candidate_not_semantic_analysis,not_ported
garrysmod/lua/vgui/dlistview.lua,239,function PANEL:OnScrollbarAppear(),lexical_candidate_not_semantic_analysis,not_ported
garrysmod/lua/vgui/dlistview.lua,246,"function PANEL:OnRequestResize( SizingColumn, iSize )",lexical_candidate_not_semantic_analysis,not_ported
garrysmod/lua/vgui/dlistview.lua,278,function PANEL:DataLayout(),lexical_candidate_not_semantic_analysis,not_ported
garrysmod/lua/vgui/dlistview.lua,303,function PANEL:AddLine( ... ),lexical_candidate_not_semantic_analysis,not_ported
garrysmod/lua/vgui/dlistview.lua,334,function PANEL:OnMouseWheeled( dlta ),lexical_candidate_not_semantic_analysis,not_ported
garrysmod/lua/vgui/dlistview.lua,342,function PANEL:ClearSelection( dlta ),lexical_candidate_not_semantic_analysis,not_ported
garrysmod/lua/vgui/dlistview.lua,350,function PANEL:GetSelectedLine(),lexical_candidate_not_semantic_analysis,not_ported
garrysmod/lua/vgui/dlistview.lua,358,function PANEL:GetLine( id ),lexical_candidate_not_semantic_analysis,not_ported
garrysmod/lua/vgui/dlistview.lua,364,function PANEL:GetSortedID( line ),lexical_candidate_not_semantic_analysis,not_ported
garrysmod/lua/vgui/dlistview.lua,374,"function PANEL:OnClickLine( Line, bClear )",lexical_candidate_not_semantic_analysis,not_ported
garrysmod/lua/vgui/dlistview.lua,451,"function PANEL:SortByColumns( c1, d1, c2, d2, c3, d3, c4, d4 )",lexical_candidate_not_semantic_analysis,not_ported
garrysmod/lua/vgui/dlistview.lua,486,"function PANEL:SortByColumn( ColumnID, Desc )",lexical_candidate_not_semantic_analysis,not_ported
garrysmod/lua/vgui/dlistview.lua,509,function PANEL:SelectItem( Item ),lexical_candidate_not_semantic_analysis,not_ported
garrysmod/lua/vgui/dlistview.lua,518,function PANEL:SelectFirstItem(),lexical_candidate_not_semantic_analysis,not_ported
garrysmod/lua/vgui/dlistview.lua,525,"function PANEL:DoDoubleClick( LineID, Line )",lexical_candidate_not_semantic_analysis,not_ported
garrysmod/lua/vgui/dlistview.lua,531,"function PANEL:OnRowSelected( LineID, Line )",lexical_candidate_not_semantic_analysis,not_ported
garrysmod/lua/vgui/dlistview.lua,537,"function PANEL:OnRowRightClick( LineID, Line )",lexical_candidate_not_semantic_analysis,not_ported
garrysmod/lua/vgui/dlistview.lua,543,function PANEL:Clear(),lexical_candidate_not_semantic_analysis,not_ported
garrysmod/lua/vgui/dlistview.lua,556,function PANEL:GetSelected(),lexical_candidate_not_semantic_analysis,not_ported
garrysmod/lua/vgui/dlistview.lua,570,function PANEL:SizeToContents(),lexical_candidate_not_semantic_analysis,not_ported
garrysmod/lua/vgui/dlistview.lua,576,"function PANEL:GenerateExample( ClassName, PropertySheet, Width, Height )",lexical_candidate_not_semantic_analysis,not_ported
garrysmod/lua/vgui/dlistview_column.lua,8,function PANEL:Init(),lexical_candidate_not_semantic_analysis,not_ported
garrysmod/lua/vgui/dlistview_column.lua,12,"function PANEL:GenerateExample( class, tabs, w, h )",lexical_candidate_not_semantic_analysis,not_ported
garrysmod/lua/vgui/dlistview_column.lua,23,function PANEL:Init(),lexical_candidate_not_semantic_analysis,not_ported
garrysmod/lua/vgui/dlistview_column.lua,29,function PANEL:Paint(),lexical_candidate_not_semantic_analysis,not_ported
garrysmod/lua/vgui/dlistview_column.lua,35,function PANEL:OnCursorMoved(),lexical_candidate_not_semantic_analysis,not_ported
garrysmod/lua/vgui/dlistview_column.lua,47,"function PANEL:GenerateExample( class, tabs, w, h )",lexical_candidate_not_semantic_analysis,not_ported
garrysmod/lua/vgui/dlistview_column.lua,71,function PANEL:Init(),lexical_candidate_not_semantic_analysis,not_ported
garrysmod/lua/vgui/dlistview_column.lua,74,self.Header.DoClick = function() self:DoClick() end,lexical_candidate_not_semantic_analysis,not_ported
garrysmod/lua/vgui/dlistview_column.lua,75,self.Header.DoRightClick = function() self:DoRightClick() end,lexical_candidate_not_semantic_analysis,not_ported
garrysmod/lua/vgui/dlistview_column.lua,84,function PANEL:SetFixedWidth( iSize ),lexical_candidate_not_semantic_analysis,not_ported
garrysmod/lua/vgui/dlistview_column.lua,92,function PANEL:DoClick(),lexical_candidate_not_semantic_analysis,not_ported
garrysmod/lua/vgui/dlistview_column.lua,99,function PANEL:DoRightClick(),lexical_candidate_not_semantic_analysis,not_ported
garrysmod/lua/vgui/dlistview_column.lua,103,function PANEL:SetName( strName ),lexical_candidate_not_semantic_analysis,not_ported
garrysmod/lua/vgui/dlistview_column.lua,109,function PANEL:Paint(),lexical_candidate_not_semantic_analysis,not_ported
garrysmod/lua/vgui/dlistview_column.lua,113,function PANEL:PerformLayout(),lexical_candidate_not_semantic_analysis,not_ported
garrysmod/lua/vgui/dlistview_column.lua,128,function PANEL:ResizeColumn( iSize ),lexical_candidate_not_semantic_analysis,not_ported
garrysmod/lua/vgui/dlistview_column.lua,134,function PANEL:SetWidth( iSize ),lexical_candidate_not_semantic_analysis,not_ported
garrysmod/lua/vgui/dlistview_column.lua,157,function PANEL:DoClick(),lexical_candidate_not_semantic_analysis,not_ported
garrysmod/lua/vgui/dlistview_line.lua,4,function PANEL:Init(),lexical_candidate_not_semantic_analysis,not_ported
garrysmod/lua/vgui/dlistview_line.lua,10,function PANEL:UpdateColours( skin ),lexical_candidate_not_semantic_analysis,not_ported
garrysmod/lua/vgui/dlistview_line.lua,18,function PANEL:GenerateExample(),lexical_candidate_not_semantic_analysis,not_ported
garrysmod/lua/vgui/dlistview_line.lua,40,function PANEL:Init(),lexical_candidate_not_semantic_analysis,not_ported
garrysmod/lua/vgui/dlistview_line.lua,50,function PANEL:OnSelect(),lexical_candidate_not_semantic_analysis,not_ported
garrysmod/lua/vgui/dlistview_line.lua,56,function PANEL:OnRightClick(),lexical_candidate_not_semantic_analysis,not_ported
garrysmod/lua/vgui/dlistview_line.lua,62,function PANEL:OnMousePressed( mcode ),lexical_candidate_not_semantic_analysis,not_ported
garrysmod/lua/vgui/dlistview_line.lua,86,function PANEL:OnCursorMoved(),lexical_candidate_not_semantic_analysis,not_ported
garrysmod/lua/vgui/dlistview_line.lua,94,function PANEL:SetSelected( b ),lexical_candidate_not_semantic_analysis,not_ported
garrysmod/lua/vgui/dlistview_line.lua,105,function PANEL:IsLineSelected(),lexical_candidate_not_semantic_analysis,not_ported
garrysmod/lua/vgui/dlistview_line.lua,111,"function PANEL:SetColumnText( i, strText )",lexical_candidate_not_semantic_analysis,not_ported
garrysmod/lua/vgui/dlistview_line.lua,141,function PANEL:GetColumnText( i ),lexical_candidate_not_semantic_analysis,not_ported
garrysmod/lua/vgui/dlistview_line.lua,157,"function PANEL:SetSortValue( i, data )",lexical_candidate_not_semantic_analysis,not_ported
garrysmod/lua/vgui/dlistview_line.lua,163,function PANEL:GetSortValue( i ),lexical_candidate_not_semantic_analysis,not_ported
garrysmod/lua/vgui/dlistview_line.lua,169,function PANEL:DataLayout( ListView ),lexical_candidate_not_semantic_analysis,not_ported
garrysmod/lua/vgui/dmenu.lua,12,function PANEL:Init(),lexical_candidate_not_semantic_analysis,not_ported
garrysmod/lua/vgui/dmenu.lua,29,function PANEL:AddPanel( pnl ),lexical_candidate_not_semantic_analysis,not_ported
garrysmod/lua/vgui/dmenu.lua,36,"function PANEL:AddOption( strText, funcFunction )",lexical_candidate_not_semantic_analysis,not_ported
garrysmod/lua/vgui/dmenu.lua,49,"function PANEL:AddCVar( strText, convar, on, off, funcFunction )",lexical_candidate_not_semantic_analysis,not_ported
garrysmod/lua/vgui/dmenu.lua,66,function PANEL:AddSpacer(),lexical_candidate_not_semantic_analysis,not_ported
garrysmod/lua/vgui/dmenu.lua,69,"pnl.Paint = function( p, w, h )",lexical_candidate_not_semantic_analysis,not_ported
garrysmod/lua/vgui/dmenu.lua,80,"function PANEL:AddSubMenu( strText, funcFunction )",lexical_candidate_not_semantic_analysis,not_ported
garrysmod/lua/vgui/dmenu.lua,94,function PANEL:Hide(),lexical_candidate_not_semantic_analysis,not_ported
garrysmod/lua/vgui/dmenu.lua,106,"function PANEL:OpenSubMenu( item, menu )",lexical_candidate_not_semantic_analysis,not_ported
garrysmod/lua/vgui/dmenu.lua,129,function PANEL:CloseSubMenu( menu ),lexical_candidate_not_semantic_analysis,not_ported
garrysmod/lua/vgui/dmenu.lua,136,"function PANEL:Paint( w, h )",lexical_candidate_not_semantic_analysis,not_ported
garrysmod/lua/vgui/dmenu.lua,145,function PANEL:ChildCount(),lexical_candidate_not_semantic_analysis,not_ported
garrysmod/lua/vgui/dmenu.lua,149,function PANEL:GetChild( num ),lexical_candidate_not_semantic_analysis,not_ported
garrysmod/lua/vgui/dmenu.lua,153,"function PANEL:PerformLayout( w, h )",lexical_candidate_not_semantic_analysis,not_ported
garrysmod/lua/vgui/dmenu.lua,194,"function PANEL:Open( x, y, skipanimation, ownerpanel )",lexical_candidate_not_semantic_analysis,not_ported
garrysmod/lua/vgui/dmenu.lua,254,function PANEL:OptionSelectedInternal( option ),lexical_candidate_not_semantic_analysis,not_ported
garrysmod/lua/vgui/dmenu.lua,260,"function PANEL:OptionSelected( option, text )",lexical_candidate_not_semantic_analysis,not_ported
garrysmod/lua/vgui/dmenu.lua,266,function PANEL:ClearHighlights(),lexical_candidate_not_semantic_analysis,not_ported
garrysmod/lua/vgui/dmenu.lua,274,function PANEL:HighlightItem( item ),lexical_candidate_not_semantic_analysis,not_ported
garrysmod/lua/vgui/dmenu.lua,284,"function PANEL:GenerateExample( ClassName, PropertySheet, Width, Height )",lexical_candidate_not_semantic_analysis,not_ported
garrysmod/lua/vgui/dmenu.lua,286,local MenuItemSelected = function(),lexical_candidate_not_semantic_analysis,not_ported
garrysmod/lua/vgui/dmenu.lua,292,ctrl.DoClick = function(),lexical_candidate_not_semantic_analysis,not_ported
garrysmod/lua/vgui/dmenubar.lua,10,function PANEL:Init(),lexical_candidate_not_semantic_analysis,not_ported
garrysmod/lua/vgui/dmenubar.lua,19,function PANEL:GetOpenMenu(),lexical_candidate_not_semantic_analysis,not_ported
garrysmod/lua/vgui/dmenubar.lua,29,function PANEL:AddOrGetMenu( label ),lexical_candidate_not_semantic_analysis,not_ported
garrysmod/lua/vgui/dmenubar.lua,36,function PANEL:AddMenu( label ),lexical_candidate_not_semantic_analysis,not_ported
garrysmod/lua/vgui/dmenubar.lua,51,b.DoClick = function(),lexical_candidate_not_semantic_analysis,not_ported
garrysmod/lua/vgui/dmenubar.lua,63,b.OnCursorEntered = function(),lexical_candidate_not_semantic_analysis,not_ported
garrysmod/lua/vgui/dmenubar.lua,74,function PANEL:OnRemove(),lexical_candidate_not_semantic_analysis,not_ported
garrysmod/lua/vgui/dmenubar.lua,82,"function PANEL:GenerateExample( ClassName, PropertySheet, Width, Height )",lexical_candidate_not_semantic_analysis,not_ported
garrysmod/lua/vgui/dmenuoption.lua,9,function PANEL:Init(),lexical_candidate_not_semantic_analysis,not_ported
garrysmod/lua/vgui/dmenuoption.lua,17,function PANEL:SetSubMenu( menu ),lexical_candidate_not_semantic_analysis,not_ported
garrysmod/lua/vgui/dmenuoption.lua,24,"self.SubMenuArrow.Paint = function( panel, w, h ) derma.SkinHook( ""Paint"", ""MenuRightArrow"", panel, w, h ) end",lexical_candidate_not_semantic_analysis,not_ported
garrysmod/lua/vgui/dmenuoption.lua,30,function PANEL:AddSubMenu(),lexical_candidate_not_semantic_analysis,not_ported
garrysmod/lua/vgui/dmenuoption.lua,42,function PANEL:OnCursorEntered(),lexical_candidate_not_semantic_analysis,not_ported
garrysmod/lua/vgui/dmenuoption.lua,53,function PANEL:OnCursorExited(),lexical_candidate_not_semantic_analysis,not_ported
garrysmod/lua/vgui/dmenuoption.lua,56,"function PANEL:Paint( w, h )",lexical_candidate_not_semantic_analysis,not_ported
garrysmod/lua/vgui/dmenuoption.lua,67,function PANEL:OnMousePressed( mousecode ),lexical_candidate_not_semantic_analysis,not_ported
garrysmod/lua/vgui/dmenuoption.lua,75,function PANEL:OnMouseReleased( mousecode ),lexical_candidate_not_semantic_analysis,not_ported
garrysmod/lua/vgui/dmenuoption.lua,88,function PANEL:DoRightClick(),lexical_candidate_not_semantic_analysis,not_ported
garrysmod/lua/vgui/dmenuoption.lua,96,function PANEL:DoClickInternal(),lexical_candidate_not_semantic_analysis,not_ported
garrysmod/lua/vgui/dmenuoption.lua,110,function PANEL:ToggleCheck(),lexical_candidate_not_semantic_analysis,not_ported
garrysmod/lua/vgui/dmenuoption.lua,126,function PANEL:SetChecked( b ),lexical_candidate_not_semantic_analysis,not_ported
garrysmod/lua/vgui/dmenuoption.lua,134,function PANEL:OnChecked( b ),lexical_candidate_not_semantic_analysis,not_ported
garrysmod/lua/vgui/dmenuoption.lua,137,"function PANEL:PerformLayout( w, h )",lexical_candidate_not_semantic_analysis,not_ported
garrysmod/lua/vgui/dmenuoption.lua,156,function PANEL:UpdateColours( skin ),lexical_candidate_not_semantic_analysis,not_ported
garrysmod/lua/vgui/dmenuoption.lua,166,function PANEL:GenerateExample(),lexical_candidate_not_semantic_analysis,not_ported
garrysmod/lua/vgui/dmenuoptioncvar.lua,10,function PANEL:Init(),lexical_candidate_not_semantic_analysis,not_ported
garrysmod/lua/vgui/dmenuoptioncvar.lua,21,function PANEL:Think(),lexical_candidate_not_semantic_analysis,not_ported
garrysmod/lua/vgui/dmenuoptioncvar.lua,32,function PANEL:OnChecked( b ),lexical_candidate_not_semantic_analysis,not_ported
garrysmod/lua/vgui/dmodelpanel.lua,14,function PANEL:Init(),lexical_candidate_not_semantic_analysis,not_ported
garrysmod/lua/vgui/dmodelpanel.lua,38,"function PANEL:SetDirectionalLight( iDirection, color )",lexical_candidate_not_semantic_analysis,not_ported
garrysmod/lua/vgui/dmodelpanel.lua,42,function PANEL:SetModel( strModelName ),lexical_candidate_not_semantic_analysis,not_ported
garrysmod/lua/vgui/dmodelpanel.lua,69,function PANEL:GetModel(),lexical_candidate_not_semantic_analysis,not_ported
garrysmod/lua/vgui/dmodelpanel.lua,77,function PANEL:DrawModel(),lexical_candidate_not_semantic_analysis,not_ported
garrysmod/lua/vgui/dmodelpanel.lua,96,function PANEL:PreDrawModel( ent ),lexical_candidate_not_semantic_analysis,not_ported
garrysmod/lua/vgui/dmodelpanel.lua,100,function PANEL:PostDrawModel( ent ),lexical_candidate_not_semantic_analysis,not_ported
garrysmod/lua/vgui/dmodelpanel.lua,104,"function PANEL:Paint( w, h )",lexical_candidate_not_semantic_analysis,not_ported
garrysmod/lua/vgui/dmodelpanel.lua,141,function PANEL:RunAnimation(),lexical_candidate_not_semantic_analysis,not_ported
garrysmod/lua/vgui/dmodelpanel.lua,145,function PANEL:StartScene( name ),lexical_candidate_not_semantic_analysis,not_ported
garrysmod/lua/vgui/dmodelpanel.lua,155,function PANEL:LayoutEntity( Entity ),lexical_candidate_not_semantic_analysis,not_ported
garrysmod/lua/vgui/dmodelpanel.lua,169,function PANEL:OnRemove(),lexical_candidate_not_semantic_analysis,not_ported
garrysmod/lua/vgui/dmodelpanel.lua,175,"function PANEL:GenerateExample( ClassName, PropertySheet, Width, Height )",lexical_candidate_not_semantic_analysis,not_ported
garrysmod/lua/vgui/dmodelselect.lua,4,function PANEL:Init(),lexical_candidate_not_semantic_analysis,not_ported
garrysmod/lua/vgui/dmodelselect.lua,11,function PANEL:SetHeight( numHeight ),lexical_candidate_not_semantic_analysis,not_ported
garrysmod/lua/vgui/dmodelselect.lua,17,"function PANEL:SetModelList( modelList, conVar, dontSort, dontCallListConVars )",lexical_candidate_not_semantic_analysis,not_ported
garrysmod/lua/vgui/dmodelselectmulti.lua,4,function PANEL:Init(),lexical_candidate_not_semantic_analysis,not_ported
garrysmod/lua/vgui/dmodelselectmulti.lua,11,function PANEL:SetHeight( numHeight ),lexical_candidate_not_semantic_analysis,not_ported
garrysmod/lua/vgui/dmodelselectmulti.lua,17,"function PANEL:AddModelList( name, modelList, conVar, dontSort, dontCallListConVars )",lexical_candidate_not_semantic_analysis,not_ported
garrysmod/lua/vgui/dnotify.lua,8,function PANEL:Init(),lexical_candidate_not_semantic_analysis,not_ported
garrysmod/lua/vgui/dnotify.lua,22,function PANEL:GetItems(),lexical_candidate_not_semantic_analysis,not_ported
garrysmod/lua/vgui/dnotify.lua,28,"function PANEL:AddItem( item, LifeLength )",lexical_candidate_not_semantic_analysis,not_ported
garrysmod/lua/vgui/dnotify.lua,45,function PANEL:Think(),lexical_candidate_not_semantic_analysis,not_ported
garrysmod/lua/vgui/dnotify.lua,65,function PANEL:Shuffle(),lexical_candidate_not_semantic_analysis,not_ported
garrysmod/lua/vgui/dnotify.lua,119,function PANEL:PerformLayout(),lexical_candidate_not_semantic_analysis,not_ported
garrysmod/lua/vgui/dnumberscratch.lua,18,function PANEL:Init(),lexical_candidate_not_semantic_analysis,not_ported
garrysmod/lua/vgui/dnumberscratch.lua,40,function PANEL:SetValue( val ),lexical_candidate_not_semantic_analysis,not_ported
garrysmod/lua/vgui/dnumberscratch.lua,52,function PANEL:SetFraction( fFraction ),lexical_candidate_not_semantic_analysis,not_ported
garrysmod/lua/vgui/dnumberscratch.lua,58,function PANEL:GetFraction(),lexical_candidate_not_semantic_analysis,not_ported
garrysmod/lua/vgui/dnumberscratch.lua,64,function PANEL:GetDecimals(),lexical_candidate_not_semantic_analysis,not_ported
garrysmod/lua/vgui/dnumberscratch.lua,70,function PANEL:GetRange(),lexical_candidate_not_semantic_analysis,not_ported
garrysmod/lua/vgui/dnumberscratch.lua,74,function PANEL:IdealZoom(),lexical_candidate_not_semantic_analysis,not_ported
garrysmod/lua/vgui/dnumberscratch.lua,80,function PANEL:OnMousePressed( mousecode ),lexical_candidate_not_semantic_analysis,not_ported
garrysmod/lua/vgui/dnumberscratch.lua,106,function PANEL:OnMouseReleased( mousecode ),lexical_candidate_not_semantic_analysis,not_ported
garrysmod/lua/vgui/dnumberscratch.lua,116,function PANEL:LockCursor(),lexical_candidate_not_semantic_analysis,not_ported
garrysmod/lua/vgui/dnumberscratch.lua,123,"function PANEL:OnCursorMoved( x, y )",lexical_candidate_not_semantic_analysis,not_ported
garrysmod/lua/vgui/dnumberscratch.lua,151,function PANEL:GetTextValue(),lexical_candidate_not_semantic_analysis,not_ported
garrysmod/lua/vgui/dnumberscratch.lua,162,function PANEL:UpdateConVar(),lexical_candidate_not_semantic_analysis,not_ported
garrysmod/lua/vgui/dnumberscratch.lua,168,"function PANEL:DrawNotches( level, x, y, w, h, range, value, min, max )",lexical_candidate_not_semantic_analysis,not_ported
garrysmod/lua/vgui/dnumberscratch.lua,253,function PANEL:Think(),lexical_candidate_not_semantic_analysis,not_ported
garrysmod/lua/vgui/dnumberscratch.lua,261,function PANEL:IsEditing(),lexical_candidate_not_semantic_analysis,not_ported
garrysmod/lua/vgui/dnumberscratch.lua,265,"function PANEL:DrawScreen( x, y, w, h )",lexical_candidate_not_semantic_analysis,not_ported
garrysmod/lua/vgui/dnumberscratch.lua,326,function PANEL:PaintScratchWindow(),lexical_candidate_not_semantic_analysis,not_ported
garrysmod/lua/vgui/dnumberscratch.lua,352,function PANEL:OnValueChanged( value ),lexical_candidate_not_semantic_analysis,not_ported
garrysmod/lua/vgui/dnumberscratch.lua,357,function PANEL:GenerateExample(),lexical_candidate_not_semantic_analysis,not_ported
garrysmod/lua/vgui/dnumberwang.lua,11,"local function AnchorValue( wang, button, mcode )",lexical_candidate_not_semantic_analysis,not_ported
garrysmod/lua/vgui/dnumberwang.lua,19,"local function UnAnchorValue( wang, button, mcode )",lexical_candidate_not_semantic_analysis,not_ported
garrysmod/lua/vgui/dnumberwang.lua,27,function PANEL:Init(),lexical_candidate_not_semantic_analysis,not_ported
garrysmod/lua/vgui/dnumberwang.lua,38,self.OnChange = function() self:OnValueChanged( self:GetValue() ) end,lexical_candidate_not_semantic_analysis,not_ported
garrysmod/lua/vgui/dnumberwang.lua,42,"self.Up.DoClick = function( button, mcode ) self:SetValue( self:GetValue() + self:GetInterval() ) end",lexical_candidate_not_semantic_analysis,not_ported
garrysmod/lua/vgui/dnumberwang.lua,43,"self.Up.Paint = function( panel, w, h ) derma.SkinHook( ""Paint"", ""NumberUp"", panel, w, h ) end",lexical_candidate_not_semantic_analysis,not_ported
garrysmod/lua/vgui/dnumberwang.lua,47,"self.Up.OnMousePressed = function( button, mcode ) AnchorValue( self, button, mcode ) end",lexical_candidate_not_semantic_analysis,not_ported
garrysmod/lua/vgui/dnumberwang.lua,48,"self.Up.OnMouseReleased = function( button, mcode ) UnAnchorValue( self, button, mcode ) end",lexical_candidate_not_semantic_analysis,not_ported
garrysmod/lua/vgui/dnumberwang.lua,49,"self.Up.OnMouseWheeled = function( button, delta ) self:SetValue( self:GetValue() + delta ) end",lexical_candidate_not_semantic_analysis,not_ported
garrysmod/lua/vgui/dnumberwang.lua,53,"self.Down.DoClick = function( button, mcode ) self:SetValue( self:GetValue() - self:GetInterval() ) end",lexical_candidate_not_semantic_analysis,not_ported
garrysmod/lua/vgui/dnumberwang.lua,54,"self.Down.Paint = function( panel, w, h ) derma.SkinHook( ""Paint"", ""NumberDown"", panel, w, h ) end",lexical_candidate_not_semantic_analysis,not_ported
garrysmod/lua/vgui/dnumberwang.lua,58,"self.Down.OnMousePressed = function( button, mcode ) AnchorValue( self, button, mcode ) end",lexical_candidate_not_semantic_analysis,not_ported
garrysmod/lua/vgui/dnumberwang.lua,59,"self.Down.OnMouseReleased = function( button, mcode ) UnAnchorValue( self, button, mcode ) end",lexical_candidate_not_semantic_analysis,not_ported
garrysmod/lua/vgui/dnumberwang.lua,60,"self.Down.OnMouseWheeled = function( button, delta ) self:SetValue( self:GetValue() + delta ) end",lexical_candidate_not_semantic_analysis,not_ported
garrysmod/lua/vgui/dnumberwang.lua,66,function PANEL:HideWang(),lexical_candidate_not_semantic_analysis,not_ported
garrysmod/lua/vgui/dnumberwang.lua,73,function PANEL:Think(),lexical_candidate_not_semantic_analysis,not_ported
garrysmod/lua/vgui/dnumberwang.lua,81,function PANEL:SetDecimals( num ),lexical_candidate_not_semantic_analysis,not_ported
garrysmod/lua/vgui/dnumberwang.lua,88,"function PANEL:SetMinMax( min, max )",lexical_candidate_not_semantic_analysis,not_ported
garrysmod/lua/vgui/dnumberwang.lua,95,function PANEL:SetMin( min ),lexical_candidate_not_semantic_analysis,not_ported
garrysmod/lua/vgui/dnumberwang.lua,101,function PANEL:SetMax( max ),lexical_candidate_not_semantic_analysis,not_ported
garrysmod/lua/vgui/dnumberwang.lua,107,function PANEL:GetFloatValue( max ),lexical_candidate_not_semantic_analysis,not_ported
garrysmod/lua/vgui/dnumberwang.lua,115,function PANEL:SetValue( val ),lexical_candidate_not_semantic_analysis,not_ported
garrysmod/lua/vgui/dnumberwang.lua,168,function PANEL:GetValue(),lexical_candidate_not_semantic_analysis,not_ported
garrysmod/lua/vgui/dnumberwang.lua,174,function PANEL:PerformLayout(),lexical_candidate_not_semantic_analysis,not_ported
garrysmod/lua/vgui/dnumberwang.lua,188,function PANEL:SizeToContents(),lexical_candidate_not_semantic_analysis,not_ported
garrysmod/lua/vgui/dnumberwang.lua,215,function PANEL:GetFraction( val ),lexical_candidate_not_semantic_analysis,not_ported
garrysmod/lua/vgui/dnumberwang.lua,224,function PANEL:SetFraction( val ),lexical_candidate_not_semantic_analysis,not_ported
garrysmod/lua/vgui/dnumberwang.lua,231,function PANEL:OnValueChanged( val ),lexical_candidate_not_semantic_analysis,not_ported
garrysmod/lua/vgui/dnumberwang.lua,235,function PANEL:GetTextArea(),lexical_candidate_not_semantic_analysis,not_ported
garrysmod/lua/vgui/dnumberwang.lua,241,"function PANEL:GenerateExample( ClassName, PropertySheet, Width, Height )",lexical_candidate_not_semantic_analysis,not_ported
garrysmod/lua/vgui/dnumpad.lua,19,function PANEL:Init(),lexical_candidate_not_semantic_analysis,not_ported
garrysmod/lua/vgui/dnumpad.lua,26,"self.Buttons[ i ].DoClick = function( btn ) self:ButtonPressed( btn, i ) end",lexical_candidate_not_semantic_analysis,not_ported
garrysmod/lua/vgui/dnumpad.lua,47,"function PANEL:ButtonPressed( btn, iNum )",lexical_candidate_not_semantic_analysis,not_ported
garrysmod/lua/vgui/dnumpad.lua,62,function PANEL:SetSelected( iNum ),lexical_candidate_not_semantic_analysis,not_ported
garrysmod/lua/vgui/dnumpad.lua,84,"function PANEL:OnButtonPressed( iButtonNumber, pButton )",lexical_candidate_not_semantic_analysis,not_ported
garrysmod/lua/vgui/dnumpad.lua,90,function PANEL:PerformLayout(),lexical_candidate_not_semantic_analysis,not_ported
garrysmod/lua/vgui/dnumpad.lua,152,function PANEL:Think(),lexical_candidate_not_semantic_analysis,not_ported
garrysmod/lua/vgui/dnumpad.lua,158,function PANEL:SetValue( iNumValue ),lexical_candidate_not_semantic_analysis,not_ported
garrysmod/lua/vgui/dnumpad.lua,164,function PANEL:GetValue(),lexical_candidate_not_semantic_analysis,not_ported
garrysmod/lua/vgui/dnumslider.lua,6,function PANEL:Init(),lexical_candidate_not_semantic_analysis,not_ported
garrysmod/lua/vgui/dnumslider.lua,13,"self.TextArea.OnChange = function( textarea, val ) self:SetValue( self.TextArea:GetText() ) end",lexical_candidate_not_semantic_analysis,not_ported
garrysmod/lua/vgui/dnumslider.lua,19,"self.Slider.TranslateValues = function( slider, x, y ) return self:TranslateSliderValues( x, y ) end",lexical_candidate_not_semantic_analysis,not_ported
garrysmod/lua/vgui/dnumslider.lua,23,self.Slider.ResetToDefaultValue = function( s ),lexical_candidate_not_semantic_analysis,not_ported
garrysmod/lua/vgui/dnumslider.lua,31,"self.Slider.Knob.OnMousePressed = function( panel, btnId )",lexical_candidate_not_semantic_analysis,not_ported
garrysmod/lua/vgui/dnumslider.lua,41,"self.Slider.OnMousePressed = function( panel, btnId )",lexical_candidate_not_semantic_analysis,not_ported
garrysmod/lua/vgui/dnumslider.lua,58,self.Scratch.OnValueChanged = function() self:ValueChanged( self.Scratch:GetFloatValue() ) end,lexical_candidate_not_semantic_analysis,not_ported
garrysmod/lua/vgui/dnumslider.lua,76,function PANEL:DoRightClick(),lexical_candidate_not_semantic_analysis,not_ported
garrysmod/lua/vgui/dnumslider.lua,85,"function PANEL:SetMinMax( min, max )",lexical_candidate_not_semantic_analysis,not_ported
garrysmod/lua/vgui/dnumslider.lua,92,function PANEL:ApplySchemeSettings(),lexical_candidate_not_semantic_analysis,not_ported
garrysmod/lua/vgui/dnumslider.lua,108,function PANEL:SetDark( b ),lexical_candidate_not_semantic_analysis,not_ported
garrysmod/lua/vgui/dnumslider.lua,113,function PANEL:GetMin(),lexical_candidate_not_semantic_analysis,not_ported
garrysmod/lua/vgui/dnumslider.lua,117,function PANEL:GetMax(),lexical_candidate_not_semantic_analysis,not_ported
garrysmod/lua/vgui/dnumslider.lua,121,function PANEL:GetRange(),lexical_candidate_not_semantic_analysis,not_ported
garrysmod/lua/vgui/dnumslider.lua,125,function PANEL:ResetToDefaultValue(),lexical_candidate_not_semantic_analysis,not_ported
garrysmod/lua/vgui/dnumslider.lua,130,function PANEL:SetMin( min ),lexical_candidate_not_semantic_analysis,not_ported
garrysmod/lua/vgui/dnumslider.lua,140,function PANEL:SetMax( max ),lexical_candidate_not_semantic_analysis,not_ported
garrysmod/lua/vgui/dnumslider.lua,150,function PANEL:SetValue( val ),lexical_candidate_not_semantic_analysis,not_ported
garrysmod/lua/vgui/dnumslider.lua,162,function PANEL:GetValue(),lexical_candidate_not_semantic_analysis,not_ported
garrysmod/lua/vgui/dnumslider.lua,166,function PANEL:SetDecimals( d ),lexical_candidate_not_semantic_analysis,not_ported
garrysmod/lua/vgui/dnumslider.lua,172,function PANEL:GetDecimals(),lexical_candidate_not_semantic_analysis,not_ported
garrysmod/lua/vgui/dnumslider.lua,179,function PANEL:IsEditing(),lexical_candidate_not_semantic_analysis,not_ported
garrysmod/lua/vgui/dnumslider.lua,185,function PANEL:IsHovered(),lexical_candidate_not_semantic_analysis,not_ported
garrysmod/lua/vgui/dnumslider.lua,191,function PANEL:PerformLayout(),lexical_candidate_not_semantic_analysis,not_ported
garrysmod/lua/vgui/dnumslider.lua,197,function PANEL:SetConVar( cvar ),lexical_candidate_not_semantic_analysis,not_ported
garrysmod/lua/vgui/dnumslider.lua,202,function PANEL:SetText( text ),lexical_candidate_not_semantic_analysis,not_ported
garrysmod/lua/vgui/dnumslider.lua,206,function PANEL:GetText(),lexical_candidate_not_semantic_analysis,not_ported
garrysmod/lua/vgui/dnumslider.lua,210,function PANEL:ValueChanged( val ),lexical_candidate_not_semantic_analysis,not_ported
garrysmod/lua/vgui/dnumslider.lua,225,function PANEL:LoadCookies(),lexical_candidate_not_semantic_analysis,not_ported
garrysmod/lua/vgui/dnumslider.lua,231,function PANEL:OnValueChanged( val ),lexical_candidate_not_semantic_analysis,not_ported
garrysmod/lua/vgui/dnumslider.lua,237,"function PANEL:TranslateSliderValues( x, y )",lexical_candidate_not_semantic_analysis,not_ported
garrysmod/lua/vgui/dnumslider.lua,245,function PANEL:GetTextArea(),lexical_candidate_not_semantic_analysis,not_ported
garrysmod/lua/vgui/dnumslider.lua,251,function PANEL:UpdateNotches(),lexical_candidate_not_semantic_analysis,not_ported
garrysmod/lua/vgui/dnumslider.lua,264,function PANEL:SetEnabled( b ),lexical_candidate_not_semantic_analysis,not_ported
garrysmod/lua/vgui/dnumslider.lua,272,"function PANEL:GenerateExample( ClassName, PropertySheet, Width, Height )",lexical_candidate_not_semantic_analysis,not_ported
garrysmod/lua/vgui/dnumslider.lua,290,"function PANEL:PostMessage( name, _, val )",lexical_candidate_not_semantic_analysis,not_ported
garrysmod/lua/vgui/dnumslider.lua,314,function PANEL:PerformLayout(),lexical_candidate_not_semantic_analysis,not_ported
garrysmod/lua/vgui/dnumslider.lua,324,function PANEL:SetActionFunction( func ),lexical_candidate_not_semantic_analysis,not_ported
garrysmod/lua/vgui/dnumslider.lua,326,"self.OnValueChanged = function( pnl, val ) func( pnl, ""SliderMoved"", val, 0 ) end",lexical_candidate_not_semantic_analysis,not_ported
garrysmod/lua/vgui/dpanel.lua,16,function PANEL:Init(),lexical_candidate_not_semantic_analysis,not_ported
garrysmod/lua/vgui/dpanel.lua,26,function PANEL:SetDisabled( bDisabled ),lexical_candidate_not_semantic_analysis,not_ported
garrysmod/lua/vgui/dpanel.lua,40,function PANEL:SetEnabled( bEnabled ),lexical_candidate_not_semantic_analysis,not_ported
garrysmod/lua/vgui/dpanel.lua,46,function PANEL:IsEnabled(),lexical_candidate_not_semantic_analysis,not_ported
garrysmod/lua/vgui/dpanel.lua,52,function PANEL:OnMousePressed( mousecode ),lexical_candidate_not_semantic_analysis,not_ported
garrysmod/lua/vgui/dpanel.lua,68,function PANEL:OnMouseReleased( mousecode ),lexical_candidate_not_semantic_analysis,not_ported
garrysmod/lua/vgui/dpanel.lua,80,function PANEL:UpdateColours(),lexical_candidate_not_semantic_analysis,not_ported
garrysmod/lua/vgui/dpanellist.lua,15,function PANEL:Init(),lexical_candidate_not_semantic_analysis,not_ported
garrysmod/lua/vgui/dpanellist.lua,21,"self.pnlCanvas.OnMousePressed = function( slf, code ) slf:GetParent():OnMousePressed( code ) end",lexical_candidate_not_semantic_analysis,not_ported
garrysmod/lua/vgui/dpanellist.lua,22,self.pnlCanvas.OnChildRemoved = function() self:OnChildRemoved() end,lexical_candidate_not_semantic_analysis,not_ported
garrysmod/lua/vgui/dpanellist.lua,24,self.pnlCanvas.InvalidateLayout = function() self:InvalidateLayout() end,lexical_candidate_not_semantic_analysis,not_ported
garrysmod/lua/vgui/dpanellist.lua,47,function PANEL:OnModified(),lexical_candidate_not_semantic_analysis,not_ported
garrysmod/lua/vgui/dpanellist.lua,53,function PANEL:SizeToContents(),lexical_candidate_not_semantic_analysis,not_ported
garrysmod/lua/vgui/dpanellist.lua,59,function PANEL:GetItems(),lexical_candidate_not_semantic_analysis,not_ported
garrysmod/lua/vgui/dpanellist.lua,67,function PANEL:EnableHorizontal( bHoriz ),lexical_candidate_not_semantic_analysis,not_ported
garrysmod/lua/vgui/dpanellist.lua,73,function PANEL:EnableVerticalScrollbar(),lexical_candidate_not_semantic_analysis,not_ported
garrysmod/lua/vgui/dpanellist.lua,81,function PANEL:GetCanvas(),lexical_candidate_not_semantic_analysis,not_ported
garrysmod/lua/vgui/dpanellist.lua,87,function PANEL:Clear( bDelete ),lexical_candidate_not_semantic_analysis,not_ported
garrysmod/lua/vgui/dpanellist.lua,105,"function PANEL:AddItem( item, strLineState )",lexical_candidate_not_semantic_analysis,not_ported
garrysmod/lua/vgui/dpanellist.lua,127,"function PANEL:InsertBefore( before, insert, strLineState )",lexical_candidate_not_semantic_analysis,not_ported
garrysmod/lua/vgui/dpanellist.lua,142,"function PANEL:InsertAfter( before, insert, strLineState )",lexical_candidate_not_semantic_analysis,not_ported
garrysmod/lua/vgui/dpanellist.lua,156,"function PANEL:InsertAtTop( insert, strLineState )",lexical_candidate_not_semantic_analysis,not_ported
garrysmod/lua/vgui/dpanellist.lua,169,"function PANEL.DropAction( Slot, RcvSlot )",lexical_candidate_not_semantic_analysis,not_ported
garrysmod/lua/vgui/dpanellist.lua,195,"function PANEL:RemoveItem( item, bDontDelete )",lexical_candidate_not_semantic_analysis,not_ported
garrysmod/lua/vgui/dpanellist.lua,215,function PANEL:CleanList(),lexical_candidate_not_semantic_analysis,not_ported
garrysmod/lua/vgui/dpanellist.lua,227,function PANEL:Rebuild(),lexical_candidate_not_semantic_analysis,not_ported
garrysmod/lua/vgui/dpanellist.lua,324,function PANEL:OnMouseWheeled( dlta ),lexical_candidate_not_semantic_analysis,not_ported
garrysmod/lua/vgui/dpanellist.lua,332,"function PANEL:Paint( w, h )",lexical_candidate_not_semantic_analysis,not_ported
garrysmod/lua/vgui/dpanellist.lua,339,function PANEL:OnVScroll( iOffset ),lexical_candidate_not_semantic_analysis,not_ported
garrysmod/lua/vgui/dpanellist.lua,345,function PANEL:PerformLayout(),lexical_candidate_not_semantic_analysis,not_ported
garrysmod/lua/vgui/dpanellist.lua,386,function PANEL:OnChildRemoved(),lexical_candidate_not_semantic_analysis,not_ported
garrysmod/lua/vgui/dpanellist.lua,393,function PANEL:ScrollToChild( panel ),lexical_candidate_not_semantic_analysis,not_ported
garrysmod/lua/vgui/dpanellist.lua,405,"function PANEL:SortByMember( key, desc )",lexical_candidate_not_semantic_analysis,not_ported
garrysmod/lua/vgui/dpaneloverlay.lua,9,function PANEL:Init(),lexical_candidate_not_semantic_analysis,not_ported
garrysmod/lua/vgui/dpaneloverlay.lua,19,function PANEL:PaintInnerCorners( size ),lexical_candidate_not_semantic_analysis,not_ported
garrysmod/lua/vgui/dpaneloverlay.lua,31,"function PANEL:PaintDifferentColours( cola, colb, colc, cold, size )",lexical_candidate_not_semantic_analysis,not_ported
garrysmod/lua/vgui/dpaneloverlay.lua,47,function PANEL:Paint(),lexical_candidate_not_semantic_analysis,not_ported
garrysmod/lua/vgui/dpanelselect.lua,5,local function DrawSelected( self ),lexical_candidate_not_semantic_analysis,not_ported
garrysmod/lua/vgui/dpanelselect.lua,15,function PANEL:Init(),lexical_candidate_not_semantic_analysis,not_ported
garrysmod/lua/vgui/dpanelselect.lua,24,"function PANEL:AddPanel( pnl, tblConVars )",lexical_candidate_not_semantic_analysis,not_ported
garrysmod/lua/vgui/dpanelselect.lua,27,pnl.DoClick = function() self:SelectPanel( pnl ) end,lexical_candidate_not_semantic_analysis,not_ported
garrysmod/lua/vgui/dpanelselect.lua,35,"function PANEL:OnActivePanelChanged( pnlOld, pnlNew )",lexical_candidate_not_semantic_analysis,not_ported
garrysmod/lua/vgui/dpanelselect.lua,41,function PANEL:SelectPanel( pnl ),lexical_candidate_not_semantic_analysis,not_ported
garrysmod/lua/vgui/dpanelselect.lua,66,function PANEL:FindBestActive(),lexical_candidate_not_semantic_analysis,not_ported
garrysmod/lua/vgui/dprogress.lua,8,function PANEL:Init(),lexical_candidate_not_semantic_analysis,not_ported
garrysmod/lua/vgui/dprogress.lua,15,"function PANEL:GenerateExample( ClassName, PropertySheet, Width, Height )",lexical_candidate_not_semantic_analysis,not_ported
garrysmod/lua/vgui/dproperties.lua,7,Init = function( self ),lexical_candidate_not_semantic_analysis,not_ported
garrysmod/lua/vgui/dproperties.lua,20,PerformLayout = function( self ),lexical_candidate_not_semantic_analysis,not_ported
garrysmod/lua/vgui/dproperties.lua,27,"Setup = function( self, rowType, vars )",lexical_candidate_not_semantic_analysis,not_ported
garrysmod/lua/vgui/dproperties.lua,58,self.IsEnabled = function( slf ),lexical_candidate_not_semantic_analysis,not_ported
garrysmod/lua/vgui/dproperties.lua,61,"self.SetEnabled = function( slf, b )",lexical_candidate_not_semantic_analysis,not_ported
garrysmod/lua/vgui/dproperties.lua,72,"SetValue = function( self, val )",lexical_candidate_not_semantic_analysis,not_ported
garrysmod/lua/vgui/dproperties.lua,86,"Paint = function( self, w, h )",lexical_candidate_not_semantic_analysis,not_ported
garrysmod/lua/vgui/dproperties.lua,128,Init = function( self ),lexical_candidate_not_semantic_analysis,not_ported
garrysmod/lua/vgui/dproperties.lua,144,self.Expand.DoClick = function(),lexical_candidate_not_semantic_analysis,not_ported
garrysmod/lua/vgui/dproperties.lua,157,"self.Container.Paint = function( pnl, w, h )",lexical_candidate_not_semantic_analysis,not_ported
garrysmod/lua/vgui/dproperties.lua,164,PerformLayout = function( self ),lexical_candidate_not_semantic_analysis,not_ported
garrysmod/lua/vgui/dproperties.lua,175,"GetRow = function( self, name, bCreate )",lexical_candidate_not_semantic_analysis,not_ported
garrysmod/lua/vgui/dproperties.lua,190,"Paint = function( self, w, h )",lexical_candidate_not_semantic_analysis,not_ported
garrysmod/lua/vgui/dproperties.lua,206,function PANEL:Init(),lexical_candidate_not_semantic_analysis,not_ported
garrysmod/lua/vgui/dproperties.lua,215,function PANEL:PerformLayout(),lexical_candidate_not_semantic_analysis,not_ported
garrysmod/lua/vgui/dproperties.lua,221,function PANEL:Clear(),lexical_candidate_not_semantic_analysis,not_ported
garrysmod/lua/vgui/dproperties.lua,225,function PANEL:GetCanvas(),lexical_candidate_not_semantic_analysis,not_ported
garrysmod/lua/vgui/dproperties.lua,241,"function PANEL:GetCategory( name, bCreate )",lexical_candidate_not_semantic_analysis,not_ported
garrysmod/lua/vgui/dproperties.lua,259,"function PANEL:CreateRow( category, name )",lexical_candidate_not_semantic_analysis,not_ported
garrysmod/lua/vgui/dpropertysheet.lua,9,function PANEL:Init(),lexical_candidate_not_semantic_analysis,not_ported
garrysmod/lua/vgui/dpropertysheet.lua,17,"function PANEL:Setup( label, pPropertySheet, pPanel, strMaterial )",lexical_candidate_not_semantic_analysis,not_ported
garrysmod/lua/vgui/dpropertysheet.lua,34,function PANEL:IsActive(),lexical_candidate_not_semantic_analysis,not_ported
garrysmod/lua/vgui/dpropertysheet.lua,38,function PANEL:DoClick(),lexical_candidate_not_semantic_analysis,not_ported
garrysmod/lua/vgui/dpropertysheet.lua,44,function PANEL:PerformLayout(),lexical_candidate_not_semantic_analysis,not_ported
garrysmod/lua/vgui/dpropertysheet.lua,60,function PANEL:UpdateColours( skin ),lexical_candidate_not_semantic_analysis,not_ported
garrysmod/lua/vgui/dpropertysheet.lua,80,function PANEL:GetTabHeight(),lexical_candidate_not_semantic_analysis,not_ported
garrysmod/lua/vgui/dpropertysheet.lua,90,function PANEL:ApplySchemeSettings(),lexical_candidate_not_semantic_analysis,not_ported
garrysmod/lua/vgui/dpropertysheet.lua,111,function PANEL:DragHoverClick( HoverTime ),lexical_candidate_not_semantic_analysis,not_ported
garrysmod/lua/vgui/dpropertysheet.lua,117,function PANEL:GenerateExample(),lexical_candidate_not_semantic_analysis,not_ported
garrysmod/lua/vgui/dpropertysheet.lua,123,function PANEL:DoRightClick(),lexical_candidate_not_semantic_analysis,not_ported
garrysmod/lua/vgui/dpropertysheet.lua,157,function PANEL:Init(),lexical_candidate_not_semantic_analysis,not_ported
garrysmod/lua/vgui/dpropertysheet.lua,175,"function PANEL:AddSheet( label, panel, material, NoStretchX, NoStretchY, Tooltip )",lexical_candidate_not_semantic_analysis,not_ported
garrysmod/lua/vgui/dpropertysheet.lua,212,function PANEL:SetActiveTab( active ),lexical_candidate_not_semantic_analysis,not_ported
garrysmod/lua/vgui/dpropertysheet.lua,238,"function PANEL:OnActiveTabChanged( old, new )",lexical_candidate_not_semantic_analysis,not_ported
garrysmod/lua/vgui/dpropertysheet.lua,242,function PANEL:Think(),lexical_candidate_not_semantic_analysis,not_ported
garrysmod/lua/vgui/dpropertysheet.lua,248,function PANEL:GetItems(),lexical_candidate_not_semantic_analysis,not_ported
garrysmod/lua/vgui/dpropertysheet.lua,254,"function PANEL:CrossFade( anim, delta, data )",lexical_candidate_not_semantic_analysis,not_ported
garrysmod/lua/vgui/dpropertysheet.lua,304,function PANEL:PerformLayout(),lexical_candidate_not_semantic_analysis,not_ported
garrysmod/lua/vgui/dpropertysheet.lua,359,function PANEL:SizeToContentWidth(),lexical_candidate_not_semantic_analysis,not_ported
garrysmod/lua/vgui/dpropertysheet.lua,376,function PANEL:SwitchToName( name ),lexical_candidate_not_semantic_analysis,not_ported
garrysmod/lua/vgui/dpropertysheet.lua,391,function PANEL:SetupCloseButton( func ),lexical_candidate_not_semantic_analysis,not_ported
garrysmod/lua/vgui/dpropertysheet.lua,399,self.CloseButton.DoClick = function(),lexical_candidate_not_semantic_analysis,not_ported
garrysmod/lua/vgui/dpropertysheet.lua,405,"function PANEL:CloseTab( tab, bRemovePanelToo )",lexical_candidate_not_semantic_analysis,not_ported
garrysmod/lua/vgui/dpropertysheet.lua,445,function PANEL:Clear(),lexical_candidate_not_semantic_analysis,not_ported
garrysmod/lua/vgui/drgbpicker.lua,6,function PANEL:Init(),lexical_candidate_not_semantic_analysis,not_ported
garrysmod/lua/vgui/drgbpicker.lua,17,"function PANEL:GetPosColor( x, y )",lexical_candidate_not_semantic_analysis,not_ported
garrysmod/lua/vgui/drgbpicker.lua,31,"function PANEL:OnCursorMoved( x, y )",lexical_candidate_not_semantic_analysis,not_ported
garrysmod/lua/vgui/drgbpicker.lua,48,function PANEL:OnChange( col ),lexical_candidate_not_semantic_analysis,not_ported
garrysmod/lua/vgui/drgbpicker.lua,54,function PANEL:OnMousePressed( mcode ),lexical_candidate_not_semantic_analysis,not_ported
garrysmod/lua/vgui/drgbpicker.lua,61,function PANEL:OnMouseReleased( mcode ),lexical_candidate_not_semantic_analysis,not_ported
garrysmod/lua/vgui/drgbpicker.lua,68,"function PANEL:Paint( w, h )",lexical_candidate_not_semantic_analysis,not_ported
garrysmod/lua/vgui/dscrollbargrip.lua,4,function PANEL:Init(),lexical_candidate_not_semantic_analysis,not_ported
garrysmod/lua/vgui/dscrollbargrip.lua,7,function PANEL:OnMousePressed(),lexical_candidate_not_semantic_analysis,not_ported
garrysmod/lua/vgui/dscrollbargrip.lua,13,"function PANEL:Paint( w, h )",lexical_candidate_not_semantic_analysis,not_ported
garrysmod/lua/vgui/dscrollpanel.lua,7,function PANEL:Init(),lexical_candidate_not_semantic_analysis,not_ported
garrysmod/lua/vgui/dscrollpanel.lua,10,"self.pnlCanvas.OnMousePressed = function( slf, code ) slf:GetParent():OnMousePressed( code ) end",lexical_candidate_not_semantic_analysis,not_ported
garrysmod/lua/vgui/dscrollpanel.lua,12,self.pnlCanvas.PerformLayout = function( pnl ),lexical_candidate_not_semantic_analysis,not_ported
garrysmod/lua/vgui/dscrollpanel.lua,33,function PANEL:AddItem( pnl ),lexical_candidate_not_semantic_analysis,not_ported
garrysmod/lua/vgui/dscrollpanel.lua,39,function PANEL:OnChildAdded( child ),lexical_candidate_not_semantic_analysis,not_ported
garrysmod/lua/vgui/dscrollpanel.lua,45,function PANEL:SizeToContents(),lexical_candidate_not_semantic_analysis,not_ported
garrysmod/lua/vgui/dscrollpanel.lua,51,function PANEL:GetVBar(),lexical_candidate_not_semantic_analysis,not_ported
garrysmod/lua/vgui/dscrollpanel.lua,57,function PANEL:GetCanvas(),lexical_candidate_not_semantic_analysis,not_ported
garrysmod/lua/vgui/dscrollpanel.lua,63,function PANEL:InnerWidth(),lexical_candidate_not_semantic_analysis,not_ported
garrysmod/lua/vgui/dscrollpanel.lua,69,function PANEL:Rebuild(),lexical_candidate_not_semantic_analysis,not_ported
garrysmod/lua/vgui/dscrollpanel.lua,82,function PANEL:OnMouseWheeled( dlta ),lexical_candidate_not_semantic_analysis,not_ported
garrysmod/lua/vgui/dscrollpanel.lua,88,function PANEL:OnVScroll( iOffset ),lexical_candidate_not_semantic_analysis,not_ported
garrysmod/lua/vgui/dscrollpanel.lua,94,function PANEL:ScrollToChild( panel ),lexical_candidate_not_semantic_analysis,not_ported
garrysmod/lua/vgui/dscrollpanel.lua,109,function PANEL:PerformLayoutInternal(),lexical_candidate_not_semantic_analysis,not_ported
garrysmod/lua/vgui/dscrollpanel.lua,133,function PANEL:PerformLayout(),lexical_candidate_not_semantic_analysis,not_ported
garrysmod/lua/vgui/dscrollpanel.lua,139,function PANEL:Clear(),lexical_candidate_not_semantic_analysis,not_ported
garrysmod/lua/vgui/dshape.lua,10,function RenderTypes.Rect( pnl ),lexical_candidate_not_semantic_analysis,not_ported
garrysmod/lua/vgui/dshape.lua,17,function PANEL:Init(),lexical_candidate_not_semantic_analysis,not_ported
garrysmod/lua/vgui/dshape.lua,26,function PANEL:Paint(),lexical_candidate_not_semantic_analysis,not_ported
garrysmod/lua/vgui/dshape.lua,35,"function VGUIRect( x, y, w, h )",lexical_candidate_not_semantic_analysis,not_ported
garrysmod/lua/vgui/dsizetocontents.lua,6,function PANEL:Init(),lexical_candidate_not_semantic_analysis,not_ported
garrysmod/lua/vgui/dsizetocontents.lua,15,function PANEL:PerformLayout(),lexical_candidate_not_semantic_analysis,not_ported
garrysmod/lua/vgui/dslider.lua,15,function PANEL:Init(),lexical_candidate_not_semantic_analysis,not_ported
garrysmod/lua/vgui/dslider.lua,26,"self.Knob.Paint = function( panel, w, h ) derma.SkinHook( ""Paint"", ""SliderKnob"", panel, w, h ) end",lexical_candidate_not_semantic_analysis,not_ported
garrysmod/lua/vgui/dslider.lua,27,"self.Knob.OnCursorMoved = function( panel, x, y )",lexical_candidate_not_semantic_analysis,not_ported
garrysmod/lua/vgui/dslider.lua,33,"self.Knob.OnMousePressed = function( panel, mcode )",lexical_candidate_not_semantic_analysis,not_ported
garrysmod/lua/vgui/dslider.lua,50,function PANEL:IsEditing(),lexical_candidate_not_semantic_analysis,not_ported
garrysmod/lua/vgui/dslider.lua,56,function PANEL:ResetToDefaultValue(),lexical_candidate_not_semantic_analysis,not_ported
garrysmod/lua/vgui/dslider.lua,65,function PANEL:SetBackground( img ),lexical_candidate_not_semantic_analysis,not_ported
garrysmod/lua/vgui/dslider.lua,76,function PANEL:SetEnabled( b ),lexical_candidate_not_semantic_analysis,not_ported
garrysmod/lua/vgui/dslider.lua,81,"function PANEL:OnCursorMoved( x, y )",lexical_candidate_not_semantic_analysis,not_ported
garrysmod/lua/vgui/dslider.lua,113,function PANEL:OnMousePressed( mcode ),lexical_candidate_not_semantic_analysis,not_ported
garrysmod/lua/vgui/dslider.lua,128,function PANEL:OnMouseReleased( mcode ),lexical_candidate_not_semantic_analysis,not_ported
garrysmod/lua/vgui/dslider.lua,140,function PANEL:PerformLayout(),lexical_candidate_not_semantic_analysis,not_ported
garrysmod/lua/vgui/dslider.lua,168,function PANEL:Think(),lexical_candidate_not_semantic_analysis,not_ported
garrysmod/lua/vgui/dslider.lua,175,function PANEL:SetSlideX( i ),lexical_candidate_not_semantic_analysis,not_ported
garrysmod/lua/vgui/dslider.lua,180,function PANEL:SetSlideY( i ),lexical_candidate_not_semantic_analysis,not_ported
garrysmod/lua/vgui/dslider.lua,185,function PANEL:GetDragging(),lexical_candidate_not_semantic_analysis,not_ported
garrysmod/lua/vgui/dslider.lua,189,"function PANEL:OnValueChanged( x, y )",lexical_candidate_not_semantic_analysis,not_ported
garrysmod/lua/vgui/dslider.lua,195,function PANEL:OnValuesChangedInternal(),lexical_candidate_not_semantic_analysis,not_ported
garrysmod/lua/vgui/dslider.lua,202,"function PANEL:TranslateValues( x, y )",lexical_candidate_not_semantic_analysis,not_ported
garrysmod/lua/vgui/dslider.lua,210,function PANEL:SetConVarX( strConVar ),lexical_candidate_not_semantic_analysis,not_ported
garrysmod/lua/vgui/dslider.lua,213,function PANEL:SetConVarY( strConVar ),lexical_candidate_not_semantic_analysis,not_ported
garrysmod/lua/vgui/dslider.lua,216,"function PANEL:ConVarChanged( newValue, cvar )",lexical_candidate_not_semantic_analysis,not_ported
garrysmod/lua/vgui/dslider.lua,227,function PANEL:ConVarXNumberThink(),lexical_candidate_not_semantic_analysis,not_ported
garrysmod/lua/vgui/dslider.lua,241,function PANEL:ConVarYNumberThink(),lexical_candidate_not_semantic_analysis,not_ported
garrysmod/lua/vgui/dslider.lua,260,function PANEL:SetImage( strImage ),lexical_candidate_not_semantic_analysis,not_ported
garrysmod/lua/vgui/dslider.lua,264,function PANEL:SetImageColor( color ),lexical_candidate_not_semantic_analysis,not_ported
garrysmod/lua/vgui/dslider.lua,268,function PANEL:SetNotchColor( color ),lexical_candidate_not_semantic_analysis,not_ported
garrysmod/lua/vgui/dslider.lua,274,function PANEL:GetNotchColor(),lexical_candidate_not_semantic_analysis,not_ported
garrysmod/lua/vgui/dsprite.lua,9,function PANEL:Init(),lexical_candidate_not_semantic_analysis,not_ported
garrysmod/lua/vgui/dsprite.lua,22,function PANEL:Paint(),lexical_candidate_not_semantic_analysis,not_ported
garrysmod/lua/vgui/dsprite.lua,38,"function PANEL:GenerateExample( ClassName, PropertySheet, Width, Height )",lexical_candidate_not_semantic_analysis,not_ported
garrysmod/lua/vgui/dsprite.lua,51,function CreateSprite( mat ),lexical_candidate_not_semantic_analysis,not_ported
garrysmod/lua/vgui/dtextentry.lua,26,function PANEL:Init(),lexical_candidate_not_semantic_analysis,not_ported
garrysmod/lua/vgui/dtextentry.lua,64,function PANEL:IsEditing(),lexical_candidate_not_semantic_analysis,not_ported
garrysmod/lua/vgui/dtextentry.lua,68,function PANEL:OnKeyCodeTyped( code ),lexical_candidate_not_semantic_analysis,not_ported
garrysmod/lua/vgui/dtextentry.lua,100,function PANEL:OnKeyCode( code ),lexical_candidate_not_semantic_analysis,not_ported
garrysmod/lua/vgui/dtextentry.lua,103,function PANEL:ApplySchemeSettings(),lexical_candidate_not_semantic_analysis,not_ported
garrysmod/lua/vgui/dtextentry.lua,111,function PANEL:GetTextColor(),lexical_candidate_not_semantic_analysis,not_ported
garrysmod/lua/vgui/dtextentry.lua,117,function PANEL:GetPlaceholderColor(),lexical_candidate_not_semantic_analysis,not_ported
garrysmod/lua/vgui/dtextentry.lua,123,function PANEL:GetHighlightColor(),lexical_candidate_not_semantic_analysis,not_ported
garrysmod/lua/vgui/dtextentry.lua,129,function PANEL:GetCursorColor(),lexical_candidate_not_semantic_analysis,not_ported
garrysmod/lua/vgui/dtextentry.lua,135,function PANEL:UpdateFromHistory(),lexical_candidate_not_semantic_analysis,not_ported
garrysmod/lua/vgui/dtextentry.lua,158,function PANEL:UpdateFromMenu(),lexical_candidate_not_semantic_analysis,not_ported
garrysmod/lua/vgui/dtextentry.lua,188,function PANEL:OnTextChanged( noMenuRemoval ),lexical_candidate_not_semantic_analysis,not_ported
garrysmod/lua/vgui/dtextentry.lua,210,function PANEL:OnChange(),lexical_candidate_not_semantic_analysis,not_ported
garrysmod/lua/vgui/dtextentry.lua,213,function PANEL:OpenAutoComplete( tab ),lexical_candidate_not_semantic_analysis,not_ported
garrysmod/lua/vgui/dtextentry.lua,242,function PANEL:Think(),lexical_candidate_not_semantic_analysis,not_ported
garrysmod/lua/vgui/dtextentry.lua,248,function PANEL:OnRemove(),lexical_candidate_not_semantic_analysis,not_ported
garrysmod/lua/vgui/dtextentry.lua,256,function PANEL:OnEnter( val ),lexical_candidate_not_semantic_analysis,not_ported
garrysmod/lua/vgui/dtextentry.lua,264,function PANEL:UpdateConvarValue(),lexical_candidate_not_semantic_analysis,not_ported
garrysmod/lua/vgui/dtextentry.lua,272,"function PANEL:Paint( w, h )",lexical_candidate_not_semantic_analysis,not_ported
garrysmod/lua/vgui/dtextentry.lua,279,function PANEL:PerformLayout(),lexical_candidate_not_semantic_analysis,not_ported
garrysmod/lua/vgui/dtextentry.lua,285,function PANEL:SetValue( strValue ),lexical_candidate_not_semantic_analysis,not_ported
garrysmod/lua/vgui/dtextentry.lua,300,function PANEL:OnValueChange( strValue ),lexical_candidate_not_semantic_analysis,not_ported
garrysmod/lua/vgui/dtextentry.lua,304,function PANEL:CheckNumeric( strValue ),lexical_candidate_not_semantic_analysis,not_ported
garrysmod/lua/vgui/dtextentry.lua,322,function PANEL:SetDisabled( bDisabled ),lexical_candidate_not_semantic_analysis,not_ported
garrysmod/lua/vgui/dtextentry.lua,326,function PANEL:GetDisabled(),lexical_candidate_not_semantic_analysis,not_ported
garrysmod/lua/vgui/dtextentry.lua,330,function PANEL:AllowInput( strValue ),lexical_candidate_not_semantic_analysis,not_ported
garrysmod/lua/vgui/dtextentry.lua,338,function PANEL:SetEditable( b ),lexical_candidate_not_semantic_analysis,not_ported
garrysmod/lua/vgui/dtextentry.lua,345,function PANEL:OnGetFocus(),lexical_candidate_not_semantic_analysis,not_ported
garrysmod/lua/vgui/dtextentry.lua,359,function PANEL:OnLoseFocus(),lexical_candidate_not_semantic_analysis,not_ported
garrysmod/lua/vgui/dtextentry.lua,367,function PANEL:OnMousePressed( mcode ),lexical_candidate_not_semantic_analysis,not_ported
garrysmod/lua/vgui/dtextentry.lua,375,function PANEL:AddHistory( txt ),lexical_candidate_not_semantic_analysis,not_ported
garrysmod/lua/vgui/dtextentry.lua,384,function PANEL:GetAutoComplete( txt ),lexical_candidate_not_semantic_analysis,not_ported
garrysmod/lua/vgui/dtextentry.lua,388,function PANEL:GetInt(),lexical_candidate_not_semantic_analysis,not_ported
garrysmod/lua/vgui/dtextentry.lua,397,function PANEL:GetFloat(),lexical_candidate_not_semantic_analysis,not_ported
garrysmod/lua/vgui/dtextentry.lua,403,"function PANEL:GenerateExample( ClassName, PropertySheet, Width, Height )",lexical_candidate_not_semantic_analysis,not_ported
garrysmod/lua/vgui/dtextentry.lua,408,"ctrl.OnEnter = function( slf ) Derma_Message( ""You Typed: "" .. slf:GetValue() ) end",lexical_candidate_not_semantic_analysis,not_ported
garrysmod/lua/vgui/dtextentry.lua,419,"function TextEntryLoseFocus( panel, mcode )",lexical_candidate_not_semantic_analysis,not_ported
garrysmod/lua/vgui/dtilelayout.lua,10,function PANEL:Init(),lexical_candidate_not_semantic_analysis,not_ported
garrysmod/lua/vgui/dtilelayout.lua,27,function PANEL:Layout(),lexical_candidate_not_semantic_analysis,not_ported
garrysmod/lua/vgui/dtilelayout.lua,35,"function PANEL:FitsInTile( x, y, w, h )",lexical_candidate_not_semantic_analysis,not_ported
garrysmod/lua/vgui/dtilelayout.lua,51,"function PANEL:FindFreeTile( x, y, w, h )",lexical_candidate_not_semantic_analysis,not_ported
garrysmod/lua/vgui/dtilelayout.lua,84,function PANEL:ClearTiles(),lexical_candidate_not_semantic_analysis,not_ported
garrysmod/lua/vgui/dtilelayout.lua,90,"function PANEL:GetTile( x, y )",lexical_candidate_not_semantic_analysis,not_ported
garrysmod/lua/vgui/dtilelayout.lua,100,"function PANEL:SetTile( x, y, val )",lexical_candidate_not_semantic_analysis,not_ported
garrysmod/lua/vgui/dtilelayout.lua,110,"function PANEL:ConsumeTiles( x, y, w, h )",lexical_candidate_not_semantic_analysis,not_ported
garrysmod/lua/vgui/dtilelayout.lua,120,function PANEL:LayoutTiles(),lexical_candidate_not_semantic_analysis,not_ported
garrysmod/lua/vgui/dtilelayout.lua,155,function PANEL:PerformLayout(),lexical_candidate_not_semantic_analysis,not_ported
garrysmod/lua/vgui/dtilelayout.lua,176,function PANEL:OnModified(),lexical_candidate_not_semantic_analysis,not_ported
garrysmod/lua/vgui/dtilelayout.lua,182,function PANEL:OnChildRemoved(),lexical_candidate_not_semantic_analysis,not_ported
garrysmod/lua/vgui/dtilelayout.lua,193,function PANEL:OnChildAdded( child ),lexical_candidate_not_semantic_analysis,not_ported
garrysmod/lua/vgui/dtilelayout.lua,211,function PANEL:Copy(),lexical_candidate_not_semantic_analysis,not_ported
garrysmod/lua/vgui/dtilelayout.lua,229,function PANEL:CopyContents( from ),lexical_candidate_not_semantic_analysis,not_ported
garrysmod/lua/vgui/dtilelayout.lua,239,"function PANEL:GenerateExample( ClassName, PropertySheet, Width, Height )",lexical_candidate_not_semantic_analysis,not_ported
garrysmod/lua/vgui/dtooltip.lua,10,function PANEL:Init(),lexical_candidate_not_semantic_analysis,not_ported
garrysmod/lua/vgui/dtooltip.lua,19,function PANEL:UpdateColours( skin ),lexical_candidate_not_semantic_analysis,not_ported
garrysmod/lua/vgui/dtooltip.lua,25,"function PANEL:SetContents( panel, bDelete )",lexical_candidate_not_semantic_analysis,not_ported
garrysmod/lua/vgui/dtooltip.lua,38,function PANEL:PerformLayout(),lexical_candidate_not_semantic_analysis,not_ported
garrysmod/lua/vgui/dtooltip.lua,59,"function PANEL:DrawArrow( x, y )",lexical_candidate_not_semantic_analysis,not_ported
garrysmod/lua/vgui/dtooltip.lua,68,function PANEL:PositionTooltip(),lexical_candidate_not_semantic_analysis,not_ported
garrysmod/lua/vgui/dtooltip.lua,92,"function PANEL:Paint( w, h )",lexical_candidate_not_semantic_analysis,not_ported
garrysmod/lua/vgui/dtooltip.lua,99,function PANEL:OpenForPanel( panel ),lexical_candidate_not_semantic_analysis,not_ported
garrysmod/lua/vgui/dtooltip.lua,124,function PANEL:Close(),lexical_candidate_not_semantic_analysis,not_ported
garrysmod/lua/vgui/dtooltip.lua,137,"function PANEL:GenerateExample( ClassName, PropertySheet, Width, Height )",lexical_candidate_not_semantic_analysis,not_ported
garrysmod/lua/vgui/dtree.lua,10,function PANEL:Init(),lexical_candidate_not_semantic_analysis,not_ported
garrysmod/lua/vgui/dtree.lua,35,function PANEL:Root(),lexical_candidate_not_semantic_analysis,not_ported
garrysmod/lua/vgui/dtree.lua,39,"function PANEL:AddNode( strName, strIcon )",lexical_candidate_not_semantic_analysis,not_ported
garrysmod/lua/vgui/dtree.lua,45,function PANEL:ChildExpanded( bExpand ),lexical_candidate_not_semantic_analysis,not_ported
garrysmod/lua/vgui/dtree.lua,51,function PANEL:ShowIcons(),lexical_candidate_not_semantic_analysis,not_ported
garrysmod/lua/vgui/dtree.lua,57,function PANEL:ExpandTo( bExpand ),lexical_candidate_not_semantic_analysis,not_ported
garrysmod/lua/vgui/dtree.lua,60,function PANEL:SetExpanded( bExpand ),lexical_candidate_not_semantic_analysis,not_ported
garrysmod/lua/vgui/dtree.lua,66,function PANEL:Clear(),lexical_candidate_not_semantic_analysis,not_ported
garrysmod/lua/vgui/dtree.lua,70,"function PANEL:Paint( w, h )",lexical_candidate_not_semantic_analysis,not_ported
garrysmod/lua/vgui/dtree.lua,77,function PANEL:DoClick( node ),lexical_candidate_not_semantic_analysis,not_ported
garrysmod/lua/vgui/dtree.lua,81,function PANEL:DoRightClick( node ),lexical_candidate_not_semantic_analysis,not_ported
garrysmod/lua/vgui/dtree.lua,85,function PANEL:SetSelectedItem( node ),lexical_candidate_not_semantic_analysis,not_ported
garrysmod/lua/vgui/dtree.lua,100,function PANEL:OnNodeSelected( node ),lexical_candidate_not_semantic_analysis,not_ported
garrysmod/lua/vgui/dtree.lua,103,"function PANEL:MoveChildTo( child, pos )",lexical_candidate_not_semantic_analysis,not_ported
garrysmod/lua/vgui/dtree.lua,109,function PANEL:LayoutTree(),lexical_candidate_not_semantic_analysis,not_ported
garrysmod/lua/vgui/dtree.lua,115,"function PANEL:GenerateExample( ClassName, PropertySheet, Width, Height )",lexical_candidate_not_semantic_analysis,not_ported
garrysmod/lua/vgui/dtree_node.lua,27,function PANEL:Init(),lexical_candidate_not_semantic_analysis,not_ported
garrysmod/lua/vgui/dtree_node.lua,33,self.Label.DoClick = function() self:InternalDoClick() end,lexical_candidate_not_semantic_analysis,not_ported
garrysmod/lua/vgui/dtree_node.lua,34,self.Label.DoDoubleClick = function() self:InternalDoClick() end,lexical_candidate_not_semantic_analysis,not_ported
garrysmod/lua/vgui/dtree_node.lua,35,self.Label.DoRightClick = function() self:InternalDoRightClick() end,lexical_candidate_not_semantic_analysis,not_ported
garrysmod/lua/vgui/dtree_node.lua,36,"self.Label.DragHover = function( s, t ) self:DragHover( t ) end",lexical_candidate_not_semantic_analysis,not_ported
garrysmod/lua/vgui/dtree_node.lua,39,self.Expander.DoClick = function() self:SetExpanded( !self:GetExpanded() ) end,lexical_candidate_not_semantic_analysis,not_ported
garrysmod/lua/vgui/dtree_node.lua,55,function PANEL:IsRootNode(),lexical_candidate_not_semantic_analysis,not_ported
garrysmod/lua/vgui/dtree_node.lua,59,function PANEL:InternalDoClick(),lexical_candidate_not_semantic_analysis,not_ported
garrysmod/lua/vgui/dtree_node.lua,74,function PANEL:OnNodeSelected( node ),lexical_candidate_not_semantic_analysis,not_ported
garrysmod/lua/vgui/dtree_node.lua,83,function PANEL:OnNodeAdded( node ),lexical_candidate_not_semantic_analysis,not_ported
garrysmod/lua/vgui/dtree_node.lua,87,function PANEL:InternalDoRightClick(),lexical_candidate_not_semantic_analysis,not_ported
garrysmod/lua/vgui/dtree_node.lua,94,function PANEL:DoClick(),lexical_candidate_not_semantic_analysis,not_ported
garrysmod/lua/vgui/dtree_node.lua,98,function PANEL:DoRightClick(),lexical_candidate_not_semantic_analysis,not_ported
garrysmod/lua/vgui/dtree_node.lua,102,function PANEL:Clear(),lexical_candidate_not_semantic_analysis,not_ported
garrysmod/lua/vgui/dtree_node.lua,106,"function PANEL:AnimSlide( anim, delta, data )",lexical_candidate_not_semantic_analysis,not_ported
garrysmod/lua/vgui/dtree_node.lua,131,function PANEL:SetIcon( str ),lexical_candidate_not_semantic_analysis,not_ported
garrysmod/lua/vgui/dtree_node.lua,137,function PANEL:ShowIcons(),lexical_candidate_not_semantic_analysis,not_ported
garrysmod/lua/vgui/dtree_node.lua,141,function PANEL:GetLineHeight(),lexical_candidate_not_semantic_analysis,not_ported
garrysmod/lua/vgui/dtree_node.lua,145,function PANEL:GetIndentSize(),lexical_candidate_not_semantic_analysis,not_ported
garrysmod/lua/vgui/dtree_node.lua,149,function PANEL:SetText( strName ),lexical_candidate_not_semantic_analysis,not_ported
garrysmod/lua/vgui/dtree_node.lua,155,function PANEL:GetText(),lexical_candidate_not_semantic_analysis,not_ported
garrysmod/lua/vgui/dtree_node.lua,161,function PANEL:ExpandRecurse( bExpand ),lexical_candidate_not_semantic_analysis,not_ported
garrysmod/lua/vgui/dtree_node.lua,175,function PANEL:ExpandTo( bExpand ),lexical_candidate_not_semantic_analysis,not_ported
garrysmod/lua/vgui/dtree_node.lua,182,"function PANEL:SetExpanded( bExpand, bSurpressAnimation )",lexical_candidate_not_semantic_analysis,not_ported
garrysmod/lua/vgui/dtree_node.lua,217,function PANEL:ChildExpanded( bExpand ),lexical_candidate_not_semantic_analysis,not_ported
garrysmod/lua/vgui/dtree_node.lua,225,function PANEL:Paint(),lexical_candidate_not_semantic_analysis,not_ported
garrysmod/lua/vgui/dtree_node.lua,228,function PANEL:HasChildren(),lexical_candidate_not_semantic_analysis,not_ported
garrysmod/lua/vgui/dtree_node.lua,235,function PANEL:DoChildrenOrder(),lexical_candidate_not_semantic_analysis,not_ported
garrysmod/lua/vgui/dtree_node.lua,250,function PANEL:PerformRootNodeLayout(),lexical_candidate_not_semantic_analysis,not_ported
garrysmod/lua/vgui/dtree_node.lua,265,function PANEL:PerformLayout(),lexical_candidate_not_semantic_analysis,not_ported
garrysmod/lua/vgui/dtree_node.lua,316,function PANEL:CreateChildNodes(),lexical_candidate_not_semantic_analysis,not_ported
garrysmod/lua/vgui/dtree_node.lua,323,self.ChildNodes.OnChildRemoved = function(),lexical_candidate_not_semantic_analysis,not_ported
garrysmod/lua/vgui/dtree_node.lua,334,self.ChildNodes.OnModified = function(),lexical_candidate_not_semantic_analysis,not_ported
garrysmod/lua/vgui/dtree_node.lua,344,function PANEL:AddPanel( pPanel ),lexical_candidate_not_semantic_analysis,not_ported
garrysmod/lua/vgui/dtree_node.lua,353,"function PANEL:AddNode( strName, strIcon )",lexical_candidate_not_semantic_analysis,not_ported
garrysmod/lua/vgui/dtree_node.lua,377,function PANEL:InsertNode( pNode ),lexical_candidate_not_semantic_analysis,not_ported
garrysmod/lua/vgui/dtree_node.lua,392,function PANEL:InstallDraggable( pNode ),lexical_candidate_not_semantic_analysis,not_ported
garrysmod/lua/vgui/dtree_node.lua,406,function PANEL:DroppedOn( pnl ),lexical_candidate_not_semantic_analysis,not_ported
garrysmod/lua/vgui/dtree_node.lua,413,"function PANEL:AddFolder( strName, strFolder, strPath, bShowFiles, strWildCard, bDontForceExpandable )",lexical_candidate_not_semantic_analysis,not_ported
garrysmod/lua/vgui/dtree_node.lua,421,"function PANEL:MakeFolder( strFolder, strPath, bShowFiles, strWildCard, bDontForceExpandable )",lexical_candidate_not_semantic_analysis,not_ported
garrysmod/lua/vgui/dtree_node.lua,448,"function PANEL:FilePopulateCallback( files, folders, foldername, path, bAndChildren, wildcard )",lexical_candidate_not_semantic_analysis,not_ported
garrysmod/lua/vgui/dtree_node.lua,501,"function PANEL:FilePopulate( bAndChildren, bExpand )",lexical_candidate_not_semantic_analysis,not_ported
garrysmod/lua/vgui/dtree_node.lua,527,function PANEL:PopulateChildren(),lexical_candidate_not_semantic_analysis,not_ported
garrysmod/lua/vgui/dtree_node.lua,544,function PANEL:PopulateChildrenAndSelf( bExpand ),lexical_candidate_not_semantic_analysis,not_ported
garrysmod/lua/vgui/dtree_node.lua,553,function PANEL:SetSelected( b ),lexical_candidate_not_semantic_analysis,not_ported
garrysmod/lua/vgui/dtree_node.lua,560,function PANEL:Think(),lexical_candidate_not_semantic_analysis,not_ported
garrysmod/lua/vgui/dtree_node.lua,569,function PANEL:DragHoverClick( HoverTime ),lexical_candidate_not_semantic_analysis,not_ported
garrysmod/lua/vgui/dtree_node.lua,583,function PANEL:MoveToTop(),lexical_candidate_not_semantic_analysis,not_ported
garrysmod/lua/vgui/dtree_node.lua,592,function PANEL:MoveChildTo( child ),lexical_candidate_not_semantic_analysis,not_ported
garrysmod/lua/vgui/dtree_node.lua,598,function PANEL:GetText(),lexical_candidate_not_semantic_analysis,not_ported
garrysmod/lua/vgui/dtree_node.lua,602,function PANEL:GetIcon(),lexical_candidate_not_semantic_analysis,not_ported
garrysmod/lua/vgui/dtree_node.lua,606,function PANEL:CleanList(),lexical_candidate_not_semantic_analysis,not_ported
garrysmod/lua/vgui/dtree_node.lua,618,"function PANEL:Insert( pNode, pNodeNextTo, bBefore )",lexical_candidate_not_semantic_analysis,not_ported
garrysmod/lua/vgui/dtree_node.lua,635,function PANEL:LeaveTree( pnl ),lexical_candidate_not_semantic_analysis,not_ported
garrysmod/lua/vgui/dtree_node.lua,642,function PANEL:OnModified(),lexical_candidate_not_semantic_analysis,not_ported
garrysmod/lua/vgui/dtree_node.lua,648,function PANEL:GetChildNode( iNum ),lexical_candidate_not_semantic_analysis,not_ported
garrysmod/lua/vgui/dtree_node.lua,655,function PANEL:GetChildNodes(),lexical_candidate_not_semantic_analysis,not_ported
garrysmod/lua/vgui/dtree_node.lua,662,function PANEL:GetChildNodeCount(),lexical_candidate_not_semantic_analysis,not_ported
garrysmod/lua/vgui/dtree_node.lua,669,"function PANEL:Paint( w, h )",lexical_candidate_not_semantic_analysis,not_ported
garrysmod/lua/vgui/dtree_node.lua,675,function PANEL:Copy(),lexical_candidate_not_semantic_analysis,not_ported
garrysmod/lua/vgui/dtree_node.lua,700,function PANEL:SetupCopy( copy ),lexical_candidate_not_semantic_analysis,not_ported
garrysmod/lua/vgui/dtree_node_button.lua,4,function PANEL:Init(),lexical_candidate_not_semantic_analysis,not_ported
garrysmod/lua/vgui/dtree_node_button.lua,11,"function PANEL:Paint( w, h )",lexical_candidate_not_semantic_analysis,not_ported
garrysmod/lua/vgui/dtree_node_button.lua,22,function PANEL:UpdateColours( skin ),lexical_candidate_not_semantic_analysis,not_ported
garrysmod/lua/vgui/dtree_node_button.lua,31,function PANEL:GenerateExample(),lexical_candidate_not_semantic_analysis,not_ported
garrysmod/lua/vgui/dverticaldivider.lua,4,function PANEL:Init(),lexical_candidate_not_semantic_analysis,not_ported
garrysmod/lua/vgui/dverticaldivider.lua,11,function PANEL:OnMousePressed( mcode ),lexical_candidate_not_semantic_analysis,not_ported
garrysmod/lua/vgui/dverticaldivider.lua,40,function PANEL:Init(),lexical_candidate_not_semantic_analysis,not_ported
garrysmod/lua/vgui/dverticaldivider.lua,56,function PANEL:LoadCookies(),lexical_candidate_not_semantic_analysis,not_ported
garrysmod/lua/vgui/dverticaldivider.lua,62,function PANEL:SetTop( pnl ),lexical_candidate_not_semantic_analysis,not_ported
garrysmod/lua/vgui/dverticaldivider.lua,69,function PANEL:SetBottom( pnl ),lexical_candidate_not_semantic_analysis,not_ported
garrysmod/lua/vgui/dverticaldivider.lua,76,function PANEL:DoConstraints(),lexical_candidate_not_semantic_analysis,not_ported
garrysmod/lua/vgui/dverticaldivider.lua,84,function PANEL:PerformLayout(),lexical_candidate_not_semantic_analysis,not_ported
garrysmod/lua/vgui/dverticaldivider.lua,116,function PANEL:SetMiddle( Middle ),lexical_candidate_not_semantic_analysis,not_ported
garrysmod/lua/vgui/dverticaldivider.lua,128,"function PANEL:OnCursorMoved( x, y )",lexical_candidate_not_semantic_analysis,not_ported
garrysmod/lua/vgui/dverticaldivider.lua,140,function PANEL:StartGrab(),lexical_candidate_not_semantic_analysis,not_ported
garrysmod/lua/vgui/dverticaldivider.lua,152,function PANEL:OnMouseReleased( mcode ),lexical_candidate_not_semantic_analysis,not_ported
garrysmod/lua/vgui/dverticaldivider.lua,163,"function PANEL:GenerateExample( ClassName, PropertySheet, Width, Height )",lexical_candidate_not_semantic_analysis,not_ported
garrysmod/lua/vgui/dvscrollbar.lua,19,function PANEL:PerformLayout(),lexical_candidate_not_semantic_analysis,not_ported
garrysmod/lua/vgui/dvscrollbar.lua,49,function PANEL:Init(),lexical_candidate_not_semantic_analysis,not_ported
garrysmod/lua/vgui/dvscrollbar.lua,58,self.btnUp.DoClick = function( s ) s:GetParent():AddScroll( -1 ) end,lexical_candidate_not_semantic_analysis,not_ported
garrysmod/lua/vgui/dvscrollbar.lua,59,"self.btnUp.Paint = function( panel, w, h ) derma.SkinHook( ""Paint"", ""ButtonUp"", panel, w, h ) end",lexical_candidate_not_semantic_analysis,not_ported
garrysmod/lua/vgui/dvscrollbar.lua,63,self.btnDown.DoClick = function( s ) s:GetParent():AddScroll( 1 ) end,lexical_candidate_not_semantic_analysis,not_ported
garrysmod/lua/vgui/dvscrollbar.lua,64,"self.btnDown.Paint = function( panel, w, h ) derma.SkinHook( ""Paint"", ""ButtonDown"", panel, w, h ) end",lexical_candidate_not_semantic_analysis,not_ported
garrysmod/lua/vgui/dvscrollbar.lua,73,function PANEL:SetEnabled( b ),lexical_candidate_not_semantic_analysis,not_ported
garrysmod/lua/vgui/dvscrollbar.lua,102,function PANEL:BarScale(),lexical_candidate_not_semantic_analysis,not_ported
garrysmod/lua/vgui/dvscrollbar.lua,110,"function PANEL:SetUp( _barsize_, _canvassize_ )",lexical_candidate_not_semantic_analysis,not_ported
garrysmod/lua/vgui/dvscrollbar.lua,122,function PANEL:OnMouseWheeled( dlta ),lexical_candidate_not_semantic_analysis,not_ported
garrysmod/lua/vgui/dvscrollbar.lua,133,function PANEL:AddScroll( dlta ),lexical_candidate_not_semantic_analysis,not_ported
garrysmod/lua/vgui/dvscrollbar.lua,144,function PANEL:SetScroll( scrll ),lexical_candidate_not_semantic_analysis,not_ported
garrysmod/lua/vgui/dvscrollbar.lua,168,"function PANEL:AnimateTo( scrll, length, delay, ease )",lexical_candidate_not_semantic_analysis,not_ported
garrysmod/lua/vgui/dvscrollbar.lua,173,"anim.Think = function( anm, pnl, fraction )",lexical_candidate_not_semantic_analysis,not_ported
garrysmod/lua/vgui/dvscrollbar.lua,181,function PANEL:GetScroll(),lexical_candidate_not_semantic_analysis,not_ported
garrysmod/lua/vgui/dvscrollbar.lua,188,function PANEL:GetOffset(),lexical_candidate_not_semantic_analysis,not_ported
garrysmod/lua/vgui/dvscrollbar.lua,195,function PANEL:Think(),lexical_candidate_not_semantic_analysis,not_ported
garrysmod/lua/vgui/dvscrollbar.lua,198,"function PANEL:Paint( w, h )",lexical_candidate_not_semantic_analysis,not_ported
garrysmod/lua/vgui/dvscrollbar.lua,205,function PANEL:OnMousePressed(),lexical_candidate_not_semantic_analysis,not_ported
garrysmod/lua/vgui/dvscrollbar.lua,219,function PANEL:OnMouseReleased(),lexical_candidate_not_semantic_analysis,not_ported
garrysmod/lua/vgui/dvscrollbar.lua,229,"function PANEL:OnCursorMoved( lx, ly )",lexical_candidate_not_semantic_analysis,not_ported
garrysmod/lua/vgui/dvscrollbar.lua,251,function PANEL:Grip(),lexical_candidate_not_semantic_analysis,not_ported
garrysmod/lua/vgui/dvscrollbar.lua,266,function PANEL:PerformLayout(),lexical_candidate_not_semantic_analysis,not_ported
garrysmod/lua/vgui/fingerposer.lua,29,function PANEL:Init(),lexical_candidate_not_semantic_analysis,not_ported
garrysmod/lua/vgui/fingerposer.lua,54,function PANEL:ControlValues( kv ),lexical_candidate_not_semantic_analysis,not_ported
garrysmod/lua/vgui/fingerposer.lua,70,"function PANEL:PerformLayout( w, h )",lexical_candidate_not_semantic_analysis,not_ported
garrysmod/lua/vgui/fingerposer.lua,105,"function PANEL:Paint( w, h )",lexical_candidate_not_semantic_analysis,not_ported
garrysmod/lua/vgui/fingerposer.lua,126,function PANEL:Think(),lexical_candidate_not_semantic_analysis,not_ported
garrysmod/lua/vgui/fingerposer.lua,130,function PANEL:UpdateHovered(),lexical_candidate_not_semantic_analysis,not_ported
garrysmod/lua/vgui/fingerposer.lua,168,function PANEL:OnMousePressed( mousecode ),lexical_candidate_not_semantic_analysis,not_ported
garrysmod/lua/vgui/fingervar.lua,9,function PANEL:Init(),lexical_candidate_not_semantic_analysis,not_ported
garrysmod/lua/vgui/fingervar.lua,25,function PANEL:SetVarName( _name_ ),lexical_candidate_not_semantic_analysis,not_ported
garrysmod/lua/vgui/fingervar.lua,31,function PANEL:SetRestrictX( bRestrict ),lexical_candidate_not_semantic_analysis,not_ported
garrysmod/lua/vgui/fingervar.lua,37,function PANEL:IsRestricted(),lexical_candidate_not_semantic_analysis,not_ported
garrysmod/lua/vgui/fingervar.lua,43,function PANEL:GetValue(),lexical_candidate_not_semantic_analysis,not_ported
garrysmod/lua/vgui/fingervar.lua,49,function PANEL:UpdateConVar(),lexical_candidate_not_semantic_analysis,not_ported
garrysmod/lua/vgui/fingervar.lua,59,"function PANEL:SetValue( x, y )",lexical_candidate_not_semantic_analysis,not_ported
garrysmod/lua/vgui/fingervar.lua,70,function PANEL:OnMousePressed( mousecode ),lexical_candidate_not_semantic_analysis,not_ported
garrysmod/lua/vgui/fingervar.lua,88,function PANEL:OnMouseReleased( mousecode ),lexical_candidate_not_semantic_analysis,not_ported
garrysmod/lua/vgui/fingervar.lua,97,"function PANEL:OnCursorMoved( x, y )",lexical_candidate_not_semantic_analysis,not_ported
garrysmod/lua/vgui/fingervar.lua,115,function PANEL:Think(),lexical_candidate_not_semantic_analysis,not_ported
garrysmod/lua/vgui/fingervar.lua,135,"function PANEL:Paint( w, h )",lexical_candidate_not_semantic_analysis,not_ported
garrysmod/lua/vgui/imagecheckbox.lua,4,function PANEL:SetMaterial( On ),lexical_candidate_not_semantic_analysis,not_ported
garrysmod/lua/vgui/imagecheckbox.lua,18,function PANEL:SetChecked( bOn ),lexical_candidate_not_semantic_analysis,not_ported
garrysmod/lua/vgui/imagecheckbox.lua,26,function PANEL:GetChecked(),lexical_candidate_not_semantic_analysis,not_ported
garrysmod/lua/vgui/imagecheckbox.lua,32,function PANEL:Set( bOn ),lexical_candidate_not_semantic_analysis,not_ported
garrysmod/lua/vgui/imagecheckbox.lua,38,function PANEL:DoClick(),lexical_candidate_not_semantic_analysis,not_ported
garrysmod/lua/vgui/imagecheckbox.lua,44,function PANEL:SizeToContents(),lexical_candidate_not_semantic_analysis,not_ported
garrysmod/lua/vgui/imagecheckbox.lua,54,function PANEL:Paint(),lexical_candidate_not_semantic_analysis,not_ported
garrysmod/lua/vgui/imagecheckbox.lua,61,function PANEL:PerformLayout(),lexical_candidate_not_semantic_analysis,not_ported
garrysmod/lua/vgui/material.lua,4,function PANEL:Init(),lexical_candidate_not_semantic_analysis,not_ported
garrysmod/lua/vgui/material.lua,15,function PANEL:Paint(),lexical_candidate_not_semantic_analysis,not_ported
garrysmod/lua/vgui/material.lua,27,function PANEL:SetAlpha( _alpha_ ),lexical_candidate_not_semantic_analysis,not_ported
garrysmod/lua/vgui/material.lua,33,function PANEL:SetMaterial( _matname_ ),lexical_candidate_not_semantic_analysis,not_ported
garrysmod/lua/vgui/material.lua,51,function PANEL:PerformLayout(),lexical_candidate_not_semantic_analysis,not_ported
garrysmod/lua/vgui/matselect.lua,15,"function PANEL:SelectedItemPaintOver( w, h )",lexical_candidate_not_semantic_analysis,not_ported
garrysmod/lua/vgui/matselect.lua,22,function PANEL:Init(),lexical_candidate_not_semantic_analysis,not_ported
garrysmod/lua/vgui/matselect.lua,40,function PANEL:SetAutoHeight( bAutoHeight ),lexical_candidate_not_semantic_analysis,not_ported
garrysmod/lua/vgui/matselect.lua,49,"function PANEL:AddMaterial( label, value )",lexical_candidate_not_semantic_analysis,not_ported
garrysmod/lua/vgui/matselect.lua,58,Mat.DoClick = function( button ),lexical_candidate_not_semantic_analysis,not_ported
garrysmod/lua/vgui/matselect.lua,68,Mat.DoRightClick = function( button ),lexical_candidate_not_semantic_analysis,not_ported
garrysmod/lua/vgui/matselect.lua,82,"function PANEL:AddMaterialEx( label, material, value, convars )",lexical_candidate_not_semantic_analysis,not_ported
garrysmod/lua/vgui/matselect.lua,102,Mat.DoRightClick = function( button ),lexical_candidate_not_semantic_analysis,not_ported
garrysmod/lua/vgui/matselect.lua,116,function PANEL:SelectMaterial( mat ),lexical_candidate_not_semantic_analysis,not_ported
garrysmod/lua/vgui/matselect.lua,133,function PANEL:Clear(),lexical_candidate_not_semantic_analysis,not_ported
garrysmod/lua/vgui/matselect.lua,146,function PANEL:FindMaterialByValue( value ),lexical_candidate_not_semantic_analysis,not_ported
garrysmod/lua/vgui/matselect.lua,154,function PANEL:SetItemSize( pnl ),lexical_candidate_not_semantic_analysis,not_ported
garrysmod/lua/vgui/matselect.lua,175,function PANEL:ControlValues( kv ),lexical_candidate_not_semantic_analysis,not_ported
garrysmod/lua/vgui/matselect.lua,201,function PANEL:PerformLayout(),lexical_candidate_not_semantic_analysis,not_ported
garrysmod/lua/vgui/matselect.lua,235,function PANEL:FindAndSelectMaterial( value ),lexical_candidate_not_semantic_analysis,not_ported
garrysmod/lua/vgui/matselect.lua,245,function PANEL:TestForChanges(),lexical_candidate_not_semantic_analysis,not_ported
garrysmod/lua/vgui/matselect.lua,257,"function PANEL:OnSelect( material, pnl )",lexical_candidate_not_semantic_analysis,not_ported
garrysmod/lua/vgui/matselect.lua,263,function PANEL:OnRightClick( button ),lexical_candidate_not_semantic_analysis,not_ported
garrysmod/lua/vgui/prop_boolean.lua,10,function PANEL:Init(),lexical_candidate_not_semantic_analysis,not_ported
garrysmod/lua/vgui/prop_boolean.lua,13,function PANEL:Setup( vars ),lexical_candidate_not_semantic_analysis,not_ported
garrysmod/lua/vgui/prop_boolean.lua,21,self.IsEditing = function( slf ),lexical_candidate_not_semantic_analysis,not_ported
garrysmod/lua/vgui/prop_boolean.lua,26,self.IsEnabled = function( slf ),lexical_candidate_not_semantic_analysis,not_ported
garrysmod/lua/vgui/prop_boolean.lua,29,"self.SetEnabled = function( slf, b )",lexical_candidate_not_semantic_analysis,not_ported
garrysmod/lua/vgui/prop_boolean.lua,34,"self.SetValue = function( slf, val )",lexical_candidate_not_semantic_analysis,not_ported
garrysmod/lua/vgui/prop_boolean.lua,39,"ctrl.OnChange = function( slf, newval )",lexical_candidate_not_semantic_analysis,not_ported
garrysmod/lua/vgui/prop_combo.lua,4,function PANEL:Init(),lexical_candidate_not_semantic_analysis,not_ported
garrysmod/lua/vgui/prop_combo.lua,7,function PANEL:Setup( vars ),lexical_candidate_not_semantic_analysis,not_ported
garrysmod/lua/vgui/prop_combo.lua,30,self.IsEditing = function( slf ),lexical_candidate_not_semantic_analysis,not_ported
garrysmod/lua/vgui/prop_combo.lua,34,"self.SetValue = function( slf, val )",lexical_candidate_not_semantic_analysis,not_ported
garrysmod/lua/vgui/prop_combo.lua,42,"combo.OnSelect = function( _, id, val, data )",lexical_candidate_not_semantic_analysis,not_ported
garrysmod/lua/vgui/prop_combo.lua,46,"combo.Paint = function( slf, w, h )",lexical_candidate_not_semantic_analysis,not_ported
garrysmod/lua/vgui/prop_combo.lua,54,"self:GetRow().AddChoice = function( slf, value, data, select )",lexical_candidate_not_semantic_analysis,not_ported
garrysmod/lua/vgui/prop_combo.lua,58,"self:GetRow().SetSelected = function( slf, id )",lexical_candidate_not_semantic_analysis,not_ported
garrysmod/lua/vgui/prop_combo.lua,63,self.IsEnabled = function( slf ),lexical_candidate_not_semantic_analysis,not_ported
garrysmod/lua/vgui/prop_combo.lua,66,"self.SetEnabled = function( slf, b )",lexical_candidate_not_semantic_analysis,not_ported
garrysmod/lua/vgui/prop_entity.lua,12,function PANEL:Init(),lexical_candidate_not_semantic_analysis,not_ported
garrysmod/lua/vgui/prop_entity.lua,15,function PANEL:Setup( vars ),lexical_candidate_not_semantic_analysis,not_ported
garrysmod/lua/vgui/prop_entity.lua,29,btn.DoClick = function( s ),lexical_candidate_not_semantic_analysis,not_ported
garrysmod/lua/vgui/prop_entity.lua,48,self.IsEnabled = function( slf ),lexical_candidate_not_semantic_analysis,not_ported
garrysmod/lua/vgui/prop_entity.lua,52,"self.SetEnabled = function( slf, b )",lexical_candidate_not_semantic_analysis,not_ported
garrysmod/lua/vgui/prop_float.lua,10,function PANEL:Init(),lexical_candidate_not_semantic_analysis,not_ported
garrysmod/lua/vgui/prop_float.lua,13,function PANEL:GetDecimals(),lexical_candidate_not_semantic_analysis,not_ported
garrysmod/lua/vgui/prop_float.lua,17,function PANEL:Setup( vars ),lexical_candidate_not_semantic_analysis,not_ported
garrysmod/lua/vgui/prop_float.lua,44,self.IsEditing = function( slf ),lexical_candidate_not_semantic_analysis,not_ported
garrysmod/lua/vgui/prop_float.lua,49,self.IsEnabled = function( slf ),lexical_candidate_not_semantic_analysis,not_ported
garrysmod/lua/vgui/prop_float.lua,52,"self.SetEnabled = function( slf, b )",lexical_candidate_not_semantic_analysis,not_ported
garrysmod/lua/vgui/prop_float.lua,57,"self.SetValue = function( slf, val )",lexical_candidate_not_semantic_analysis,not_ported
garrysmod/lua/vgui/prop_float.lua,62,"ctrl.OnValueChanged = function( slf, newval )",lexical_candidate_not_semantic_analysis,not_ported
garrysmod/lua/vgui/prop_float.lua,68,self.Paint = function(),lexical_candidate_not_semantic_analysis,not_ported
garrysmod/lua/vgui/prop_generic.lua,12,function PANEL:Init(),lexical_candidate_not_semantic_analysis,not_ported
garrysmod/lua/vgui/prop_generic.lua,15,function PANEL:Think(),lexical_candidate_not_semantic_analysis,not_ported
garrysmod/lua/vgui/prop_generic.lua,31,"function PANEL:ValueChanged( newval, bForce )",lexical_candidate_not_semantic_analysis,not_ported
garrysmod/lua/vgui/prop_generic.lua,41,function PANEL:Setup( vars ),lexical_candidate_not_semantic_analysis,not_ported
garrysmod/lua/vgui/prop_generic.lua,51,self.IsEditing = function( slf ),lexical_candidate_not_semantic_analysis,not_ported
garrysmod/lua/vgui/prop_generic.lua,56,self.IsEnabled = function( slf ),lexical_candidate_not_semantic_analysis,not_ported
garrysmod/lua/vgui/prop_generic.lua,59,"self.SetEnabled = function( slf, b )",lexical_candidate_not_semantic_analysis,not_ported
garrysmod/lua/vgui/prop_generic.lua,64,"self.SetValue = function( slf, val )",lexical_candidate_not_semantic_analysis,not_ported
garrysmod/lua/vgui/prop_generic.lua,69,"text.OnValueChange = function( slf, newval )",lexical_candidate_not_semantic_analysis,not_ported
garrysmod/lua/vgui/prop_int.lua,10,function PANEL:Init(),lexical_candidate_not_semantic_analysis,not_ported
garrysmod/lua/vgui/prop_int.lua,13,function PANEL:GetDecimals(),lexical_candidate_not_semantic_analysis,not_ported
garrysmod/lua/vgui/prop_vectorcolor.lua,8,local function ColorToString( col ),lexical_candidate_not_semantic_analysis,not_ported
garrysmod/lua/vgui/prop_vectorcolor.lua,16,function PANEL:Init(),lexical_candidate_not_semantic_analysis,not_ported
garrysmod/lua/vgui/prop_vectorcolor.lua,22,"function PANEL:ValueChanged( newval, bForce )",lexical_candidate_not_semantic_analysis,not_ported
garrysmod/lua/vgui/prop_vectorcolor.lua,34,function PANEL:Setup( vars ),lexical_candidate_not_semantic_analysis,not_ported
garrysmod/lua/vgui/prop_vectorcolor.lua,48,"btn.Paint = function( btn_slf, w, h )",lexical_candidate_not_semantic_analysis,not_ported
garrysmod/lua/vgui/prop_vectorcolor.lua,69,btn.DoClick = function(),lexical_candidate_not_semantic_analysis,not_ported
garrysmod/lua/vgui/prop_vectorcolor.lua,74,"color.OnValueChanged = function( colorCombo, newcol )",lexical_candidate_not_semantic_analysis,not_ported
garrysmod/lua/vgui/prop_vectorcolor.lua,93,btn.OnRemove = function() if ( IsValid( color ) ) then color:Remove() end end,lexical_candidate_not_semantic_analysis,not_ported
garrysmod/lua/vgui/prop_vectorcolor.lua,103,"self.SetValue = function( slf, val )",lexical_candidate_not_semantic_analysis,not_ported
garrysmod/lua/vgui/prop_vectorcolor.lua,114,self.IsEnabled = function( slf ),lexical_candidate_not_semantic_analysis,not_ported
garrysmod/lua/vgui/prop_vectorcolor.lua,118,"self.SetEnabled = function( slf, b )",lexical_candidate_not_semantic_analysis,not_ported
garrysmod/lua/vgui/propselect.lua,10,"local function HighlightedButtonPaint( self, w, h )",lexical_candidate_not_semantic_analysis,not_ported
garrysmod/lua/vgui/propselect.lua,16,function PANEL:Init(),lexical_candidate_not_semantic_analysis,not_ported
garrysmod/lua/vgui/propselect.lua,33,"function PANEL:AddModel( model, ConVars )",lexical_candidate_not_semantic_analysis,not_ported
garrysmod/lua/vgui/propselect.lua,50,Icon.DoClick = function( pnl ),lexical_candidate_not_semantic_analysis,not_ported
garrysmod/lua/vgui/propselect.lua,62,Icon.OpenMenu = function( button ),lexical_candidate_not_semantic_analysis,not_ported
garrysmod/lua/vgui/propselect.lua,73,"function PANEL:AddModelEx( value, model, skin )",lexical_candidate_not_semantic_analysis,not_ported
garrysmod/lua/vgui/propselect.lua,85,icon.DoClick = function( pnl ),lexical_candidate_not_semantic_analysis,not_ported
garrysmod/lua/vgui/propselect.lua,92,icon.OpenMenu = function( button ),lexical_candidate_not_semantic_analysis,not_ported
garrysmod/lua/vgui/propselect.lua,103,function PANEL:Clear(),lexical_candidate_not_semantic_analysis,not_ported
garrysmod/lua/vgui/propselect.lua,116,function PANEL:ControlValues( kv ),lexical_candidate_not_semantic_analysis,not_ported
garrysmod/lua/vgui/propselect.lua,150,"function PANEL:PerformLayout( w, h )",lexical_candidate_not_semantic_analysis,not_ported
garrysmod/lua/vgui/propselect.lua,171,function PANEL:FindModelByValue( value ),lexical_candidate_not_semantic_analysis,not_ported
garrysmod/lua/vgui/propselect.lua,179,function PANEL:SelectModel( icon ),lexical_candidate_not_semantic_analysis,not_ported
garrysmod/lua/vgui/propselect.lua,194,function PANEL:FindAndSelectButton( value ),lexical_candidate_not_semantic_analysis,not_ported
garrysmod/lua/vgui/propselect.lua,203,function PANEL:TestForChanges(),lexical_candidate_not_semantic_analysis,not_ported
garrysmod/lua/vgui/propselect.lua,215,"function PANEL:OnSelect( material, pnl )",lexical_candidate_not_semantic_analysis,not_ported
garrysmod/lua/vgui/propselect.lua,221,function PANEL:OnRightClick( button ),lexical_candidate_not_semantic_analysis,not_ported
garrysmod/lua/vgui/slidebar.lua,4,function PANEL:Init(),lexical_candidate_not_semantic_analysis,not_ported
garrysmod/lua/vgui/slidebar.lua,15,function PANEL:SetEnabled( b ),lexical_candidate_not_semantic_analysis,not_ported
garrysmod/lua/vgui/slidebar.lua,30,function PANEL:SetScroll( _float_ ),lexical_candidate_not_semantic_analysis,not_ported
garrysmod/lua/vgui/slidebar.lua,35,function PANEL:Value(),lexical_candidate_not_semantic_analysis,not_ported
garrysmod/lua/vgui/slidebar.lua,41,function PANEL:SetBarScale( _scale_ ),lexical_candidate_not_semantic_analysis,not_ported
garrysmod/lua/vgui/slidebar.lua,48,function PANEL:Rebuild( item ),lexical_candidate_not_semantic_analysis,not_ported
garrysmod/lua/vgui/slidebar.lua,90,function PANEL:OnMouseWheeled( dlta ),lexical_candidate_not_semantic_analysis,not_ported
garrysmod/lua/vgui/slidebar.lua,99,function PANEL:AddVelocity( vel ),lexical_candidate_not_semantic_analysis,not_ported
garrysmod/lua/vgui/slidebar.lua,105,function PANEL:Changed(),lexical_candidate_not_semantic_analysis,not_ported
garrysmod/lua/vgui/slidebar.lua,116,function PANEL:ScrollbarSize(),lexical_candidate_not_semantic_analysis,not_ported
garrysmod/lua/vgui/slidebar.lua,122,function PANEL:Think(),lexical_candidate_not_semantic_analysis,not_ported
garrysmod/lua/vgui/slidebar.lua,160,function PANEL:Paint(),lexical_candidate_not_semantic_analysis,not_ported
garrysmod/lua/vgui/slidebar.lua,173,function PANEL:OnMousePressed(),lexical_candidate_not_semantic_analysis,not_ported
garrysmod/lua/vgui/slidebar.lua,180,function PANEL:Grip( direction ),lexical_candidate_not_semantic_analysis,not_ported
garrysmod/lua/vgui/slidebar.lua,192,function PANEL:OnMouseReleased(),lexical_candidate_not_semantic_analysis,not_ported
garrysmod/lua/vgui/spawnicon.lua,9,function PANEL:Init(),lexical_candidate_not_semantic_analysis,not_ported
garrysmod/lua/vgui/spawnicon.lua,25,function PANEL:DoRightClick(),lexical_candidate_not_semantic_analysis,not_ported
garrysmod/lua/vgui/spawnicon.lua,35,function PANEL:DoClick(),lexical_candidate_not_semantic_analysis,not_ported
garrysmod/lua/vgui/spawnicon.lua,38,function PANEL:OpenMenu(),lexical_candidate_not_semantic_analysis,not_ported
garrysmod/lua/vgui/spawnicon.lua,41,"function PANEL:Paint( w, h )",lexical_candidate_not_semantic_analysis,not_ported
garrysmod/lua/vgui/spawnicon.lua,45,function PANEL:Think(),lexical_candidate_not_semantic_analysis,not_ported
garrysmod/lua/vgui/spawnicon.lua,60,"function PANEL:PaintOver( w, h )",lexical_candidate_not_semantic_analysis,not_ported
garrysmod/lua/vgui/spawnicon.lua,70,function PANEL:PerformLayout(),lexical_candidate_not_semantic_analysis,not_ported
garrysmod/lua/vgui/spawnicon.lua,80,"function PANEL:OnSizeChanged( newW, newH )",lexical_candidate_not_semantic_analysis,not_ported
garrysmod/lua/vgui/spawnicon.lua,84,function PANEL:SetSpawnIcon( name ),lexical_candidate_not_semantic_analysis,not_ported
garrysmod/lua/vgui/spawnicon.lua,89,"function PANEL:SetBodyGroup( k, v )",lexical_candidate_not_semantic_analysis,not_ported
garrysmod/lua/vgui/spawnicon.lua,100,"function PANEL:SetModel( mdl, iSkin, BodyGroups )",lexical_candidate_not_semantic_analysis,not_ported
garrysmod/lua/vgui/spawnicon.lua,123,function PANEL:RebuildSpawnIcon(),lexical_candidate_not_semantic_analysis,not_ported
garrysmod/lua/vgui/spawnicon.lua,129,function PANEL:RebuildSpawnIconEx( t ),lexical_candidate_not_semantic_analysis,not_ported
garrysmod/lua/vgui/spawnicon.lua,135,function PANEL:ToTable( bigtable ),lexical_candidate_not_semantic_analysis,not_ported
garrysmod/lua/vgui/spawnicon.lua,162,function PANEL:Copy(),lexical_candidate_not_semantic_analysis,not_ported
garrysmod/lua/vgui/spawnicon.lua,178,function PANEL:SkinChanged( i ),lexical_candidate_not_semantic_analysis,not_ported
garrysmod/lua/vgui/spawnicon.lua,190,"function PANEL:BodyGroupChanged( k, v )",lexical_candidate_not_semantic_analysis,not_ported
garrysmod/lua/vgui/spawnicon.lua,201,"function PANEL:InternalAddResizeMenu( menu, callback, label )",lexical_candidate_not_semantic_analysis,not_ported
garrysmod/lua/vgui/spawnicon.lua,207,"local function AddSizeOption( submenu, w, h, curW, curH )",lexical_candidate_not_semantic_analysis,not_ported
garrysmod/lua/vgui/spawnicon.lua,259,icon.DoClick = function( s ),lexical_candidate_not_semantic_analysis,not_ported
garrysmod/lua/vgui/spawnicon.lua,263,icon.OpenMenu = function( pnl ),lexical_candidate_not_semantic_analysis,not_ported
garrysmod/lua/vgui/vgui_panellist.lua,4,function PANEL:Init(),lexical_candidate_not_semantic_analysis,not_ported
garrysmod/lua/vgui/vgui_panellist.lua,18,function PANEL:EnableHorizontal( bHoriz ),lexical_candidate_not_semantic_analysis,not_ported
garrysmod/lua/vgui/vgui_panellist.lua,24,function PANEL:EnableVerticalScrollbar(),lexical_candidate_not_semantic_analysis,not_ported
garrysmod/lua/vgui/vgui_panellist.lua,33,function PANEL:GetCanvas(),lexical_candidate_not_semantic_analysis,not_ported
garrysmod/lua/vgui/vgui_panellist.lua,39,function PANEL:Clear(),lexical_candidate_not_semantic_analysis,not_ported
garrysmod/lua/vgui/vgui_panellist.lua,51,function PANEL:AddItem( item ),lexical_candidate_not_semantic_analysis,not_ported
garrysmod/lua/vgui/vgui_panellist.lua,60,function PANEL:Rebuild(),lexical_candidate_not_semantic_analysis,not_ported
garrysmod/lua/vgui/vgui_panellist.lua,102,function PANEL:OnMouseWheeled( dlta ),lexical_candidate_not_semantic_analysis,not_ported
garrysmod/lua/vgui/vgui_panellist.lua,110,function PANEL:Paint(),lexical_candidate_not_semantic_analysis,not_ported
garrysmod/lua/vgui/vgui_panellist.lua,117,function PANEL:SetSpacing( _num_ ),lexical_candidate_not_semantic_analysis,not_ported
garrysmod/lua/vgui/vgui_panellist.lua,123,function PANEL:SetPadding( _num_ ),lexical_candidate_not_semantic_analysis,not_ported
garrysmod/lua/vgui/vgui_panellist.lua,129,function PANEL:Think(),lexical_candidate_not_semantic_analysis,not_ported
garrysmod/lua/vgui/vgui_panellist.lua,141,function PANEL:PerformLayout(),lexical_candidate_not_semantic_analysis,not_ported
garrysmod/lua/vgui/vgui_panellist.lua,162,function PANEL:OnMousePressed( mcode ),lexical_candidate_not_semantic_analysis,not_ported
garrysmod/lua/weapons/weapon_fists.lua,48,function SWEP:Initialize(),lexical_candidate_not_semantic_analysis,not_ported
garrysmod/lua/weapons/weapon_fists.lua,54,function SWEP:SetupDataTables(),lexical_candidate_not_semantic_analysis,not_ported
garrysmod/lua/weapons/weapon_fists.lua,62,function SWEP:UpdateNextIdle(),lexical_candidate_not_semantic_analysis,not_ported
garrysmod/lua/weapons/weapon_fists.lua,72,function SWEP:PrimaryAttack( right ),lexical_candidate_not_semantic_analysis,not_ported
garrysmod/lua/weapons/weapon_fists.lua,99,function SWEP:SecondaryAttack(),lexical_candidate_not_semantic_analysis,not_ported
garrysmod/lua/weapons/weapon_fists.lua,107,function SWEP:DealDamage(),lexical_candidate_not_semantic_analysis,not_ported
garrysmod/lua/weapons/weapon_fists.lua,192,function SWEP:OnDrop(),lexical_candidate_not_semantic_analysis,not_ported
garrysmod/lua/weapons/weapon_fists.lua,200,function SWEP:Deploy(),lexical_candidate_not_semantic_analysis,not_ported
garrysmod/lua/weapons/weapon_fists.lua,220,function SWEP:Holster(),lexical_candidate_not_semantic_analysis,not_ported
garrysmod/lua/weapons/weapon_fists.lua,228,function SWEP:Think(),lexical_candidate_not_semantic_analysis,not_ported
garrysmod/lua/weapons/weapon_flechettegun.lua,36,function SWEP:Initialize(),lexical_candidate_not_semantic_analysis,not_ported
garrysmod/lua/weapons/weapon_flechettegun.lua,42,function SWEP:Reload(),lexical_candidate_not_semantic_analysis,not_ported
garrysmod/lua/weapons/weapon_flechettegun.lua,45,function SWEP:CanBePickedUpByNPCs(),lexical_candidate_not_semantic_analysis,not_ported
garrysmod/lua/weapons/weapon_flechettegun.lua,49,function SWEP:PrimaryAttack(),lexical_candidate_not_semantic_analysis,not_ported
garrysmod/lua/weapons/weapon_flechettegun.lua,86,function SWEP:SecondaryAttack(),lexical_candidate_not_semantic_analysis,not_ported
garrysmod/lua/weapons/weapon_flechettegun.lua,89,function SWEP:ShouldDropOnDie(),lexical_candidate_not_semantic_analysis,not_ported
garrysmod/lua/weapons/weapon_flechettegun.lua,95,function SWEP:GetNPCRestTimes(),lexical_candidate_not_semantic_analysis,not_ported
garrysmod/lua/weapons/weapon_flechettegun.lua,104,function SWEP:GetNPCBurstSettings(),lexical_candidate_not_semantic_analysis,not_ported
garrysmod/lua/weapons/weapon_flechettegun.lua,114,function SWEP:GetNPCBulletSpread( proficiency ),lexical_candidate_not_semantic_analysis,not_ported
garrysmod/lua/weapons/weapon_medkit.lua,42,function SWEP:Initialize(),lexical_candidate_not_semantic_analysis,not_ported
garrysmod/lua/weapons/weapon_medkit.lua,59,function SWEP:Deploy(),lexical_candidate_not_semantic_analysis,not_ported
garrysmod/lua/weapons/weapon_medkit.lua,69,function SWEP:SetupDataTables(),lexical_candidate_not_semantic_analysis,not_ported
garrysmod/lua/weapons/weapon_medkit.lua,76,function SWEP:PrimaryAttack(),lexical_candidate_not_semantic_analysis,not_ported
garrysmod/lua/weapons/weapon_medkit.lua,100,function SWEP:SecondaryAttack(),lexical_candidate_not_semantic_analysis,not_ported
garrysmod/lua/weapons/weapon_medkit.lua,106,function SWEP:Reload(),lexical_candidate_not_semantic_analysis,not_ported
garrysmod/lua/weapons/weapon_medkit.lua,113,function SWEP:CanHeal( ent ),lexical_candidate_not_semantic_analysis,not_ported
garrysmod/lua/weapons/weapon_medkit.lua,127,function SWEP:DoHeal( ent ),lexical_candidate_not_semantic_analysis,not_ported
garrysmod/lua/weapons/weapon_medkit.lua,161,"function SWEP:HealSuccess( ent, healamount )",lexical_candidate_not_semantic_analysis,not_ported
garrysmod/lua/weapons/weapon_medkit.lua,189,function SWEP:HealFail( ent ),lexical_candidate_not_semantic_analysis,not_ported
garrysmod/lua/weapons/weapon_medkit.lua,201,function SWEP:Think(),lexical_candidate_not_semantic_analysis,not_ported
garrysmod/lua/weapons/weapon_medkit.lua,212,function SWEP:Regen( keepaligned ),lexical_candidate_not_semantic_analysis,not_ported
garrysmod/lua/weapons/weapon_medkit.lua,244,function SWEP:Idle(),lexical_candidate_not_semantic_analysis,not_ported
garrysmod/lua/weapons/weapon_medkit.lua,261,function SWEP:CustomAmmoDisplay(),lexical_candidate_not_semantic_analysis,not_ported
