model,category,vvd,vtx,phy,icon,decode_status
models/advisor.mdl,advisor.mdl,true,true,false,true,not_yet_decoded
models/advisor_ep2.mdl,advisor_ep2.mdl,true,true,false,false,not_yet_decoded
models/advisorbarn/dba1.mdl,advisorbarn,true,true,false,false,not_yet_decoded
models/advisorbarn/dsa1.mdl,advisorbarn,true,true,false,false,not_yet_decoded
models/advisorbarn/dsa2.mdl,advisorbarn,true,true,false,false,not_yet_decoded
models/advisorbarn/dsa3.mdl,advisorbarn,true,true,false,false,not_yet_decoded
models/advisorbarn/dsa4.mdl,advisorbarn,true,true,false,false,not_yet_decoded
models/advisorbarn/dsb1.mdl,advisorbarn,true,true,false,false,not_yet_decoded
models/advisorbarn/dsb2.mdl,advisorbarn,true,true,false,false,not_yet_decoded
models/advisorbarn/dsb3.mdl,advisorbarn,true,true,false,false,not_yet_decoded
models/advisorbarn/dsb4.mdl,advisorbarn,true,true,false,false,not_yet_decoded
models/advisorbarn/dta1.mdl,advisorbarn,true,true,false,false,not_yet_decoded
models/advisorbarn/dta2.mdl,advisorbarn,true,true,false,false,not_yet_decoded
models/advisorbarn/dta3.mdl,advisorbarn,true,true,false,false,not_yet_decoded
models/advisorbarn/dta4.mdl,advisorbarn,true,true,false,false,not_yet_decoded
models/advisorbarn/dtb1.mdl,advisorbarn,true,true,false,false,not_yet_decoded
models/advisorbarn/dtb2.mdl,advisorbarn,true,true,false,false,not_yet_decoded
models/advisorbarn/dtb3.mdl,advisorbarn,true,true,false,false,not_yet_decoded
models/advisorbarn/dtb4.mdl,advisorbarn,true,true,false,false,not_yet_decoded
models/advisorbarn/dtb5.mdl,advisorbarn,true,true,false,false,not_yet_decoded
models/advisorbarn/linup_reference.mdl,advisorbarn,true,true,false,false,not_yet_decoded
models/advisorbarn/static1.mdl,advisorbarn,true,true,false,false,not_yet_decoded
models/advisorbarn/static2.mdl,advisorbarn,true,true,false,false,not_yet_decoded
models/advisorbarn/static3.mdl,advisorbarn,true,true,false,false,not_yet_decoded
models/advisorbarn/static4.mdl,advisorbarn,true,true,false,false,not_yet_decoded
models/advisorbarn/static5.mdl,advisorbarn,true,true,false,false,not_yet_decoded
models/advisorpod.mdl,advisorpod.mdl,true,true,true,true,not_yet_decoded
models/advisorpod_crash/advisor_pod_crash.mdl,advisorpod_crash,true,true,true,true,not_yet_decoded
models/advisorpodskybox.mdl,advisorpodskybox.mdl,true,true,false,true,not_yet_decoded
models/airboat.mdl,airboat.mdl,true,true,true,true,not_yet_decoded
models/airboatgun.mdl,airboatgun.mdl,true,true,false,true,not_yet_decoded
models/alyx.mdl,alyx.mdl,true,true,true,true,not_yet_decoded
models/alyx_animat_ep1.mdl,alyx_animat_ep1.mdl,false,false,false,false,not_yet_decoded
models/alyx_animat_ep2.mdl,alyx_animat_ep2.mdl,false,false,false,false,not_yet_decoded
models/alyx_animations.mdl,alyx_animations.mdl,false,false,false,false,not_yet_decoded
models/alyx_emptool_prop.mdl,alyx_emptool_prop.mdl,true,true,true,true,not_yet_decoded
models/alyx_ep2.mdl,alyx_ep2.mdl,true,true,true,true,not_yet_decoded
models/alyx_gest_ep1.mdl,alyx_gest_ep1.mdl,false,false,false,false,not_yet_decoded
models/alyx_gest_ep2.mdl,alyx_gest_ep2.mdl,false,false,false,false,not_yet_decoded
models/alyx_gestures.mdl,alyx_gestures.mdl,false,false,false,false,not_yet_decoded
models/alyx_interior.mdl,alyx_interior.mdl,true,true,true,true,not_yet_decoded
models/alyx_intro.mdl,alyx_intro.mdl,true,true,false,false,not_yet_decoded
models/alyx_post_ep1.mdl,alyx_post_ep1.mdl,false,false,false,false,not_yet_decoded
models/alyx_post_ep2.mdl,alyx_post_ep2.mdl,false,false,false,false,not_yet_decoded
models/alyx_postures.mdl,alyx_postures.mdl,false,false,false,false,not_yet_decoded
models/alyxmask.mdl,alyxmask.mdl,true,true,false,false,not_yet_decoded
models/ambient_citadel_paths.mdl,ambient_citadel_paths.mdl,true,true,false,false,not_yet_decoded
models/antlion.mdl,antlion.mdl,true,true,true,true,not_yet_decoded
models/antlion_grub.mdl,antlion_grub.mdl,true,true,false,true,not_yet_decoded
models/antlion_grub_squashed.mdl,antlion_grub_squashed.mdl,true,true,true,true,not_yet_decoded
models/antlion_guard.mdl,antlion_guard.mdl,true,true,true,true,not_yet_decoded
models/antlion_worker.mdl,antlion_worker.mdl,true,true,true,true,not_yet_decoded
models/balloons/balloon_classicheart.mdl,balloons,true,true,true,true,not_yet_decoded
models/balloons/balloon_dog.mdl,balloons,true,true,true,true,not_yet_decoded
models/balloons/balloon_star.mdl,balloons,true,true,true,true,not_yet_decoded
models/balloons/hot_airballoon.mdl,balloons,true,true,true,true,not_yet_decoded
models/balloons/hot_airballoon_basket.mdl,balloons,true,true,true,true,not_yet_decoded
models/barnacle.mdl,barnacle.mdl,true,true,false,true,not_yet_decoded
models/barney.mdl,barney.mdl,true,true,true,true,not_yet_decoded
models/barney_animations.mdl,barney_animations.mdl,false,false,false,false,not_yet_decoded
models/barney_gestures.mdl,barney_gestures.mdl,false,false,false,false,not_yet_decoded
models/barney_postures.mdl,barney_postures.mdl,false,false,false,false,not_yet_decoded
models/barneyhelmet.mdl,barneyhelmet.mdl,true,true,false,true,not_yet_decoded
models/barneyhelmet_faceplate.mdl,barneyhelmet_faceplate.mdl,true,true,false,true,not_yet_decoded
models/blackout.mdl,blackout.mdl,true,true,true,false,not_yet_decoded
models/breen.mdl,breen.mdl,true,true,true,true,not_yet_decoded
models/breen_anims.mdl,breen_anims.mdl,false,false,false,false,not_yet_decoded
models/breen_gestures.mdl,breen_gestures.mdl,false,false,false,false,not_yet_decoded
models/breen_monitor.mdl,breen_monitor.mdl,true,true,false,false,not_yet_decoded
models/breen_postures.mdl,breen_postures.mdl,false,false,false,false,not_yet_decoded
models/brokenglass_piece.mdl,brokenglass_piece.mdl,true,true,false,true,not_yet_decoded
models/buggy.mdl,buggy.mdl,true,true,true,true,not_yet_decoded
models/ceilinggibs.mdl,ceilinggibs.mdl,true,true,false,false,not_yet_decoded
models/chairs/armchair.mdl,chairs,true,true,true,true,not_yet_decoded
models/characters/counterterrorist.mdl,characters,true,true,true,false,not_yet_decoded
models/characters/hostage_01.mdl,characters,true,true,true,true,not_yet_decoded
models/characters/hostage_02.mdl,characters,true,true,true,true,not_yet_decoded
models/characters/hostage_03.mdl,characters,true,true,true,true,not_yet_decoded
models/characters/hostage_04.mdl,characters,true,true,true,true,not_yet_decoded
models/characters/player_animations.mdl,characters,false,false,false,false,not_yet_decoded
models/chefhat.mdl,chefhat.mdl,true,true,false,true,not_yet_decoded
models/cindergibs.mdl,cindergibs.mdl,true,true,false,false,not_yet_decoded
models/citadeldestruction/citadelpart1.mdl,citadeldestruction,true,true,false,false,not_yet_decoded
models/citadeldestruction/citadelpart2.mdl,citadeldestruction,true,true,false,false,not_yet_decoded
models/citadeldestruction/citadelpart3.mdl,citadeldestruction,true,true,false,false,not_yet_decoded
models/citadeldestruction/citadelpart4.mdl,citadeldestruction,true,true,false,false,not_yet_decoded
models/citadeldestruction/citadelpart5.mdl,citadeldestruction,true,true,false,false,not_yet_decoded
models/citadeldestruction/citadelpart6.mdl,citadeldestruction,true,true,false,false,not_yet_decoded
models/citadeldestruction/citadelpart7.mdl,citadeldestruction,true,true,false,false,not_yet_decoded
models/citadeldestruction/citadelpart8.mdl,citadeldestruction,true,true,false,false,not_yet_decoded
models/citadeldestruction/featuredebrispart1.mdl,citadeldestruction,true,true,false,false,not_yet_decoded
models/citadeldestruction/featuredebrispart2.mdl,citadeldestruction,true,true,false,false,not_yet_decoded
models/citadeldestruction/featuredebrispart3.mdl,citadeldestruction,true,true,false,false,not_yet_decoded
models/citadeldestruction/featuredebrispart4.mdl,citadeldestruction,true,true,false,false,not_yet_decoded
models/citadeldestruction/featuredebrispart5.mdl,citadeldestruction,true,true,false,false,not_yet_decoded
models/cliffs/bridge.mdl,cliffs,true,true,false,true,not_yet_decoded
models/cliffs/bridge02.mdl,cliffs,true,true,false,true,not_yet_decoded
models/cliffs/cliff01.mdl,cliffs,true,true,false,true,not_yet_decoded
models/cliffs/cliff_path01.mdl,cliffs,true,true,false,true,not_yet_decoded
models/cliffs/o5cliff01.mdl,cliffs,true,true,false,true,not_yet_decoded
models/cliffs/o5cliff02.mdl,cliffs,true,true,false,true,not_yet_decoded
models/cliffs/o5cliff03.mdl,cliffs,true,true,false,true,not_yet_decoded
models/cliffs/o5cliff04.mdl,cliffs,true,true,false,true,not_yet_decoded
models/cliffs/o5cliff05.mdl,cliffs,true,true,false,true,not_yet_decoded
models/cliffs/rockcluster01.mdl,cliffs,true,true,true,true,not_yet_decoded
models/cliffs/rockcluster02.mdl,cliffs,true,true,true,true,not_yet_decoded
models/cliffs/rocks_large01.mdl,cliffs,true,true,true,true,not_yet_decoded
models/cliffs/rocks_large01_veg.mdl,cliffs,true,true,true,true,not_yet_decoded
models/cliffs/rocks_large02.mdl,cliffs,true,true,true,true,not_yet_decoded
models/cliffs/rocks_large02_veg.mdl,cliffs,true,true,true,true,not_yet_decoded
models/cliffs/rocks_large03.mdl,cliffs,true,true,true,true,not_yet_decoded
models/cliffs/rocks_large03_veg.mdl,cliffs,true,true,true,true,not_yet_decoded
models/cliffs/rocks_medium01.mdl,cliffs,true,true,true,true,not_yet_decoded
models/cliffs/rocks_medium01_veg.mdl,cliffs,true,true,true,true,not_yet_decoded
models/cliffs/rocks_medium02.mdl,cliffs,true,true,false,true,not_yet_decoded
models/cliffs/rocks_medium02_veg.mdl,cliffs,true,true,false,true,not_yet_decoded
models/cliffs/rocks_medium03.mdl,cliffs,true,true,false,true,not_yet_decoded
models/cliffs/rocks_medium03_veg.mdl,cliffs,true,true,false,true,not_yet_decoded
models/cliffs/rocks_small01.mdl,cliffs,true,true,false,true,not_yet_decoded
models/cliffs/rocks_small01_veg.mdl,cliffs,true,true,true,true,not_yet_decoded
models/cliffs/rocks_small02.mdl,cliffs,true,true,false,true,not_yet_decoded
models/cliffs/rocks_small02_veg.mdl,cliffs,true,true,false,true,not_yet_decoded
models/cliffs/rocks_small03.mdl,cliffs,true,true,false,true,not_yet_decoded
models/cliffs/rocks_small03_veg.mdl,cliffs,true,true,false,true,not_yet_decoded
models/cliffs/rocks_xlarge01.mdl,cliffs,true,true,true,true,not_yet_decoded
models/cliffs/rocks_xlarge01_veg.mdl,cliffs,true,true,true,true,not_yet_decoded
models/cliffs/rocks_xlarge02.mdl,cliffs,true,true,true,true,not_yet_decoded
models/cliffs/rocks_xlarge02_veg.mdl,cliffs,true,true,true,true,not_yet_decoded
models/cliffs/rocks_xlarge03.mdl,cliffs,true,true,true,true,not_yet_decoded
models/cliffs/rocks_xlarge03_veg.mdl,cliffs,true,true,true,true,not_yet_decoded
models/combine_advisor_pod/combine_advisor_pod.mdl,combine_advisor_pod,true,true,true,true,not_yet_decoded
models/combine_apc.mdl,combine_apc.mdl,true,true,true,true,not_yet_decoded
models/combine_apc_destroyed_gib01.mdl,combine_apc_destroyed_gib01.mdl,true,true,true,true,not_yet_decoded
models/combine_apc_destroyed_gib02.mdl,combine_apc_destroyed_gib02.mdl,true,true,true,true,not_yet_decoded
models/combine_apc_destroyed_gib03.mdl,combine_apc_destroyed_gib03.mdl,true,true,true,true,not_yet_decoded
models/combine_apc_destroyed_gib04.mdl,combine_apc_destroyed_gib04.mdl,true,true,true,true,not_yet_decoded
models/combine_apc_destroyed_gib05.mdl,combine_apc_destroyed_gib05.mdl,true,true,true,true,not_yet_decoded
models/combine_apc_destroyed_gib06.mdl,combine_apc_destroyed_gib06.mdl,true,true,true,true,not_yet_decoded
models/combine_apc_dynamic.mdl,combine_apc_dynamic.mdl,true,true,true,true,not_yet_decoded
models/combine_apc_wheelcollision.mdl,combine_apc_wheelcollision.mdl,true,true,true,true,not_yet_decoded
models/combine_camera/combine_camera.mdl,combine_camera,true,true,false,true,not_yet_decoded
models/combine_dropship.mdl,combine_dropship.mdl,true,true,true,true,not_yet_decoded
models/combine_dropship_animations.mdl,combine_dropship_animations.mdl,false,false,false,false,not_yet_decoded
models/combine_dropship_container.mdl,combine_dropship_container.mdl,true,true,true,true,not_yet_decoded
models/combine_dropship_container_static.mdl,combine_dropship_container_static.mdl,true,true,true,true,not_yet_decoded
models/combine_gate_citizen.mdl,combine_gate_citizen.mdl,true,true,true,true,not_yet_decoded
models/combine_gate_vehicle.mdl,combine_gate_vehicle.mdl,true,true,true,true,not_yet_decoded
models/combine_helicopter.mdl,combine_helicopter.mdl,true,true,true,true,not_yet_decoded
models/combine_helicopter/bomb_debris_1.mdl,combine_helicopter,true,true,true,true,not_yet_decoded
models/combine_helicopter/bomb_debris_2.mdl,combine_helicopter,true,true,true,true,not_yet_decoded
models/combine_helicopter/bomb_debris_3.mdl,combine_helicopter,true,true,true,true,not_yet_decoded
models/combine_helicopter/helicopter_bomb01.mdl,combine_helicopter,true,true,true,true,not_yet_decoded
models/combine_room/combine_monitor001temp.mdl,combine_room,true,true,true,true,not_yet_decoded
models/combine_room/combine_monitor002.mdl,combine_room,true,true,true,true,not_yet_decoded
models/combine_room/combine_monitor003a.mdl,combine_room,true,true,true,true,not_yet_decoded
models/combine_room/combine_wire001.mdl,combine_room,true,true,true,true,not_yet_decoded
models/combine_room/combine_wire002.mdl,combine_room,true,true,true,true,not_yet_decoded
models/combine_scanner.mdl,combine_scanner.mdl,true,true,true,true,not_yet_decoded
models/combine_soldier.mdl,combine_soldier.mdl,true,true,true,true,not_yet_decoded
models/combine_soldier_anims.mdl,combine_soldier_anims.mdl,false,false,false,false,not_yet_decoded
models/combine_soldier_prisonguard.mdl,combine_soldier_prisonguard.mdl,true,true,true,true,not_yet_decoded
models/combine_strider.mdl,combine_strider.mdl,true,true,true,true,not_yet_decoded
models/combine_strider_animations.mdl,combine_strider_animations.mdl,false,false,false,false,not_yet_decoded
models/combine_strider_vsdog.mdl,combine_strider_vsdog.mdl,true,true,true,true,not_yet_decoded
models/combine_strider_vsdog_animations.mdl,combine_strider_vsdog_animations.mdl,false,false,false,false,not_yet_decoded
models/combine_super_soldier.mdl,combine_super_soldier.mdl,true,true,true,true,not_yet_decoded
models/combine_turrets/ceiling_turret.mdl,combine_turrets,true,true,false,true,not_yet_decoded
models/combine_turrets/combine_cannon.mdl,combine_turrets,true,true,true,true,not_yet_decoded
models/combine_turrets/combine_cannon_gun.mdl,combine_turrets,true,true,true,true,not_yet_decoded
models/combine_turrets/combine_cannon_powergen.mdl,combine_turrets,true,true,true,true,not_yet_decoded
models/combine_turrets/combine_cannon_stand.mdl,combine_turrets,true,true,true,true,not_yet_decoded
models/combine_turrets/combine_cannon_stand02.mdl,combine_turrets,true,true,true,true,not_yet_decoded
models/combine_turrets/floor_turret.mdl,combine_turrets,true,true,true,true,not_yet_decoded
models/combine_turrets/floor_turret_gib1.mdl,combine_turrets,true,true,true,true,not_yet_decoded
models/combine_turrets/floor_turret_gib2.mdl,combine_turrets,true,true,true,true,not_yet_decoded
models/combine_turrets/floor_turret_gib3.mdl,combine_turrets,true,true,true,true,not_yet_decoded
models/combine_turrets/floor_turret_gib4.mdl,combine_turrets,true,true,true,true,not_yet_decoded
models/combine_turrets/floor_turret_gib5.mdl,combine_turrets,true,true,true,true,not_yet_decoded
models/combine_turrets/ground_turret.mdl,combine_turrets,true,true,true,true,not_yet_decoded
models/combine_wall.mdl,combine_wall.mdl,true,true,false,true,not_yet_decoded
models/combinecannon/cironwall.mdl,combinecannon,true,true,true,true,not_yet_decoded
models/combinecannon/debris.mdl,combinecannon,true,true,false,true,not_yet_decoded
models/combinecannon/remnants.mdl,combinecannon,true,true,true,true,not_yet_decoded
models/computergibs.mdl,computergibs.mdl,true,true,false,false,not_yet_decoded
models/container_chunk01.mdl,container_chunk01.mdl,true,true,true,true,not_yet_decoded
models/container_chunk02.mdl,container_chunk02.mdl,true,true,true,true,not_yet_decoded
models/container_chunk03.mdl,container_chunk03.mdl,true,true,true,true,not_yet_decoded
models/container_chunk04.mdl,container_chunk04.mdl,true,true,true,true,not_yet_decoded
models/container_chunk05.mdl,container_chunk05.mdl,true,true,true,true,not_yet_decoded
models/cranes/crane_body_lod.mdl,cranes,true,true,true,true,not_yet_decoded
models/cranes/crane_docks.mdl,cranes,true,true,true,true,not_yet_decoded
models/cranes/crane_frame.mdl,cranes,true,true,true,true,not_yet_decoded
models/cranes/crane_frame_interior.mdl,cranes,true,true,true,true,not_yet_decoded
models/crashedgunship.mdl,crashedgunship.mdl,true,true,true,true,not_yet_decoded
models/crossbow_bolt.mdl,crossbow_bolt.mdl,true,true,false,true,not_yet_decoded
models/crow.mdl,crow.mdl,true,true,true,true,not_yet_decoded
models/cs_fix.mdl,cs_fix.mdl,false,false,false,false,not_yet_decoded
models/dav0r/buttons/button.mdl,dav0r,true,true,true,true,not_yet_decoded
models/dav0r/buttons/switch.mdl,dav0r,true,true,true,true,not_yet_decoded
models/dav0r/camera.mdl,dav0r,true,true,true,true,not_yet_decoded
models/dav0r/hoverball.mdl,dav0r,true,true,true,true,not_yet_decoded
models/dav0r/thruster.mdl,dav0r,true,true,true,true,not_yet_decoded
models/dav0r/tnt/tnt.mdl,dav0r,true,true,true,true,not_yet_decoded
models/dav0r/tnt/tnttimed.mdl,dav0r,true,true,true,true,not_yet_decoded
models/dog.mdl,dog.mdl,true,true,true,true,not_yet_decoded
models/dog_animat_ep1.mdl,dog_animat_ep1.mdl,false,false,false,false,not_yet_decoded
models/dog_animat_ep2.mdl,dog_animat_ep2.mdl,false,false,false,false,not_yet_decoded
models/dog_animations.mdl,dog_animations.mdl,false,false,false,false,not_yet_decoded
models/dog_gest_ep1.mdl,dog_gest_ep1.mdl,false,false,false,false,not_yet_decoded
models/dog_gest_ep2.mdl,dog_gest_ep2.mdl,false,false,false,false,not_yet_decoded
models/dog_gestures.mdl,dog_gestures.mdl,false,false,false,false,not_yet_decoded
models/dog_post_ep1.mdl,dog_post_ep1.mdl,false,false,false,false,not_yet_decoded
models/dog_postures.mdl,dog_postures.mdl,false,false,false,false,not_yet_decoded
models/dogvsstrider/rockslide.mdl,dogvsstrider,true,true,false,false,not_yet_decoded
models/dogvsstrider/toptreebranches.mdl,dogvsstrider,true,true,false,false,not_yet_decoded
models/dogvsstrider/toptreetrunk.mdl,dogvsstrider,true,true,false,false,not_yet_decoded
models/dogvsstrider/tree1_branches.mdl,dogvsstrider,true,true,false,false,not_yet_decoded
models/dogvsstrider/tree1_trunk.mdl,dogvsstrider,true,true,false,false,not_yet_decoded
models/dogvsstrider/tree2_branches.mdl,dogvsstrider,true,true,false,false,not_yet_decoded
models/dogvsstrider/tree2_trunk.mdl,dogvsstrider,true,true,false,false,not_yet_decoded
models/dogvsstrider/tree3_branches.mdl,dogvsstrider,true,true,false,false,not_yet_decoded
models/dogvsstrider/tree3_trunk.mdl,dogvsstrider,true,true,false,false,not_yet_decoded
models/dynamite/dynamite.mdl,dynamite,true,true,true,true,not_yet_decoded
models/editor/air_node.mdl,editor,true,true,false,true,not_yet_decoded
models/editor/air_node_hint.mdl,editor,true,true,false,true,not_yet_decoded
models/editor/axis_helper.mdl,editor,true,true,false,true,not_yet_decoded
models/editor/axis_helper_thick.mdl,editor,true,true,false,true,not_yet_decoded
models/editor/camera.mdl,editor,true,true,false,true,not_yet_decoded
models/editor/climb_node.mdl,editor,true,true,false,true,not_yet_decoded
models/editor/cone_helper.mdl,editor,true,true,true,true,not_yet_decoded
models/editor/ground_node.mdl,editor,true,true,false,true,not_yet_decoded
models/editor/ground_node_hint.mdl,editor,true,true,false,true,not_yet_decoded
models/editor/node_hint.mdl,editor,true,true,false,true,not_yet_decoded
models/editor/overlay_helper.mdl,editor,true,true,false,true,not_yet_decoded
models/editor/playerstart.mdl,editor,true,true,false,true,not_yet_decoded
models/editor/scriptedsequence.mdl,editor,true,true,false,true,not_yet_decoded
models/editor/spot.mdl,editor,true,true,false,true,not_yet_decoded
models/editor/spot_cone.mdl,editor,true,true,false,true,not_yet_decoded
models/effects/combineball.mdl,effects,true,true,false,true,not_yet_decoded
models/effects/intro_vortshield.mdl,effects,true,true,false,true,not_yet_decoded
models/effects/introtear.mdl,effects,true,true,false,false,not_yet_decoded
models/effects/portalfunnel.mdl,effects,true,true,false,true,not_yet_decoded
models/effects/portalrift.mdl,effects,true,true,false,true,not_yet_decoded
models/effects/splode.mdl,effects,true,true,false,true,not_yet_decoded
models/effects/splodearc.mdl,effects,true,true,false,true,not_yet_decoded
models/effects/splodeglass.mdl,effects,true,true,false,true,not_yet_decoded
models/effects/teleporttrail.mdl,effects,true,true,false,false,not_yet_decoded
models/effects/teleporttrail_alyx.mdl,effects,true,true,false,false,not_yet_decoded
models/effects/vol_light.mdl,effects,true,true,false,true,not_yet_decoded
models/effects/vol_light01.mdl,effects,true,true,false,true,not_yet_decoded
models/effects/vol_light02.mdl,effects,true,true,false,false,not_yet_decoded
models/effects/vol_light128x128.mdl,effects,true,true,false,true,not_yet_decoded
models/effects/vol_light128x256.mdl,effects,true,true,false,true,not_yet_decoded
models/effects/vol_light128x384.mdl,effects,true,true,false,true,not_yet_decoded
models/effects/vol_light128x512.mdl,effects,true,true,false,true,not_yet_decoded
models/effects/vol_light256x384.mdl,effects,true,true,false,true,not_yet_decoded
models/effects/vol_light256x512.mdl,effects,true,true,false,true,not_yet_decoded
models/effects/vol_light64x128.mdl,effects,true,true,false,true,not_yet_decoded
models/effects/vol_light64x256.mdl,effects,true,true,false,true,not_yet_decoded
models/eli.mdl,eli.mdl,true,true,true,true,not_yet_decoded
models/eli_anim1.mdl,eli_anim1.mdl,false,false,false,false,not_yet_decoded
models/eli_anim2.mdl,eli_anim2.mdl,false,false,false,false,not_yet_decoded
models/eli_anims.mdl,eli_anims.mdl,false,false,false,false,not_yet_decoded
models/eli_gest_ep1.mdl,eli_gest_ep1.mdl,false,false,false,false,not_yet_decoded
models/eli_gest_ep2.mdl,eli_gest_ep2.mdl,false,false,false,false,not_yet_decoded
models/eli_gestures.mdl,eli_gestures.mdl,false,false,false,false,not_yet_decoded
models/eli_monitor.mdl,eli_monitor.mdl,true,true,true,false,not_yet_decoded
models/eli_post_ep1.mdl,eli_post_ep1.mdl,false,false,false,false,not_yet_decoded
models/eli_post_ep2.mdl,eli_post_ep2.mdl,false,false,false,false,not_yet_decoded
models/eli_postures.mdl,eli_postures.mdl,false,false,false,false,not_yet_decoded
models/ep1_combine_wall.mdl,ep1_combine_wall.mdl,true,true,true,true,not_yet_decoded
models/ep2_out12_hut1/hut_group1.mdl,ep2_out12_hut1,true,true,false,false,not_yet_decoded
models/ep2_out12_hut1/hut_group2.mdl,ep2_out12_hut1,true,true,false,false,not_yet_decoded
models/ep2_out12_hut1/hut_group3.mdl,ep2_out12_hut1,true,true,false,false,not_yet_decoded
models/ep2_out12_hut1/hut_group4.mdl,ep2_out12_hut1,true,true,false,false,not_yet_decoded
models/ep2_out12_hut1/hut_group5.mdl,ep2_out12_hut1,true,true,false,false,not_yet_decoded
models/ep2_out12_hut1/hut_group6.mdl,ep2_out12_hut1,true,true,false,false,not_yet_decoded
models/ep2_out12_hut1/hut_group7.mdl,ep2_out12_hut1,true,true,false,false,not_yet_decoded
models/ep2_out12_hut1/hut_group8.mdl,ep2_out12_hut1,true,true,false,false,not_yet_decoded
models/ep2_out12_hut1/hut_group9.mdl,ep2_out12_hut1,true,true,false,false,not_yet_decoded
models/error.mdl,error.mdl,true,true,false,false,not_yet_decoded
models/extras/crank.mdl,extras,true,true,true,true,not_yet_decoded
models/extras/info_speech.mdl,extras,true,true,true,true,not_yet_decoded
models/extras/widget.mdl,extras,true,true,true,true,not_yet_decoded
models/f_anm.mdl,f_anm.mdl,false,false,false,false,not_yet_decoded
models/fleshgibs.mdl,fleshgibs.mdl,true,true,false,false,not_yet_decoded
models/food/burger.mdl,food,true,true,true,true,not_yet_decoded
models/food/hotdog.mdl,food,true,true,true,true,not_yet_decoded
models/gantry_crane/crane_beam.mdl,gantry_crane,true,true,true,true,not_yet_decoded
models/gantry_crane/crane_controlbox.mdl,gantry_crane,true,true,true,true,not_yet_decoded
models/gantry_crane/crane_lever.mdl,gantry_crane,true,true,true,true,not_yet_decoded
models/gantry_crane/crane_pulleys.mdl,gantry_crane,true,true,true,true,not_yet_decoded
models/gantry_crane/crane_rotator.mdl,gantry_crane,true,true,true,true,not_yet_decoded
models/gantry_crane/crane_trolley.mdl,gantry_crane,true,true,true,true,not_yet_decoded
models/gantry_crane/crane_wheel.mdl,gantry_crane,true,true,true,true,not_yet_decoded
models/ghostanim.mdl,ghostanim.mdl,true,true,false,false,not_yet_decoded
models/ghostanim_van.mdl,ghostanim_van.mdl,true,true,true,false,not_yet_decoded
models/gibs/advisorpod_wreckage_front.mdl,gibs,true,true,true,true,not_yet_decoded
models/gibs/advisorpod_wreckage_mid_1.mdl,gibs,true,true,true,true,not_yet_decoded
models/gibs/advisorpod_wreckage_mid_2.mdl,gibs,true,true,true,true,not_yet_decoded
models/gibs/advisorpod_wreckage_mid_3.mdl,gibs,true,true,true,true,not_yet_decoded
models/gibs/advisorpod_wreckage_rear.mdl,gibs,true,true,true,true,not_yet_decoded
models/gibs/advisorpod_wreckage_wing_l.mdl,gibs,true,true,true,true,not_yet_decoded
models/gibs/advisorpod_wreckage_wing_r.mdl,gibs,true,true,true,true,not_yet_decoded
models/gibs/aghl1.mdl,gibs,true,true,true,false,not_yet_decoded
models/gibs/agibs.mdl,gibs,true,true,false,true,not_yet_decoded
models/gibs/airboat_broken_engine.mdl,gibs,true,true,true,true,not_yet_decoded
models/gibs/antlion_gib_large_1.mdl,gibs,true,true,true,true,not_yet_decoded
models/gibs/antlion_gib_large_2.mdl,gibs,true,true,true,true,not_yet_decoded
models/gibs/antlion_gib_large_3.mdl,gibs,true,true,true,true,not_yet_decoded
models/gibs/antlion_gib_medium_1.mdl,gibs,true,true,true,true,not_yet_decoded
models/gibs/antlion_gib_medium_2.mdl,gibs,true,true,true,true,not_yet_decoded
models/gibs/antlion_gib_medium_3.mdl,gibs,true,true,true,true,not_yet_decoded
models/gibs/antlion_gib_medium_3a.mdl,gibs,true,true,true,true,not_yet_decoded
models/gibs/antlion_gib_small_1.mdl,gibs,true,true,true,true,not_yet_decoded
models/gibs/antlion_gib_small_2.mdl,gibs,true,true,true,true,not_yet_decoded
models/gibs/antlion_gib_small_3.mdl,gibs,true,true,true,true,not_yet_decoded
models/gibs/antlion_worker_gibs_backlegl.mdl,gibs,true,true,true,true,not_yet_decoded
models/gibs/antlion_worker_gibs_backlegr.mdl,gibs,true,true,true,true,not_yet_decoded
models/gibs/antlion_worker_gibs_frontlegl.mdl,gibs,true,true,true,true,not_yet_decoded
models/gibs/antlion_worker_gibs_frontlegr.mdl,gibs,true,true,true,true,not_yet_decoded
models/gibs/antlion_worker_gibs_head.mdl,gibs,true,true,true,true,not_yet_decoded
models/gibs/fast_zombie_legs.mdl,gibs,true,true,true,true,not_yet_decoded
models/gibs/fast_zombie_torso.mdl,gibs,true,true,true,true,not_yet_decoded
models/gibs/furniture_gibs/furniture_chair01a_gib01.mdl,gibs,true,true,true,true,not_yet_decoded
models/gibs/furniture_gibs/furniture_chair01a_gib02.mdl,gibs,true,true,true,true,not_yet_decoded
models/gibs/furniture_gibs/furniture_chair01a_gib03.mdl,gibs,true,true,true,true,not_yet_decoded
models/gibs/furniture_gibs/furniture_chair01a_gib05.mdl,gibs,true,true,true,true,not_yet_decoded
models/gibs/furniture_gibs/furniture_vanity01a_gib01.mdl,gibs,true,true,true,true,not_yet_decoded
models/gibs/furniture_gibs/furniture_vanity01a_gib02.mdl,gibs,true,true,true,true,not_yet_decoded
models/gibs/furniture_gibs/furniture_vanity01a_gib03.mdl,gibs,true,true,true,true,not_yet_decoded
models/gibs/furniture_gibs/furniture_vanity01a_gib05.mdl,gibs,true,true,true,true,not_yet_decoded
models/gibs/furniture_gibs/furniture_vanity01a_shard01.mdl,gibs,true,true,true,true,not_yet_decoded
models/gibs/furniture_gibs/furnituredrawer002a_gib03.mdl,gibs,true,true,true,true,not_yet_decoded
models/gibs/furniture_gibs/furnituredrawer002a_gib05.mdl,gibs,true,true,true,true,not_yet_decoded
models/gibs/furniture_gibs/furnituredrawer002a_gib06.mdl,gibs,true,true,true,true,not_yet_decoded
models/gibs/furniture_gibs/furnituredrawer002a_gib07.mdl,gibs,true,true,true,true,not_yet_decoded
models/gibs/furniture_gibs/furnituretable001a_chunk01.mdl,gibs,true,true,true,true,not_yet_decoded
models/gibs/furniture_gibs/furnituretable001a_chunk02.mdl,gibs,true,true,true,true,not_yet_decoded
models/gibs/furniture_gibs/furnituretable001a_chunk03.mdl,gibs,true,true,true,true,not_yet_decoded
models/gibs/furniture_gibs/furnituretable001a_chunk04.mdl,gibs,true,true,true,true,not_yet_decoded
models/gibs/furniture_gibs/furnituretable001a_chunk05.mdl,gibs,true,true,true,true,not_yet_decoded
models/gibs/furniture_gibs/furnituretable001a_chunk06.mdl,gibs,true,true,true,true,not_yet_decoded
models/gibs/furniture_gibs/furnituretable001a_chunk07.mdl,gibs,true,true,true,true,not_yet_decoded
models/gibs/furniture_gibs/furnituretable001a_shard01.mdl,gibs,true,true,true,true,not_yet_decoded
models/gibs/furniture_gibs/furnituretable002a_chunk01.mdl,gibs,true,true,true,true,not_yet_decoded
models/gibs/furniture_gibs/furnituretable002a_chunk02.mdl,gibs,true,true,true,true,not_yet_decoded
models/gibs/furniture_gibs/furnituretable002a_chunk03.mdl,gibs,true,true,true,true,not_yet_decoded
models/gibs/furniture_gibs/furnituretable002a_chunk07.mdl,gibs,true,true,true,true,not_yet_decoded
models/gibs/furniture_gibs/furnituretable002a_chunk08.mdl,gibs,true,true,true,true,not_yet_decoded
models/gibs/furniture_gibs/furnituretable002a_chunk11.mdl,gibs,true,true,true,true,not_yet_decoded
models/gibs/furniture_gibs/furnituretable002a_shard01.mdl,gibs,true,true,true,true,not_yet_decoded
models/gibs/furniture_gibs/furnituretable003a_gib01.mdl,gibs,true,true,true,true,not_yet_decoded
models/gibs/furniture_gibs/furnituretable003a_gib03.mdl,gibs,true,true,true,true,not_yet_decoded
models/gibs/furniture_gibs/furnituretable003a_gib04.mdl,gibs,true,true,true,true,not_yet_decoded
models/gibs/furniture_gibs/furnituretable003a_gib05.mdl,gibs,true,true,true,true,not_yet_decoded
models/gibs/furniture_gibs/furnituretable003a_shard01.mdl,gibs,true,true,true,true,not_yet_decoded
models/gibs/furniture_gibs/furniturewooddrawer003a_chunk01.mdl,gibs,true,true,true,true,not_yet_decoded
models/gibs/furniture_gibs/furniturewooddrawer003a_chunk02.mdl,gibs,true,true,true,true,not_yet_decoded
models/gibs/furniture_gibs/furniturewooddrawer003a_chunk03.mdl,gibs,true,true,true,true,not_yet_decoded
models/gibs/furniture_gibs/furniturewooddrawer003a_chunk04.mdl,gibs,true,true,true,true,not_yet_decoded
models/gibs/furniture_gibs/furniturewooddrawer003a_chunk05.mdl,gibs,true,true,true,true,not_yet_decoded
models/gibs/glass_shard.mdl,gibs,true,true,false,true,not_yet_decoded
models/gibs/glass_shard01.mdl,gibs,true,true,true,true,not_yet_decoded
models/gibs/glass_shard02.mdl,gibs,true,true,true,true,not_yet_decoded
models/gibs/glass_shard03.mdl,gibs,true,true,true,true,not_yet_decoded
models/gibs/glass_shard04.mdl,gibs,true,true,true,true,not_yet_decoded
models/gibs/glass_shard05.mdl,gibs,true,true,true,true,not_yet_decoded
models/gibs/glass_shard06.mdl,gibs,true,true,true,true,not_yet_decoded
models/gibs/gunship_gibs_engine.mdl,gibs,true,true,true,true,not_yet_decoded
models/gibs/gunship_gibs_eye.mdl,gibs,true,true,true,true,not_yet_decoded
models/gibs/gunship_gibs_headsection.mdl,gibs,true,true,true,true,not_yet_decoded
models/gibs/gunship_gibs_midsection.mdl,gibs,true,true,true,true,not_yet_decoded
models/gibs/gunship_gibs_nosegun.mdl,gibs,true,true,true,true,not_yet_decoded
models/gibs/gunship_gibs_sensorarray.mdl,gibs,true,true,true,true,not_yet_decoded
models/gibs/gunship_gibs_tailsection.mdl,gibs,true,true,true,true,not_yet_decoded
models/gibs/gunship_gibs_wing.mdl,gibs,true,true,true,true,not_yet_decoded
models/gibs/helicopter_brokenpiece_01.mdl,gibs,true,true,true,true,not_yet_decoded
models/gibs/helicopter_brokenpiece_02.mdl,gibs,true,true,true,true,not_yet_decoded
models/gibs/helicopter_brokenpiece_03.mdl,gibs,true,true,true,true,not_yet_decoded
models/gibs/helicopter_brokenpiece_04_cockpit.mdl,gibs,true,true,true,true,not_yet_decoded
models/gibs/helicopter_brokenpiece_05_tailfan.mdl,gibs,true,true,true,true,not_yet_decoded
models/gibs/helicopter_brokenpiece_06_body.mdl,gibs,true,true,true,true,not_yet_decoded
models/gibs/hghl1.mdl,gibs,true,true,true,false,not_yet_decoded
models/gibs/hgibs.mdl,gibs,true,true,true,true,not_yet_decoded
models/gibs/hgibs_rib.mdl,gibs,true,true,true,true,not_yet_decoded
models/gibs/hgibs_scapula.mdl,gibs,true,true,true,true,not_yet_decoded
models/gibs/hgibs_spine.mdl,gibs,true,true,true,true,not_yet_decoded
models/gibs/manhack_gib01.mdl,gibs,true,true,true,true,not_yet_decoded
models/gibs/manhack_gib02.mdl,gibs,true,true,true,true,not_yet_decoded
models/gibs/manhack_gib03.mdl,gibs,true,true,true,true,not_yet_decoded
models/gibs/manhack_gib04.mdl,gibs,true,true,true,true,not_yet_decoded
models/gibs/manhack_gib05.mdl,gibs,true,true,true,true,not_yet_decoded
models/gibs/manhack_gib06.mdl,gibs,true,true,true,true,not_yet_decoded
models/gibs/metal_gib1.mdl,gibs,true,true,true,true,not_yet_decoded
models/gibs/metal_gib2.mdl,gibs,true,true,true,true,not_yet_decoded
models/gibs/metal_gib3.mdl,gibs,true,true,true,true,not_yet_decoded
models/gibs/metal_gib4.mdl,gibs,true,true,true,true,not_yet_decoded
models/gibs/metal_gib5.mdl,gibs,true,true,true,true,not_yet_decoded
models/gibs/scanner_gib01.mdl,gibs,true,true,true,true,not_yet_decoded
models/gibs/scanner_gib02.mdl,gibs,true,true,true,true,not_yet_decoded
models/gibs/scanner_gib04.mdl,gibs,true,true,true,true,not_yet_decoded
models/gibs/scanner_gib05.mdl,gibs,true,true,true,true,not_yet_decoded
models/gibs/shield_scanner_gib1.mdl,gibs,true,true,true,true,not_yet_decoded
models/gibs/shield_scanner_gib2.mdl,gibs,true,true,true,true,not_yet_decoded
models/gibs/shield_scanner_gib3.mdl,gibs,true,true,true,true,not_yet_decoded
models/gibs/shield_scanner_gib4.mdl,gibs,true,true,true,true,not_yet_decoded
models/gibs/shield_scanner_gib5.mdl,gibs,true,true,true,true,not_yet_decoded
models/gibs/shield_scanner_gib6.mdl,gibs,true,true,true,true,not_yet_decoded
models/gibs/strider_back_leg.mdl,gibs,true,true,true,true,not_yet_decoded
models/gibs/strider_gib1.mdl,gibs,true,true,true,true,not_yet_decoded
models/gibs/strider_gib2.mdl,gibs,true,true,true,true,not_yet_decoded
models/gibs/strider_gib3.mdl,gibs,true,true,true,true,not_yet_decoded
models/gibs/strider_gib4.mdl,gibs,true,true,true,true,not_yet_decoded
models/gibs/strider_gib5.mdl,gibs,true,true,true,true,not_yet_decoded
models/gibs/strider_gib6.mdl,gibs,true,true,true,true,not_yet_decoded
models/gibs/strider_gib7.mdl,gibs,true,true,true,true,not_yet_decoded
models/gibs/strider_head.mdl,gibs,true,true,true,true,not_yet_decoded
models/gibs/strider_left_leg.mdl,gibs,true,true,true,true,not_yet_decoded
models/gibs/strider_right_leg.mdl,gibs,true,true,true,true,not_yet_decoded
models/gibs/strider_weapon.mdl,gibs,true,true,true,true,not_yet_decoded
models/gibs/wood_gib01a.mdl,gibs,true,true,true,true,not_yet_decoded
models/gibs/wood_gib01b.mdl,gibs,true,true,true,true,not_yet_decoded
models/gibs/wood_gib01c.mdl,gibs,true,true,true,true,not_yet_decoded
models/gibs/wood_gib01d.mdl,gibs,true,true,true,true,not_yet_decoded
models/gibs/wood_gib01e.mdl,gibs,true,true,true,true,not_yet_decoded
models/gman.mdl,gman.mdl,true,true,true,true,not_yet_decoded
models/gman_animations.mdl,gman_animations.mdl,false,false,false,false,not_yet_decoded
models/gman_gestures.mdl,gman_gestures.mdl,false,false,false,false,not_yet_decoded
models/gman_high.mdl,gman_high.mdl,true,true,true,true,not_yet_decoded
models/gman_postures.mdl,gman_postures.mdl,false,false,false,false,not_yet_decoded
models/grub_nugget_large.mdl,grub_nugget_large.mdl,true,true,true,true,not_yet_decoded
models/grub_nugget_medium.mdl,grub_nugget_medium.mdl,true,true,true,true,not_yet_decoded
models/grub_nugget_small.mdl,grub_nugget_small.mdl,true,true,true,true,not_yet_decoded
models/gunship.mdl,gunship.mdl,true,true,true,true,not_yet_decoded
models/h1lch.mdl,h1lch.mdl,true,true,false,false,not_yet_decoded
models/headcrab.mdl,headcrab.mdl,true,true,true,true,not_yet_decoded
models/headcrabblack.mdl,headcrabblack.mdl,true,true,true,true,not_yet_decoded
models/headcrabclassic.mdl,headcrabclassic.mdl,true,true,true,true,not_yet_decoded
models/healthvial.mdl,healthvial.mdl,true,true,true,true,not_yet_decoded
models/hl1bar.mdl,hl1bar.mdl,true,true,true,false,not_yet_decoded
models/hl1barnacle.mdl,hl1barnacle.mdl,true,true,false,false,not_yet_decoded
models/hl1gman.mdl,hl1gman.mdl,true,true,false,false,not_yet_decoded
models/hl1hcrab.mdl,hl1hcrab.mdl,true,true,true,false,not_yet_decoded
models/hl1plr.mdl,hl1plr.mdl,true,true,false,false,not_yet_decoded
models/humans/charple01.mdl,humans,true,true,true,true,not_yet_decoded
models/humans/charple02.mdl,humans,true,true,true,true,not_yet_decoded
models/humans/charple03.mdl,humans,true,true,true,true,not_yet_decoded
models/humans/charple04.mdl,humans,true,true,true,true,not_yet_decoded
models/humans/corpse1.mdl,humans,true,true,true,true,not_yet_decoded
models/humans/female_gestures.mdl,humans,false,false,false,false,not_yet_decoded
models/humans/female_postures.mdl,humans,false,false,false,false,not_yet_decoded
models/humans/female_shared.mdl,humans,false,false,false,false,not_yet_decoded
models/humans/female_ss.mdl,humans,false,false,false,false,not_yet_decoded
models/humans/group01/female_01.mdl,humans,true,true,true,true,not_yet_decoded
models/humans/group01/female_02.mdl,humans,true,true,true,true,not_yet_decoded
models/humans/group01/female_03.mdl,humans,true,true,true,true,not_yet_decoded
models/humans/group01/female_04.mdl,humans,true,true,true,true,not_yet_decoded
models/humans/group01/female_06.mdl,humans,true,true,true,true,not_yet_decoded
models/humans/group01/female_07.mdl,humans,true,true,true,true,not_yet_decoded
models/humans/group01/male_01.mdl,humans,true,true,true,true,not_yet_decoded
models/humans/group01/male_02.mdl,humans,true,true,true,true,not_yet_decoded
models/humans/group01/male_03.mdl,humans,true,true,true,true,not_yet_decoded
models/humans/group01/male_04.mdl,humans,true,true,true,true,not_yet_decoded
models/humans/group01/male_05.mdl,humans,true,true,true,true,not_yet_decoded
models/humans/group01/male_06.mdl,humans,true,true,true,true,not_yet_decoded
models/humans/group01/male_07.mdl,humans,true,true,true,true,not_yet_decoded
models/humans/group01/male_08.mdl,humans,true,true,true,true,not_yet_decoded
models/humans/group01/male_09.mdl,humans,true,true,true,true,not_yet_decoded
models/humans/group01/male_cheaple.mdl,humans,true,true,true,true,not_yet_decoded
models/humans/group02/female_01.mdl,humans,true,true,true,true,not_yet_decoded
models/humans/group02/female_02.mdl,humans,true,true,true,true,not_yet_decoded
models/humans/group02/female_03.mdl,humans,true,true,true,true,not_yet_decoded
models/humans/group02/female_04.mdl,humans,true,true,true,true,not_yet_decoded
models/humans/group02/female_06.mdl,humans,true,true,true,true,not_yet_decoded
models/humans/group02/female_07.mdl,humans,true,true,true,true,not_yet_decoded
models/humans/group02/male_01.mdl,humans,true,true,true,true,not_yet_decoded
models/humans/group02/male_02.mdl,humans,true,true,true,true,not_yet_decoded
models/humans/group02/male_03.mdl,humans,true,true,true,true,not_yet_decoded
models/humans/group02/male_04.mdl,humans,true,true,true,true,not_yet_decoded
models/humans/group02/male_05.mdl,humans,true,true,true,true,not_yet_decoded
models/humans/group02/male_06.mdl,humans,true,true,true,true,not_yet_decoded
models/humans/group02/male_07.mdl,humans,true,true,true,true,not_yet_decoded
models/humans/group02/male_08.mdl,humans,true,true,true,true,not_yet_decoded
models/humans/group02/male_09.mdl,humans,true,true,true,true,not_yet_decoded
models/humans/group03/female_01.mdl,humans,true,true,true,true,not_yet_decoded
models/humans/group03/female_01_bloody.mdl,humans,true,true,true,false,not_yet_decoded
models/humans/group03/female_02.mdl,humans,true,true,true,true,not_yet_decoded
models/humans/group03/female_02_bloody.mdl,humans,true,true,true,false,not_yet_decoded
models/humans/group03/female_03.mdl,humans,true,true,true,true,not_yet_decoded
models/humans/group03/female_03_bloody.mdl,humans,true,true,true,false,not_yet_decoded
models/humans/group03/female_04.mdl,humans,true,true,true,true,not_yet_decoded
models/humans/group03/female_04_bloody.mdl,humans,true,true,true,false,not_yet_decoded
models/humans/group03/female_06.mdl,humans,true,true,true,true,not_yet_decoded
models/humans/group03/female_06_bloody.mdl,humans,true,true,true,false,not_yet_decoded
models/humans/group03/female_07.mdl,humans,true,true,true,true,not_yet_decoded
models/humans/group03/female_07_bloody.mdl,humans,true,true,true,false,not_yet_decoded
models/humans/group03/male_01.mdl,humans,true,true,true,true,not_yet_decoded
models/humans/group03/male_01_bloody.mdl,humans,true,true,true,false,not_yet_decoded
models/humans/group03/male_02.mdl,humans,true,true,true,true,not_yet_decoded
models/humans/group03/male_02_bloody.mdl,humans,true,true,true,false,not_yet_decoded
models/humans/group03/male_03.mdl,humans,true,true,true,true,not_yet_decoded
models/humans/group03/male_03_bloody.mdl,humans,true,true,true,false,not_yet_decoded
models/humans/group03/male_04.mdl,humans,true,true,true,true,not_yet_decoded
models/humans/group03/male_04_bloody.mdl,humans,true,true,true,false,not_yet_decoded
models/humans/group03/male_05.mdl,humans,true,true,true,true,not_yet_decoded
models/humans/group03/male_05_bloody.mdl,humans,true,true,true,false,not_yet_decoded
models/humans/group03/male_06.mdl,humans,true,true,true,true,not_yet_decoded
models/humans/group03/male_06_bloody.mdl,humans,true,true,true,false,not_yet_decoded
models/humans/group03/male_07.mdl,humans,true,true,true,true,not_yet_decoded
models/humans/group03/male_07_bloody.mdl,humans,true,true,true,false,not_yet_decoded
models/humans/group03/male_08.mdl,humans,true,true,true,true,not_yet_decoded
models/humans/group03/male_08_bloody.mdl,humans,true,true,true,false,not_yet_decoded
models/humans/group03/male_09.mdl,humans,true,true,true,true,not_yet_decoded
models/humans/group03/male_09_bloody.mdl,humans,true,true,true,false,not_yet_decoded
models/humans/group03m/female_01.mdl,humans,true,true,true,true,not_yet_decoded
models/humans/group03m/female_02.mdl,humans,true,true,true,true,not_yet_decoded
models/humans/group03m/female_03.mdl,humans,true,true,true,true,not_yet_decoded
models/humans/group03m/female_04.mdl,humans,true,true,true,true,not_yet_decoded
models/humans/group03m/female_06.mdl,humans,true,true,true,true,not_yet_decoded
models/humans/group03m/female_07.mdl,humans,true,true,true,true,not_yet_decoded
models/humans/group03m/male_01.mdl,humans,true,true,true,true,not_yet_decoded
models/humans/group03m/male_02.mdl,humans,true,true,true,true,not_yet_decoded
models/humans/group03m/male_03.mdl,humans,true,true,true,true,not_yet_decoded
models/humans/group03m/male_04.mdl,humans,true,true,true,true,not_yet_decoded
models/humans/group03m/male_05.mdl,humans,true,true,true,true,not_yet_decoded
models/humans/group03m/male_06.mdl,humans,true,true,true,true,not_yet_decoded
models/humans/group03m/male_07.mdl,humans,true,true,true,true,not_yet_decoded
models/humans/group03m/male_08.mdl,humans,true,true,true,true,not_yet_decoded
models/humans/group03m/male_09.mdl,humans,true,true,true,true,not_yet_decoded
models/humans/male_gestures.mdl,humans,false,false,false,false,not_yet_decoded
models/humans/male_postures.mdl,humans,false,false,false,false,not_yet_decoded
models/humans/male_shared.mdl,humans,false,false,false,false,not_yet_decoded
models/humans/male_ss.mdl,humans,false,false,false,false,not_yet_decoded
models/hunter.mdl,hunter.mdl,true,true,true,true,not_yet_decoded
models/hunter/blocks/cube025x025x025.mdl,hunter,true,true,true,true,not_yet_decoded
models/hunter/blocks/cube025x05x025.mdl,hunter,true,true,true,true,not_yet_decoded
models/hunter/blocks/cube025x075x025.mdl,hunter,true,true,true,true,not_yet_decoded
models/hunter/blocks/cube025x125x025.mdl,hunter,true,true,true,true,not_yet_decoded
models/hunter/blocks/cube025x150x025.mdl,hunter,true,true,true,true,not_yet_decoded
models/hunter/blocks/cube025x1x025.mdl,hunter,true,true,true,true,not_yet_decoded
models/hunter/blocks/cube025x2x025.mdl,hunter,true,true,true,true,not_yet_decoded
models/hunter/blocks/cube025x3x025.mdl,hunter,true,true,true,true,not_yet_decoded
models/hunter/blocks/cube025x4x025.mdl,hunter,true,true,true,true,not_yet_decoded
models/hunter/blocks/cube025x5x025.mdl,hunter,true,true,true,true,not_yet_decoded
models/hunter/blocks/cube025x6x025.mdl,hunter,true,true,true,true,not_yet_decoded
models/hunter/blocks/cube025x7x025.mdl,hunter,true,true,true,true,not_yet_decoded
models/hunter/blocks/cube025x8x025.mdl,hunter,true,true,true,true,not_yet_decoded
models/hunter/blocks/cube05x05x025.mdl,hunter,true,true,true,true,not_yet_decoded
models/hunter/blocks/cube05x05x05.mdl,hunter,true,true,true,true,not_yet_decoded
models/hunter/blocks/cube05x075x025.mdl,hunter,true,true,true,true,not_yet_decoded
models/hunter/blocks/cube05x105x05.mdl,hunter,true,true,true,true,not_yet_decoded
models/hunter/blocks/cube05x1x025.mdl,hunter,true,true,true,true,not_yet_decoded
models/hunter/blocks/cube05x1x05.mdl,hunter,true,true,true,true,not_yet_decoded
models/hunter/blocks/cube05x2x025.mdl,hunter,true,true,true,true,not_yet_decoded
models/hunter/blocks/cube05x2x05.mdl,hunter,true,true,true,true,not_yet_decoded
models/hunter/blocks/cube05x3x025.mdl,hunter,true,true,true,true,not_yet_decoded
models/hunter/blocks/cube05x3x05.mdl,hunter,true,true,true,true,not_yet_decoded
models/hunter/blocks/cube05x4x025.mdl,hunter,true,true,true,true,not_yet_decoded
models/hunter/blocks/cube05x4x05.mdl,hunter,true,true,true,true,not_yet_decoded
models/hunter/blocks/cube05x5x025.mdl,hunter,true,true,true,true,not_yet_decoded
models/hunter/blocks/cube05x5x05.mdl,hunter,true,true,true,true,not_yet_decoded
models/hunter/blocks/cube05x6x025.mdl,hunter,true,true,true,true,not_yet_decoded
models/hunter/blocks/cube05x6x05.mdl,hunter,true,true,true,true,not_yet_decoded
models/hunter/blocks/cube05x7x025.mdl,hunter,true,true,true,true,not_yet_decoded
models/hunter/blocks/cube05x7x05.mdl,hunter,true,true,true,true,not_yet_decoded
models/hunter/blocks/cube05x8x025.mdl,hunter,true,true,true,true,not_yet_decoded
models/hunter/blocks/cube05x8x05.mdl,hunter,true,true,true,true,not_yet_decoded
models/hunter/blocks/cube075x075x025.mdl,hunter,true,true,true,true,not_yet_decoded
models/hunter/blocks/cube075x075x075.mdl,hunter,true,true,true,true,not_yet_decoded
models/hunter/blocks/cube075x1x025.mdl,hunter,true,true,true,true,not_yet_decoded
models/hunter/blocks/cube075x1x075.mdl,hunter,true,true,true,true,not_yet_decoded
models/hunter/blocks/cube075x1x1.mdl,hunter,true,true,true,true,not_yet_decoded
models/hunter/blocks/cube075x2x025.mdl,hunter,true,true,true,true,not_yet_decoded
models/hunter/blocks/cube075x2x075.mdl,hunter,true,true,true,true,not_yet_decoded
models/hunter/blocks/cube075x2x1.mdl,hunter,true,true,true,true,not_yet_decoded
models/hunter/blocks/cube075x3x025.mdl,hunter,true,true,true,true,not_yet_decoded
models/hunter/blocks/cube075x3x075.mdl,hunter,true,true,true,true,not_yet_decoded
models/hunter/blocks/cube075x3x1.mdl,hunter,true,true,true,true,not_yet_decoded
models/hunter/blocks/cube075x4x025.mdl,hunter,true,true,true,true,not_yet_decoded
models/hunter/blocks/cube075x4x075.mdl,hunter,true,true,true,true,not_yet_decoded
models/hunter/blocks/cube075x5x075.mdl,hunter,true,true,true,true,not_yet_decoded
models/hunter/blocks/cube075x6x025.mdl,hunter,true,true,true,true,not_yet_decoded
models/hunter/blocks/cube075x6x075.mdl,hunter,true,true,true,true,not_yet_decoded
models/hunter/blocks/cube075x7x075.mdl,hunter,true,true,true,true,not_yet_decoded
models/hunter/blocks/cube075x8x025.mdl,hunter,true,true,true,true,not_yet_decoded
models/hunter/blocks/cube075x8x075.mdl,hunter,true,true,true,true,not_yet_decoded
models/hunter/blocks/cube125x125x025.mdl,hunter,true,true,true,true,not_yet_decoded
models/hunter/blocks/cube150x150x025.mdl,hunter,true,true,true,true,not_yet_decoded
models/hunter/blocks/cube1x150x1.mdl,hunter,true,true,true,true,not_yet_decoded
models/hunter/blocks/cube1x1x025.mdl,hunter,true,true,true,true,not_yet_decoded
models/hunter/blocks/cube1x1x05.mdl,hunter,true,true,true,true,not_yet_decoded
models/hunter/blocks/cube1x1x1.mdl,hunter,true,true,true,true,not_yet_decoded
models/hunter/blocks/cube1x2x025.mdl,hunter,true,true,true,true,not_yet_decoded
models/hunter/blocks/cube1x2x05.mdl,hunter,true,true,true,true,not_yet_decoded
models/hunter/blocks/cube1x2x1.mdl,hunter,true,true,true,true,not_yet_decoded
models/hunter/blocks/cube1x3x025.mdl,hunter,true,true,true,true,not_yet_decoded
models/hunter/blocks/cube1x3x1.mdl,hunter,true,true,true,true,not_yet_decoded
models/hunter/blocks/cube1x4x025.mdl,hunter,true,true,true,true,not_yet_decoded
models/hunter/blocks/cube1x4x05.mdl,hunter,true,true,true,true,not_yet_decoded
models/hunter/blocks/cube1x4x1.mdl,hunter,true,true,true,true,not_yet_decoded
models/hunter/blocks/cube1x5x025.mdl,hunter,true,true,true,true,not_yet_decoded
models/hunter/blocks/cube1x6x025.mdl,hunter,true,true,true,true,not_yet_decoded
models/hunter/blocks/cube1x6x05.mdl,hunter,true,true,true,true,not_yet_decoded
models/hunter/blocks/cube1x6x1.mdl,hunter,true,true,true,true,not_yet_decoded
models/hunter/blocks/cube1x7x025.mdl,hunter,true,true,true,true,not_yet_decoded
models/hunter/blocks/cube1x8x025.mdl,hunter,true,true,true,true,not_yet_decoded
models/hunter/blocks/cube1x8x05.mdl,hunter,true,true,true,true,not_yet_decoded
models/hunter/blocks/cube1x8x1.mdl,hunter,true,true,true,true,not_yet_decoded
models/hunter/blocks/cube2x1x1.mdl,hunter,true,true,true,true,not_yet_decoded
models/hunter/blocks/cube2x2x025.mdl,hunter,true,true,true,true,not_yet_decoded
models/hunter/blocks/cube2x2x05.mdl,hunter,true,true,true,true,not_yet_decoded
models/hunter/blocks/cube2x2x1.mdl,hunter,true,true,true,true,not_yet_decoded
models/hunter/blocks/cube2x2x2.mdl,hunter,true,true,true,true,not_yet_decoded
models/hunter/blocks/cube2x3x025.mdl,hunter,true,true,true,true,not_yet_decoded
models/hunter/blocks/cube2x4x025.mdl,hunter,true,true,true,true,not_yet_decoded
models/hunter/blocks/cube2x4x05.mdl,hunter,true,true,true,true,not_yet_decoded
models/hunter/blocks/cube2x4x1.mdl,hunter,true,true,true,true,not_yet_decoded
models/hunter/blocks/cube2x6x025.mdl,hunter,true,true,true,true,not_yet_decoded
models/hunter/blocks/cube2x6x05.mdl,hunter,true,true,true,true,not_yet_decoded
models/hunter/blocks/cube2x6x1.mdl,hunter,true,true,true,true,not_yet_decoded
models/hunter/blocks/cube2x8x025.mdl,hunter,true,true,true,true,not_yet_decoded
models/hunter/blocks/cube2x8x05.mdl,hunter,true,true,true,true,not_yet_decoded
models/hunter/blocks/cube2x8x1.mdl,hunter,true,true,true,true,not_yet_decoded
models/hunter/blocks/cube3x3x025.mdl,hunter,true,true,true,true,not_yet_decoded
models/hunter/blocks/cube3x3x05.mdl,hunter,true,true,true,true,not_yet_decoded
models/hunter/blocks/cube3x4x025.mdl,hunter,true,true,true,true,not_yet_decoded
models/hunter/blocks/cube3x6x025.mdl,hunter,true,true,true,true,not_yet_decoded
models/hunter/blocks/cube3x8x025.mdl,hunter,true,true,true,true,not_yet_decoded
models/hunter/blocks/cube4x4x025.mdl,hunter,true,true,true,true,not_yet_decoded
models/hunter/blocks/cube4x4x05.mdl,hunter,true,true,true,true,not_yet_decoded
models/hunter/blocks/cube4x4x1.mdl,hunter,true,true,true,true,not_yet_decoded
models/hunter/blocks/cube4x4x2.mdl,hunter,true,true,true,true,not_yet_decoded
models/hunter/blocks/cube4x4x4.mdl,hunter,true,true,true,true,not_yet_decoded
models/hunter/blocks/cube4x6x025.mdl,hunter,true,true,true,true,not_yet_decoded
models/hunter/blocks/cube4x6x05.mdl,hunter,true,true,true,true,not_yet_decoded
models/hunter/blocks/cube4x6x1.mdl,hunter,true,true,true,true,not_yet_decoded
models/hunter/blocks/cube4x6x2.mdl,hunter,true,true,true,true,not_yet_decoded
models/hunter/blocks/cube4x6x4.mdl,hunter,true,true,true,true,not_yet_decoded
models/hunter/blocks/cube4x6x6.mdl,hunter,true,true,true,true,not_yet_decoded
models/hunter/blocks/cube4x8x025.mdl,hunter,true,true,true,true,not_yet_decoded
models/hunter/blocks/cube4x8x05.mdl,hunter,true,true,true,true,not_yet_decoded
models/hunter/blocks/cube4x8x1.mdl,hunter,true,true,true,true,not_yet_decoded
models/hunter/blocks/cube6x6x025.mdl,hunter,true,true,true,true,not_yet_decoded
models/hunter/blocks/cube6x6x05.mdl,hunter,true,true,true,true,not_yet_decoded
models/hunter/blocks/cube6x6x1.mdl,hunter,true,true,true,true,not_yet_decoded
models/hunter/blocks/cube6x6x2.mdl,hunter,true,true,true,true,not_yet_decoded
models/hunter/blocks/cube6x6x6.mdl,hunter,true,true,true,true,not_yet_decoded
models/hunter/blocks/cube6x8x05.mdl,hunter,true,true,true,true,not_yet_decoded
models/hunter/blocks/cube6x8x1.mdl,hunter,true,true,true,true,not_yet_decoded
models/hunter/blocks/cube6x8x2.mdl,hunter,true,true,true,true,not_yet_decoded
models/hunter/blocks/cube8x8x025.mdl,hunter,true,true,true,true,not_yet_decoded
models/hunter/blocks/cube8x8x05.mdl,hunter,true,true,true,true,not_yet_decoded
models/hunter/blocks/cube8x8x1.mdl,hunter,true,true,true,true,not_yet_decoded
models/hunter/blocks/cube8x8x2.mdl,hunter,true,true,true,true,not_yet_decoded
models/hunter/blocks/cube8x8x4.mdl,hunter,true,true,true,true,not_yet_decoded
models/hunter/blocks/cube8x8x8.mdl,hunter,true,true,true,true,not_yet_decoded
models/hunter/geometric/hex025x1.mdl,hunter,true,true,true,true,not_yet_decoded
models/hunter/geometric/hex05x1.mdl,hunter,true,true,true,true,not_yet_decoded
models/hunter/geometric/hex1x05.mdl,hunter,true,true,true,true,not_yet_decoded
models/hunter/geometric/hex1x1.mdl,hunter,true,true,true,true,not_yet_decoded
models/hunter/geometric/para1x1.mdl,hunter,true,true,true,true,not_yet_decoded
models/hunter/geometric/pent1x1.mdl,hunter,true,true,true,true,not_yet_decoded
models/hunter/geometric/tri1x1eq.mdl,hunter,true,true,true,true,not_yet_decoded
models/hunter/misc/cone1x05.mdl,hunter,true,true,true,true,not_yet_decoded
models/hunter/misc/cone1x1.mdl,hunter,true,true,true,true,not_yet_decoded
models/hunter/misc/cone2x05.mdl,hunter,true,true,true,true,not_yet_decoded
models/hunter/misc/cone2x1.mdl,hunter,true,true,true,true,not_yet_decoded
models/hunter/misc/cone2x2.mdl,hunter,true,true,true,true,not_yet_decoded
models/hunter/misc/cone4x1.mdl,hunter,true,true,true,true,not_yet_decoded
models/hunter/misc/cone4x2.mdl,hunter,true,true,true,true,not_yet_decoded
models/hunter/misc/cone4x2mirrored.mdl,hunter,true,true,true,true,not_yet_decoded
models/hunter/misc/lift2x2.mdl,hunter,true,true,true,true,not_yet_decoded
models/hunter/misc/platehole1x1a.mdl,hunter,true,true,true,true,not_yet_decoded
models/hunter/misc/platehole1x1b.mdl,hunter,true,true,true,true,not_yet_decoded
models/hunter/misc/platehole1x1c.mdl,hunter,true,true,true,true,not_yet_decoded
models/hunter/misc/platehole1x1d.mdl,hunter,true,true,true,true,not_yet_decoded
models/hunter/misc/platehole4x4.mdl,hunter,true,true,true,true,not_yet_decoded
models/hunter/misc/platehole4x4b.mdl,hunter,true,true,true,true,not_yet_decoded
models/hunter/misc/platehole4x4c.mdl,hunter,true,true,true,true,not_yet_decoded
models/hunter/misc/platehole4x4d.mdl,hunter,true,true,true,true,not_yet_decoded
models/hunter/misc/roundthing1.mdl,hunter,true,true,true,true,not_yet_decoded
models/hunter/misc/roundthing2.mdl,hunter,true,true,true,true,not_yet_decoded
models/hunter/misc/roundthing3.mdl,hunter,true,true,true,true,not_yet_decoded
models/hunter/misc/roundthing4.mdl,hunter,true,true,true,true,not_yet_decoded
models/hunter/misc/shell2x2.mdl,hunter,true,true,true,true,not_yet_decoded
models/hunter/misc/shell2x2a.mdl,hunter,true,true,true,true,not_yet_decoded
models/hunter/misc/shell2x2b.mdl,hunter,true,true,true,true,not_yet_decoded
models/hunter/misc/shell2x2c.mdl,hunter,true,true,true,true,not_yet_decoded
models/hunter/misc/shell2x2d.mdl,hunter,true,true,true,true,not_yet_decoded
models/hunter/misc/shell2x2e.mdl,hunter,true,true,true,true,not_yet_decoded
models/hunter/misc/shell2x2x45.mdl,hunter,true,true,true,true,not_yet_decoded
models/hunter/misc/sphere025x025.mdl,hunter,true,true,true,true,not_yet_decoded
models/hunter/misc/sphere075x075.mdl,hunter,true,true,true,true,not_yet_decoded
models/hunter/misc/sphere175x175.mdl,hunter,true,true,true,true,not_yet_decoded
models/hunter/misc/sphere1x1.mdl,hunter,true,true,true,true,not_yet_decoded
models/hunter/misc/sphere2x2.mdl,hunter,true,true,true,true,not_yet_decoded
models/hunter/misc/sphere375x375.mdl,hunter,true,true,true,true,not_yet_decoded
models/hunter/misc/squarecap1x1x1.mdl,hunter,true,true,true,true,not_yet_decoded
models/hunter/misc/squarecap2x1x1.mdl,hunter,true,true,true,true,not_yet_decoded
models/hunter/misc/squarecap2x1x2.mdl,hunter,true,true,true,true,not_yet_decoded
models/hunter/misc/squarecap2x2x2.mdl,hunter,true,true,true,true,not_yet_decoded
models/hunter/misc/stair1x1.mdl,hunter,true,true,true,true,not_yet_decoded
models/hunter/misc/stair1x1inside.mdl,hunter,true,true,true,true,not_yet_decoded
models/hunter/misc/stair1x1outside.mdl,hunter,true,true,true,true,not_yet_decoded
models/hunter/plates/plate.mdl,hunter,true,true,true,true,not_yet_decoded
models/hunter/plates/plate025.mdl,hunter,true,true,true,true,not_yet_decoded
models/hunter/plates/plate025x025.mdl,hunter,true,true,true,true,not_yet_decoded
models/hunter/plates/plate025x05.mdl,hunter,true,true,true,true,not_yet_decoded
models/hunter/plates/plate025x075.mdl,hunter,true,true,true,true,not_yet_decoded
models/hunter/plates/plate025x1.mdl,hunter,true,true,true,true,not_yet_decoded
models/hunter/plates/plate025x125.mdl,hunter,true,true,true,true,not_yet_decoded
models/hunter/plates/plate025x150.mdl,hunter,true,true,true,true,not_yet_decoded
models/hunter/plates/plate025x16.mdl,hunter,true,true,true,true,not_yet_decoded
models/hunter/plates/plate025x175.mdl,hunter,true,true,true,true,not_yet_decoded
models/hunter/plates/plate025x2.mdl,hunter,true,true,true,true,not_yet_decoded
models/hunter/plates/plate025x24.mdl,hunter,true,true,true,true,not_yet_decoded
models/hunter/plates/plate025x3.mdl,hunter,true,true,true,true,not_yet_decoded
models/hunter/plates/plate025x32.mdl,hunter,true,true,true,true,not_yet_decoded
models/hunter/plates/plate025x4.mdl,hunter,true,true,true,true,not_yet_decoded
models/hunter/plates/plate025x5.mdl,hunter,true,true,true,true,not_yet_decoded
models/hunter/plates/plate025x6.mdl,hunter,true,true,true,true,not_yet_decoded
models/hunter/plates/plate025x7.mdl,hunter,true,true,true,true,not_yet_decoded
models/hunter/plates/plate025x8.mdl,hunter,true,true,true,true,not_yet_decoded
models/hunter/plates/plate05.mdl,hunter,true,true,true,true,not_yet_decoded
models/hunter/plates/plate05x05.mdl,hunter,true,true,true,true,not_yet_decoded
models/hunter/plates/plate05x05_rounded.mdl,hunter,true,true,true,true,not_yet_decoded
models/hunter/plates/plate05x075.mdl,hunter,true,true,true,true,not_yet_decoded
models/hunter/plates/plate05x1.mdl,hunter,true,true,true,true,not_yet_decoded
models/hunter/plates/plate05x16.mdl,hunter,true,true,true,true,not_yet_decoded
models/hunter/plates/plate05x2.mdl,hunter,true,true,true,true,not_yet_decoded
models/hunter/plates/plate05x24.mdl,hunter,true,true,true,true,not_yet_decoded
models/hunter/plates/plate05x3.mdl,hunter,true,true,true,true,not_yet_decoded
models/hunter/plates/plate05x32.mdl,hunter,true,true,true,true,not_yet_decoded
models/hunter/plates/plate05x4.mdl,hunter,true,true,true,true,not_yet_decoded
models/hunter/plates/plate05x5.mdl,hunter,true,true,true,true,not_yet_decoded
models/hunter/plates/plate05x6.mdl,hunter,true,true,true,true,not_yet_decoded
models/hunter/plates/plate05x7.mdl,hunter,true,true,true,true,not_yet_decoded
models/hunter/plates/plate05x8.mdl,hunter,true,true,true,true,not_yet_decoded
models/hunter/plates/plate075.mdl,hunter,true,true,true,true,not_yet_decoded
models/hunter/plates/plate075x075.mdl,hunter,true,true,true,true,not_yet_decoded
models/hunter/plates/plate075x1.mdl,hunter,true,true,true,true,not_yet_decoded
models/hunter/plates/plate075x105.mdl,hunter,true,true,true,true,not_yet_decoded
models/hunter/plates/plate075x16.mdl,hunter,true,true,true,true,not_yet_decoded
models/hunter/plates/plate075x2.mdl,hunter,true,true,true,true,not_yet_decoded
models/hunter/plates/plate075x24.mdl,hunter,true,true,true,true,not_yet_decoded
models/hunter/plates/plate075x3.mdl,hunter,true,true,true,true,not_yet_decoded
models/hunter/plates/plate075x32.mdl,hunter,true,true,true,true,not_yet_decoded
models/hunter/plates/plate075x4.mdl,hunter,true,true,true,true,not_yet_decoded
models/hunter/plates/plate075x5.mdl,hunter,true,true,true,true,not_yet_decoded
models/hunter/plates/plate075x6.mdl,hunter,true,true,true,true,not_yet_decoded
models/hunter/plates/plate075x7.mdl,hunter,true,true,true,true,not_yet_decoded
models/hunter/plates/plate075x8.mdl,hunter,true,true,true,true,not_yet_decoded
models/hunter/plates/plate1.mdl,hunter,true,true,true,true,not_yet_decoded
models/hunter/plates/plate125.mdl,hunter,true,true,true,true,not_yet_decoded
models/hunter/plates/plate150.mdl,hunter,true,true,true,true,not_yet_decoded
models/hunter/plates/plate16.mdl,hunter,true,true,true,true,not_yet_decoded
models/hunter/plates/plate16x16.mdl,hunter,true,true,true,true,not_yet_decoded
models/hunter/plates/plate16x24.mdl,hunter,true,true,true,true,not_yet_decoded
models/hunter/plates/plate16x32.mdl,hunter,true,true,true,true,not_yet_decoded
models/hunter/plates/plate175.mdl,hunter,true,true,true,true,not_yet_decoded
models/hunter/plates/plate1x1.mdl,hunter,true,true,true,true,not_yet_decoded
models/hunter/plates/plate1x16.mdl,hunter,true,true,true,true,not_yet_decoded
models/hunter/plates/plate1x2.mdl,hunter,true,true,true,true,not_yet_decoded
models/hunter/plates/plate1x24.mdl,hunter,true,true,true,true,not_yet_decoded
models/hunter/plates/plate1x3.mdl,hunter,true,true,true,true,not_yet_decoded
models/hunter/plates/plate1x32.mdl,hunter,true,true,true,true,not_yet_decoded
models/hunter/plates/plate1x3x1trap.mdl,hunter,true,true,true,true,not_yet_decoded
models/hunter/plates/plate1x4.mdl,hunter,true,true,true,true,not_yet_decoded
models/hunter/plates/plate1x4x2trap.mdl,hunter,true,true,true,true,not_yet_decoded
models/hunter/plates/plate1x4x2trap1.mdl,hunter,true,true,true,true,not_yet_decoded
models/hunter/plates/plate1x5.mdl,hunter,true,true,true,true,not_yet_decoded
models/hunter/plates/plate1x6.mdl,hunter,true,true,true,true,not_yet_decoded
models/hunter/plates/plate1x7.mdl,hunter,true,true,true,true,not_yet_decoded
models/hunter/plates/plate1x8.mdl,hunter,true,true,true,true,not_yet_decoded
models/hunter/plates/plate2.mdl,hunter,true,true,true,true,not_yet_decoded
models/hunter/plates/plate24x24.mdl,hunter,true,true,true,true,not_yet_decoded
models/hunter/plates/plate24x32.mdl,hunter,true,true,true,true,not_yet_decoded
models/hunter/plates/plate2x16.mdl,hunter,true,true,true,true,not_yet_decoded
models/hunter/plates/plate2x2.mdl,hunter,true,true,true,true,not_yet_decoded
models/hunter/plates/plate2x24.mdl,hunter,true,true,true,true,not_yet_decoded
models/hunter/plates/plate2x3.mdl,hunter,true,true,true,true,not_yet_decoded
models/hunter/plates/plate2x32.mdl,hunter,true,true,true,true,not_yet_decoded
models/hunter/plates/plate2x4.mdl,hunter,true,true,true,true,not_yet_decoded
models/hunter/plates/plate2x5.mdl,hunter,true,true,true,true,not_yet_decoded
models/hunter/plates/plate2x6.mdl,hunter,true,true,true,true,not_yet_decoded
models/hunter/plates/plate2x7.mdl,hunter,true,true,true,true,not_yet_decoded
models/hunter/plates/plate2x8.mdl,hunter,true,true,true,true,not_yet_decoded
models/hunter/plates/plate3.mdl,hunter,true,true,true,true,not_yet_decoded
models/hunter/plates/plate32x32.mdl,hunter,true,true,true,true,not_yet_decoded
models/hunter/plates/plate3x16.mdl,hunter,true,true,true,true,not_yet_decoded
models/hunter/plates/plate3x24.mdl,hunter,true,true,true,true,not_yet_decoded
models/hunter/plates/plate3x3.mdl,hunter,true,true,true,true,not_yet_decoded
models/hunter/plates/plate3x32.mdl,hunter,true,true,true,true,not_yet_decoded
models/hunter/plates/plate3x4.mdl,hunter,true,true,true,true,not_yet_decoded
models/hunter/plates/plate3x5.mdl,hunter,true,true,true,true,not_yet_decoded
models/hunter/plates/plate3x6.mdl,hunter,true,true,true,true,not_yet_decoded
models/hunter/plates/plate3x7.mdl,hunter,true,true,true,true,not_yet_decoded
models/hunter/plates/plate3x8.mdl,hunter,true,true,true,true,not_yet_decoded
models/hunter/plates/plate4.mdl,hunter,true,true,true,true,not_yet_decoded
models/hunter/plates/plate4x16.mdl,hunter,true,true,true,true,not_yet_decoded
models/hunter/plates/plate4x24.mdl,hunter,true,true,true,true,not_yet_decoded
models/hunter/plates/plate4x32.mdl,hunter,true,true,true,true,not_yet_decoded
models/hunter/plates/plate4x4.mdl,hunter,true,true,true,true,not_yet_decoded
models/hunter/plates/plate4x5.mdl,hunter,true,true,true,true,not_yet_decoded
models/hunter/plates/plate4x6.mdl,hunter,true,true,true,true,not_yet_decoded
models/hunter/plates/plate4x7.mdl,hunter,true,true,true,true,not_yet_decoded
models/hunter/plates/plate4x8.mdl,hunter,true,true,true,true,not_yet_decoded
models/hunter/plates/plate5.mdl,hunter,true,true,true,true,not_yet_decoded
models/hunter/plates/plate5x16.mdl,hunter,true,true,true,true,not_yet_decoded
models/hunter/plates/plate5x24.mdl,hunter,true,true,true,true,not_yet_decoded
models/hunter/plates/plate5x32.mdl,hunter,true,true,true,true,not_yet_decoded
models/hunter/plates/plate5x5.mdl,hunter,true,true,true,true,not_yet_decoded
models/hunter/plates/plate5x6.mdl,hunter,true,true,true,true,not_yet_decoded
models/hunter/plates/plate5x7.mdl,hunter,true,true,true,true,not_yet_decoded
models/hunter/plates/plate5x8.mdl,hunter,true,true,true,true,not_yet_decoded
models/hunter/plates/plate6.mdl,hunter,true,true,true,true,not_yet_decoded
models/hunter/plates/plate6x16.mdl,hunter,true,true,true,true,not_yet_decoded
models/hunter/plates/plate6x24.mdl,hunter,true,true,true,true,not_yet_decoded
models/hunter/plates/plate6x32.mdl,hunter,true,true,true,true,not_yet_decoded
models/hunter/plates/plate6x6.mdl,hunter,true,true,true,true,not_yet_decoded
models/hunter/plates/plate6x7.mdl,hunter,true,true,true,true,not_yet_decoded
models/hunter/plates/plate6x8.mdl,hunter,true,true,true,true,not_yet_decoded
models/hunter/plates/plate7.mdl,hunter,true,true,true,true,not_yet_decoded
models/hunter/plates/plate7x16.mdl,hunter,true,true,true,true,not_yet_decoded
models/hunter/plates/plate7x24.mdl,hunter,true,true,true,true,not_yet_decoded
models/hunter/plates/plate7x32.mdl,hunter,true,true,true,true,not_yet_decoded
models/hunter/plates/plate7x7.mdl,hunter,true,true,true,true,not_yet_decoded
models/hunter/plates/plate7x8.mdl,hunter,true,true,true,true,not_yet_decoded
models/hunter/plates/plate8.mdl,hunter,true,true,true,true,not_yet_decoded
models/hunter/plates/plate8x16.mdl,hunter,true,true,true,true,not_yet_decoded
models/hunter/plates/plate8x24.mdl,hunter,true,true,true,true,not_yet_decoded
models/hunter/plates/plate8x32.mdl,hunter,true,true,true,true,not_yet_decoded
models/hunter/plates/plate8x8.mdl,hunter,true,true,true,true,not_yet_decoded
models/hunter/plates/platehole1x1.mdl,hunter,true,true,true,true,not_yet_decoded
models/hunter/plates/platehole1x2.mdl,hunter,true,true,true,true,not_yet_decoded
models/hunter/plates/platehole2x2.mdl,hunter,true,true,true,true,not_yet_decoded
models/hunter/plates/platehole3.mdl,hunter,true,true,true,true,not_yet_decoded
models/hunter/plates/tri1x1.mdl,hunter,true,true,true,true,not_yet_decoded
models/hunter/plates/tri2x1.mdl,hunter,true,true,true,true,not_yet_decoded
models/hunter/plates/tri3x1.mdl,hunter,true,true,true,true,not_yet_decoded
models/hunter/triangles/025x025.mdl,hunter,true,true,true,true,not_yet_decoded
models/hunter/triangles/025x025mirrored.mdl,hunter,true,true,true,true,not_yet_decoded
models/hunter/triangles/05x05.mdl,hunter,true,true,true,true,not_yet_decoded
models/hunter/triangles/05x05mirrored.mdl,hunter,true,true,true,true,not_yet_decoded
models/hunter/triangles/05x05x05.mdl,hunter,true,true,true,true,not_yet_decoded
models/hunter/triangles/075x075.mdl,hunter,true,true,true,true,not_yet_decoded
models/hunter/triangles/075x075mirrored.mdl,hunter,true,true,true,true,not_yet_decoded
models/hunter/triangles/1x05x05.mdl,hunter,true,true,true,true,not_yet_decoded
models/hunter/triangles/1x05x1.mdl,hunter,true,true,true,true,not_yet_decoded
models/hunter/triangles/1x1.mdl,hunter,true,true,true,true,not_yet_decoded
models/hunter/triangles/1x1mirrored.mdl,hunter,true,true,true,true,not_yet_decoded
models/hunter/triangles/1x1x1.mdl,hunter,true,true,true,true,not_yet_decoded
models/hunter/triangles/1x1x1carved.mdl,hunter,true,true,true,true,not_yet_decoded
models/hunter/triangles/1x1x1carved025.mdl,hunter,true,true,true,true,not_yet_decoded
models/hunter/triangles/1x1x2.mdl,hunter,true,true,true,true,not_yet_decoded
models/hunter/triangles/1x1x2carved.mdl,hunter,true,true,true,true,not_yet_decoded
models/hunter/triangles/1x1x2carved025.mdl,hunter,true,true,true,true,not_yet_decoded
models/hunter/triangles/1x1x3.mdl,hunter,true,true,true,true,not_yet_decoded
models/hunter/triangles/1x1x4.mdl,hunter,true,true,true,true,not_yet_decoded
models/hunter/triangles/1x1x4carved.mdl,hunter,true,true,true,true,not_yet_decoded
models/hunter/triangles/1x1x4carved025.mdl,hunter,true,true,true,true,not_yet_decoded
models/hunter/triangles/1x1x5.mdl,hunter,true,true,true,true,not_yet_decoded
models/hunter/triangles/2x1x1.mdl,hunter,true,true,true,true,not_yet_decoded
models/hunter/triangles/2x1x1carved.mdl,hunter,true,true,true,true,not_yet_decoded
models/hunter/triangles/2x1x2carved.mdl,hunter,true,true,true,true,not_yet_decoded
models/hunter/triangles/2x2.mdl,hunter,true,true,true,true,not_yet_decoded
models/hunter/triangles/2x2mirrored.mdl,hunter,true,true,true,true,not_yet_decoded
models/hunter/triangles/2x2x1.mdl,hunter,true,true,true,true,not_yet_decoded
models/hunter/triangles/2x2x1carved.mdl,hunter,true,true,true,true,not_yet_decoded
models/hunter/triangles/2x2x2.mdl,hunter,true,true,true,true,not_yet_decoded
models/hunter/triangles/2x2x2carved.mdl,hunter,true,true,true,true,not_yet_decoded
models/hunter/triangles/2x2x4carved.mdl,hunter,true,true,true,true,not_yet_decoded
models/hunter/triangles/3x2x2.mdl,hunter,true,true,true,true,not_yet_decoded
models/hunter/triangles/3x3.mdl,hunter,true,true,true,true,not_yet_decoded
models/hunter/triangles/3x3mirrored.mdl,hunter,true,true,true,true,not_yet_decoded
models/hunter/triangles/3x3x2.mdl,hunter,true,true,true,true,not_yet_decoded
models/hunter/triangles/4x4.mdl,hunter,true,true,true,true,not_yet_decoded
models/hunter/triangles/4x4mirrored.mdl,hunter,true,true,true,true,not_yet_decoded
models/hunter/triangles/5x5.mdl,hunter,true,true,true,true,not_yet_decoded
models/hunter/triangles/6x6.mdl,hunter,true,true,true,true,not_yet_decoded
models/hunter/triangles/7x7.mdl,hunter,true,true,true,true,not_yet_decoded
models/hunter/triangles/8x8.mdl,hunter,true,true,true,true,not_yet_decoded
models/hunter/triangles/trapezium.mdl,hunter,true,true,true,true,not_yet_decoded
models/hunter/triangles/trapezium3x3x1.mdl,hunter,true,true,true,true,not_yet_decoded
models/hunter/triangles/trapezium3x3x1a.mdl,hunter,true,true,true,true,not_yet_decoded
models/hunter/triangles/trapezium3x3x1b.mdl,hunter,true,true,true,true,not_yet_decoded
models/hunter/triangles/trapezium3x3x1c.mdl,hunter,true,true,true,true,not_yet_decoded
models/hunter/tubes/circle2x2.mdl,hunter,true,true,true,true,not_yet_decoded
models/hunter/tubes/circle2x2b.mdl,hunter,true,true,true,true,not_yet_decoded
models/hunter/tubes/circle2x2c.mdl,hunter,true,true,true,true,not_yet_decoded
models/hunter/tubes/circle2x2d.mdl,hunter,true,true,true,true,not_yet_decoded
models/hunter/tubes/circle4x4.mdl,hunter,true,true,true,true,not_yet_decoded
models/hunter/tubes/circle4x4b.mdl,hunter,true,true,true,true,not_yet_decoded
models/hunter/tubes/circle4x4c.mdl,hunter,true,true,true,true,not_yet_decoded
models/hunter/tubes/circle4x4d.mdl,hunter,true,true,true,true,not_yet_decoded
models/hunter/tubes/tube1x1x1.mdl,hunter,true,true,true,true,not_yet_decoded
models/hunter/tubes/tube1x1x1b.mdl,hunter,true,true,true,true,not_yet_decoded
models/hunter/tubes/tube1x1x1c.mdl,hunter,true,true,true,true,not_yet_decoded
models/hunter/tubes/tube1x1x1d.mdl,hunter,true,true,true,true,not_yet_decoded
models/hunter/tubes/tube1x1x2.mdl,hunter,true,true,true,true,not_yet_decoded
models/hunter/tubes/tube1x1x2b.mdl,hunter,true,true,true,true,not_yet_decoded
models/hunter/tubes/tube1x1x2c.mdl,hunter,true,true,true,true,not_yet_decoded
models/hunter/tubes/tube1x1x2d.mdl,hunter,true,true,true,true,not_yet_decoded
models/hunter/tubes/tube1x1x3.mdl,hunter,true,true,true,true,not_yet_decoded
models/hunter/tubes/tube1x1x3b.mdl,hunter,true,true,true,true,not_yet_decoded
models/hunter/tubes/tube1x1x3c.mdl,hunter,true,true,true,true,not_yet_decoded
models/hunter/tubes/tube1x1x3d.mdl,hunter,true,true,true,true,not_yet_decoded
models/hunter/tubes/tube1x1x4.mdl,hunter,true,true,true,true,not_yet_decoded
models/hunter/tubes/tube1x1x4b.mdl,hunter,true,true,true,true,not_yet_decoded
models/hunter/tubes/tube1x1x4c.mdl,hunter,true,true,true,true,not_yet_decoded
models/hunter/tubes/tube1x1x4d.mdl,hunter,true,true,true,true,not_yet_decoded
models/hunter/tubes/tube1x1x5.mdl,hunter,true,true,true,true,not_yet_decoded
models/hunter/tubes/tube1x1x5b.mdl,hunter,true,true,true,true,not_yet_decoded
models/hunter/tubes/tube1x1x5c.mdl,hunter,true,true,true,true,not_yet_decoded
models/hunter/tubes/tube1x1x5d.mdl,hunter,true,true,true,true,not_yet_decoded
models/hunter/tubes/tube1x1x6.mdl,hunter,true,true,true,true,not_yet_decoded
models/hunter/tubes/tube1x1x6b.mdl,hunter,true,true,true,true,not_yet_decoded
models/hunter/tubes/tube1x1x6c.mdl,hunter,true,true,true,true,not_yet_decoded
models/hunter/tubes/tube1x1x6d.mdl,hunter,true,true,true,true,not_yet_decoded
models/hunter/tubes/tube1x1x8.mdl,hunter,true,true,true,true,not_yet_decoded
models/hunter/tubes/tube1x1x8b.mdl,hunter,true,true,true,true,not_yet_decoded
models/hunter/tubes/tube1x1x8c.mdl,hunter,true,true,true,true,not_yet_decoded
models/hunter/tubes/tube1x1x8d.mdl,hunter,true,true,true,true,not_yet_decoded
models/hunter/tubes/tube2x2x+.mdl,hunter,true,true,true,true,not_yet_decoded
models/hunter/tubes/tube2x2x025.mdl,hunter,true,true,true,true,not_yet_decoded
models/hunter/tubes/tube2x2x025b.mdl,hunter,true,true,true,true,not_yet_decoded
models/hunter/tubes/tube2x2x025c.mdl,hunter,true,true,true,true,not_yet_decoded
models/hunter/tubes/tube2x2x025d.mdl,hunter,true,true,true,true,not_yet_decoded
models/hunter/tubes/tube2x2x05.mdl,hunter,true,true,true,true,not_yet_decoded
models/hunter/tubes/tube2x2x05b.mdl,hunter,true,true,true,true,not_yet_decoded
models/hunter/tubes/tube2x2x05c.mdl,hunter,true,true,true,true,not_yet_decoded
models/hunter/tubes/tube2x2x05d.mdl,hunter,true,true,true,true,not_yet_decoded
models/hunter/tubes/tube2x2x1.mdl,hunter,true,true,true,true,not_yet_decoded
models/hunter/tubes/tube2x2x16d.mdl,hunter,true,true,true,true,not_yet_decoded
models/hunter/tubes/tube2x2x1b.mdl,hunter,true,true,true,true,not_yet_decoded
models/hunter/tubes/tube2x2x1c.mdl,hunter,true,true,true,true,not_yet_decoded
models/hunter/tubes/tube2x2x1d.mdl,hunter,true,true,true,true,not_yet_decoded
models/hunter/tubes/tube2x2x2.mdl,hunter,true,true,true,true,not_yet_decoded
models/hunter/tubes/tube2x2x2b.mdl,hunter,true,true,true,true,not_yet_decoded
models/hunter/tubes/tube2x2x2c.mdl,hunter,true,true,true,true,not_yet_decoded
models/hunter/tubes/tube2x2x2d.mdl,hunter,true,true,true,true,not_yet_decoded
models/hunter/tubes/tube2x2x4.mdl,hunter,true,true,true,true,not_yet_decoded
models/hunter/tubes/tube2x2x4b.mdl,hunter,true,true,true,true,not_yet_decoded
models/hunter/tubes/tube2x2x4c.mdl,hunter,true,true,true,true,not_yet_decoded
models/hunter/tubes/tube2x2x4d.mdl,hunter,true,true,true,true,not_yet_decoded
models/hunter/tubes/tube2x2x8.mdl,hunter,true,true,true,true,not_yet_decoded
models/hunter/tubes/tube2x2x8b.mdl,hunter,true,true,true,true,not_yet_decoded
models/hunter/tubes/tube2x2x8c.mdl,hunter,true,true,true,true,not_yet_decoded
models/hunter/tubes/tube2x2x8d.mdl,hunter,true,true,true,true,not_yet_decoded
models/hunter/tubes/tube2x2xt.mdl,hunter,true,true,true,true,not_yet_decoded
models/hunter/tubes/tube2x2xta.mdl,hunter,true,true,true,true,not_yet_decoded
models/hunter/tubes/tube2x2xtb.mdl,hunter,true,true,true,true,not_yet_decoded
models/hunter/tubes/tube4x2x2.mdl,hunter,true,true,true,true,not_yet_decoded
models/hunter/tubes/tube4x4x025.mdl,hunter,true,true,true,true,not_yet_decoded
models/hunter/tubes/tube4x4x025b.mdl,hunter,true,true,true,true,not_yet_decoded
models/hunter/tubes/tube4x4x025c.mdl,hunter,true,true,true,true,not_yet_decoded
models/hunter/tubes/tube4x4x025d.mdl,hunter,true,true,true,true,not_yet_decoded
models/hunter/tubes/tube4x4x05.mdl,hunter,true,true,true,true,not_yet_decoded
models/hunter/tubes/tube4x4x05b.mdl,hunter,true,true,true,true,not_yet_decoded
models/hunter/tubes/tube4x4x05c.mdl,hunter,true,true,true,true,not_yet_decoded
models/hunter/tubes/tube4x4x05d.mdl,hunter,true,true,true,true,not_yet_decoded
models/hunter/tubes/tube4x4x1.mdl,hunter,true,true,true,true,not_yet_decoded
models/hunter/tubes/tube4x4x16.mdl,hunter,true,true,true,true,not_yet_decoded
models/hunter/tubes/tube4x4x16b.mdl,hunter,true,true,true,true,not_yet_decoded
models/hunter/tubes/tube4x4x16c.mdl,hunter,true,true,true,true,not_yet_decoded
models/hunter/tubes/tube4x4x16d.mdl,hunter,true,true,true,true,not_yet_decoded
models/hunter/tubes/tube4x4x1b.mdl,hunter,true,true,true,true,not_yet_decoded
models/hunter/tubes/tube4x4x1c.mdl,hunter,true,true,true,true,not_yet_decoded
models/hunter/tubes/tube4x4x1d.mdl,hunter,true,true,true,true,not_yet_decoded
models/hunter/tubes/tube4x4x1to2x2.mdl,hunter,true,true,true,true,not_yet_decoded
models/hunter/tubes/tube4x4x2.mdl,hunter,true,true,true,true,not_yet_decoded
models/hunter/tubes/tube4x4x2b.mdl,hunter,true,true,true,true,not_yet_decoded
models/hunter/tubes/tube4x4x2c.mdl,hunter,true,true,true,true,not_yet_decoded
models/hunter/tubes/tube4x4x2d.mdl,hunter,true,true,true,true,not_yet_decoded
models/hunter/tubes/tube4x4x2to2x2.mdl,hunter,true,true,true,true,not_yet_decoded
models/hunter/tubes/tube4x4x3.mdl,hunter,true,true,true,true,not_yet_decoded
models/hunter/tubes/tube4x4x3b.mdl,hunter,true,true,true,true,not_yet_decoded
models/hunter/tubes/tube4x4x3c.mdl,hunter,true,true,true,true,not_yet_decoded
models/hunter/tubes/tube4x4x3d.mdl,hunter,true,true,true,true,not_yet_decoded
models/hunter/tubes/tube4x4x4.mdl,hunter,true,true,true,true,not_yet_decoded
models/hunter/tubes/tube4x4x4b.mdl,hunter,true,true,true,true,not_yet_decoded
models/hunter/tubes/tube4x4x4c.mdl,hunter,true,true,true,true,not_yet_decoded
models/hunter/tubes/tube4x4x4d.mdl,hunter,true,true,true,true,not_yet_decoded
models/hunter/tubes/tube4x4x5.mdl,hunter,true,true,true,true,not_yet_decoded
models/hunter/tubes/tube4x4x5b.mdl,hunter,true,true,true,true,not_yet_decoded
models/hunter/tubes/tube4x4x5c.mdl,hunter,true,true,true,true,not_yet_decoded
models/hunter/tubes/tube4x4x5d.mdl,hunter,true,true,true,true,not_yet_decoded
models/hunter/tubes/tube4x4x6.mdl,hunter,true,true,true,true,not_yet_decoded
models/hunter/tubes/tube4x4x6b.mdl,hunter,true,true,true,true,not_yet_decoded
models/hunter/tubes/tube4x4x6c.mdl,hunter,true,true,true,true,not_yet_decoded
models/hunter/tubes/tube4x4x6d.mdl,hunter,true,true,true,true,not_yet_decoded
models/hunter/tubes/tube4x4x8.mdl,hunter,true,true,true,true,not_yet_decoded
models/hunter/tubes/tube4x4x8b.mdl,hunter,true,true,true,true,not_yet_decoded
models/hunter/tubes/tube4x4x8c.mdl,hunter,true,true,true,true,not_yet_decoded
models/hunter/tubes/tube4x4x8d.mdl,hunter,true,true,true,true,not_yet_decoded
models/hunter/tubes/tubebend1x1x90.mdl,hunter,true,true,true,true,not_yet_decoded
models/hunter/tubes/tubebend1x2x90.mdl,hunter,true,true,true,true,not_yet_decoded
models/hunter/tubes/tubebend1x2x90a.mdl,hunter,true,true,true,true,not_yet_decoded
models/hunter/tubes/tubebend1x2x90b.mdl,hunter,true,true,true,true,not_yet_decoded
models/hunter/tubes/tubebend2x2x90.mdl,hunter,true,true,true,true,not_yet_decoded
models/hunter/tubes/tubebend2x2x90outer.mdl,hunter,true,true,true,true,not_yet_decoded
models/hunter/tubes/tubebend2x2x90square.mdl,hunter,true,true,true,true,not_yet_decoded
models/hunter/tubes/tubebend4x4x90.mdl,hunter,true,true,true,true,not_yet_decoded
models/hunter/tubes/tubebendinsidesquare.mdl,hunter,true,true,true,true,not_yet_decoded
models/hunter/tubes/tubebendinsidesquare2.mdl,hunter,true,true,true,true,not_yet_decoded
models/hunter/tubes/tubebendoutsidesquare.mdl,hunter,true,true,true,true,not_yet_decoded
models/hunter/tubes/tubebendoutsidesquare2.mdl,hunter,true,true,true,true,not_yet_decoded
models/hunter_animations.mdl,hunter_animations.mdl,false,false,false,false,not_yet_decoded
models/ichthyosaur.mdl,ichthyosaur.mdl,true,true,false,true,not_yet_decoded
models/items/357ammo.mdl,items,true,true,true,true,not_yet_decoded
models/items/357ammobox.mdl,items,true,true,true,true,not_yet_decoded
models/items/ammocrate_ar2.mdl,items,true,true,true,true,not_yet_decoded
models/items/ammocrate_buckshot.mdl,items,true,true,true,true,not_yet_decoded
models/items/ammocrate_grenade.mdl,items,true,true,true,true,not_yet_decoded
models/items/ammocrate_pistol.mdl,items,true,true,true,true,not_yet_decoded
models/items/ammocrate_rockets.mdl,items,true,true,true,true,not_yet_decoded
models/items/ammocrate_smg1.mdl,items,true,true,true,true,not_yet_decoded
models/items/ammocrate_smg2.mdl,items,true,true,true,true,not_yet_decoded
models/items/ar2_grenade.mdl,items,true,true,true,true,not_yet_decoded
models/items/battery.mdl,items,true,true,true,true,not_yet_decoded
models/items/boxbuckshot.mdl,items,true,true,true,true,not_yet_decoded
models/items/boxflares.mdl,items,true,true,false,true,not_yet_decoded
models/items/boxmrounds.mdl,items,true,true,true,true,not_yet_decoded
models/items/boxsniperrounds.mdl,items,true,true,false,false,not_yet_decoded
models/items/boxsrounds.mdl,items,true,true,true,true,not_yet_decoded
models/items/car_battery01.mdl,items,true,true,true,true,not_yet_decoded
models/items/combine_rifle_ammo01.mdl,items,true,true,true,true,not_yet_decoded
models/items/combine_rifle_cartridge01.mdl,items,true,true,true,true,not_yet_decoded
models/items/crossbowrounds.mdl,items,true,true,true,true,not_yet_decoded
models/items/cs_gift.mdl,items,true,true,true,true,not_yet_decoded
models/items/flare.mdl,items,true,true,false,true,not_yet_decoded
models/items/grenadeammo.mdl,items,true,true,true,true,not_yet_decoded
models/items/healthkit.mdl,items,true,true,true,true,not_yet_decoded
models/items/hevsuit.mdl,items,true,true,false,true,not_yet_decoded
models/items/item_beacon_crate.mdl,items,true,true,true,true,not_yet_decoded
models/items/item_item_crate.mdl,items,true,true,true,true,not_yet_decoded
models/items/item_item_crate_chunk01.mdl,items,true,true,true,true,not_yet_decoded
models/items/item_item_crate_chunk02.mdl,items,true,true,true,true,not_yet_decoded
models/items/item_item_crate_chunk05.mdl,items,true,true,true,true,not_yet_decoded
models/items/item_item_crate_chunk06.mdl,items,true,true,true,true,not_yet_decoded
models/items/item_item_crate_chunk07.mdl,items,true,true,true,true,not_yet_decoded
models/items/item_item_crate_chunk08.mdl,items,true,true,true,true,not_yet_decoded
models/items/item_item_crate_chunk09.mdl,items,true,true,true,true,not_yet_decoded
models/items/item_item_crate_dynamic.mdl,items,true,true,false,true,not_yet_decoded
models/kleiner.mdl,kleiner.mdl,true,true,true,true,not_yet_decoded
models/kleiner_animat_ep1.mdl,kleiner_animat_ep1.mdl,false,false,false,false,not_yet_decoded
models/kleiner_animat_ep2.mdl,kleiner_animat_ep2.mdl,false,false,false,false,not_yet_decoded
models/kleiner_animations.mdl,kleiner_animations.mdl,false,false,false,false,not_yet_decoded
models/kleiner_gest_ep1.mdl,kleiner_gest_ep1.mdl,false,false,false,false,not_yet_decoded
models/kleiner_gest_ep2.mdl,kleiner_gest_ep2.mdl,false,false,false,false,not_yet_decoded
models/kleiner_gestures.mdl,kleiner_gestures.mdl,false,false,false,false,not_yet_decoded
models/kleiner_monitor.mdl,kleiner_monitor.mdl,true,true,true,false,not_yet_decoded
models/kleiner_post_ep1.mdl,kleiner_post_ep1.mdl,false,false,false,false,not_yet_decoded
models/kleiner_post_ep2.mdl,kleiner_post_ep2.mdl,false,false,false,false,not_yet_decoded
models/kleiner_postures.mdl,kleiner_postures.mdl,false,false,false,false,not_yet_decoded
models/lamarr.mdl,lamarr.mdl,true,true,true,true,not_yet_decoded
models/lamps/torch.mdl,lamps,true,true,true,true,not_yet_decoded
models/leech.mdl,leech.mdl,true,true,false,true,not_yet_decoded
models/m_anm.mdl,m_anm.mdl,false,false,false,false,not_yet_decoded
models/magnusson.mdl,magnusson.mdl,true,true,true,true,not_yet_decoded
models/magnusson_animations.mdl,magnusson_animations.mdl,false,false,false,false,not_yet_decoded
models/magnusson_device.mdl,magnusson_device.mdl,true,true,true,true,not_yet_decoded
models/magnusson_gestures.mdl,magnusson_gestures.mdl,false,false,false,false,not_yet_decoded
models/magnusson_postures.mdl,magnusson_postures.mdl,false,false,false,false,not_yet_decoded
models/magnusson_teleporter.mdl,magnusson_teleporter.mdl,true,true,true,true,not_yet_decoded
models/magnusson_teleporter_off.mdl,magnusson_teleporter_off.mdl,true,true,true,true,not_yet_decoded
models/manhack.mdl,manhack.mdl,true,true,true,false,not_yet_decoded
models/map10_doors/doubledoor.mdl,map10_doors,true,true,false,true,not_yet_decoded
models/map10_doors/singledoor.mdl,map10_doors,true,true,false,true,not_yet_decoded
models/map12_bigbaddaboom/debris1.mdl,map12_bigbaddaboom,true,true,false,false,not_yet_decoded
models/map12_bigbaddaboom/debris2.mdl,map12_bigbaddaboom,true,true,false,false,not_yet_decoded
models/map12_bigbaddaboom/debris3.mdl,map12_bigbaddaboom,true,true,false,false,not_yet_decoded
models/map12_bigbaddaboom/debris4.mdl,map12_bigbaddaboom,true,true,false,false,not_yet_decoded
models/map12_bigbaddaboom/debris5.mdl,map12_bigbaddaboom,true,true,false,false,not_yet_decoded
models/map12_bigbaddaboom/debris6.mdl,map12_bigbaddaboom,true,true,false,false,not_yet_decoded
models/map12_bigbaddaboom/debris7.mdl,map12_bigbaddaboom,true,true,false,false,not_yet_decoded
models/map12_bigbaddaboom/debris8.mdl,map12_bigbaddaboom,true,true,false,false,not_yet_decoded
models/map12_building2/brushwood.mdl,map12_building2,true,true,true,false,not_yet_decoded
models/map12_building2/ciron.mdl,map12_building2,true,true,true,false,not_yet_decoded
models/map12_building2/ciron_lod1.mdl,map12_building2,true,true,true,false,not_yet_decoded
models/map12_building2/planks1.mdl,map12_building2,true,true,true,false,not_yet_decoded
models/map12_building2/planks1_lod1.mdl,map12_building2,true,true,true,false,not_yet_decoded
models/map12_building2/planks2.mdl,map12_building2,true,true,true,false,not_yet_decoded
models/map12_building2/planks2_lod1.mdl,map12_building2,true,true,true,false,not_yet_decoded
models/map12_building2/planks3.mdl,map12_building2,true,true,true,false,not_yet_decoded
models/map12_building2/planks3_lod1.mdl,map12_building2,true,true,true,false,not_yet_decoded
models/map12_building2/planks4.mdl,map12_building2,true,true,false,false,not_yet_decoded
models/map12_building2/planks4_lod1.mdl,map12_building2,true,true,false,false,not_yet_decoded
models/map12_sawmill/beams.mdl,map12_sawmill,true,true,true,false,not_yet_decoded
models/map12_sawmill/beams_lod1.mdl,map12_sawmill,true,true,true,false,not_yet_decoded
models/map12_sawmill/ciron.mdl,map12_sawmill,true,true,false,false,not_yet_decoded
models/map12_sawmill/ciron_lod1.mdl,map12_sawmill,true,true,false,false,not_yet_decoded
models/map12_sawmill/logs.mdl,map12_sawmill,true,true,true,false,not_yet_decoded
models/map12_sawmill/logs_lod1.mdl,map12_sawmill,true,true,true,false,not_yet_decoded
models/map12_sawmill/planks1.mdl,map12_sawmill,true,true,true,false,not_yet_decoded
models/map12_sawmill/planks1_lod1.mdl,map12_sawmill,true,true,true,false,not_yet_decoded
models/map12_sawmill/planks2.mdl,map12_sawmill,true,true,true,false,not_yet_decoded
models/map12_sawmill/planks2_lod1.mdl,map12_sawmill,true,true,true,false,not_yet_decoded
models/map12_sawmill/steps.mdl,map12_sawmill,true,true,true,false,not_yet_decoded
models/map12_sawmill/steps_lod1.mdl,map12_sawmill,true,true,true,false,not_yet_decoded
models/map12a_hangar/ciron1.mdl,map12a_hangar,true,true,false,false,not_yet_decoded
models/map12a_hangar/ciron2.mdl,map12a_hangar,true,true,false,false,not_yet_decoded
models/map12a_hangar/deformables.mdl,map12a_hangar,true,true,false,false,not_yet_decoded
models/map12a_hangar/dressing.mdl,map12a_hangar,true,true,false,false,not_yet_decoded
models/map12a_hangar/frames1.mdl,map12a_hangar,true,true,false,false,not_yet_decoded
models/map12a_hangar/frames2.mdl,map12a_hangar,true,true,false,false,not_yet_decoded
models/map12a_hangar/frames3.mdl,map12a_hangar,true,true,false,false,not_yet_decoded
models/map12a_hangar/frames4.mdl,map12a_hangar,true,true,false,false,not_yet_decoded
models/map12a_hangar/glass1.mdl,map12a_hangar,true,true,false,false,not_yet_decoded
models/map12a_hangar/glass2.mdl,map12a_hangar,true,true,false,false,not_yet_decoded
models/map12a_hangar/glass3.mdl,map12a_hangar,true,true,false,false,not_yet_decoded
models/map12a_hangar/glass4.mdl,map12a_hangar,true,true,false,false,not_yet_decoded
models/map12a_hangar/glass5.mdl,map12a_hangar,true,true,false,false,not_yet_decoded
models/map12a_hangar/glass6.mdl,map12a_hangar,true,true,false,false,not_yet_decoded
models/map1_boards/map1_boards.mdl,map1_boards,true,true,false,false,not_yet_decoded
models/map1_bridge/bridgedamageleft.mdl,map1_bridge,true,true,false,false,not_yet_decoded
models/map1_bridge/bridgedamageleft_a.mdl,map1_bridge,true,true,false,false,not_yet_decoded
models/map1_bridge/bridgedamageleft_b.mdl,map1_bridge,true,true,false,false,not_yet_decoded
models/map1_bridge/bridgedamageright.mdl,map1_bridge,true,true,false,false,not_yet_decoded
models/map1_bridge/coarserb_a.mdl,map1_bridge,true,true,false,false,not_yet_decoded
models/map1_bridge/coarserb_b.mdl,map1_bridge,true,true,false,false,not_yet_decoded
models/map1_bridge/coarserb_c.mdl,map1_bridge,true,true,false,false,not_yet_decoded
models/map1_bridge/coarserb_d.mdl,map1_bridge,true,true,false,false,not_yet_decoded
models/map1_bridge/dressing_a.mdl,map1_bridge,true,true,false,false,not_yet_decoded
models/map1_bridge/dressing_b.mdl,map1_bridge,true,true,false,false,not_yet_decoded
models/map1_bridge/test.mdl,map1_bridge,true,true,false,false,not_yet_decoded
models/map1_bridge/traincars.mdl,map1_bridge,true,true,false,false,not_yet_decoded
models/map1_rubble/debrisa.mdl,map1_rubble,true,true,false,false,not_yet_decoded
models/map1_rubble/debrisb.mdl,map1_rubble,true,true,false,false,not_yet_decoded
models/maxofs2d/balloon_classic.mdl,maxofs2d,true,true,true,true,not_yet_decoded
models/maxofs2d/balloon_gman.mdl,maxofs2d,true,true,true,true,not_yet_decoded
models/maxofs2d/balloon_mossman.mdl,maxofs2d,true,true,true,true,not_yet_decoded
models/maxofs2d/button_01.mdl,maxofs2d,true,true,true,true,not_yet_decoded
models/maxofs2d/button_02.mdl,maxofs2d,true,true,true,true,not_yet_decoded
models/maxofs2d/button_03.mdl,maxofs2d,true,true,true,true,not_yet_decoded
models/maxofs2d/button_04.mdl,maxofs2d,true,true,true,true,not_yet_decoded
models/maxofs2d/button_05.mdl,maxofs2d,true,true,true,true,not_yet_decoded
models/maxofs2d/button_06.mdl,maxofs2d,true,true,true,true,not_yet_decoded
models/maxofs2d/button_slider.mdl,maxofs2d,true,true,true,true,not_yet_decoded
models/maxofs2d/camera.mdl,maxofs2d,true,true,true,true,not_yet_decoded
models/maxofs2d/companion_doll.mdl,maxofs2d,true,true,true,true,not_yet_decoded
models/maxofs2d/construct_sign.mdl,maxofs2d,true,true,true,true,not_yet_decoded
models/maxofs2d/cube_tool.mdl,maxofs2d,true,true,true,true,not_yet_decoded
models/maxofs2d/gm_painting.mdl,maxofs2d,true,true,true,true,not_yet_decoded
models/maxofs2d/hover_basic.mdl,maxofs2d,true,true,true,true,not_yet_decoded
models/maxofs2d/hover_classic.mdl,maxofs2d,true,true,true,true,not_yet_decoded
models/maxofs2d/hover_plate.mdl,maxofs2d,true,true,true,true,not_yet_decoded
models/maxofs2d/hover_propeller.mdl,maxofs2d,true,true,true,true,not_yet_decoded
models/maxofs2d/hover_rings.mdl,maxofs2d,true,true,true,true,not_yet_decoded
models/maxofs2d/lamp_flashlight.mdl,maxofs2d,true,true,true,true,not_yet_decoded
models/maxofs2d/lamp_projector.mdl,maxofs2d,true,true,true,true,not_yet_decoded
models/maxofs2d/light_tubular.mdl,maxofs2d,true,true,true,true,not_yet_decoded
models/maxofs2d/logo_gmod_b.mdl,maxofs2d,true,true,true,true,not_yet_decoded
models/maxofs2d/motion_sensor.mdl,maxofs2d,true,true,true,true,not_yet_decoded
models/maxofs2d/thruster_projector.mdl,maxofs2d,true,true,true,true,not_yet_decoded
models/maxofs2d/thruster_propeller.mdl,maxofs2d,true,true,true,true,not_yet_decoded
models/mechanics/articulating/arm2x20d.mdl,mechanics,true,true,true,true,not_yet_decoded
models/mechanics/articulating/arm2x20d2.mdl,mechanics,true,true,true,true,not_yet_decoded
models/mechanics/articulating/arm_base_b.mdl,mechanics,true,true,true,true,not_yet_decoded
models/mechanics/articulating/foot.mdl,mechanics,true,true,true,true,not_yet_decoded
models/mechanics/articulating/foot_s.mdl,mechanics,true,true,true,true,not_yet_decoded
models/mechanics/articulating/stand.mdl,mechanics,true,true,true,true,not_yet_decoded
models/mechanics/gears/gear12x12.mdl,mechanics,true,true,true,true,not_yet_decoded
models/mechanics/gears/gear12x12_large.mdl,mechanics,true,true,true,true,not_yet_decoded
models/mechanics/gears/gear12x12_small.mdl,mechanics,true,true,true,true,not_yet_decoded
models/mechanics/gears/gear12x24.mdl,mechanics,true,true,true,true,not_yet_decoded
models/mechanics/gears/gear12x24_large.mdl,mechanics,true,true,true,true,not_yet_decoded
models/mechanics/gears/gear12x24_small.mdl,mechanics,true,true,true,true,not_yet_decoded
models/mechanics/gears/gear12x6.mdl,mechanics,true,true,true,true,not_yet_decoded
models/mechanics/gears/gear12x6_large.mdl,mechanics,true,true,true,true,not_yet_decoded
models/mechanics/gears/gear12x6_small.mdl,mechanics,true,true,true,true,not_yet_decoded
models/mechanics/gears/gear16x12.mdl,mechanics,true,true,true,true,not_yet_decoded
models/mechanics/gears/gear16x12_large.mdl,mechanics,true,true,true,true,not_yet_decoded
models/mechanics/gears/gear16x12_small.mdl,mechanics,true,true,true,true,not_yet_decoded
models/mechanics/gears/gear16x24.mdl,mechanics,true,true,true,true,not_yet_decoded
models/mechanics/gears/gear16x24_large.mdl,mechanics,true,true,true,true,not_yet_decoded
models/mechanics/gears/gear16x24_small.mdl,mechanics,true,true,true,true,not_yet_decoded
models/mechanics/gears/gear16x6.mdl,mechanics,true,true,true,true,not_yet_decoded
models/mechanics/gears/gear16x6_large.mdl,mechanics,true,true,true,true,not_yet_decoded
models/mechanics/gears/gear16x6_small.mdl,mechanics,true,true,true,true,not_yet_decoded
models/mechanics/gears/gear24x12.mdl,mechanics,true,true,true,true,not_yet_decoded
models/mechanics/gears/gear24x12_large.mdl,mechanics,true,true,true,true,not_yet_decoded
models/mechanics/gears/gear24x12_small.mdl,mechanics,true,true,true,true,not_yet_decoded
models/mechanics/gears/gear24x24.mdl,mechanics,true,true,true,true,not_yet_decoded
models/mechanics/gears/gear24x24_large.mdl,mechanics,true,true,true,true,not_yet_decoded
models/mechanics/gears/gear24x24_small.mdl,mechanics,true,true,true,true,not_yet_decoded
models/mechanics/gears/gear24x6.mdl,mechanics,true,true,true,true,not_yet_decoded
models/mechanics/gears/gear24x6_large.mdl,mechanics,true,true,true,true,not_yet_decoded
models/mechanics/gears/gear24x6_small.mdl,mechanics,true,true,true,true,not_yet_decoded
models/mechanics/gears2/bevel_12t1.mdl,mechanics,true,true,true,true,not_yet_decoded
models/mechanics/gears2/bevel_18t1.mdl,mechanics,true,true,true,true,not_yet_decoded
models/mechanics/gears2/bevel_24t1.mdl,mechanics,true,true,true,true,not_yet_decoded
models/mechanics/gears2/bevel_36t1.mdl,mechanics,true,true,true,true,not_yet_decoded
models/mechanics/gears2/bevel_48t1.mdl,mechanics,true,true,true,true,not_yet_decoded
models/mechanics/gears2/bevel_60t1.mdl,mechanics,true,true,true,true,not_yet_decoded
models/mechanics/gears2/gear_12t1.mdl,mechanics,true,true,true,true,not_yet_decoded
models/mechanics/gears2/gear_12t2.mdl,mechanics,true,true,true,true,not_yet_decoded
models/mechanics/gears2/gear_12t3.mdl,mechanics,true,true,true,true,not_yet_decoded
models/mechanics/gears2/gear_18t1.mdl,mechanics,true,true,true,true,not_yet_decoded
models/mechanics/gears2/gear_18t2.mdl,mechanics,true,true,true,true,not_yet_decoded
models/mechanics/gears2/gear_18t3.mdl,mechanics,true,true,true,true,not_yet_decoded
models/mechanics/gears2/gear_24t1.mdl,mechanics,true,true,true,true,not_yet_decoded
models/mechanics/gears2/gear_24t2.mdl,mechanics,true,true,true,true,not_yet_decoded
models/mechanics/gears2/gear_24t3.mdl,mechanics,true,true,true,true,not_yet_decoded
models/mechanics/gears2/gear_36t1.mdl,mechanics,true,true,true,true,not_yet_decoded
models/mechanics/gears2/gear_36t2.mdl,mechanics,true,true,true,true,not_yet_decoded
models/mechanics/gears2/gear_36t3.mdl,mechanics,true,true,true,true,not_yet_decoded
models/mechanics/gears2/gear_48t1.mdl,mechanics,true,true,true,true,not_yet_decoded
models/mechanics/gears2/gear_48t2.mdl,mechanics,true,true,true,true,not_yet_decoded
models/mechanics/gears2/gear_48t3.mdl,mechanics,true,true,true,true,not_yet_decoded
models/mechanics/gears2/gear_60t1.mdl,mechanics,true,true,true,true,not_yet_decoded
models/mechanics/gears2/gear_60t2.mdl,mechanics,true,true,true,true,not_yet_decoded
models/mechanics/gears2/gear_60t3.mdl,mechanics,true,true,true,true,not_yet_decoded
models/mechanics/gears2/pinion_20t1.mdl,mechanics,true,true,true,true,not_yet_decoded
models/mechanics/gears2/pinion_20t2.mdl,mechanics,true,true,true,true,not_yet_decoded
models/mechanics/gears2/pinion_20t3.mdl,mechanics,true,true,true,true,not_yet_decoded
models/mechanics/gears2/pinion_40.mdl,mechanics,true,true,true,true,not_yet_decoded
models/mechanics/gears2/pinion_40t1.mdl,mechanics,true,true,true,true,not_yet_decoded
models/mechanics/gears2/pinion_40t2.mdl,mechanics,true,true,true,true,not_yet_decoded
models/mechanics/gears2/pinion_40t3.mdl,mechanics,true,true,true,true,not_yet_decoded
models/mechanics/gears2/pinion_80t1.mdl,mechanics,true,true,true,true,not_yet_decoded
models/mechanics/gears2/pinion_80t2.mdl,mechanics,true,true,true,true,not_yet_decoded
models/mechanics/gears2/pinion_80t3.mdl,mechanics,true,true,true,true,not_yet_decoded
models/mechanics/gears2/vert_12t1.mdl,mechanics,true,true,true,true,not_yet_decoded
models/mechanics/gears2/vert_18t1.mdl,mechanics,true,true,true,true,not_yet_decoded
models/mechanics/gears2/vert_24t1.mdl,mechanics,true,true,true,true,not_yet_decoded
models/mechanics/gears2/vert_36t1.mdl,mechanics,true,true,true,true,not_yet_decoded
models/mechanics/robotics/a1.mdl,mechanics,true,true,true,true,not_yet_decoded
models/mechanics/robotics/a2.mdl,mechanics,true,true,true,true,not_yet_decoded
models/mechanics/robotics/a3.mdl,mechanics,true,true,true,true,not_yet_decoded
models/mechanics/robotics/a4.mdl,mechanics,true,true,true,true,not_yet_decoded
models/mechanics/robotics/b1.mdl,mechanics,true,true,true,true,not_yet_decoded
models/mechanics/robotics/b2.mdl,mechanics,true,true,true,true,not_yet_decoded
models/mechanics/robotics/b3.mdl,mechanics,true,true,true,true,not_yet_decoded
models/mechanics/robotics/b4.mdl,mechanics,true,true,true,true,not_yet_decoded
models/mechanics/robotics/c1.mdl,mechanics,true,true,true,true,not_yet_decoded
models/mechanics/robotics/c2.mdl,mechanics,true,true,true,true,not_yet_decoded
models/mechanics/robotics/c3.mdl,mechanics,true,true,true,true,not_yet_decoded
models/mechanics/robotics/c4.mdl,mechanics,true,true,true,true,not_yet_decoded
models/mechanics/robotics/claw.mdl,mechanics,true,true,true,true,not_yet_decoded
models/mechanics/robotics/claw2.mdl,mechanics,true,true,true,true,not_yet_decoded
models/mechanics/robotics/claw_guide.mdl,mechanics,true,true,true,true,not_yet_decoded
models/mechanics/robotics/claw_guide2.mdl,mechanics,true,true,true,true,not_yet_decoded
models/mechanics/robotics/claw_guide2a.mdl,mechanics,true,true,true,true,not_yet_decoded
models/mechanics/robotics/d1.mdl,mechanics,true,true,true,true,not_yet_decoded
models/mechanics/robotics/d2.mdl,mechanics,true,true,true,true,not_yet_decoded
models/mechanics/robotics/d3.mdl,mechanics,true,true,true,true,not_yet_decoded
models/mechanics/robotics/d4.mdl,mechanics,true,true,true,true,not_yet_decoded
models/mechanics/robotics/e1.mdl,mechanics,true,true,true,true,not_yet_decoded
models/mechanics/robotics/e2.mdl,mechanics,true,true,true,true,not_yet_decoded
models/mechanics/robotics/e3.mdl,mechanics,true,true,true,true,not_yet_decoded
models/mechanics/robotics/e4.mdl,mechanics,true,true,true,true,not_yet_decoded
models/mechanics/robotics/f1.mdl,mechanics,true,true,true,true,not_yet_decoded
models/mechanics/robotics/f2.mdl,mechanics,true,true,true,true,not_yet_decoded
models/mechanics/robotics/f3.mdl,mechanics,true,true,true,true,not_yet_decoded
models/mechanics/robotics/foot.mdl,mechanics,true,true,true,true,not_yet_decoded
models/mechanics/robotics/g1.mdl,mechanics,true,true,true,true,not_yet_decoded
models/mechanics/robotics/g2.mdl,mechanics,true,true,true,true,not_yet_decoded
models/mechanics/robotics/g3.mdl,mechanics,true,true,true,true,not_yet_decoded
models/mechanics/robotics/g4.mdl,mechanics,true,true,true,true,not_yet_decoded
models/mechanics/robotics/h1.mdl,mechanics,true,true,true,true,not_yet_decoded
models/mechanics/robotics/h2.mdl,mechanics,true,true,true,true,not_yet_decoded
models/mechanics/robotics/h3.mdl,mechanics,true,true,true,true,not_yet_decoded
models/mechanics/robotics/h4.mdl,mechanics,true,true,true,true,not_yet_decoded
models/mechanics/robotics/i1.mdl,mechanics,true,true,true,true,not_yet_decoded
models/mechanics/robotics/i2.mdl,mechanics,true,true,true,true,not_yet_decoded
models/mechanics/robotics/i3.mdl,mechanics,true,true,true,true,not_yet_decoded
models/mechanics/robotics/i4.mdl,mechanics,true,true,true,true,not_yet_decoded
models/mechanics/robotics/j1.mdl,mechanics,true,true,true,true,not_yet_decoded
models/mechanics/robotics/j2.mdl,mechanics,true,true,true,true,not_yet_decoded
models/mechanics/robotics/j3.mdl,mechanics,true,true,true,true,not_yet_decoded
models/mechanics/robotics/j4.mdl,mechanics,true,true,true,true,not_yet_decoded
models/mechanics/robotics/k1.mdl,mechanics,true,true,true,true,not_yet_decoded
models/mechanics/robotics/k2.mdl,mechanics,true,true,true,true,not_yet_decoded
models/mechanics/robotics/k3.mdl,mechanics,true,true,true,true,not_yet_decoded
models/mechanics/robotics/k4.mdl,mechanics,true,true,true,true,not_yet_decoded
models/mechanics/robotics/l1.mdl,mechanics,true,true,true,true,not_yet_decoded
models/mechanics/robotics/l2.mdl,mechanics,true,true,true,true,not_yet_decoded
models/mechanics/robotics/l3.mdl,mechanics,true,true,true,true,not_yet_decoded
models/mechanics/robotics/l4.mdl,mechanics,true,true,true,true,not_yet_decoded
models/mechanics/robotics/m3.mdl,mechanics,true,true,true,true,not_yet_decoded
models/mechanics/robotics/m4.mdl,mechanics,true,true,true,true,not_yet_decoded
models/mechanics/robotics/stand.mdl,mechanics,true,true,true,true,not_yet_decoded
models/mechanics/robotics/xfoot.mdl,mechanics,true,true,true,true,not_yet_decoded
models/mechanics/roboticslarge/a1.mdl,mechanics,true,true,true,true,not_yet_decoded
models/mechanics/roboticslarge/a2.mdl,mechanics,true,true,true,true,not_yet_decoded
models/mechanics/roboticslarge/a3.mdl,mechanics,true,true,true,true,not_yet_decoded
models/mechanics/roboticslarge/a4.mdl,mechanics,true,true,true,true,not_yet_decoded
models/mechanics/roboticslarge/b1.mdl,mechanics,true,true,true,true,not_yet_decoded
models/mechanics/roboticslarge/b2.mdl,mechanics,true,true,true,true,not_yet_decoded
models/mechanics/roboticslarge/b3.mdl,mechanics,true,true,true,true,not_yet_decoded
models/mechanics/roboticslarge/b4.mdl,mechanics,true,true,true,true,not_yet_decoded
models/mechanics/roboticslarge/c1.mdl,mechanics,true,true,true,true,not_yet_decoded
models/mechanics/roboticslarge/c2.mdl,mechanics,true,true,true,true,not_yet_decoded
models/mechanics/roboticslarge/c3.mdl,mechanics,true,true,true,true,not_yet_decoded
models/mechanics/roboticslarge/c4.mdl,mechanics,true,true,true,true,not_yet_decoded
models/mechanics/roboticslarge/claw2l.mdl,mechanics,true,true,true,true,not_yet_decoded
models/mechanics/roboticslarge/claw_guide2l.mdl,mechanics,true,true,true,true,not_yet_decoded
models/mechanics/roboticslarge/claw_guide2la.mdl,mechanics,true,true,true,true,not_yet_decoded
models/mechanics/roboticslarge/claw_hub_8.mdl,mechanics,true,true,true,true,not_yet_decoded
models/mechanics/roboticslarge/claw_hub_8l.mdl,mechanics,true,true,true,true,not_yet_decoded
models/mechanics/roboticslarge/clawl.mdl,mechanics,true,true,true,true,not_yet_decoded
models/mechanics/roboticslarge/d1.mdl,mechanics,true,true,true,true,not_yet_decoded
models/mechanics/roboticslarge/d2.mdl,mechanics,true,true,true,true,not_yet_decoded
models/mechanics/roboticslarge/d3.mdl,mechanics,true,true,true,true,not_yet_decoded
models/mechanics/roboticslarge/d4.mdl,mechanics,true,true,true,true,not_yet_decoded
models/mechanics/roboticslarge/e1.mdl,mechanics,true,true,true,true,not_yet_decoded
models/mechanics/roboticslarge/e2.mdl,mechanics,true,true,true,true,not_yet_decoded
models/mechanics/roboticslarge/e3.mdl,mechanics,true,true,true,true,not_yet_decoded
models/mechanics/roboticslarge/e4.mdl,mechanics,true,true,true,true,not_yet_decoded
models/mechanics/roboticslarge/f1.mdl,mechanics,true,true,true,true,not_yet_decoded
models/mechanics/roboticslarge/f2.mdl,mechanics,true,true,true,true,not_yet_decoded
models/mechanics/roboticslarge/f3.mdl,mechanics,true,true,true,true,not_yet_decoded
models/mechanics/roboticslarge/g1.mdl,mechanics,true,true,true,true,not_yet_decoded
models/mechanics/roboticslarge/g2.mdl,mechanics,true,true,true,true,not_yet_decoded
models/mechanics/roboticslarge/g3.mdl,mechanics,true,true,true,true,not_yet_decoded
models/mechanics/roboticslarge/g4.mdl,mechanics,true,true,true,true,not_yet_decoded
models/mechanics/roboticslarge/h1.mdl,mechanics,true,true,true,true,not_yet_decoded
models/mechanics/roboticslarge/h2.mdl,mechanics,true,true,true,true,not_yet_decoded
models/mechanics/roboticslarge/h3.mdl,mechanics,true,true,true,true,not_yet_decoded
models/mechanics/roboticslarge/h4.mdl,mechanics,true,true,true,true,not_yet_decoded
models/mechanics/roboticslarge/i1.mdl,mechanics,true,true,true,true,not_yet_decoded
models/mechanics/roboticslarge/i2.mdl,mechanics,true,true,true,true,not_yet_decoded
models/mechanics/roboticslarge/i3.mdl,mechanics,true,true,true,true,not_yet_decoded
models/mechanics/roboticslarge/i4.mdl,mechanics,true,true,true,true,not_yet_decoded
models/mechanics/roboticslarge/j1.mdl,mechanics,true,true,true,true,not_yet_decoded
models/mechanics/roboticslarge/j2.mdl,mechanics,true,true,true,true,not_yet_decoded
models/mechanics/roboticslarge/j3.mdl,mechanics,true,true,true,true,not_yet_decoded
models/mechanics/roboticslarge/j4.mdl,mechanics,true,true,true,true,not_yet_decoded
models/mechanics/roboticslarge/k1.mdl,mechanics,true,true,true,true,not_yet_decoded
models/mechanics/roboticslarge/k2.mdl,mechanics,true,true,true,true,not_yet_decoded
models/mechanics/roboticslarge/k3.mdl,mechanics,true,true,true,true,not_yet_decoded
models/mechanics/roboticslarge/k4.mdl,mechanics,true,true,true,true,not_yet_decoded
models/mechanics/roboticslarge/l1.mdl,mechanics,true,true,true,true,not_yet_decoded
models/mechanics/roboticslarge/l2.mdl,mechanics,true,true,true,true,not_yet_decoded
models/mechanics/roboticslarge/l3.mdl,mechanics,true,true,true,true,not_yet_decoded
models/mechanics/roboticslarge/l4.mdl,mechanics,true,true,true,true,not_yet_decoded
models/mechanics/roboticslarge/m3.mdl,mechanics,true,true,true,true,not_yet_decoded
models/mechanics/roboticslarge/m4.mdl,mechanics,true,true,true,true,not_yet_decoded
models/mechanics/roboticslarge/xfoot.mdl,mechanics,true,true,true,true,not_yet_decoded
models/mechanics/solid_steel/box_beam_12.mdl,mechanics,true,true,true,true,not_yet_decoded
models/mechanics/solid_steel/box_beam_16.mdl,mechanics,true,true,true,true,not_yet_decoded
models/mechanics/solid_steel/box_beam_24.mdl,mechanics,true,true,true,true,not_yet_decoded
models/mechanics/solid_steel/box_beam_32.mdl,mechanics,true,true,true,true,not_yet_decoded
models/mechanics/solid_steel/box_beam_4.mdl,mechanics,true,true,true,true,not_yet_decoded
models/mechanics/solid_steel/box_beam_48.mdl,mechanics,true,true,true,true,not_yet_decoded
models/mechanics/solid_steel/box_beam_8.mdl,mechanics,true,true,true,true,not_yet_decoded
models/mechanics/solid_steel/crossbeam_12.mdl,mechanics,true,true,true,true,not_yet_decoded
models/mechanics/solid_steel/crossbeam_16.mdl,mechanics,true,true,true,true,not_yet_decoded
models/mechanics/solid_steel/crossbeam_4.mdl,mechanics,true,true,true,true,not_yet_decoded
models/mechanics/solid_steel/crossbeam_8.mdl,mechanics,true,true,true,true,not_yet_decoded
models/mechanics/solid_steel/i_beam2_16.mdl,mechanics,true,true,true,true,not_yet_decoded
models/mechanics/solid_steel/i_beam2_32.mdl,mechanics,true,true,true,true,not_yet_decoded
models/mechanics/solid_steel/i_beam2_4.mdl,mechanics,true,true,true,true,not_yet_decoded
models/mechanics/solid_steel/i_beam2_48.mdl,mechanics,true,true,true,true,not_yet_decoded
models/mechanics/solid_steel/i_beam2_60.mdl,mechanics,true,true,true,true,not_yet_decoded
models/mechanics/solid_steel/i_beam2_8.mdl,mechanics,true,true,true,true,not_yet_decoded
models/mechanics/solid_steel/i_beam2_96.mdl,mechanics,true,true,true,true,not_yet_decoded
models/mechanics/solid_steel/i_beam_16.mdl,mechanics,true,true,true,true,not_yet_decoded
models/mechanics/solid_steel/i_beam_16_2d.mdl,mechanics,true,true,true,true,not_yet_decoded
models/mechanics/solid_steel/i_beam_16_3d.mdl,mechanics,true,true,true,true,not_yet_decoded
models/mechanics/solid_steel/i_beam_32.mdl,mechanics,true,true,true,true,not_yet_decoded
models/mechanics/solid_steel/i_beam_4.mdl,mechanics,true,true,true,true,not_yet_decoded
models/mechanics/solid_steel/i_beam_48.mdl,mechanics,true,true,true,true,not_yet_decoded
models/mechanics/solid_steel/i_beam_64.mdl,mechanics,true,true,true,true,not_yet_decoded
models/mechanics/solid_steel/i_beam_8.mdl,mechanics,true,true,true,true,not_yet_decoded
models/mechanics/solid_steel/i_beam_96.mdl,mechanics,true,true,true,true,not_yet_decoded
models/mechanics/solid_steel/l-beam__16.mdl,mechanics,true,true,true,true,not_yet_decoded
models/mechanics/solid_steel/l-beam__24.mdl,mechanics,true,true,true,true,not_yet_decoded
models/mechanics/solid_steel/l-beam__32.mdl,mechanics,true,true,true,true,not_yet_decoded
models/mechanics/solid_steel/l-beam__48.mdl,mechanics,true,true,true,true,not_yet_decoded
models/mechanics/solid_steel/l_beam_4.mdl,mechanics,true,true,true,true,not_yet_decoded
models/mechanics/solid_steel/plank_16.mdl,mechanics,true,true,true,true,not_yet_decoded
models/mechanics/solid_steel/plank_24.mdl,mechanics,true,true,true,true,not_yet_decoded
models/mechanics/solid_steel/plank_4.mdl,mechanics,true,true,true,true,not_yet_decoded
models/mechanics/solid_steel/plank_48.mdl,mechanics,true,true,true,true,not_yet_decoded
models/mechanics/solid_steel/plank_8.mdl,mechanics,true,true,true,true,not_yet_decoded
models/mechanics/solid_steel/sheetmetal_90_4.mdl,mechanics,true,true,true,true,not_yet_decoded
models/mechanics/solid_steel/sheetmetal_box90_4.mdl,mechanics,true,true,true,true,not_yet_decoded
models/mechanics/solid_steel/sheetmetal_box_4.mdl,mechanics,true,true,true,true,not_yet_decoded
models/mechanics/solid_steel/sheetmetal_h90_4.mdl,mechanics,true,true,true,true,not_yet_decoded
models/mechanics/solid_steel/sheetmetal_h_4.mdl,mechanics,true,true,true,true,not_yet_decoded
models/mechanics/solid_steel/sheetmetal_i_4.mdl,mechanics,true,true,true,true,not_yet_decoded
models/mechanics/solid_steel/sheetmetal_plus_4.mdl,mechanics,true,true,true,true,not_yet_decoded
models/mechanics/solid_steel/sheetmetal_plusb_4.mdl,mechanics,true,true,true,true,not_yet_decoded
models/mechanics/solid_steel/sheetmetal_t_4.mdl,mechanics,true,true,true,true,not_yet_decoded
models/mechanics/solid_steel/sheetmetal_u_4.mdl,mechanics,true,true,true,true,not_yet_decoded
models/mechanics/solid_steel/sheetmetal_y_8.mdl,mechanics,true,true,true,true,not_yet_decoded
models/mechanics/solid_steel/steel_beam45_12.mdl,mechanics,true,true,true,true,not_yet_decoded
models/mechanics/solid_steel/steel_beam45_16.mdl,mechanics,true,true,true,true,not_yet_decoded
models/mechanics/solid_steel/steel_beam45_3.mdl,mechanics,true,true,true,true,not_yet_decoded
models/mechanics/solid_steel/steel_beam45_4.mdl,mechanics,true,true,true,true,not_yet_decoded
models/mechanics/solid_steel/steel_beam45_8.mdl,mechanics,true,true,true,true,not_yet_decoded
models/mechanics/solid_steel/steel_beam_12.mdl,mechanics,true,true,true,true,not_yet_decoded
models/mechanics/solid_steel/steel_beam_24.mdl,mechanics,true,true,true,true,not_yet_decoded
models/mechanics/solid_steel/steel_beam_4.mdl,mechanics,true,true,true,true,not_yet_decoded
models/mechanics/solid_steel/steel_beam_8.mdl,mechanics,true,true,true,true,not_yet_decoded
models/mechanics/solid_steel/steel_support_24_4.mdl,mechanics,true,true,true,true,not_yet_decoded
models/mechanics/solid_steel/step_beam_16.mdl,mechanics,true,true,true,true,not_yet_decoded
models/mechanics/solid_steel/step_beam_32.mdl,mechanics,true,true,true,true,not_yet_decoded
models/mechanics/solid_steel/step_beam_48.mdl,mechanics,true,true,true,true,not_yet_decoded
models/mechanics/solid_steel/step_beam_64.mdl,mechanics,true,true,true,true,not_yet_decoded
models/mechanics/solid_steel/step_beam_96.mdl,mechanics,true,true,true,true,not_yet_decoded
models/mechanics/solid_steel/truss_144.mdl,mechanics,true,true,true,true,not_yet_decoded
models/mechanics/solid_steel/truss_48.mdl,mechanics,true,true,true,true,not_yet_decoded
models/mechanics/solid_steel/truss_96.mdl,mechanics,true,true,true,true,not_yet_decoded
models/mechanics/solid_steel/type_a_2_12.mdl,mechanics,true,true,true,true,not_yet_decoded
models/mechanics/solid_steel/type_a_2_16.mdl,mechanics,true,true,true,true,not_yet_decoded
models/mechanics/solid_steel/type_a_2_2.mdl,mechanics,true,true,true,true,not_yet_decoded
models/mechanics/solid_steel/type_a_2_20.mdl,mechanics,true,true,true,true,not_yet_decoded
models/mechanics/solid_steel/type_a_2_24.mdl,mechanics,true,true,true,true,not_yet_decoded
models/mechanics/solid_steel/type_a_2_36.mdl,mechanics,true,true,true,true,not_yet_decoded
models/mechanics/solid_steel/type_a_2_4.mdl,mechanics,true,true,true,true,not_yet_decoded
models/mechanics/solid_steel/type_a_2_6.mdl,mechanics,true,true,true,true,not_yet_decoded
models/mechanics/solid_steel/type_a_2_8.mdl,mechanics,true,true,true,true,not_yet_decoded
models/mechanics/solid_steel/type_a_3_12.mdl,mechanics,true,true,true,true,not_yet_decoded
models/mechanics/solid_steel/type_a_3_16.mdl,mechanics,true,true,true,true,not_yet_decoded
models/mechanics/solid_steel/type_a_3_20.mdl,mechanics,true,true,true,true,not_yet_decoded
models/mechanics/solid_steel/type_a_3_24.mdl,mechanics,true,true,true,true,not_yet_decoded
models/mechanics/solid_steel/type_a_3_4.mdl,mechanics,true,true,true,true,not_yet_decoded
models/mechanics/solid_steel/type_a_3_6.mdl,mechanics,true,true,true,true,not_yet_decoded
models/mechanics/solid_steel/type_a_3_8.mdl,mechanics,true,true,true,true,not_yet_decoded
models/mechanics/solid_steel/type_a_4_12.mdl,mechanics,true,true,true,true,not_yet_decoded
models/mechanics/solid_steel/type_a_4_6.mdl,mechanics,true,true,true,true,not_yet_decoded
models/mechanics/solid_steel/type_a_5_16.mdl,mechanics,true,true,true,true,not_yet_decoded
models/mechanics/solid_steel/type_a_5_24.mdl,mechanics,true,true,true,true,not_yet_decoded
models/mechanics/solid_steel/type_a_5_8.mdl,mechanics,true,true,true,true,not_yet_decoded
models/mechanics/solid_steel/type_a_6_20.mdl,mechanics,true,true,true,true,not_yet_decoded
models/mechanics/solid_steel/type_b_2_12.mdl,mechanics,true,true,true,true,not_yet_decoded
models/mechanics/solid_steel/type_b_2_16.mdl,mechanics,true,true,true,true,not_yet_decoded
models/mechanics/solid_steel/type_b_2_2.mdl,mechanics,true,true,true,true,not_yet_decoded
models/mechanics/solid_steel/type_b_2_20.mdl,mechanics,true,true,true,true,not_yet_decoded
models/mechanics/solid_steel/type_b_2_24.mdl,mechanics,true,true,true,true,not_yet_decoded
models/mechanics/solid_steel/type_b_2_4.mdl,mechanics,true,true,true,true,not_yet_decoded
models/mechanics/solid_steel/type_b_2_6.mdl,mechanics,true,true,true,true,not_yet_decoded
models/mechanics/solid_steel/type_b_2_8.mdl,mechanics,true,true,true,true,not_yet_decoded
models/mechanics/solid_steel/type_c_3_12.mdl,mechanics,true,true,true,true,not_yet_decoded
models/mechanics/solid_steel/type_c_3_16.mdl,mechanics,true,true,true,true,not_yet_decoded
models/mechanics/solid_steel/type_c_3_20.mdl,mechanics,true,true,true,true,not_yet_decoded
models/mechanics/solid_steel/type_c_3_24.mdl,mechanics,true,true,true,true,not_yet_decoded
models/mechanics/solid_steel/type_c_3_4.mdl,mechanics,true,true,true,true,not_yet_decoded
models/mechanics/solid_steel/type_c_3_6.mdl,mechanics,true,true,true,true,not_yet_decoded
models/mechanics/solid_steel/type_c_3_8.mdl,mechanics,true,true,true,true,not_yet_decoded
models/mechanics/solid_steel/type_d_3_12.mdl,mechanics,true,true,true,true,not_yet_decoded
models/mechanics/solid_steel/type_d_3_16.mdl,mechanics,true,true,true,true,not_yet_decoded
models/mechanics/solid_steel/type_d_3_20.mdl,mechanics,true,true,true,true,not_yet_decoded
models/mechanics/solid_steel/type_d_3_24.mdl,mechanics,true,true,true,true,not_yet_decoded
models/mechanics/solid_steel/type_d_3_4.mdl,mechanics,true,true,true,true,not_yet_decoded
models/mechanics/solid_steel/type_d_3_6.mdl,mechanics,true,true,true,true,not_yet_decoded
models/mechanics/solid_steel/type_d_3_8.mdl,mechanics,true,true,true,true,not_yet_decoded
models/mechanics/solid_steel/type_e_3_20.mdl,mechanics,true,true,true,true,not_yet_decoded
models/mechanics/solid_steel/type_e_3_24.mdl,mechanics,true,true,true,true,not_yet_decoded
models/mechanics/solid_steel/type_e_3_6.mdl,mechanics,true,true,true,true,not_yet_decoded
models/mechanics/solid_steel/type_e_3_8.mdl,mechanics,true,true,true,true,not_yet_decoded
models/mechanics/solid_steel/type_f_6_12.mdl,mechanics,true,true,true,true,not_yet_decoded
models/mechanics/solid_steel/type_f_6_16.mdl,mechanics,true,true,true,true,not_yet_decoded
models/mechanics/solid_steel/type_f_6_20.mdl,mechanics,true,true,true,true,not_yet_decoded
models/mechanics/solid_steel/type_f_6_24.mdl,mechanics,true,true,true,true,not_yet_decoded
models/mechanics/solid_steel/type_f_6_4.mdl,mechanics,true,true,true,true,not_yet_decoded
models/mechanics/solid_steel/type_f_6_6.mdl,mechanics,true,true,true,true,not_yet_decoded
models/mechanics/solid_steel/type_f_6_8.mdl,mechanics,true,true,true,true,not_yet_decoded
models/mechanics/solid_steel/u_beam_12.mdl,mechanics,true,true,true,true,not_yet_decoded
models/mechanics/solid_steel/u_beam_16.mdl,mechanics,true,true,true,true,not_yet_decoded
models/mechanics/solid_steel/u_beam_24.mdl,mechanics,true,true,true,true,not_yet_decoded
models/mechanics/solid_steel/u_beam_32.mdl,mechanics,true,true,true,true,not_yet_decoded
models/mechanics/solid_steel/u_beam_48.mdl,mechanics,true,true,true,true,not_yet_decoded
models/mechanics/solid_steel/u_beam_8.mdl,mechanics,true,true,true,true,not_yet_decoded
models/mechanics/various/211.mdl,mechanics,true,true,true,true,not_yet_decoded
models/mechanics/wheels/bmw.mdl,mechanics,true,true,true,true,not_yet_decoded
models/mechanics/wheels/bmwl.mdl,mechanics,true,true,true,true,not_yet_decoded
models/mechanics/wheels/rim_1.mdl,mechanics,true,true,true,true,not_yet_decoded
models/mechanics/wheels/tractor.mdl,mechanics,true,true,true,true,not_yet_decoded
models/mechanics/wheels/tractors.mdl,mechanics,true,true,true,true,not_yet_decoded
models/mechanics/wheels/wheel_2.mdl,mechanics,true,true,true,true,not_yet_decoded
models/mechanics/wheels/wheel_2l.mdl,mechanics,true,true,true,true,not_yet_decoded
models/mechanics/wheels/wheel_extruded_48.mdl,mechanics,true,true,true,true,not_yet_decoded
models/mechanics/wheels/wheel_race.mdl,mechanics,true,true,true,true,not_yet_decoded
models/mechanics/wheels/wheel_rounded_36.mdl,mechanics,true,true,true,true,not_yet_decoded
models/mechanics/wheels/wheel_rounded_36s.mdl,mechanics,true,true,true,true,not_yet_decoded
models/mechanics/wheels/wheel_rounded_72.mdl,mechanics,true,true,true,true,not_yet_decoded
models/mechanics/wheels/wheel_rugged_24.mdl,mechanics,true,true,true,true,not_yet_decoded
models/mechanics/wheels/wheel_rugged_24w.mdl,mechanics,true,true,true,true,not_yet_decoded
models/mechanics/wheels/wheel_rugged_48.mdl,mechanics,true,true,true,true,not_yet_decoded
models/mechanics/wheels/wheel_rugged_48w.mdl,mechanics,true,true,true,true,not_yet_decoded
models/mechanics/wheels/wheel_smooth2.mdl,mechanics,true,true,true,true,not_yet_decoded
models/mechanics/wheels/wheel_smooth_18r.mdl,mechanics,true,true,true,true,not_yet_decoded
models/mechanics/wheels/wheel_smooth_24.mdl,mechanics,true,true,true,true,not_yet_decoded
models/mechanics/wheels/wheel_smooth_24f.mdl,mechanics,true,true,true,true,not_yet_decoded
models/mechanics/wheels/wheel_smooth_48.mdl,mechanics,true,true,true,true,not_yet_decoded
models/mechanics/wheels/wheel_smooth_72.mdl,mechanics,true,true,true,true,not_yet_decoded
models/mechanics/wheels/wheel_smooth_72w.mdl,mechanics,true,true,true,true,not_yet_decoded
models/mechanics/wheels/wheel_smooth_96.mdl,mechanics,true,true,true,true,not_yet_decoded
models/mechanics/wheels/wheel_speed_72.mdl,mechanics,true,true,true,true,not_yet_decoded
models/mechanics/wheels/wheel_spike_24.mdl,mechanics,true,true,true,true,not_yet_decoded
models/mechanics/wheels/wheel_spike_48.mdl,mechanics,true,true,true,true,not_yet_decoded
models/mini_borealis/mini_borealis.mdl,mini_borealis,true,true,true,true,not_yet_decoded
models/ministrider.mdl,ministrider.mdl,true,true,true,false,not_yet_decoded
models/ministrider_animations.mdl,ministrider_animations.mdl,false,false,false,false,not_yet_decoded
models/monk.mdl,monk.mdl,true,true,true,true,not_yet_decoded
models/monk_animations.mdl,monk_animations.mdl,false,false,false,false,not_yet_decoded
models/mortarsynth.mdl,mortarsynth.mdl,true,true,false,true,not_yet_decoded
models/mossman.mdl,mossman.mdl,true,true,true,false,not_yet_decoded
models/mossman_anims.mdl,mossman_anims.mdl,false,false,false,false,not_yet_decoded
models/mossman_gestures.mdl,mossman_gestures.mdl,false,false,false,false,not_yet_decoded
models/mossman_postures.mdl,mossman_postures.mdl,false,false,false,false,not_yet_decoded
models/nateswheel/nateswheel.mdl,nateswheel,true,true,true,true,not_yet_decoded
models/nateswheel/nateswheelwide.mdl,nateswheel,true,true,true,true,not_yet_decoded
models/noesis/donut.mdl,noesis,true,true,true,true,not_yet_decoded
models/nova/airboat_seat.mdl,nova,true,true,true,true,not_yet_decoded
models/nova/chair_office01.mdl,nova,true,true,true,true,not_yet_decoded
models/nova/chair_office02.mdl,nova,true,true,true,true,not_yet_decoded
models/nova/chair_plastic01.mdl,nova,true,true,true,true,not_yet_decoded
models/nova/chair_wood01.mdl,nova,true,true,true,true,not_yet_decoded
models/nova/jalopy_seat.mdl,nova,true,true,true,true,not_yet_decoded
models/nova/jeep_seat.mdl,nova,true,true,true,true,not_yet_decoded
models/nova/w_headcrab.mdl,nova,true,true,false,true,not_yet_decoded
models/nova/w_headgear.mdl,nova,true,true,false,true,not_yet_decoded
models/odessa.mdl,odessa.mdl,true,true,true,true,not_yet_decoded
models/perftest/gman.mdl,perftest,true,true,false,false,not_yet_decoded
models/perftest/grass_tuft_001.mdl,perftest,true,true,false,true,not_yet_decoded
models/perftest/grass_tuft_001a.mdl,perftest,true,true,false,true,not_yet_decoded
models/perftest/grass_tuft_001b.mdl,perftest,true,true,false,true,not_yet_decoded
models/perftest/grass_tuft_003a.mdl,perftest,true,true,false,true,not_yet_decoded
models/perftest/grass_tuft_004a.mdl,perftest,true,true,false,true,not_yet_decoded
models/perftest/grass_tuft_004b.mdl,perftest,true,true,false,true,not_yet_decoded
models/perftest/grass_tuft_004c.mdl,perftest,true,true,false,true,not_yet_decoded
models/perftest/grass_tuft_004d.mdl,perftest,true,true,false,true,not_yet_decoded
models/perftest/ground_objects8k.mdl,perftest,true,true,false,false,not_yet_decoded
models/perftest/loader.mdl,perftest,true,true,false,false,not_yet_decoded
models/perftest/loader_static.mdl,perftest,true,true,true,false,not_yet_decoded
models/perftest/rocksground01a.mdl,perftest,true,true,true,true,not_yet_decoded
models/perftest/rocksground01b.mdl,perftest,true,true,true,true,not_yet_decoded
models/perftest/rocksground01c.mdl,perftest,true,true,false,true,not_yet_decoded
models/perftest/rocksground01d.mdl,perftest,true,true,false,true,not_yet_decoded
models/perftest/rocksground01e.mdl,perftest,true,true,false,true,not_yet_decoded
models/perftest/rocksground02a.mdl,perftest,true,true,false,true,not_yet_decoded
models/perftest/rocksground02b.mdl,perftest,true,true,false,true,not_yet_decoded
models/perftest/rocksground02c.mdl,perftest,true,true,false,true,not_yet_decoded
models/perftest/wall_section10k.mdl,perftest,true,true,false,false,not_yet_decoded
models/perftest/wall_section10k_halfsize.mdl,perftest,true,true,false,false,not_yet_decoded
models/phxtended/bar1x.mdl,phxtended,true,true,true,true,not_yet_decoded
models/phxtended/bar1x45a.mdl,phxtended,true,true,true,true,not_yet_decoded
models/phxtended/bar1x45b.mdl,phxtended,true,true,true,true,not_yet_decoded
models/phxtended/bar2x.mdl,phxtended,true,true,true,true,not_yet_decoded
models/phxtended/bar2x45a.mdl,phxtended,true,true,true,true,not_yet_decoded
models/phxtended/bar2x45b.mdl,phxtended,true,true,true,true,not_yet_decoded
models/phxtended/cab1x1x1.mdl,phxtended,true,true,true,true,not_yet_decoded
models/phxtended/cab2x1x1.mdl,phxtended,true,true,true,true,not_yet_decoded
models/phxtended/cab2x2x1.mdl,phxtended,true,true,true,true,not_yet_decoded
models/phxtended/cab2x2x2.mdl,phxtended,true,true,true,true,not_yet_decoded
models/phxtended/tri1x1.mdl,phxtended,true,true,true,true,not_yet_decoded
models/phxtended/tri1x1solid.mdl,phxtended,true,true,true,true,not_yet_decoded
models/phxtended/tri1x1x1.mdl,phxtended,true,true,true,true,not_yet_decoded
models/phxtended/tri1x1x1solid.mdl,phxtended,true,true,true,true,not_yet_decoded
models/phxtended/tri1x1x2.mdl,phxtended,true,true,true,true,not_yet_decoded
models/phxtended/tri1x1x2solid.mdl,phxtended,true,true,true,true,not_yet_decoded
models/phxtended/tri2x1.mdl,phxtended,true,true,true,true,not_yet_decoded
models/phxtended/tri2x1solid.mdl,phxtended,true,true,true,true,not_yet_decoded
models/phxtended/tri2x1x1.mdl,phxtended,true,true,true,true,not_yet_decoded
models/phxtended/tri2x1x1solid.mdl,phxtended,true,true,true,true,not_yet_decoded
models/phxtended/tri2x1x2.mdl,phxtended,true,true,true,true,not_yet_decoded
models/phxtended/tri2x1x2solid.mdl,phxtended,true,true,true,true,not_yet_decoded
models/phxtended/tri2x2.mdl,phxtended,true,true,true,true,not_yet_decoded
models/phxtended/tri2x2solid.mdl,phxtended,true,true,true,true,not_yet_decoded
models/phxtended/tri2x2x1.mdl,phxtended,true,true,true,true,not_yet_decoded
models/phxtended/tri2x2x1solid.mdl,phxtended,true,true,true,true,not_yet_decoded
models/phxtended/tri2x2x2.mdl,phxtended,true,true,true,true,not_yet_decoded
models/phxtended/tri2x2x2solid.mdl,phxtended,true,true,true,true,not_yet_decoded
models/phxtended/trieq1x1x1.mdl,phxtended,true,true,true,true,not_yet_decoded
models/phxtended/trieq1x1x1solid.mdl,phxtended,true,true,true,true,not_yet_decoded
models/phxtended/trieq1x1x2.mdl,phxtended,true,true,true,true,not_yet_decoded
models/phxtended/trieq1x1x2solid.mdl,phxtended,true,true,true,true,not_yet_decoded
models/phxtended/trieq2x2x1.mdl,phxtended,true,true,true,true,not_yet_decoded
models/phxtended/trieq2x2x1solid.mdl,phxtended,true,true,true,true,not_yet_decoded
models/phxtended/trieq2x2x2.mdl,phxtended,true,true,true,true,not_yet_decoded
models/phxtended/trieq2x2x2solid.mdl,phxtended,true,true,true,true,not_yet_decoded
models/pigeon.mdl,pigeon.mdl,true,true,true,true,not_yet_decoded
models/player.mdl,player.mdl,true,true,true,false,not_yet_decoded
models/player/ak_anims_ct.mdl,player,false,false,false,false,not_yet_decoded
models/player/ak_anims_t.mdl,player,false,false,false,false,not_yet_decoded
models/player/alyx.mdl,player,true,true,true,true,not_yet_decoded
models/player/arctic.mdl,player,true,true,true,true,not_yet_decoded
models/player/barney.mdl,player,true,true,true,true,not_yet_decoded
models/player/breen.mdl,player,true,true,true,true,not_yet_decoded
models/player/charple.mdl,player,true,true,true,true,not_yet_decoded
models/player/combine_soldier.mdl,player,true,true,true,true,not_yet_decoded
models/player/combine_soldier_prisonguard.mdl,player,true,true,true,true,not_yet_decoded
models/player/combine_super_soldier.mdl,player,true,true,true,true,not_yet_decoded
models/player/corpse1.mdl,player,true,true,true,true,not_yet_decoded
models/player/cs_player_shared.mdl,player,false,false,false,false,not_yet_decoded
models/player/ct_gign.mdl,player,true,true,true,true,not_yet_decoded
models/player/ct_gsg9.mdl,player,true,true,true,true,not_yet_decoded
models/player/ct_sas.mdl,player,true,true,true,true,not_yet_decoded
models/player/ct_urban.mdl,player,true,true,true,true,not_yet_decoded
models/player/dod_american.mdl,player,true,true,true,true,not_yet_decoded
models/player/dod_german.mdl,player,true,true,true,true,not_yet_decoded
models/player/eli.mdl,player,true,true,true,true,not_yet_decoded
models/player/gasmask.mdl,player,true,true,true,true,not_yet_decoded
models/player/gman_high.mdl,player,true,true,true,true,not_yet_decoded
models/player/group01/female_01.mdl,player,true,true,true,true,not_yet_decoded
models/player/group01/female_02.mdl,player,true,true,true,true,not_yet_decoded
models/player/group01/female_03.mdl,player,true,true,true,true,not_yet_decoded
models/player/group01/female_04.mdl,player,true,true,true,true,not_yet_decoded
models/player/group01/female_05.mdl,player,true,true,true,true,not_yet_decoded
models/player/group01/female_06.mdl,player,true,true,true,true,not_yet_decoded
models/player/group01/male_01.mdl,player,true,true,true,true,not_yet_decoded
models/player/group01/male_02.mdl,player,true,true,true,true,not_yet_decoded
models/player/group01/male_03.mdl,player,true,true,true,true,not_yet_decoded
models/player/group01/male_04.mdl,player,true,true,true,true,not_yet_decoded
models/player/group01/male_05.mdl,player,true,true,true,true,not_yet_decoded
models/player/group01/male_06.mdl,player,true,true,true,true,not_yet_decoded
models/player/group01/male_07.mdl,player,true,true,true,true,not_yet_decoded
models/player/group01/male_08.mdl,player,true,true,true,true,not_yet_decoded
models/player/group01/male_09.mdl,player,true,true,true,true,not_yet_decoded
models/player/group02/male_02.mdl,player,true,true,true,true,not_yet_decoded
models/player/group02/male_04.mdl,player,true,true,true,true,not_yet_decoded
models/player/group02/male_06.mdl,player,true,true,true,true,not_yet_decoded
models/player/group02/male_08.mdl,player,true,true,true,true,not_yet_decoded
models/player/group03/female_01.mdl,player,true,true,true,true,not_yet_decoded
models/player/group03/female_02.mdl,player,true,true,true,true,not_yet_decoded
models/player/group03/female_03.mdl,player,true,true,true,true,not_yet_decoded
models/player/group03/female_04.mdl,player,true,true,true,true,not_yet_decoded
models/player/group03/female_05.mdl,player,true,true,true,true,not_yet_decoded
models/player/group03/female_06.mdl,player,true,true,true,true,not_yet_decoded
models/player/group03/male_01.mdl,player,true,true,true,true,not_yet_decoded
models/player/group03/male_02.mdl,player,true,true,true,true,not_yet_decoded
models/player/group03/male_03.mdl,player,true,true,true,true,not_yet_decoded
models/player/group03/male_04.mdl,player,true,true,true,true,not_yet_decoded
models/player/group03/male_05.mdl,player,true,true,true,true,not_yet_decoded
models/player/group03/male_06.mdl,player,true,true,true,true,not_yet_decoded
models/player/group03/male_07.mdl,player,true,true,true,true,not_yet_decoded
models/player/group03/male_08.mdl,player,true,true,true,true,not_yet_decoded
models/player/group03/male_09.mdl,player,true,true,true,true,not_yet_decoded
models/player/group03m/female_01.mdl,player,true,true,true,true,not_yet_decoded
models/player/group03m/female_02.mdl,player,true,true,true,true,not_yet_decoded
models/player/group03m/female_03.mdl,player,true,true,true,true,not_yet_decoded
models/player/group03m/female_04.mdl,player,true,true,true,true,not_yet_decoded
models/player/group03m/female_05.mdl,player,true,true,true,true,not_yet_decoded
models/player/group03m/female_06.mdl,player,true,true,true,true,not_yet_decoded
models/player/group03m/male_01.mdl,player,true,true,true,true,not_yet_decoded
models/player/group03m/male_02.mdl,player,true,true,true,true,not_yet_decoded
models/player/group03m/male_03.mdl,player,true,true,true,true,not_yet_decoded
models/player/group03m/male_04.mdl,player,true,true,true,true,not_yet_decoded
models/player/group03m/male_05.mdl,player,true,true,true,true,not_yet_decoded
models/player/group03m/male_06.mdl,player,true,true,true,true,not_yet_decoded
models/player/group03m/male_07.mdl,player,true,true,true,true,not_yet_decoded
models/player/group03m/male_08.mdl,player,true,true,true,true,not_yet_decoded
models/player/group03m/male_09.mdl,player,true,true,true,true,not_yet_decoded
models/player/guerilla.mdl,player,true,true,true,true,not_yet_decoded
models/player/hostage/hostage_01.mdl,player,true,true,true,true,not_yet_decoded
models/player/hostage/hostage_02.mdl,player,true,true,true,true,not_yet_decoded
models/player/hostage/hostage_03.mdl,player,true,true,true,true,not_yet_decoded
models/player/hostage/hostage_04.mdl,player,true,true,true,true,not_yet_decoded
models/player/items/humans/graduation_cap.mdl,player,true,true,false,true,not_yet_decoded
models/player/items/humans/top_hat.mdl,player,true,true,true,true,not_yet_decoded
models/player/kleiner.mdl,player,true,true,true,true,not_yet_decoded
models/player/leet.mdl,player,true,true,true,true,not_yet_decoded
models/player/magnusson.mdl,player,true,true,true,true,not_yet_decoded
models/player/monk.mdl,player,true,true,true,true,not_yet_decoded
models/player/mossman.mdl,player,true,true,true,true,not_yet_decoded
models/player/mossman_arctic.mdl,player,true,true,true,true,not_yet_decoded
models/player/odessa.mdl,player,true,true,true,true,not_yet_decoded
models/player/p2_chell.mdl,player,true,true,true,true,not_yet_decoded
models/player/phoenix.mdl,player,true,true,true,true,not_yet_decoded
models/player/police.mdl,player,true,true,true,true,not_yet_decoded
models/player/police_fem.mdl,player,true,true,true,true,not_yet_decoded
models/player/riot.mdl,player,true,true,true,true,not_yet_decoded
models/player/skeleton.mdl,player,true,true,true,true,not_yet_decoded
models/player/soldier_stripped.mdl,player,true,true,true,true,not_yet_decoded
models/player/swat.mdl,player,true,true,true,true,not_yet_decoded
models/player/t_arctic.mdl,player,true,true,true,true,not_yet_decoded
models/player/t_guerilla.mdl,player,true,true,true,true,not_yet_decoded
models/player/t_leet.mdl,player,true,true,true,true,not_yet_decoded
models/player/t_phoenix.mdl,player,true,true,true,true,not_yet_decoded
models/player/urban.mdl,player,true,true,true,true,not_yet_decoded
models/player/zombie_classic.mdl,player,true,true,true,true,not_yet_decoded
models/player/zombie_fast.mdl,player,true,true,true,true,not_yet_decoded
models/player/zombie_soldier.mdl,player,true,true,true,true,not_yet_decoded
models/police.mdl,police.mdl,true,true,true,true,not_yet_decoded
models/police_animations.mdl,police_animations.mdl,false,false,false,false,not_yet_decoded
models/police_cheaple.mdl,police_cheaple.mdl,true,true,true,false,not_yet_decoded
models/police_ss.mdl,police_ss.mdl,false,false,false,false,not_yet_decoded
models/props/cs_assault/acunit01.mdl,props,true,true,true,true,not_yet_decoded
models/props/cs_assault/acunit02.mdl,props,true,true,true,true,not_yet_decoded
models/props/cs_assault/barrelwarning.mdl,props,true,true,true,true,not_yet_decoded
models/props/cs_assault/billboard.mdl,props,true,true,true,true,not_yet_decoded
models/props/cs_assault/box_stack1.mdl,props,true,true,true,true,not_yet_decoded
models/props/cs_assault/box_stack2.mdl,props,true,true,true,true,not_yet_decoded
models/props/cs_assault/camera.mdl,props,true,true,true,true,not_yet_decoded
models/props/cs_assault/chaintrainstationsign.mdl,props,true,true,true,true,not_yet_decoded
models/props/cs_assault/consolepanelloadingbay.mdl,props,true,true,true,true,not_yet_decoded
models/props/cs_assault/dollar.mdl,props,true,true,true,true,not_yet_decoded
models/props/cs_assault/dryer_box.mdl,props,true,true,true,true,not_yet_decoded
models/props/cs_assault/dryer_box2.mdl,props,true,true,true,true,not_yet_decoded
models/props/cs_assault/duct.mdl,props,true,true,true,true,not_yet_decoded
models/props/cs_assault/fireescape_bottom.mdl,props,true,true,true,true,not_yet_decoded
models/props/cs_assault/fireescape_repeatable.mdl,props,true,true,true,true,not_yet_decoded
models/props/cs_assault/fireescape_top.mdl,props,true,true,true,true,not_yet_decoded
models/props/cs_assault/firehydrant.mdl,props,true,true,true,true,not_yet_decoded
models/props/cs_assault/floodlight01.mdl,props,true,true,true,true,not_yet_decoded
models/props/cs_assault/floodlight02.mdl,props,true,true,true,true,not_yet_decoded
models/props/cs_assault/forklift.mdl,props,true,true,true,true,not_yet_decoded
models/props/cs_assault/handtruck.mdl,props,true,true,true,true,not_yet_decoded
models/props/cs_assault/ladder_tall.mdl,props,true,true,false,true,not_yet_decoded
models/props/cs_assault/ladderaluminium128.mdl,props,true,true,true,true,not_yet_decoded
models/props/cs_assault/light_shop2.mdl,props,true,true,true,true,not_yet_decoded
models/props/cs_assault/meter.mdl,props,true,true,true,true,not_yet_decoded
models/props/cs_assault/money.mdl,props,true,true,true,true,not_yet_decoded
models/props/cs_assault/moneypallet.mdl,props,true,true,true,true,not_yet_decoded
models/props/cs_assault/moneypallet02.mdl,props,true,true,true,true,not_yet_decoded
models/props/cs_assault/moneypallet02a.mdl,props,true,true,true,true,not_yet_decoded
models/props/cs_assault/moneypallet02b.mdl,props,true,true,true,true,not_yet_decoded
models/props/cs_assault/moneypallet02c.mdl,props,true,true,true,true,not_yet_decoded
models/props/cs_assault/moneypallet02d.mdl,props,true,true,true,true,not_yet_decoded
models/props/cs_assault/moneypallet02e.mdl,props,true,true,true,true,not_yet_decoded
models/props/cs_assault/moneypallet03.mdl,props,true,true,true,true,not_yet_decoded
models/props/cs_assault/moneypallet03a.mdl,props,true,true,true,true,not_yet_decoded
models/props/cs_assault/moneypallet03b.mdl,props,true,true,true,true,not_yet_decoded
models/props/cs_assault/moneypallet03c.mdl,props,true,true,true,true,not_yet_decoded
models/props/cs_assault/moneypallet03d.mdl,props,true,true,true,true,not_yet_decoded
models/props/cs_assault/moneypallet03e.mdl,props,true,true,true,true,not_yet_decoded
models/props/cs_assault/moneypallet_washerdryer.mdl,props,true,true,true,true,not_yet_decoded
models/props/cs_assault/moneypalleta.mdl,props,true,true,true,true,not_yet_decoded
models/props/cs_assault/moneypalletb.mdl,props,true,true,true,true,not_yet_decoded
models/props/cs_assault/moneypalletc.mdl,props,true,true,true,true,not_yet_decoded
models/props/cs_assault/moneypalletd.mdl,props,true,true,true,true,not_yet_decoded
models/props/cs_assault/moneypallete.mdl,props,true,true,true,true,not_yet_decoded
models/props/cs_assault/noparking.mdl,props,true,true,true,true,not_yet_decoded
models/props/cs_assault/nostopssign.mdl,props,true,true,true,true,not_yet_decoded
models/props/cs_assault/pylon.mdl,props,true,true,true,true,not_yet_decoded
models/props/cs_assault/railingalley01.mdl,props,true,true,true,true,not_yet_decoded
models/props/cs_assault/railingalley02.mdl,props,true,true,true,true,not_yet_decoded
models/props/cs_assault/railingtraintrack01.mdl,props,true,true,true,true,not_yet_decoded
models/props/cs_assault/rustyrailing01.mdl,props,true,true,true,true,not_yet_decoded
models/props/cs_assault/rustyrailing02.mdl,props,true,true,true,true,not_yet_decoded
models/props/cs_assault/rustyrailing03.mdl,props,true,true,true,true,not_yet_decoded
models/props/cs_assault/stoplight.mdl,props,true,true,true,true,not_yet_decoded
models/props/cs_assault/streetlight.mdl,props,true,true,true,true,not_yet_decoded
models/props/cs_assault/streetsign01.mdl,props,true,true,true,true,not_yet_decoded
models/props/cs_assault/streetsign02.mdl,props,true,true,true,true,not_yet_decoded
models/props/cs_assault/ticketmachine.mdl,props,true,true,true,true,not_yet_decoded
models/props/cs_assault/trainstationsign.mdl,props,true,true,true,true,not_yet_decoded
models/props/cs_assault/ventilationduct01.mdl,props,true,true,true,true,not_yet_decoded
models/props/cs_assault/ventilationduct02.mdl,props,true,true,true,true,not_yet_decoded
models/props/cs_assault/vents.mdl,props,true,true,true,true,not_yet_decoded
models/props/cs_assault/wall_vent.mdl,props,true,true,true,true,not_yet_decoded
models/props/cs_assault/wall_wires1.mdl,props,true,true,true,true,not_yet_decoded
models/props/cs_assault/wall_wires2.mdl,props,true,true,true,true,not_yet_decoded
models/props/cs_assault/washer_box.mdl,props,true,true,true,true,not_yet_decoded
models/props/cs_assault/washer_box2.mdl,props,true,true,true,true,not_yet_decoded
models/props/cs_assault/water_tower.mdl,props,true,true,false,true,not_yet_decoded
models/props/cs_assault/wirepipe.mdl,props,true,true,true,true,not_yet_decoded
models/props/cs_assault/wirespout.mdl,props,true,true,true,true,not_yet_decoded
models/props/cs_havana/arch_c.mdl,props,true,true,true,true,not_yet_decoded
models/props/cs_havana/bookcase_large.mdl,props,true,true,true,true,not_yet_decoded
models/props/cs_havana/bookcase_small.mdl,props,true,true,true,true,not_yet_decoded
models/props/cs_havana/gazebo.mdl,props,true,true,true,true,not_yet_decoded
models/props/cs_havana/pillar_a.mdl,props,true,true,true,true,not_yet_decoded
models/props/cs_havana/pole_a.mdl,props,true,true,true,true,not_yet_decoded
models/props/cs_havana/pole_a_skybox.mdl,props,true,true,false,true,not_yet_decoded
models/props/cs_havana/wndb.mdl,props,true,true,false,true,not_yet_decoded
models/props/cs_havana/wndc.mdl,props,true,true,false,true,not_yet_decoded
models/props/cs_havana/wndd.mdl,props,true,true,false,true,not_yet_decoded
models/props/cs_havana/wndg.mdl,props,true,true,false,true,not_yet_decoded
models/props/cs_havana/wndl.mdl,props,true,true,false,true,not_yet_decoded
models/props/cs_havana/wndx1.mdl,props,true,true,false,true,not_yet_decoded
models/props/cs_havana/wndz2.mdl,props,true,true,false,true,not_yet_decoded
models/props/cs_italy/bananna.mdl,props,true,true,true,true,not_yet_decoded
models/props/cs_italy/bananna_bunch.mdl,props,true,true,true,true,not_yet_decoded
models/props/cs_italy/banannagib1.mdl,props,true,true,true,true,not_yet_decoded
models/props/cs_italy/banannagib2.mdl,props,true,true,true,true,not_yet_decoded
models/props/cs_italy/it_blc_med.mdl,props,true,true,true,true,not_yet_decoded
models/props/cs_italy/it_blc_small.mdl,props,true,true,true,true,not_yet_decoded
models/props/cs_italy/it_doora.mdl,props,true,true,true,true,not_yet_decoded
models/props/cs_italy/it_doorb.mdl,props,true,true,true,true,not_yet_decoded
models/props/cs_italy/it_doorc.mdl,props,true,true,true,true,not_yet_decoded
models/props/cs_italy/it_entarch1.mdl,props,true,true,true,true,not_yet_decoded
models/props/cs_italy/it_entarch2.mdl,props,true,true,true,true,not_yet_decoded
models/props/cs_italy/it_lampholder1.mdl,props,true,true,true,true,not_yet_decoded
models/props/cs_italy/it_lampholder2.mdl,props,true,true,true,true,not_yet_decoded
models/props/cs_italy/it_lantern1.mdl,props,true,true,true,true,not_yet_decoded
models/props/cs_italy/it_lantern2.mdl,props,true,true,true,true,not_yet_decoded
models/props/cs_italy/it_logs.mdl,props,true,true,false,true,not_yet_decoded
models/props/cs_italy/it_mkt_container1.mdl,props,true,true,true,true,not_yet_decoded
models/props/cs_italy/it_mkt_container1a.mdl,props,true,true,true,true,not_yet_decoded
models/props/cs_italy/it_mkt_container2.mdl,props,true,true,true,true,not_yet_decoded
models/props/cs_italy/it_mkt_container3.mdl,props,true,true,true,true,not_yet_decoded
models/props/cs_italy/it_mkt_container3a.mdl,props,true,true,true,true,not_yet_decoded
models/props/cs_italy/it_mkt_shelf1.mdl,props,true,true,true,true,not_yet_decoded
models/props/cs_italy/it_mkt_table1.mdl,props,true,true,true,true,not_yet_decoded
models/props/cs_italy/it_mkt_table2.mdl,props,true,true,true,true,not_yet_decoded
models/props/cs_italy/it_mkt_table3.mdl,props,true,true,true,true,not_yet_decoded
models/props/cs_italy/it_roofsup192.mdl,props,true,true,true,true,not_yet_decoded
models/props/cs_italy/it_roofsup240.mdl,props,true,true,true,true,not_yet_decoded
models/props/cs_italy/it_streetlampleg.mdl,props,true,true,true,true,not_yet_decoded
models/props/cs_italy/it_wnda.mdl,props,true,true,true,true,not_yet_decoded
models/props/cs_italy/it_wndb.mdl,props,true,true,true,true,not_yet_decoded
models/props/cs_italy/it_wndc.mdl,props,true,true,true,true,not_yet_decoded
models/props/cs_italy/it_wndc2.mdl,props,true,true,true,true,not_yet_decoded
models/props/cs_italy/it_wndg.mdl,props,true,true,true,true,not_yet_decoded
models/props/cs_italy/it_wndx1.mdl,props,true,true,true,true,not_yet_decoded
models/props/cs_italy/it_wndx1open.mdl,props,true,true,true,true,not_yet_decoded
models/props/cs_italy/it_wndx2.mdl,props,true,true,true,true,not_yet_decoded
models/props/cs_italy/it_wndx2open.mdl,props,true,true,true,true,not_yet_decoded
models/props/cs_italy/it_wndy1.mdl,props,true,true,true,true,not_yet_decoded
models/props/cs_italy/it_wndz1.mdl,props,true,true,true,true,not_yet_decoded
models/props/cs_italy/orange.mdl,props,true,true,true,true,not_yet_decoded
models/props/cs_italy/orangegib1.mdl,props,true,true,true,true,not_yet_decoded
models/props/cs_italy/orangegib2.mdl,props,true,true,true,true,not_yet_decoded
models/props/cs_italy/orangegib3.mdl,props,true,true,true,true,not_yet_decoded
models/props/cs_italy/winerack_large.mdl,props,true,true,false,true,not_yet_decoded
models/props/cs_italy/winerack_small.mdl,props,true,true,false,true,not_yet_decoded
models/props/cs_militia/2x4walls01.mdl,props,true,true,true,true,not_yet_decoded
models/props/cs_militia/axe.mdl,props,true,true,true,true,not_yet_decoded
models/props/cs_militia/bar01.mdl,props,true,true,true,true,not_yet_decoded
models/props/cs_militia/barstool01.mdl,props,true,true,true,true,not_yet_decoded
models/props/cs_militia/bathroomwallhole01_tile.mdl,props,true,true,true,true,not_yet_decoded
models/props/cs_militia/bathroomwallhole01_wood_broken.mdl,props,true,true,true,true,not_yet_decoded
models/props/cs_militia/bathroomwallhole01_wood_broken_01.mdl,props,true,true,true,true,not_yet_decoded
models/props/cs_militia/bathroomwallhole01_wood_broken_02.mdl,props,true,true,true,true,not_yet_decoded
models/props/cs_militia/bathroomwallhole01_wood_broken_03.mdl,props,true,true,true,true,not_yet_decoded
models/props/cs_militia/bathroomwallhole01_wood_broken_04.mdl,props,true,true,true,true,not_yet_decoded
models/props/cs_militia/bedroombeams.mdl,props,true,true,false,true,not_yet_decoded
models/props/cs_militia/bottle01.mdl,props,true,true,true,true,not_yet_decoded
models/props/cs_militia/bottle01_breaka.mdl,props,true,true,true,true,not_yet_decoded
models/props/cs_militia/bottle01_breakb.mdl,props,true,true,true,true,not_yet_decoded
models/props/cs_militia/bottle02.mdl,props,true,true,true,true,not_yet_decoded
models/props/cs_militia/bottle03.mdl,props,true,true,true,true,not_yet_decoded
models/props/cs_militia/boulder01.mdl,props,true,true,true,true,not_yet_decoded
models/props/cs_militia/boulderring01.mdl,props,true,true,true,true,not_yet_decoded
models/props/cs_militia/boxes_frontroom.mdl,props,true,true,true,true,not_yet_decoded
models/props/cs_militia/boxes_garage.mdl,props,true,true,true,true,not_yet_decoded
models/props/cs_militia/boxes_garage_lower.mdl,props,true,true,true,true,not_yet_decoded
models/props/cs_militia/bridgelight.mdl,props,true,true,false,true,not_yet_decoded
models/props/cs_militia/bunkbed.mdl,props,true,true,true,true,not_yet_decoded
models/props/cs_militia/bunkbed2.mdl,props,true,true,true,true,not_yet_decoded
models/props/cs_militia/car_militia.mdl,props,true,true,true,true,not_yet_decoded
models/props/cs_militia/caseofbeer01.mdl,props,true,true,true,true,not_yet_decoded
models/props/cs_militia/circularsaw01.mdl,props,true,true,true,true,not_yet_decoded
models/props/cs_militia/couch.mdl,props,true,true,true,true,not_yet_decoded
models/props/cs_militia/coveredbridge01_bottom.mdl,props,true,true,true,true,not_yet_decoded
models/props/cs_militia/coveredbridge01_left.mdl,props,true,true,true,true,not_yet_decoded
models/props/cs_militia/coveredbridge01_right.mdl,props,true,true,false,true,not_yet_decoded
models/props/cs_militia/coveredbridge01_top.mdl,props,true,true,true,true,not_yet_decoded
models/props/cs_militia/crate_extralargemill.mdl,props,true,true,true,true,not_yet_decoded
models/props/cs_militia/crate_extrasmallmill.mdl,props,true,true,true,true,not_yet_decoded
models/props/cs_militia/crate_stackmill.mdl,props,true,true,true,true,not_yet_decoded
models/props/cs_militia/dryer.mdl,props,true,true,true,true,not_yet_decoded
models/props/cs_militia/fence_ranch.mdl,props,true,true,true,true,not_yet_decoded
models/props/cs_militia/fencebarbedwire01.mdl,props,true,true,true,true,not_yet_decoded
models/props/cs_militia/fencewoodlog01_short.mdl,props,true,true,true,true,not_yet_decoded
models/props/cs_militia/fencewoodlog02_short.mdl,props,true,true,true,true,not_yet_decoded
models/props/cs_militia/fencewoodlog03_long.mdl,props,true,true,true,true,not_yet_decoded
models/props/cs_militia/fencewoodlog04_long.mdl,props,true,true,true,true,not_yet_decoded
models/props/cs_militia/fern01.mdl,props,true,true,false,true,not_yet_decoded
models/props/cs_militia/fern01lg.mdl,props,true,true,false,true,not_yet_decoded
models/props/cs_militia/fertilizer.mdl,props,true,true,true,true,not_yet_decoded
models/props/cs_militia/fireplace01.mdl,props,true,true,true,true,not_yet_decoded
models/props/cs_militia/fireplacechimney01.mdl,props,true,true,true,true,not_yet_decoded
models/props/cs_militia/fishriver01.mdl,props,true,true,true,true,not_yet_decoded
models/props/cs_militia/food_stack.mdl,props,true,true,true,true,not_yet_decoded
models/props/cs_militia/footlocker01_closed.mdl,props,true,true,true,true,not_yet_decoded
models/props/cs_militia/footlocker01_open.mdl,props,true,true,true,true,not_yet_decoded
models/props/cs_militia/furnace01.mdl,props,true,true,true,true,not_yet_decoded
models/props/cs_militia/furnace01pipes.mdl,props,true,true,true,true,not_yet_decoded
models/props/cs_militia/furnace01pipes02.mdl,props,true,true,true,true,not_yet_decoded
models/props/cs_militia/furniture_shelf01a.mdl,props,true,true,true,true,not_yet_decoded
models/props/cs_militia/garage_framework1.mdl,props,true,true,false,true,not_yet_decoded
models/props/cs_militia/garage_framework2.mdl,props,true,true,false,true,not_yet_decoded
models/props/cs_militia/garage_framework3.mdl,props,true,true,false,true,not_yet_decoded
models/props/cs_militia/garage_framework4.mdl,props,true,true,false,true,not_yet_decoded
models/props/cs_militia/garage_framework5.mdl,props,true,true,false,true,not_yet_decoded
models/props/cs_militia/garage_overhang.mdl,props,true,true,false,true,not_yet_decoded
models/props/cs_militia/grate.mdl,props,true,true,false,true,not_yet_decoded
models/props/cs_militia/gun_cabinet.mdl,props,true,true,true,true,not_yet_decoded
models/props/cs_militia/gun_cabinet_glass.mdl,props,true,true,true,true,not_yet_decoded
models/props/cs_militia/haybale_target.mdl,props,true,true,true,true,not_yet_decoded
models/props/cs_militia/haybale_target_02.mdl,props,true,true,true,true,not_yet_decoded
models/props/cs_militia/haybale_target_03.mdl,props,true,true,true,true,not_yet_decoded
models/props/cs_militia/housefence.mdl,props,true,true,true,true,not_yet_decoded
models/props/cs_militia/housefence_door.mdl,props,true,true,true,true,not_yet_decoded
models/props/cs_militia/ladderrung.mdl,props,true,true,true,true,not_yet_decoded
models/props/cs_militia/ladderwood.mdl,props,true,true,true,true,not_yet_decoded
models/props/cs_militia/light_outdoor.mdl,props,true,true,true,true,not_yet_decoded
models/props/cs_militia/light_outdoor_glass.mdl,props,true,true,false,true,not_yet_decoded
models/props/cs_militia/light_shop2.mdl,props,true,true,true,true,not_yet_decoded
models/props/cs_militia/lightfixture01.mdl,props,true,true,true,true,not_yet_decoded
models/props/cs_militia/lightfixture01_base.mdl,props,true,true,true,true,not_yet_decoded
models/props/cs_militia/logpile2.mdl,props,true,true,true,true,not_yet_decoded
models/props/cs_militia/mailbox01.mdl,props,true,true,true,true,not_yet_decoded
models/props/cs_militia/microwave01.mdl,props,true,true,true,true,not_yet_decoded
models/props/cs_militia/middleroombeams.mdl,props,true,true,false,true,not_yet_decoded
models/props/cs_militia/militiarock01.mdl,props,true,true,true,true,not_yet_decoded
models/props/cs_militia/militiarock02.mdl,props,true,true,true,true,not_yet_decoded
models/props/cs_militia/militiarock03.mdl,props,true,true,true,true,not_yet_decoded
models/props/cs_militia/militiarock05.mdl,props,true,true,true,true,not_yet_decoded
models/props/cs_militia/militiawindow01.mdl,props,true,true,true,true,not_yet_decoded
models/props/cs_militia/militiawindow02_breakable.mdl,props,true,true,true,true,not_yet_decoded
models/props/cs_militia/militiawindow02_breakable_chunk_01.mdl,props,true,true,true,true,not_yet_decoded
models/props/cs_militia/militiawindow02_breakable_chunk_02.mdl,props,true,true,true,true,not_yet_decoded
models/props/cs_militia/militiawindow02_breakable_chunk_03.mdl,props,true,true,true,true,not_yet_decoded
models/props/cs_militia/militiawindow02_breakable_chunk_04.mdl,props,true,true,true,true,not_yet_decoded
models/props/cs_militia/militiawindow02_breakable_frame.mdl,props,true,true,true,true,not_yet_decoded
models/props/cs_militia/mountedfish01.mdl,props,true,true,true,true,not_yet_decoded
models/props/cs_militia/newspaperstack01.mdl,props,true,true,true,true,not_yet_decoded
models/props/cs_militia/oldphone01.mdl,props,true,true,true,true,not_yet_decoded
models/props/cs_militia/paintbucket01.mdl,props,true,true,true,true,not_yet_decoded
models/props/cs_militia/refrigerator01.mdl,props,true,true,true,true,not_yet_decoded
models/props/cs_militia/reload_bullet_tray.mdl,props,true,true,true,true,not_yet_decoded
models/props/cs_militia/reload_scale.mdl,props,true,true,true,true,not_yet_decoded
models/props/cs_militia/reloadingpress01.mdl,props,true,true,true,true,not_yet_decoded
models/props/cs_militia/river01.mdl,props,true,true,false,true,not_yet_decoded
models/props/cs_militia/river02.mdl,props,true,true,false,true,not_yet_decoded
models/props/cs_militia/river03.mdl,props,true,true,false,true,not_yet_decoded
models/props/cs_militia/riverlogs.mdl,props,true,true,true,true,not_yet_decoded
models/props/cs_militia/rockpileramp01.mdl,props,true,true,true,true,not_yet_decoded
models/props/cs_militia/rocks01.mdl,props,true,true,false,true,not_yet_decoded
models/props/cs_militia/rocksteppingstones01.mdl,props,true,true,true,true,not_yet_decoded
models/props/cs_militia/roof_vent.mdl,props,true,true,true,true,not_yet_decoded
models/props/cs_militia/roofbeams01.mdl,props,true,true,false,true,not_yet_decoded
models/props/cs_militia/roofedges01.mdl,props,true,true,false,true,not_yet_decoded
models/props/cs_militia/roofholeboards.mdl,props,true,true,true,true,not_yet_decoded
models/props/cs_militia/roofholeboards_p1.mdl,props,true,true,true,true,not_yet_decoded
models/props/cs_militia/roofholeboards_p2.mdl,props,true,true,true,true,not_yet_decoded
models/props/cs_militia/roofholeboards_p3.mdl,props,true,true,true,true,not_yet_decoded
models/props/cs_militia/roofholeboards_p4.mdl,props,true,true,true,true,not_yet_decoded
models/props/cs_militia/roofholeboards_p5.mdl,props,true,true,true,true,not_yet_decoded
models/props/cs_militia/roofholeboards_p6.mdl,props,true,true,true,true,not_yet_decoded
models/props/cs_militia/roofholeboards_p7.mdl,props,true,true,true,true,not_yet_decoded
models/props/cs_militia/ropeladder01.mdl,props,true,true,true,true,not_yet_decoded
models/props/cs_militia/sawhorse.mdl,props,true,true,true,true,not_yet_decoded
models/props/cs_militia/shed_overhang.mdl,props,true,true,false,true,not_yet_decoded
models/props/cs_militia/shedbeams.mdl,props,true,true,false,true,not_yet_decoded
models/props/cs_militia/shedboards01.mdl,props,true,true,false,true,not_yet_decoded
models/props/cs_militia/sheddoor01.mdl,props,true,true,true,true,not_yet_decoded
models/props/cs_militia/shedlight.mdl,props,true,true,false,true,not_yet_decoded
models/props/cs_militia/sheetrock_leaning.mdl,props,true,true,true,true,not_yet_decoded
models/props/cs_militia/shelves.mdl,props,true,true,true,true,not_yet_decoded
models/props/cs_militia/shelves_wood.mdl,props,true,true,true,true,not_yet_decoded
models/props/cs_militia/showers.mdl,props,true,true,true,true,not_yet_decoded
models/props/cs_militia/silo_01.mdl,props,true,true,true,true,not_yet_decoded
models/props/cs_militia/skylight.mdl,props,true,true,true,true,not_yet_decoded
models/props/cs_militia/skylight_glass.mdl,props,true,true,true,true,not_yet_decoded
models/props/cs_militia/skylight_glass_p1.mdl,props,true,true,false,true,not_yet_decoded
models/props/cs_militia/skylight_glass_p10.mdl,props,true,true,true,true,not_yet_decoded
models/props/cs_militia/skylight_glass_p11.mdl,props,true,true,true,true,not_yet_decoded
models/props/cs_militia/skylight_glass_p12.mdl,props,true,true,true,true,not_yet_decoded
models/props/cs_militia/skylight_glass_p13.mdl,props,true,true,true,true,not_yet_decoded
models/props/cs_militia/skylight_glass_p14.mdl,props,true,true,true,true,not_yet_decoded
models/props/cs_militia/skylight_glass_p2.mdl,props,true,true,true,true,not_yet_decoded
models/props/cs_militia/skylight_glass_p3.mdl,props,true,true,true,true,not_yet_decoded
models/props/cs_militia/skylight_glass_p4.mdl,props,true,true,true,true,not_yet_decoded
models/props/cs_militia/skylight_glass_p5.mdl,props,true,true,true,true,not_yet_decoded
models/props/cs_militia/skylight_glass_p6.mdl,props,true,true,true,true,not_yet_decoded
models/props/cs_militia/skylight_glass_p7.mdl,props,true,true,true,true,not_yet_decoded
models/props/cs_militia/skylight_glass_p8.mdl,props,true,true,true,true,not_yet_decoded
models/props/cs_militia/skylight_glass_p9.mdl,props,true,true,true,true,not_yet_decoded
models/props/cs_militia/soap_rope.mdl,props,true,true,false,true,not_yet_decoded
models/props/cs_militia/spotlight.mdl,props,true,true,true,true,not_yet_decoded
models/props/cs_militia/stove01.mdl,props,true,true,true,true,not_yet_decoded
models/props/cs_militia/table_kitchen.mdl,props,true,true,true,true,not_yet_decoded
models/props/cs_militia/table_shed.mdl,props,true,true,true,true,not_yet_decoded
models/props/cs_militia/television_console01.mdl,props,true,true,true,true,not_yet_decoded
models/props/cs_militia/toilet.mdl,props,true,true,true,true,not_yet_decoded
models/props/cs_militia/toothbrushset01.mdl,props,true,true,true,true,not_yet_decoded
models/props/cs_militia/tree_large_militia.mdl,props,true,true,true,true,not_yet_decoded
models/props/cs_militia/trees1.mdl,props,true,true,false,true,not_yet_decoded
models/props/cs_militia/trees2.mdl,props,true,true,false,true,not_yet_decoded
models/props/cs_militia/trees3.mdl,props,true,true,false,true,not_yet_decoded
models/props/cs_militia/tv_console.mdl,props,true,true,true,true,not_yet_decoded
models/props/cs_militia/urine_trough.mdl,props,true,true,true,true,not_yet_decoded
models/props/cs_militia/van.mdl,props,true,true,true,true,not_yet_decoded
models/props/cs_militia/van_glass.mdl,props,true,true,true,true,not_yet_decoded
models/props/cs_militia/vent01.mdl,props,true,true,true,true,not_yet_decoded
models/props/cs_militia/vent01_break_01.mdl,props,true,true,true,true,not_yet_decoded
models/props/cs_militia/vent01_break_02.mdl,props,true,true,true,true,not_yet_decoded
models/props/cs_militia/vent01_break_03.mdl,props,true,true,true,true,not_yet_decoded
models/props/cs_militia/vent01_break_04.mdl,props,true,true,true,true,not_yet_decoded
models/props/cs_militia/vent01_break_05.mdl,props,true,true,true,true,not_yet_decoded
models/props/cs_militia/vent01_break_06.mdl,props,true,true,true,true,not_yet_decoded
models/props/cs_militia/vent01_break_07.mdl,props,true,true,true,true,not_yet_decoded
models/props/cs_militia/vine_wall2.mdl,props,true,true,false,true,not_yet_decoded
models/props/cs_militia/wallconcretehole.mdl,props,true,true,true,true,not_yet_decoded
models/props/cs_militia/wallconcreterubble.mdl,props,true,true,true,true,not_yet_decoded
models/props/cs_militia/wndw01.mdl,props,true,true,true,true,not_yet_decoded
models/props/cs_militia/wndw01_breakable_chunk_01.mdl,props,true,true,true,true,not_yet_decoded
models/props/cs_militia/wndw01_breakable_chunk_02.mdl,props,true,true,true,true,not_yet_decoded
models/props/cs_militia/wndw01_breakable_chunk_03.mdl,props,true,true,true,true,not_yet_decoded
models/props/cs_militia/wndw01_breakable_chunk_04.mdl,props,true,true,true,true,not_yet_decoded
models/props/cs_militia/wndw01_breakable_chunk_05.mdl,props,true,true,true,true,not_yet_decoded
models/props/cs_militia/wndw01_breakable_chunk_06.mdl,props,true,true,true,true,not_yet_decoded
models/props/cs_militia/wndw01_breakable_chunk_07.mdl,props,true,true,true,true,not_yet_decoded
models/props/cs_militia/wndw01_breakable_frame.mdl,props,true,true,true,true,not_yet_decoded
models/props/cs_militia/wndw02.mdl,props,true,true,false,true,not_yet_decoded
models/props/cs_militia/wndw02beams.mdl,props,true,true,false,true,not_yet_decoded
models/props/cs_militia/wndw02inside.mdl,props,true,true,false,true,not_yet_decoded
models/props/cs_militia/wood_bench.mdl,props,true,true,true,true,not_yet_decoded
models/props/cs_militia/wood_table.mdl,props,true,true,true,true,not_yet_decoded
models/props/cs_office/address.mdl,props,true,true,true,true,not_yet_decoded
models/props/cs_office/awning_long.mdl,props,true,true,true,true,not_yet_decoded
models/props/cs_office/awning_short.mdl,props,true,true,true,true,not_yet_decoded
models/props/cs_office/bookshelf1.mdl,props,true,true,true,true,not_yet_decoded
models/props/cs_office/bookshelf2.mdl,props,true,true,true,true,not_yet_decoded
models/props/cs_office/bookshelf3.mdl,props,true,true,true,true,not_yet_decoded
models/props/cs_office/cardboard_box01.mdl,props,true,true,true,true,not_yet_decoded
models/props/cs_office/cardboard_box02.mdl,props,true,true,true,true,not_yet_decoded
models/props/cs_office/cardboard_box03.mdl,props,true,true,true,true,not_yet_decoded
models/props/cs_office/chair_office.mdl,props,true,true,true,true,not_yet_decoded
models/props/cs_office/clouds.mdl,props,true,true,false,true,not_yet_decoded
models/props/cs_office/coffee_mug.mdl,props,true,true,true,true,not_yet_decoded
models/props/cs_office/coffee_mug2.mdl,props,true,true,true,true,not_yet_decoded
models/props/cs_office/coffee_mug3.mdl,props,true,true,true,true,not_yet_decoded
models/props/cs_office/coffee_mug_p1.mdl,props,true,true,true,true,not_yet_decoded
models/props/cs_office/coffee_mug_p2.mdl,props,true,true,true,true,not_yet_decoded
models/props/cs_office/coffee_mug_p3.mdl,props,true,true,true,true,not_yet_decoded
models/props/cs_office/computer.mdl,props,true,true,true,true,not_yet_decoded
models/props/cs_office/computer_case.mdl,props,true,true,true,true,not_yet_decoded
models/props/cs_office/computer_caseb.mdl,props,true,true,true,true,not_yet_decoded
models/props/cs_office/computer_caseb_gib1.mdl,props,true,true,true,true,not_yet_decoded
models/props/cs_office/computer_caseb_gib2.mdl,props,true,true,true,true,not_yet_decoded
models/props/cs_office/computer_caseb_p1.mdl,props,true,true,true,true,not_yet_decoded
models/props/cs_office/computer_caseb_p1a.mdl,props,true,true,true,true,not_yet_decoded
models/props/cs_office/computer_caseb_p2.mdl,props,true,true,true,true,not_yet_decoded
models/props/cs_office/computer_caseb_p2a.mdl,props,true,true,true,true,not_yet_decoded
models/props/cs_office/computer_caseb_p3.mdl,props,true,true,true,true,not_yet_decoded
models/props/cs_office/computer_caseb_p3a.mdl,props,true,true,true,true,not_yet_decoded
models/props/cs_office/computer_caseb_p3b.mdl,props,true,true,true,true,not_yet_decoded
models/props/cs_office/computer_caseb_p4.mdl,props,true,true,true,true,not_yet_decoded
models/props/cs_office/computer_caseb_p4a.mdl,props,true,true,true,true,not_yet_decoded
models/props/cs_office/computer_caseb_p4b.mdl,props,true,true,true,true,not_yet_decoded
models/props/cs_office/computer_caseb_p5.mdl,props,true,true,true,true,not_yet_decoded
models/props/cs_office/computer_caseb_p5a.mdl,props,true,true,true,true,not_yet_decoded
models/props/cs_office/computer_caseb_p5b.mdl,props,true,true,true,true,not_yet_decoded
models/props/cs_office/computer_caseb_p6.mdl,props,true,true,true,true,not_yet_decoded
models/props/cs_office/computer_caseb_p6a.mdl,props,true,true,true,true,not_yet_decoded
models/props/cs_office/computer_caseb_p6b.mdl,props,true,true,true,true,not_yet_decoded
models/props/cs_office/computer_caseb_p7.mdl,props,true,true,true,true,not_yet_decoded
models/props/cs_office/computer_caseb_p7a.mdl,props,true,true,true,true,not_yet_decoded
models/props/cs_office/computer_caseb_p8.mdl,props,true,true,true,true,not_yet_decoded
models/props/cs_office/computer_caseb_p8a.mdl,props,true,true,true,true,not_yet_decoded
models/props/cs_office/computer_caseb_p9.mdl,props,true,true,true,true,not_yet_decoded
models/props/cs_office/computer_caseb_p9a.mdl,props,true,true,true,true,not_yet_decoded
models/props/cs_office/computer_keyboard.mdl,props,true,true,true,true,not_yet_decoded
models/props/cs_office/computer_keyboard_p1.mdl,props,true,true,true,true,not_yet_decoded
models/props/cs_office/computer_keyboard_p1a.mdl,props,true,true,true,true,not_yet_decoded
models/props/cs_office/computer_keyboard_p1b.mdl,props,true,true,true,true,not_yet_decoded
models/props/cs_office/computer_keyboard_p1c.mdl,props,true,true,true,true,not_yet_decoded
models/props/cs_office/computer_keyboard_p1d.mdl,props,true,true,true,true,not_yet_decoded
models/props/cs_office/computer_keyboard_p1e.mdl,props,true,true,true,true,not_yet_decoded
models/props/cs_office/computer_keyboard_p2.mdl,props,true,true,true,true,not_yet_decoded
models/props/cs_office/computer_keyboard_p2a.mdl,props,true,true,true,true,not_yet_decoded
models/props/cs_office/computer_keyboard_p2b.mdl,props,true,true,true,true,not_yet_decoded
models/props/cs_office/computer_keyboard_p2c.mdl,props,true,true,true,true,not_yet_decoded
models/props/cs_office/computer_keyboard_p2d.mdl,props,true,true,true,true,not_yet_decoded
models/props/cs_office/computer_keyboard_p2e.mdl,props,true,true,true,true,not_yet_decoded
models/props/cs_office/computer_monitor.mdl,props,true,true,true,true,not_yet_decoded
models/props/cs_office/computer_monitor_p1.mdl,props,true,true,true,true,not_yet_decoded
models/props/cs_office/computer_monitor_p1a.mdl,props,true,true,true,true,not_yet_decoded
models/props/cs_office/computer_monitor_p2.mdl,props,true,true,true,true,not_yet_decoded
models/props/cs_office/computer_monitor_p2a.mdl,props,true,true,true,true,not_yet_decoded
models/props/cs_office/computer_mouse.mdl,props,true,true,true,true,not_yet_decoded
models/props/cs_office/crates_indoor.mdl,props,true,true,true,true,not_yet_decoded
models/props/cs_office/crates_outdoor.mdl,props,true,true,true,true,not_yet_decoded
models/props/cs_office/doorknob.mdl,props,true,true,false,true,not_yet_decoded
models/props/cs_office/doorknobb.mdl,props,true,true,false,true,not_yet_decoded
models/props/cs_office/exit_ceiling.mdl,props,true,true,true,true,not_yet_decoded
models/props/cs_office/exit_wall.mdl,props,true,true,true,true,not_yet_decoded
models/props/cs_office/file_box.mdl,props,true,true,true,true,not_yet_decoded
models/props/cs_office/file_box_gib1.mdl,props,true,true,true,true,not_yet_decoded
models/props/cs_office/file_box_gib2.mdl,props,true,true,true,true,not_yet_decoded
models/props/cs_office/file_box_p1.mdl,props,true,true,true,true,not_yet_decoded
models/props/cs_office/file_box_p1a.mdl,props,true,true,true,true,not_yet_decoded
models/props/cs_office/file_box_p1b.mdl,props,true,true,true,true,not_yet_decoded
models/props/cs_office/file_box_p1c.mdl,props,true,true,true,true,not_yet_decoded
models/props/cs_office/file_box_p1d.mdl,props,true,true,true,true,not_yet_decoded
models/props/cs_office/file_box_p2.mdl,props,true,true,true,true,not_yet_decoded
models/props/cs_office/file_box_p2a.mdl,props,true,true,true,true,not_yet_decoded
models/props/cs_office/file_box_p2b.mdl,props,true,true,true,true,not_yet_decoded
models/props/cs_office/file_box_p2c.mdl,props,true,true,true,true,not_yet_decoded
models/props/cs_office/file_box_p2d.mdl,props,true,true,true,true,not_yet_decoded
models/props/cs_office/file_cabinet1.mdl,props,true,true,true,true,not_yet_decoded
models/props/cs_office/file_cabinet1_group.mdl,props,true,true,true,true,not_yet_decoded
models/props/cs_office/file_cabinet2.mdl,props,true,true,true,true,not_yet_decoded
models/props/cs_office/file_cabinet3.mdl,props,true,true,true,true,not_yet_decoded
models/props/cs_office/fire_extinguisher.mdl,props,true,true,true,true,not_yet_decoded
models/props/cs_office/ladder1.mdl,props,true,true,false,true,not_yet_decoded
models/props/cs_office/light_ceiling.mdl,props,true,true,true,true,not_yet_decoded
models/props/cs_office/light_inset.mdl,props,true,true,true,true,not_yet_decoded
models/props/cs_office/light_outsidewall.mdl,props,true,true,false,true,not_yet_decoded
models/props/cs_office/light_security.mdl,props,true,true,true,true,not_yet_decoded
models/props/cs_office/light_shop.mdl,props,true,true,true,true,not_yet_decoded
models/props/cs_office/light_shop_on.mdl,props,true,true,true,false,not_yet_decoded
models/props/cs_office/microwave.mdl,props,true,true,true,true,not_yet_decoded
models/props/cs_office/offcertificatea.mdl,props,true,true,true,true,not_yet_decoded
models/props/cs_office/offcorkboarda.mdl,props,true,true,true,true,not_yet_decoded
models/props/cs_office/offinspa.mdl,props,true,true,true,true,not_yet_decoded
models/props/cs_office/offinspb.mdl,props,true,true,true,true,not_yet_decoded
models/props/cs_office/offinspc.mdl,props,true,true,true,true,not_yet_decoded
models/props/cs_office/offinspd.mdl,props,true,true,true,true,not_yet_decoded
models/props/cs_office/offinspf.mdl,props,true,true,true,true,not_yet_decoded
models/props/cs_office/offinspg.mdl,props,true,true,true,true,not_yet_decoded
models/props/cs_office/offpaintinga.mdl,props,true,true,true,true,not_yet_decoded
models/props/cs_office/offpaintingb.mdl,props,true,true,true,true,not_yet_decoded
models/props/cs_office/offpaintingc.mdl,props,true,true,true,true,not_yet_decoded
models/props/cs_office/offpaintingd.mdl,props,true,true,true,true,not_yet_decoded
models/props/cs_office/offpaintinge.mdl,props,true,true,true,true,not_yet_decoded
models/props/cs_office/offpaintingf.mdl,props,true,true,true,true,not_yet_decoded
models/props/cs_office/offpaintingg.mdl,props,true,true,true,true,not_yet_decoded
models/props/cs_office/offpaintingh.mdl,props,true,true,true,true,not_yet_decoded
models/props/cs_office/offpaintingi.mdl,props,true,true,true,true,not_yet_decoded
models/props/cs_office/offpaintingj.mdl,props,true,true,true,true,not_yet_decoded
models/props/cs_office/offpaintingk.mdl,props,true,true,true,true,not_yet_decoded
models/props/cs_office/offpaintingl.mdl,props,true,true,true,true,not_yet_decoded
models/props/cs_office/offpaintingm.mdl,props,true,true,true,true,not_yet_decoded
models/props/cs_office/offpaintingn.mdl,props,true,true,true,true,not_yet_decoded
models/props/cs_office/offpaintingo.mdl,props,true,true,true,true,not_yet_decoded
models/props/cs_office/paper_towels.mdl,props,true,true,true,true,not_yet_decoded
models/props/cs_office/paperbox_pile_01.mdl,props,true,true,true,true,not_yet_decoded
models/props/cs_office/phone.mdl,props,true,true,true,true,not_yet_decoded
models/props/cs_office/phone_p1.mdl,props,true,true,true,true,not_yet_decoded
models/props/cs_office/phone_p2.mdl,props,true,true,true,true,not_yet_decoded
models/props/cs_office/plant01.mdl,props,true,true,true,true,not_yet_decoded
models/props/cs_office/plant01_gib1.mdl,props,true,true,true,true,not_yet_decoded
models/props/cs_office/plant01_gib2.mdl,props,true,true,true,true,not_yet_decoded
models/props/cs_office/plant01_gib3.mdl,props,true,true,true,true,not_yet_decoded
models/props/cs_office/plant01_p1.mdl,props,true,true,true,true,not_yet_decoded
models/props/cs_office/plant01_p2.mdl,props,true,true,true,true,not_yet_decoded
models/props/cs_office/plant01_p3.mdl,props,true,true,true,true,not_yet_decoded
models/props/cs_office/plant01_p4.mdl,props,true,true,true,true,not_yet_decoded
models/props/cs_office/plant01_p5.mdl,props,true,true,true,true,not_yet_decoded
models/props/cs_office/plant01_p6.mdl,props,true,true,true,true,not_yet_decoded
models/props/cs_office/plant01_p7.mdl,props,true,true,true,true,not_yet_decoded
models/props/cs_office/projector.mdl,props,true,true,true,true,not_yet_decoded
models/props/cs_office/projector_gib1.mdl,props,true,true,true,true,not_yet_decoded
models/props/cs_office/projector_gib2.mdl,props,true,true,true,true,not_yet_decoded
models/props/cs_office/projector_gib3.mdl,props,true,true,true,true,not_yet_decoded
models/props/cs_office/projector_p1.mdl,props,true,true,true,true,not_yet_decoded
models/props/cs_office/projector_p1a.mdl,props,true,true,true,true,not_yet_decoded
models/props/cs_office/projector_p1b.mdl,props,true,true,true,true,not_yet_decoded
models/props/cs_office/projector_p2.mdl,props,true,true,true,true,not_yet_decoded
models/props/cs_office/projector_p2a.mdl,props,true,true,true,true,not_yet_decoded
models/props/cs_office/projector_p2b.mdl,props,true,true,true,true,not_yet_decoded
models/props/cs_office/projector_p3.mdl,props,true,true,true,true,not_yet_decoded
models/props/cs_office/projector_p3a.mdl,props,true,true,true,true,not_yet_decoded
models/props/cs_office/projector_p3b.mdl,props,true,true,true,true,not_yet_decoded
models/props/cs_office/projector_p4.mdl,props,true,true,true,true,not_yet_decoded
models/props/cs_office/projector_p4a.mdl,props,true,true,true,true,not_yet_decoded
models/props/cs_office/projector_p4b.mdl,props,true,true,true,true,not_yet_decoded
models/props/cs_office/projector_p5.mdl,props,true,true,true,true,not_yet_decoded
models/props/cs_office/projector_p6.mdl,props,true,true,true,true,not_yet_decoded
models/props/cs_office/projector_p6a.mdl,props,true,true,true,true,not_yet_decoded
models/props/cs_office/projector_p6b.mdl,props,true,true,true,true,not_yet_decoded
models/props/cs_office/projector_p7.mdl,props,true,true,false,true,not_yet_decoded
models/props/cs_office/projector_p7a.mdl,props,true,true,true,true,not_yet_decoded
models/props/cs_office/projector_p7b.mdl,props,true,true,true,true,not_yet_decoded
models/props/cs_office/projector_remote.mdl,props,true,true,true,true,not_yet_decoded
models/props/cs_office/projector_remote_p1.mdl,props,true,true,true,true,not_yet_decoded
models/props/cs_office/projector_remote_p2.mdl,props,true,true,true,true,not_yet_decoded
models/props/cs_office/radio.mdl,props,true,true,true,true,not_yet_decoded
models/props/cs_office/radio_p1.mdl,props,true,true,true,true,not_yet_decoded
models/props/cs_office/radio_p2.mdl,props,true,true,true,true,not_yet_decoded
models/props/cs_office/radio_p3.mdl,props,true,true,true,true,not_yet_decoded
models/props/cs_office/railing_stairs.mdl,props,true,true,false,true,not_yet_decoded
models/props/cs_office/railing_stairs2.mdl,props,true,true,false,true,not_yet_decoded
models/props/cs_office/railing_stairs3.mdl,props,true,true,false,true,not_yet_decoded
models/props/cs_office/railing_stairs4.mdl,props,true,true,false,true,not_yet_decoded
models/props/cs_office/shelves_metal.mdl,props,true,true,true,true,not_yet_decoded
models/props/cs_office/shelves_metal1.mdl,props,true,true,true,true,not_yet_decoded
models/props/cs_office/shelves_metal2.mdl,props,true,true,true,true,not_yet_decoded
models/props/cs_office/shelves_metal3.mdl,props,true,true,true,true,not_yet_decoded
models/props/cs_office/snowman_arm.mdl,props,true,true,true,true,not_yet_decoded
models/props/cs_office/snowman_body.mdl,props,true,true,true,true,not_yet_decoded
models/props/cs_office/snowman_eye1.mdl,props,true,true,true,true,not_yet_decoded
models/props/cs_office/snowman_eye2.mdl,props,true,true,true,true,not_yet_decoded
models/props/cs_office/snowman_face.mdl,props,true,true,true,true,not_yet_decoded
models/props/cs_office/snowman_hat.mdl,props,true,true,true,true,not_yet_decoded
models/props/cs_office/snowman_head.mdl,props,true,true,true,true,not_yet_decoded
models/props/cs_office/snowman_mouth1.mdl,props,true,true,true,true,not_yet_decoded
models/props/cs_office/snowman_nose.mdl,props,true,true,true,true,not_yet_decoded
models/props/cs_office/sofa.mdl,props,true,true,true,true,not_yet_decoded
models/props/cs_office/sofa_chair.mdl,props,true,true,true,true,not_yet_decoded
models/props/cs_office/table_coffee.mdl,props,true,true,true,true,not_yet_decoded
models/props/cs_office/table_coffee_p1.mdl,props,true,true,true,true,not_yet_decoded
models/props/cs_office/table_coffee_p2.mdl,props,true,true,true,true,not_yet_decoded
models/props/cs_office/table_coffee_p3.mdl,props,true,true,true,true,not_yet_decoded
models/props/cs_office/table_meeting.mdl,props,true,true,true,true,not_yet_decoded
models/props/cs_office/trash_can.mdl,props,true,true,true,true,not_yet_decoded
models/props/cs_office/trash_can_p.mdl,props,true,true,true,true,not_yet_decoded
models/props/cs_office/trash_can_p1.mdl,props,true,true,true,true,not_yet_decoded
models/props/cs_office/trash_can_p2.mdl,props,true,true,true,true,not_yet_decoded
models/props/cs_office/trash_can_p3.mdl,props,true,true,true,true,not_yet_decoded
models/props/cs_office/trash_can_p4.mdl,props,true,true,true,true,not_yet_decoded
models/props/cs_office/trash_can_p5.mdl,props,true,true,true,true,not_yet_decoded
models/props/cs_office/trash_can_p6.mdl,props,true,true,true,true,not_yet_decoded
models/props/cs_office/trash_can_p7.mdl,props,true,true,true,true,not_yet_decoded
models/props/cs_office/trash_can_p8.mdl,props,true,true,true,true,not_yet_decoded
models/props/cs_office/tv_plasma.mdl,props,true,true,true,true,not_yet_decoded
models/props/cs_office/tv_plasma_gib1.mdl,props,true,true,true,true,not_yet_decoded
models/props/cs_office/tv_plasma_gib2.mdl,props,true,true,true,true,not_yet_decoded
models/props/cs_office/tv_plasma_p1.mdl,props,true,true,true,true,not_yet_decoded
models/props/cs_office/tv_plasma_p2.mdl,props,true,true,true,true,not_yet_decoded
models/props/cs_office/tv_plasma_p3.mdl,props,true,true,true,true,not_yet_decoded
models/props/cs_office/tv_plasma_p4.mdl,props,true,true,true,true,not_yet_decoded
models/props/cs_office/vending_machine.mdl,props,true,true,true,true,not_yet_decoded
models/props/cs_office/water_bottle.mdl,props,true,true,true,true,not_yet_decoded
models/props/de_cbble/cb_doorarch.mdl,props,true,true,true,true,not_yet_decoded
models/props/de_cbble/cb_doorarch32.mdl,props,true,true,true,true,not_yet_decoded
models/props/de_cbble/cb_doorhalf32.mdl,props,true,true,true,true,not_yet_decoded
models/props/de_cbble/cb_wndarch.mdl,props,true,true,true,true,not_yet_decoded
models/props/de_cbble/cb_wnddbl.mdl,props,true,true,true,true,not_yet_decoded
models/props/de_cbble/cb_wnddbl16.mdl,props,true,true,true,true,not_yet_decoded
models/props/de_cbble/cb_wnddbl32.mdl,props,true,true,true,true,not_yet_decoded
models/props/de_cbble/cb_wndsng.mdl,props,true,true,true,true,not_yet_decoded
models/props/de_cbble/cb_wndsng16.mdl,props,true,true,true,true,not_yet_decoded
models/props/de_cbble/cb_wndsng32.mdl,props,true,true,true,true,not_yet_decoded
models/props/de_chateau/ch_arch_b1.mdl,props,true,true,true,true,not_yet_decoded
models/props/de_chateau/ch_arch_b2.mdl,props,true,true,true,true,not_yet_decoded
models/props/de_chateau/ch_arch_b3.mdl,props,true,true,true,true,not_yet_decoded
models/props/de_chateau/ch_arch_ct1.mdl,props,true,true,true,true,not_yet_decoded
models/props/de_chateau/ch_arch_ct2.mdl,props,true,true,true,true,not_yet_decoded
models/props/de_chateau/ch_arch_ct3.mdl,props,true,true,true,true,not_yet_decoded
models/props/de_chateau/ch_staircase.mdl,props,true,true,true,true,not_yet_decoded
models/props/de_chateau/ch_wnd_b1_24.mdl,props,true,true,true,true,not_yet_decoded
models/props/de_chateau/ch_wnd_b1_fake.mdl,props,true,true,true,true,not_yet_decoded
models/props/de_chateau/ch_wnd_bottom_16.mdl,props,true,true,true,true,not_yet_decoded
models/props/de_chateau/ch_wnd_bottom_fake.mdl,props,true,true,true,true,not_yet_decoded
models/props/de_chateau/ch_wnd_ct1_28.mdl,props,true,true,true,true,not_yet_decoded
models/props/de_chateau/ch_wnd_top_16.mdl,props,true,true,true,true,not_yet_decoded
models/props/de_chateau/light_chandelier02.mdl,props,true,true,true,true,not_yet_decoded
models/props/de_dust/door01a.mdl,props,true,true,true,true,not_yet_decoded
models/props/de_dust/du_antenna_a.mdl,props,true,true,false,true,not_yet_decoded
models/props/de_dust/du_antenna_a_skybox.mdl,props,true,true,false,true,not_yet_decoded
models/props/de_dust/du_antenna_b.mdl,props,true,true,false,true,not_yet_decoded
models/props/de_dust/du_crate_128x128.mdl,props,true,true,true,true,not_yet_decoded
models/props/de_dust/du_crate_64x64.mdl,props,true,true,true,true,not_yet_decoded
models/props/de_dust/du_crate_64x64_stone.mdl,props,true,true,true,true,not_yet_decoded
models/props/de_dust/du_crate_64x80.mdl,props,true,true,true,true,not_yet_decoded
models/props/de_dust/du_crate_96x96.mdl,props,true,true,true,true,not_yet_decoded
models/props/de_dust/du_dome_01.mdl,props,true,true,false,true,not_yet_decoded
models/props/de_dust/du_dome_d2a.mdl,props,true,true,false,true,not_yet_decoded
models/props/de_dust/du_dome_d2b.mdl,props,true,true,false,true,not_yet_decoded
models/props/de_dust/du_dome_d2c.mdl,props,true,true,false,true,not_yet_decoded
models/props/de_dust/du_dome_d2d.mdl,props,true,true,false,true,not_yet_decoded
models/props/de_dust/du_dome_d2e.mdl,props,true,true,false,true,not_yet_decoded
models/props/de_dust/du_dome_inside_window.mdl,props,true,true,false,true,not_yet_decoded
models/props/de_dust/du_dome_medium.mdl,props,true,true,false,true,not_yet_decoded
models/props/de_dust/du_dome_small3.mdl,props,true,true,false,true,not_yet_decoded
models/props/de_dust/du_dome_star_window.mdl,props,true,true,false,true,not_yet_decoded
models/props/de_dust/du_door_slim.mdl,props,true,true,false,true,not_yet_decoded
models/props/de_dust/du_door_temple_entrance.mdl,props,true,true,false,true,not_yet_decoded
models/props/de_dust/du_hanging_rugsa.mdl,props,true,true,false,true,not_yet_decoded
models/props/de_dust/du_hanging_rugsb.mdl,props,true,true,false,true,not_yet_decoded
models/props/de_dust/du_palm_tree01_skybx.mdl,props,true,true,false,true,not_yet_decoded
models/props/de_dust/du_telephone_pole.mdl,props,true,true,false,true,not_yet_decoded
models/props/de_dust/du_window_2x4_arch.mdl,props,true,true,false,true,not_yet_decoded
models/props/de_dust/du_window_2x6_arch.mdl,props,true,true,false,true,not_yet_decoded
models/props/de_dust/du_window_2x6_arch_flat.mdl,props,true,true,false,true,not_yet_decoded
models/props/de_dust/du_window_4x4_square.mdl,props,true,true,false,true,not_yet_decoded
models/props/de_dust/du_window_4x4_square_flat.mdl,props,true,true,false,true,not_yet_decoded
models/props/de_dust/du_window_4x6_arch.mdl,props,true,true,false,true,not_yet_decoded
models/props/de_dust/du_window_4x6_square.mdl,props,true,true,false,true,not_yet_decoded
models/props/de_dust/du_window_4x8_arch.mdl,props,true,true,false,true,not_yet_decoded
models/props/de_dust/du_window_4x8_arch_flat.mdl,props,true,true,false,true,not_yet_decoded
models/props/de_dust/du_window_4x8_square.mdl,props,true,true,false,true,not_yet_decoded
models/props/de_dust/du_window_4x8_square_flat.mdl,props,true,true,false,true,not_yet_decoded
models/props/de_dust/du_window_6x10_arch.mdl,props,true,true,false,true,not_yet_decoded
models/props/de_dust/du_window_6x10_arch_flat.mdl,props,true,true,false,true,not_yet_decoded
models/props/de_dust/du_window_6x8_shutters.mdl,props,true,true,false,true,not_yet_decoded
models/props/de_dust/du_window_6x8_shutters_flat.mdl,props,true,true,false,true,not_yet_decoded
models/props/de_dust/du_window_6x8_sill.mdl,props,true,true,false,true,not_yet_decoded
models/props/de_dust/du_window_bridge.mdl,props,true,true,false,true,not_yet_decoded
models/props/de_dust/du_window_palace.mdl,props,true,true,false,true,not_yet_decoded
models/props/de_dust/dustteeth_1.mdl,props,true,true,true,true,not_yet_decoded
models/props/de_dust/dustteeth_2.mdl,props,true,true,true,true,not_yet_decoded
models/props/de_dust/dustteeth_3.mdl,props,true,true,true,true,not_yet_decoded
models/props/de_dust/dustteeth_4.mdl,props,true,true,true,true,not_yet_decoded
models/props/de_dust/dustteeth_5.mdl,props,true,true,true,true,not_yet_decoded
models/props/de_dust/dustteeth_6.mdl,props,true,true,true,true,not_yet_decoded
models/props/de_dust/dustteeth_7.mdl,props,true,true,true,true,not_yet_decoded
models/props/de_dust/grainbasket01a.mdl,props,true,true,true,true,not_yet_decoded
models/props/de_dust/grainbasket01b.mdl,props,true,true,true,true,not_yet_decoded
models/props/de_dust/grainbasket01c.mdl,props,true,true,true,true,not_yet_decoded
models/props/de_dust/grainbasket01c_gib1.mdl,props,true,true,true,true,not_yet_decoded
models/props/de_dust/grainbasket01c_gib2.mdl,props,true,true,true,true,not_yet_decoded
models/props/de_dust/palm_tree_head_skybox.mdl,props,true,true,false,true,not_yet_decoded
models/props/de_dust/palm_tree_trunk.mdl,props,true,true,true,true,not_yet_decoded
models/props/de_dust/stoneblock01a.mdl,props,true,true,true,true,not_yet_decoded
models/props/de_dust/stoneblocks48.mdl,props,true,true,true,true,not_yet_decoded
models/props/de_dust/wagon.mdl,props,true,true,true,true,not_yet_decoded
models/props/de_inferno/archroofa.mdl,props,true,true,false,true,not_yet_decoded
models/props/de_inferno/archroofb.mdl,props,true,true,false,true,not_yet_decoded
models/props/de_inferno/archroofb1.mdl,props,true,true,false,true,not_yet_decoded
models/props/de_inferno/archroofb2.mdl,props,true,true,false,true,not_yet_decoded
models/props/de_inferno/archwaysupport.mdl,props,true,true,true,true,not_yet_decoded
models/props/de_inferno/bed.mdl,props,true,true,true,true,not_yet_decoded
models/props/de_inferno/bell_large.mdl,props,true,true,true,true,not_yet_decoded
models/props/de_inferno/bell_largeb.mdl,props,true,true,true,true,not_yet_decoded
models/props/de_inferno/bell_small.mdl,props,true,true,true,true,not_yet_decoded
models/props/de_inferno/bell_smallb.mdl,props,true,true,true,true,not_yet_decoded
models/props/de_inferno/bench_concrete.mdl,props,true,true,true,true,not_yet_decoded
models/props/de_inferno/bench_wood.mdl,props,true,true,true,true,not_yet_decoded
models/props/de_inferno/bombsiteroof.mdl,props,true,true,true,true,not_yet_decoded
models/props/de_inferno/bombsiteroofbreak_01.mdl,props,true,true,true,true,not_yet_decoded
models/props/de_inferno/bombsiteroofbreak_02.mdl,props,true,true,true,true,not_yet_decoded
models/props/de_inferno/bombsiteroofbreak_03.mdl,props,true,true,true,true,not_yet_decoded
models/props/de_inferno/bombsiteroofbreak_04.mdl,props,true,true,true,true,not_yet_decoded
models/props/de_inferno/bombsiteroofbreak_05.mdl,props,true,true,true,true,not_yet_decoded
models/props/de_inferno/bombsiteroofbreak_06.mdl,props,true,true,true,true,not_yet_decoded
models/props/de_inferno/bombsiteroofbreak_07.mdl,props,true,true,true,true,not_yet_decoded
models/props/de_inferno/bombsiteroofbreak_08.mdl,props,true,true,true,true,not_yet_decoded
models/props/de_inferno/bombsiteroofbreak_09.mdl,props,true,true,true,true,not_yet_decoded
models/props/de_inferno/bombsiteroofbreak_10.mdl,props,true,true,true,true,not_yet_decoded
models/props/de_inferno/bombsiteroofbreak_11.mdl,props,true,true,true,true,not_yet_decoded
models/props/de_inferno/brickinfdrd.mdl,props,true,true,false,true,not_yet_decoded
models/props/de_inferno/brickpillara.mdl,props,true,true,true,true,not_yet_decoded
models/props/de_inferno/brickpillarb.mdl,props,true,true,true,true,not_yet_decoded
models/props/de_inferno/brickwndwa.mdl,props,true,true,true,true,not_yet_decoded
models/props/de_inferno/brickwndwd.mdl,props,true,true,false,true,not_yet_decoded
models/props/de_inferno/brokenboard.mdl,props,true,true,true,true,not_yet_decoded
models/props/de_inferno/brokenboard_damage_01.mdl,props,true,true,true,true,not_yet_decoded
models/props/de_inferno/brokenboard_damage_02.mdl,props,true,true,true,true,not_yet_decoded
models/props/de_inferno/brokenwall.mdl,props,true,true,true,true,not_yet_decoded
models/props/de_inferno/bushgreenbig.mdl,props,true,true,false,true,not_yet_decoded
models/props/de_inferno/bushgreensmall.mdl,props,true,true,false,true,not_yet_decoded
models/props/de_inferno/cactus.mdl,props,true,true,false,true,not_yet_decoded
models/props/de_inferno/cactus2.mdl,props,true,true,false,true,not_yet_decoded
models/props/de_inferno/cannon_base.mdl,props,true,true,true,true,not_yet_decoded
models/props/de_inferno/cannon_gun.mdl,props,true,true,true,true,not_yet_decoded
models/props/de_inferno/cart_wheel.mdl,props,true,true,true,true,not_yet_decoded
models/props/de_inferno/ceiling_fan.mdl,props,true,true,true,true,not_yet_decoded
models/props/de_inferno/ceiling_fan_blade.mdl,props,true,true,true,true,not_yet_decoded
models/props/de_inferno/ceiling_light.mdl,props,true,true,true,true,not_yet_decoded
models/props/de_inferno/chairantique.mdl,props,true,true,true,true,not_yet_decoded
models/props/de_inferno/chairantique_damage_01.mdl,props,true,true,true,true,not_yet_decoded
models/props/de_inferno/chairantique_damage_02.mdl,props,true,true,true,true,not_yet_decoded
models/props/de_inferno/chairantique_damage_03.mdl,props,true,true,true,true,not_yet_decoded
models/props/de_inferno/chairantique_damage_04.mdl,props,true,true,true,true,not_yet_decoded
models/props/de_inferno/chimney01.mdl,props,true,true,true,true,not_yet_decoded
models/props/de_inferno/chimney02.mdl,props,true,true,true,true,not_yet_decoded
models/props/de_inferno/churchprop01.mdl,props,true,true,true,true,not_yet_decoded
models/props/de_inferno/churchprop02.mdl,props,true,true,true,true,not_yet_decoded
models/props/de_inferno/churchprop03.mdl,props,true,true,true,true,not_yet_decoded
models/props/de_inferno/churchprop04.mdl,props,true,true,true,true,not_yet_decoded
models/props/de_inferno/churchprop05.mdl,props,true,true,true,true,not_yet_decoded
models/props/de_inferno/churchroof.mdl,props,true,true,false,true,not_yet_decoded
models/props/de_inferno/cinderblock.mdl,props,true,true,true,true,not_yet_decoded
models/props/de_inferno/clayoven.mdl,props,true,true,true,true,not_yet_decoded
models/props/de_inferno/claypot01.mdl,props,true,true,true,true,not_yet_decoded
models/props/de_inferno/claypot01_damage_01.mdl,props,true,true,true,true,not_yet_decoded
models/props/de_inferno/claypot01_damage_02.mdl,props,true,true,true,true,not_yet_decoded
models/props/de_inferno/claypot01_damage_03.mdl,props,true,true,true,true,not_yet_decoded
models/props/de_inferno/claypot01_damage_04.mdl,props,true,true,true,true,not_yet_decoded
models/props/de_inferno/claypot02.mdl,props,true,true,true,true,not_yet_decoded
models/props/de_inferno/claypot02_damage_01.mdl,props,true,true,true,true,not_yet_decoded
models/props/de_inferno/claypot02_damage_02.mdl,props,true,true,true,true,not_yet_decoded
models/props/de_inferno/claypot02_damage_03.mdl,props,true,true,true,true,not_yet_decoded
models/props/de_inferno/claypot02_damage_04.mdl,props,true,true,true,true,not_yet_decoded
models/props/de_inferno/claypot03.mdl,props,true,true,true,true,not_yet_decoded
models/props/de_inferno/claypot03_damage_01.mdl,props,true,true,true,true,not_yet_decoded
models/props/de_inferno/claypot03_damage_02.mdl,props,true,true,true,true,not_yet_decoded
models/props/de_inferno/claypot03_damage_03.mdl,props,true,true,true,true,not_yet_decoded
models/props/de_inferno/claypot03_damage_04.mdl,props,true,true,true,true,not_yet_decoded
models/props/de_inferno/claypot03_damage_05.mdl,props,true,true,true,true,not_yet_decoded
models/props/de_inferno/claypot03_damage_06.mdl,props,true,true,true,true,not_yet_decoded
models/props/de_inferno/clock01.mdl,props,true,true,true,true,not_yet_decoded
models/props/de_inferno/confessional.mdl,props,true,true,true,true,not_yet_decoded
models/props/de_inferno/crate_fruit_break.mdl,props,true,true,true,true,not_yet_decoded
models/props/de_inferno/crate_fruit_break_gib1.mdl,props,true,true,true,true,not_yet_decoded
models/props/de_inferno/crate_fruit_break_gib2.mdl,props,true,true,true,true,not_yet_decoded
models/props/de_inferno/crate_fruit_break_gib3.mdl,props,true,true,true,true,not_yet_decoded
models/props/de_inferno/crate_fruit_break_p1.mdl,props,true,true,true,true,not_yet_decoded
models/props/de_inferno/crate_fruit_break_p2.mdl,props,true,true,true,true,not_yet_decoded
models/props/de_inferno/crate_fruit_break_p3.mdl,props,true,true,true,true,not_yet_decoded
models/props/de_inferno/crate_fruit_break_p4.mdl,props,true,true,true,true,not_yet_decoded
models/props/de_inferno/crate_fruit_break_p5.mdl,props,true,true,true,true,not_yet_decoded
models/props/de_inferno/crate_fruit_break_p6.mdl,props,true,true,true,true,not_yet_decoded
models/props/de_inferno/crate_fruit_break_p7.mdl,props,true,true,true,true,not_yet_decoded
models/props/de_inferno/crate_fruit_break_p8.mdl,props,true,true,true,true,not_yet_decoded
models/props/de_inferno/crate_fruit_break_p9.mdl,props,true,true,true,true,not_yet_decoded
models/props/de_inferno/crates_fruit1.mdl,props,true,true,true,true,not_yet_decoded
models/props/de_inferno/crates_fruit1_p1.mdl,props,true,true,true,true,not_yet_decoded
models/props/de_inferno/crates_fruit1_p2.mdl,props,true,true,true,true,not_yet_decoded
models/props/de_inferno/crates_fruit1_p3.mdl,props,true,true,true,true,not_yet_decoded
models/props/de_inferno/crates_fruit1_p4.mdl,props,true,true,true,true,not_yet_decoded
models/props/de_inferno/crates_fruit1_p5.mdl,props,true,true,true,true,not_yet_decoded
models/props/de_inferno/crates_fruit1_p6.mdl,props,true,true,true,true,not_yet_decoded
models/props/de_inferno/crates_fruit1_p7.mdl,props,true,true,true,true,not_yet_decoded
models/props/de_inferno/crates_fruit1_p8.mdl,props,true,true,true,true,not_yet_decoded
models/props/de_inferno/crates_fruit1_p9.mdl,props,true,true,true,true,not_yet_decoded
models/props/de_inferno/crates_fruit2.mdl,props,true,true,true,true,not_yet_decoded
models/props/de_inferno/crates_fruit2_p1.mdl,props,true,true,true,true,not_yet_decoded
models/props/de_inferno/crates_fruit2_p2.mdl,props,true,true,true,true,not_yet_decoded
models/props/de_inferno/crates_fruit2_p3.mdl,props,true,true,true,true,not_yet_decoded
models/props/de_inferno/crates_fruit2_p4.mdl,props,true,true,true,true,not_yet_decoded
models/props/de_inferno/crates_fruit2_p5.mdl,props,true,true,true,true,not_yet_decoded
models/props/de_inferno/crates_fruit2_p6.mdl,props,true,true,true,true,not_yet_decoded
models/props/de_inferno/crates_fruit2_p7.mdl,props,true,true,true,true,not_yet_decoded
models/props/de_inferno/crates_fruit2_p8.mdl,props,true,true,true,true,not_yet_decoded
models/props/de_inferno/crates_fruit2_p9.mdl,props,true,true,true,true,not_yet_decoded
models/props/de_inferno/de_inferno_boulder_01.mdl,props,true,true,true,true,not_yet_decoded
models/props/de_inferno/de_inferno_boulder_02.mdl,props,true,true,true,true,not_yet_decoded
models/props/de_inferno/de_inferno_boulder_03.mdl,props,true,true,true,true,not_yet_decoded
models/props/de_inferno/de_inferno_well.mdl,props,true,true,true,true,not_yet_decoded
models/props/de_inferno/doorarcha.mdl,props,true,true,true,true,not_yet_decoded
models/props/de_inferno/doorarchb.mdl,props,true,true,true,true,not_yet_decoded
models/props/de_inferno/elevatordoor.mdl,props,true,true,true,true,not_yet_decoded
models/props/de_inferno/fencewooden01.mdl,props,true,true,false,true,not_yet_decoded
models/props/de_inferno/fencewooden02.mdl,props,true,true,false,true,not_yet_decoded
models/props/de_inferno/fencewooden03.mdl,props,true,true,false,true,not_yet_decoded
models/props/de_inferno/fireplace.mdl,props,true,true,true,true,not_yet_decoded
models/props/de_inferno/flower_barrel.mdl,props,true,true,true,true,not_yet_decoded
models/props/de_inferno/flower_barrel_p1.mdl,props,true,true,true,true,not_yet_decoded
models/props/de_inferno/flower_barrel_p10.mdl,props,true,true,true,true,not_yet_decoded
models/props/de_inferno/flower_barrel_p11.mdl,props,true,true,true,true,not_yet_decoded
models/props/de_inferno/flower_barrel_p2.mdl,props,true,true,true,true,not_yet_decoded
models/props/de_inferno/flower_barrel_p3.mdl,props,true,true,true,true,not_yet_decoded
models/props/de_inferno/flower_barrel_p4.mdl,props,true,true,true,true,not_yet_decoded
models/props/de_inferno/flower_barrel_p5.mdl,props,true,true,true,true,not_yet_decoded
models/props/de_inferno/flower_barrel_p6.mdl,props,true,true,true,true,not_yet_decoded
models/props/de_inferno/flower_barrel_p7.mdl,props,true,true,true,true,not_yet_decoded
models/props/de_inferno/flower_barrel_p8.mdl,props,true,true,true,true,not_yet_decoded
models/props/de_inferno/flower_barrel_p9.mdl,props,true,true,true,true,not_yet_decoded
models/props/de_inferno/fountain.mdl,props,true,true,true,true,not_yet_decoded
models/props/de_inferno/fountain_bowl.mdl,props,true,true,true,true,not_yet_decoded
models/props/de_inferno/fountain_bowl_p1.mdl,props,true,true,true,true,not_yet_decoded
models/props/de_inferno/fountain_bowl_p10.mdl,props,true,true,true,true,not_yet_decoded
models/props/de_inferno/fountain_bowl_p2.mdl,props,true,true,true,true,not_yet_decoded
models/props/de_inferno/fountain_bowl_p3.mdl,props,true,true,true,true,not_yet_decoded
models/props/de_inferno/fountain_bowl_p4.mdl,props,true,true,true,true,not_yet_decoded
models/props/de_inferno/fountain_bowl_p5.mdl,props,true,true,true,true,not_yet_decoded
models/props/de_inferno/fountain_bowl_p6.mdl,props,true,true,true,true,not_yet_decoded
models/props/de_inferno/fountain_bowl_p7.mdl,props,true,true,true,true,not_yet_decoded
models/props/de_inferno/fountain_bowl_p8.mdl,props,true,true,true,true,not_yet_decoded
models/props/de_inferno/fountain_bowl_p9.mdl,props,true,true,true,true,not_yet_decoded
models/props/de_inferno/fountain_plants.mdl,props,true,true,false,true,not_yet_decoded
models/props/de_inferno/furniture_couch01a.mdl,props,true,true,true,true,not_yet_decoded
models/props/de_inferno/furniture_couch02a.mdl,props,true,true,true,true,not_yet_decoded
models/props/de_inferno/furniturecouch001a.mdl,props,true,true,true,true,not_yet_decoded
models/props/de_inferno/furniturecupboard001a.mdl,props,true,true,true,true,not_yet_decoded
models/props/de_inferno/furnituredrawer001a.mdl,props,true,true,true,true,not_yet_decoded
models/props/de_inferno/goldfish.mdl,props,true,true,true,true,not_yet_decoded
models/props/de_inferno/handrailstairs01.mdl,props,true,true,false,true,not_yet_decoded
models/props/de_inferno/handrailstairs02.mdl,props,true,true,false,true,not_yet_decoded
models/props/de_inferno/handrailstairs03.mdl,props,true,true,false,true,not_yet_decoded
models/props/de_inferno/hay_bail_stack.mdl,props,true,true,true,true,not_yet_decoded
models/props/de_inferno/hay_bails.mdl,props,true,true,true,true,not_yet_decoded
models/props/de_inferno/infarchc.mdl,props,true,true,false,true,not_yet_decoded
models/props/de_inferno/infsteps01.mdl,props,true,true,true,true,not_yet_decoded
models/props/de_inferno/inftowertop.mdl,props,true,true,true,true,not_yet_decoded
models/props/de_inferno/infwndwa.mdl,props,true,true,true,true,not_yet_decoded
models/props/de_inferno/largebush01.mdl,props,true,true,true,true,not_yet_decoded
models/props/de_inferno/largebush02.mdl,props,true,true,true,true,not_yet_decoded
models/props/de_inferno/largebush03.mdl,props,true,true,true,true,not_yet_decoded
models/props/de_inferno/largebush04.mdl,props,true,true,true,true,not_yet_decoded
models/props/de_inferno/largebush05.mdl,props,true,true,true,true,not_yet_decoded
models/props/de_inferno/largebush06.mdl,props,true,true,true,true,not_yet_decoded
models/props/de_inferno/lattice.mdl,props,true,true,true,true,not_yet_decoded
models/props/de_inferno/laundrylineacross.mdl,props,true,true,true,true,not_yet_decoded
models/props/de_inferno/laundrylineflat.mdl,props,true,true,true,true,not_yet_decoded
models/props/de_inferno/light_fixture.mdl,props,true,true,true,true,not_yet_decoded
models/props/de_inferno/light_streetlight.mdl,props,true,true,true,true,not_yet_decoded
models/props/de_inferno/logpile.mdl,props,true,true,true,true,not_yet_decoded
models/props/de_inferno/monument.mdl,props,true,true,true,true,not_yet_decoded
models/props/de_inferno/picture1.mdl,props,true,true,true,true,not_yet_decoded
models/props/de_inferno/picture2.mdl,props,true,true,true,true,not_yet_decoded
models/props/de_inferno/picture3.mdl,props,true,true,true,true,not_yet_decoded
models/props/de_inferno/pillarc.mdl,props,true,true,true,true,not_yet_decoded
models/props/de_inferno/pillarsa.mdl,props,true,true,true,true,not_yet_decoded
models/props/de_inferno/planterplantsunlit.mdl,props,true,true,true,true,not_yet_decoded
models/props/de_inferno/planterplantsvertex.mdl,props,true,true,true,true,not_yet_decoded
models/props/de_inferno/plasterinfdrc.mdl,props,true,true,false,true,not_yet_decoded
models/props/de_inferno/plasterinfdrd.mdl,props,true,true,false,true,not_yet_decoded
models/props/de_inferno/plasterinfwndwe.mdl,props,true,true,false,true,not_yet_decoded
models/props/de_inferno/plasterinfwndwg.mdl,props,true,true,false,true,not_yet_decoded
models/props/de_inferno/plasterinfwndwg_inside.mdl,props,true,true,true,true,not_yet_decoded
models/props/de_inferno/plasterinfwndwh.mdl,props,true,true,false,true,not_yet_decoded
models/props/de_inferno/plasterinfwndwi.mdl,props,true,true,false,true,not_yet_decoded
models/props/de_inferno/pot_big.mdl,props,true,true,true,true,not_yet_decoded
models/props/de_inferno/potted_plant1.mdl,props,true,true,true,true,not_yet_decoded
models/props/de_inferno/potted_plant1_p1.mdl,props,true,true,true,true,not_yet_decoded
models/props/de_inferno/potted_plant2.mdl,props,true,true,true,true,not_yet_decoded
models/props/de_inferno/potted_plant2_p1.mdl,props,true,true,true,true,not_yet_decoded
models/props/de_inferno/potted_plant3.mdl,props,true,true,true,true,not_yet_decoded
models/props/de_inferno/potted_plant3_p1.mdl,props,true,true,true,true,not_yet_decoded
models/props/de_inferno/radiator01a.mdl,props,true,true,true,true,not_yet_decoded
models/props/de_inferno/railing01.mdl,props,true,true,true,true,not_yet_decoded
models/props/de_inferno/railing02.mdl,props,true,true,true,true,not_yet_decoded
models/props/de_inferno/railing03.mdl,props,true,true,true,true,not_yet_decoded
models/props/de_inferno/railing04.mdl,props,true,true,true,true,not_yet_decoded
models/props/de_inferno/railing04long.mdl,props,true,true,true,true,not_yet_decoded
models/props/de_inferno/railing_backentrance.mdl,props,true,true,true,true,not_yet_decoded
models/props/de_inferno/railing_bombsite02.mdl,props,true,true,true,true,not_yet_decoded
models/props/de_inferno/railing_bridge.mdl,props,true,true,true,true,not_yet_decoded
models/props/de_inferno/railing_ctspawn.mdl,props,true,true,true,true,not_yet_decoded
models/props/de_inferno/railing_ctspawn_02.mdl,props,true,true,true,true,not_yet_decoded
models/props/de_inferno/railing_longhall.mdl,props,true,true,true,true,not_yet_decoded
models/props/de_inferno/railingbalcony.mdl,props,true,true,true,true,not_yet_decoded
models/props/de_inferno/railingbombsite.mdl,props,true,true,true,true,not_yet_decoded
models/props/de_inferno/railingspiked.mdl,props,true,true,true,true,not_yet_decoded
models/props/de_inferno/railingspikedgate.mdl,props,true,true,true,true,not_yet_decoded
models/props/de_inferno/roof01a.mdl,props,true,true,false,true,not_yet_decoded
models/props/de_inferno/roof01b.mdl,props,true,true,false,true,not_yet_decoded
models/props/de_inferno/roofbits01.mdl,props,true,true,true,true,not_yet_decoded
models/props/de_inferno/roofbits02.mdl,props,true,true,true,true,not_yet_decoded
models/props/de_inferno/roofbits03.mdl,props,true,true,true,true,not_yet_decoded
models/props/de_inferno/roofbits04.mdl,props,true,true,true,true,not_yet_decoded
models/props/de_inferno/roofbits05.mdl,props,true,true,false,true,not_yet_decoded
models/props/de_inferno/roofbits06.mdl,props,true,true,false,true,not_yet_decoded
models/props/de_inferno/roofbits07.mdl,props,true,true,true,true,not_yet_decoded
models/props/de_inferno/roofbits08.mdl,props,true,true,false,true,not_yet_decoded
models/props/de_inferno/roofbits09.mdl,props,true,true,true,true,not_yet_decoded
models/props/de_inferno/roofbits10.mdl,props,true,true,true,true,not_yet_decoded
models/props/de_inferno/roofbits11.mdl,props,true,true,false,true,not_yet_decoded
models/props/de_inferno/roofbits12.mdl,props,true,true,false,true,not_yet_decoded
models/props/de_inferno/roofbits13.mdl,props,true,true,true,true,not_yet_decoded
models/props/de_inferno/roofbits14.mdl,props,true,true,true,true,not_yet_decoded
models/props/de_inferno/roofbits15.mdl,props,true,true,false,true,not_yet_decoded
models/props/de_inferno/roofbits16.mdl,props,true,true,false,true,not_yet_decoded
models/props/de_inferno/roofbits17.mdl,props,true,true,true,true,not_yet_decoded
models/props/de_inferno/roofbits18.mdl,props,true,true,true,true,not_yet_decoded
models/props/de_inferno/roofbits19.mdl,props,true,true,false,true,not_yet_decoded
models/props/de_inferno/roofbits20.mdl,props,true,true,false,true,not_yet_decoded
models/props/de_inferno/roofbits21.mdl,props,true,true,false,true,not_yet_decoded
models/props/de_inferno/roofbits22.mdl,props,true,true,false,true,not_yet_decoded
models/props/de_inferno/scaffolding.mdl,props,true,true,true,true,not_yet_decoded
models/props/de_inferno/spirea.mdl,props,true,true,false,true,not_yet_decoded
models/props/de_inferno/spireb.mdl,props,true,true,true,true,not_yet_decoded
models/props/de_inferno/spiregroup.mdl,props,true,true,false,true,not_yet_decoded
models/props/de_inferno/splinter_damage_01.mdl,props,true,true,true,true,not_yet_decoded
models/props/de_inferno/splinter_damage_02.mdl,props,true,true,true,true,not_yet_decoded
models/props/de_inferno/stoneinfwndwa.mdl,props,true,true,false,true,not_yet_decoded
models/props/de_inferno/stonewndwb.mdl,props,true,true,true,true,not_yet_decoded
models/props/de_inferno/succulant.mdl,props,true,true,false,true,not_yet_decoded
models/props/de_inferno/tableantique.mdl,props,true,true,true,true,not_yet_decoded
models/props/de_inferno/tablecoffee.mdl,props,true,true,true,true,not_yet_decoded
models/props/de_inferno/tablecoffee_damage_a01.mdl,props,true,true,true,true,not_yet_decoded
models/props/de_inferno/tablecoffee_damage_a02.mdl,props,true,true,true,true,not_yet_decoded
models/props/de_inferno/tablecoffee_damage_b01.mdl,props,true,true,true,true,not_yet_decoded
models/props/de_inferno/tablecoffee_damage_b02.mdl,props,true,true,true,true,not_yet_decoded
models/props/de_inferno/tablecoffee_damage_b03.mdl,props,true,true,true,true,not_yet_decoded
models/props/de_inferno/tablecoffee_damage_b04.mdl,props,true,true,true,true,not_yet_decoded
models/props/de_inferno/tree_group.mdl,props,true,true,false,true,not_yet_decoded
models/props/de_inferno/tree_large.mdl,props,true,true,true,true,not_yet_decoded
models/props/de_inferno/tree_small.mdl,props,true,true,true,true,not_yet_decoded
models/props/de_inferno/tv_monitor01.mdl,props,true,true,true,true,not_yet_decoded
models/props/de_inferno/vine_wall1.mdl,props,true,true,false,true,not_yet_decoded
models/props/de_inferno/vine_wall2.mdl,props,true,true,false,true,not_yet_decoded
models/props/de_inferno/wagon.mdl,props,true,true,true,true,not_yet_decoded
models/props/de_inferno/wall_lamp.mdl,props,true,true,false,true,not_yet_decoded
models/props/de_inferno/wall_lamp2.mdl,props,true,true,true,true,not_yet_decoded
models/props/de_inferno/wall_lamp3.mdl,props,true,true,true,true,not_yet_decoded
models/props/de_inferno/wall_lamp_ring.mdl,props,true,true,true,true,not_yet_decoded
models/props/de_inferno/windowbreakable.mdl,props,true,true,true,true,not_yet_decoded
models/props/de_inferno/windowbreakable_02.mdl,props,true,true,true,true,not_yet_decoded
models/props/de_inferno/windowbreakable_02_damage_01.mdl,props,true,true,true,true,not_yet_decoded
models/props/de_inferno/windowbreakable_02_damage_02.mdl,props,true,true,true,true,not_yet_decoded
models/props/de_inferno/windowbreakable_02_damage_03.mdl,props,true,true,true,true,not_yet_decoded
models/props/de_inferno/windowbreakable_02_damage_04.mdl,props,true,true,true,true,not_yet_decoded
models/props/de_inferno/windowbreakable_02_damage_05.mdl,props,true,true,true,true,not_yet_decoded
models/props/de_inferno/windowbreakable_02_damage_06.mdl,props,true,true,true,true,not_yet_decoded
models/props/de_inferno/windowbreakable_02_damage_07.mdl,props,true,true,true,true,not_yet_decoded
models/props/de_inferno/windowbreakable_02_damage_08.mdl,props,true,true,true,true,not_yet_decoded
models/props/de_inferno/windowbreakable_02_damage_09.mdl,props,true,true,true,true,not_yet_decoded
models/props/de_inferno/windowbreakable_02_damage_10.mdl,props,true,true,true,true,not_yet_decoded
models/props/de_inferno/windowbreakable_02_damage_11.mdl,props,true,true,true,true,not_yet_decoded
models/props/de_inferno/windowbreakable_02_frame.mdl,props,true,true,true,true,not_yet_decoded
models/props/de_inferno/windowbreakable_damage_01.mdl,props,true,true,true,true,not_yet_decoded
models/props/de_inferno/windowbreakable_damage_02.mdl,props,true,true,true,true,not_yet_decoded
models/props/de_inferno/windowbreakable_damage_03.mdl,props,true,true,true,true,not_yet_decoded
models/props/de_inferno/windowbreakable_damage_04.mdl,props,true,true,true,true,not_yet_decoded
models/props/de_inferno/windowbreakable_damage_05.mdl,props,true,true,true,true,not_yet_decoded
models/props/de_inferno/windowbreakable_damage_06.mdl,props,true,true,true,true,not_yet_decoded
models/props/de_inferno/windowbreakable_damage_07.mdl,props,true,true,true,true,not_yet_decoded
models/props/de_inferno/windowbreakable_damage_08.mdl,props,true,true,true,true,not_yet_decoded
models/props/de_inferno/windowbreakable_damage_09.mdl,props,true,true,true,true,not_yet_decoded
models/props/de_inferno/windowbreakable_damage_10.mdl,props,true,true,true,true,not_yet_decoded
models/props/de_inferno/windowbreakable_damage_11.mdl,props,true,true,true,true,not_yet_decoded
models/props/de_inferno/windowbreakable_frame.mdl,props,true,true,true,true,not_yet_decoded
models/props/de_inferno/wine_barrel.mdl,props,true,true,true,true,not_yet_decoded
models/props/de_inferno/wine_barrel_p1.mdl,props,true,true,true,true,not_yet_decoded
models/props/de_inferno/wine_barrel_p10.mdl,props,true,true,true,true,not_yet_decoded
models/props/de_inferno/wine_barrel_p11.mdl,props,true,true,true,true,not_yet_decoded
models/props/de_inferno/wine_barrel_p2.mdl,props,true,true,true,true,not_yet_decoded
models/props/de_inferno/wine_barrel_p3.mdl,props,true,true,true,true,not_yet_decoded
models/props/de_inferno/wine_barrel_p4.mdl,props,true,true,true,true,not_yet_decoded
models/props/de_inferno/wine_barrel_p5.mdl,props,true,true,true,true,not_yet_decoded
models/props/de_inferno/wine_barrel_p6.mdl,props,true,true,true,true,not_yet_decoded
models/props/de_inferno/wine_barrel_p7.mdl,props,true,true,true,true,not_yet_decoded
models/props/de_inferno/wine_barrel_p8.mdl,props,true,true,true,true,not_yet_decoded
models/props/de_inferno/wine_barrel_p9.mdl,props,true,true,true,true,not_yet_decoded
models/props/de_inferno/wood_fence.mdl,props,true,true,true,true,not_yet_decoded
models/props/de_inferno/wood_fence_corner.mdl,props,true,true,true,true,not_yet_decoded
models/props/de_inferno/wood_fence_end.mdl,props,true,true,true,true,not_yet_decoded
models/props/de_nuke/car_nuke.mdl,props,true,true,true,true,not_yet_decoded
models/props/de_nuke/car_nuke_animation.mdl,props,true,true,true,true,not_yet_decoded
models/props/de_nuke/car_nuke_black.mdl,props,true,true,true,true,not_yet_decoded
models/props/de_nuke/car_nuke_glass.mdl,props,true,true,true,true,not_yet_decoded
models/props/de_nuke/car_nuke_red.mdl,props,true,true,true,true,not_yet_decoded
models/props/de_nuke/catwalk_support_a.mdl,props,true,true,true,true,not_yet_decoded
models/props/de_nuke/catwalk_support_b.mdl,props,true,true,true,true,not_yet_decoded
models/props/de_nuke/catwalk_support_c.mdl,props,true,true,true,true,not_yet_decoded
models/props/de_nuke/chimneycluster01.mdl,props,true,true,true,true,not_yet_decoded
models/props/de_nuke/cinderblock_stack.mdl,props,true,true,true,true,not_yet_decoded
models/props/de_nuke/clock.mdl,props,true,true,true,true,not_yet_decoded
models/props/de_nuke/containmentbuilding.mdl,props,true,true,true,true,not_yet_decoded
models/props/de_nuke/coolingtank.mdl,props,true,true,true,true,not_yet_decoded
models/props/de_nuke/coolingtower.mdl,props,true,true,true,true,not_yet_decoded
models/props/de_nuke/craneb.mdl,props,true,true,true,true,not_yet_decoded
models/props/de_nuke/crate_extralarge.mdl,props,true,true,true,true,not_yet_decoded
models/props/de_nuke/crate_extrasmall.mdl,props,true,true,true,true,not_yet_decoded
models/props/de_nuke/crate_large.mdl,props,true,true,true,true,not_yet_decoded
models/props/de_nuke/crate_small.mdl,props,true,true,true,true,not_yet_decoded
models/props/de_nuke/electricalbox01.mdl,props,true,true,true,true,not_yet_decoded
models/props/de_nuke/electricalbox02.mdl,props,true,true,true,true,not_yet_decoded
models/props/de_nuke/emergency_lighta.mdl,props,true,true,true,true,not_yet_decoded
models/props/de_nuke/emergency_lightb.mdl,props,true,true,false,true,not_yet_decoded
models/props/de_nuke/equipment1.mdl,props,true,true,true,true,not_yet_decoded
models/props/de_nuke/equipment2.mdl,props,true,true,true,true,not_yet_decoded
models/props/de_nuke/equipment3a.mdl,props,true,true,true,true,not_yet_decoded
models/props/de_nuke/equipment3b.mdl,props,true,true,true,true,not_yet_decoded
models/props/de_nuke/file_cabinet1_group.mdl,props,true,true,true,true,not_yet_decoded
models/props/de_nuke/floodlight.mdl,props,true,true,true,true,not_yet_decoded
models/props/de_nuke/floorbolts.mdl,props,true,true,false,true,not_yet_decoded
models/props/de_nuke/fuel_cask.mdl,props,true,true,true,true,not_yet_decoded
models/props/de_nuke/handtruck.mdl,props,true,true,true,true,not_yet_decoded
models/props/de_nuke/ibeams_bombsite_d.mdl,props,true,true,true,true,not_yet_decoded
models/props/de_nuke/ibeams_bombsitea.mdl,props,true,true,true,true,not_yet_decoded
models/props/de_nuke/ibeams_bombsiteb.mdl,props,true,true,false,true,not_yet_decoded
models/props/de_nuke/ibeams_bombsitec.mdl,props,true,true,true,true,not_yet_decoded
models/props/de_nuke/ibeams_ctspawna.mdl,props,true,true,true,true,not_yet_decoded
models/props/de_nuke/ibeams_ctspawnb.mdl,props,true,true,true,true,not_yet_decoded
models/props/de_nuke/ibeams_ctspawnc.mdl,props,true,true,true,true,not_yet_decoded
models/props/de_nuke/ibeams_tspawna.mdl,props,true,true,true,true,not_yet_decoded
models/props/de_nuke/ibeams_tspawnb.mdl,props,true,true,true,true,not_yet_decoded
models/props/de_nuke/ibeams_tunnela.mdl,props,true,true,true,true,not_yet_decoded
models/props/de_nuke/ibeams_tunnelb.mdl,props,true,true,true,true,not_yet_decoded
models/props/de_nuke/ibeams_warehouseroof.mdl,props,true,true,true,true,not_yet_decoded
models/props/de_nuke/industriallight01.mdl,props,true,true,true,true,not_yet_decoded
models/props/de_nuke/lifepreserver.mdl,props,true,true,true,true,not_yet_decoded
models/props/de_nuke/light_red1.mdl,props,true,true,true,true,not_yet_decoded
models/props/de_nuke/light_red2.mdl,props,true,true,true,true,not_yet_decoded
models/props/de_nuke/nuclearcontainerboxclosed.mdl,props,true,true,true,true,not_yet_decoded
models/props/de_nuke/nuclearcontrolbox.mdl,props,true,true,true,true,not_yet_decoded
models/props/de_nuke/nuclearfuelcontainer.mdl,props,true,true,true,true,not_yet_decoded
models/props/de_nuke/nucleartestcabinet.mdl,props,true,true,true,true,not_yet_decoded
models/props/de_nuke/nuklogo.mdl,props,true,true,true,true,not_yet_decoded
models/props/de_nuke/pipesa_bombsite.mdl,props,true,true,true,true,not_yet_decoded
models/props/de_nuke/pipesb_bombsite.mdl,props,true,true,true,true,not_yet_decoded
models/props/de_nuke/pipeset.mdl,props,true,true,true,true,not_yet_decoded
models/props/de_nuke/powerplanttank.mdl,props,true,true,true,true,not_yet_decoded
models/props/de_nuke/powerwires.mdl,props,true,true,true,true,not_yet_decoded
models/props/de_nuke/railing_bombsitea.mdl,props,true,true,false,true,not_yet_decoded
models/props/de_nuke/railing_bombsiteb.mdl,props,true,true,false,true,not_yet_decoded
models/props/de_nuke/railing_catwalk.mdl,props,true,true,false,true,not_yet_decoded
models/props/de_nuke/railing_ramp_a.mdl,props,true,true,true,true,not_yet_decoded
models/props/de_nuke/railing_ramp_b.mdl,props,true,true,true,true,not_yet_decoded
models/props/de_nuke/railing_tunnels.mdl,props,true,true,false,true,not_yet_decoded
models/props/de_nuke/railing_warehouse.mdl,props,true,true,false,true,not_yet_decoded
models/props/de_nuke/skylight01.mdl,props,true,true,true,true,not_yet_decoded
models/props/de_nuke/skylight_effects.mdl,props,true,true,false,true,not_yet_decoded
models/props/de_nuke/smokestack01.mdl,props,true,true,true,true,not_yet_decoded
models/props/de_nuke/storagetank.mdl,props,true,true,true,true,not_yet_decoded
models/props/de_nuke/truck_nuke.mdl,props,true,true,true,true,not_yet_decoded
models/props/de_nuke/truck_nuke_glass.mdl,props,true,true,true,true,not_yet_decoded
models/props/de_nuke/turbinegenerator.mdl,props,true,true,true,true,not_yet_decoded
models/props/de_nuke/ventilationduct02large.mdl,props,true,true,true,true,not_yet_decoded
models/props/de_nuke/wall_light.mdl,props,true,true,true,true,not_yet_decoded
models/props/de_nuke/wall_light_off.mdl,props,true,true,true,true,not_yet_decoded
models/props/de_nuke/warehouse1a.mdl,props,true,true,true,true,not_yet_decoded
models/props/de_nuke/warehouse1b.mdl,props,true,true,true,true,not_yet_decoded
models/props/de_nuke/warehouse1c.mdl,props,true,true,true,true,not_yet_decoded
models/props/de_nuke/warehouse1d.mdl,props,true,true,true,true,not_yet_decoded
models/props/de_nuke/warehouse1roof.mdl,props,true,true,false,true,not_yet_decoded
models/props/de_nuke/warehouse_structure1.mdl,props,true,true,false,true,not_yet_decoded
models/props/de_nuke/warehouselightingeffects.mdl,props,true,true,false,true,not_yet_decoded
models/props/de_nuke/winch.mdl,props,true,true,true,true,not_yet_decoded
models/props/de_nuke/window01.mdl,props,true,true,false,true,not_yet_decoded
models/props/de_piranesi/pi_apc.mdl,props,true,true,true,true,not_yet_decoded
models/props/de_piranesi/pi_bench.mdl,props,true,true,true,true,not_yet_decoded
models/props/de_piranesi/pi_boat.mdl,props,true,true,true,true,not_yet_decoded
models/props/de_piranesi/pi_boat_metal.mdl,props,true,true,true,true,not_yet_decoded
models/props/de_piranesi/pi_boat_wood.mdl,props,true,true,true,true,not_yet_decoded
models/props/de_piranesi/pi_bucket.mdl,props,true,true,true,true,not_yet_decoded
models/props/de_piranesi/pi_merlon.mdl,props,true,true,true,true,not_yet_decoded
models/props/de_piranesi/pi_orrery.mdl,props,true,true,true,true,not_yet_decoded
models/props/de_piranesi/pi_sundial.mdl,props,true,true,true,true,not_yet_decoded
models/props/de_port/cargo_container01.mdl,props,true,true,true,true,not_yet_decoded
models/props/de_port/clouds.mdl,props,true,true,false,true,not_yet_decoded
models/props/de_port/clouds2.mdl,props,true,true,false,true,not_yet_decoded
models/props/de_port/portwalkway.mdl,props,true,true,true,true,not_yet_decoded
models/props/de_port/tankoil01.mdl,props,true,true,true,true,not_yet_decoded
models/props/de_port/tankoil02.mdl,props,true,true,true,true,not_yet_decoded
models/props/de_prodigy/ammo_can_01.mdl,props,true,true,true,true,not_yet_decoded
models/props/de_prodigy/ammo_can_02.mdl,props,true,true,true,true,not_yet_decoded
models/props/de_prodigy/ammo_can_03.mdl,props,true,true,true,true,not_yet_decoded
models/props/de_prodigy/concretebags.mdl,props,true,true,true,true,not_yet_decoded
models/props/de_prodigy/concretebags2.mdl,props,true,true,true,true,not_yet_decoded
models/props/de_prodigy/concretebags3.mdl,props,true,true,true,true,not_yet_decoded
models/props/de_prodigy/concretebags4.mdl,props,true,true,true,true,not_yet_decoded
models/props/de_prodigy/desk_console1.mdl,props,true,true,true,true,not_yet_decoded
models/props/de_prodigy/desk_console1a.mdl,props,true,true,true,true,not_yet_decoded
models/props/de_prodigy/desk_console1b.mdl,props,true,true,true,true,not_yet_decoded
models/props/de_prodigy/desk_console2.mdl,props,true,true,true,true,not_yet_decoded
models/props/de_prodigy/desk_console3.mdl,props,true,true,true,true,not_yet_decoded
models/props/de_prodigy/fan.mdl,props,true,true,true,true,not_yet_decoded
models/props/de_prodigy/fanhousing.mdl,props,true,true,true,true,not_yet_decoded
models/props/de_prodigy/fanoff.mdl,props,true,true,true,true,not_yet_decoded
models/props/de_prodigy/lighthanging.mdl,props,true,true,true,true,not_yet_decoded
models/props/de_prodigy/platform.mdl,props,true,true,true,true,not_yet_decoded
models/props/de_prodigy/prodcables128.mdl,props,true,true,false,true,not_yet_decoded
models/props/de_prodigy/prodcables256.mdl,props,true,true,false,true,not_yet_decoded
models/props/de_prodigy/prodcablescornerin.mdl,props,true,true,false,true,not_yet_decoded
models/props/de_prodigy/prodcablescornerout.mdl,props,true,true,false,true,not_yet_decoded
models/props/de_prodigy/prodcratesa.mdl,props,true,true,true,true,not_yet_decoded
models/props/de_prodigy/prodcratesb.mdl,props,true,true,true,true,not_yet_decoded
models/props/de_prodigy/prodgrassa.mdl,props,true,true,false,true,not_yet_decoded
models/props/de_prodigy/prodtracks.mdl,props,true,true,true,true,not_yet_decoded
models/props/de_prodigy/pushcart.mdl,props,true,true,true,true,not_yet_decoded
models/props/de_prodigy/spool.mdl,props,true,true,true,true,not_yet_decoded
models/props/de_prodigy/spoolwire.mdl,props,true,true,true,true,not_yet_decoded
models/props/de_prodigy/tire1.mdl,props,true,true,true,true,not_yet_decoded
models/props/de_prodigy/tire2.mdl,props,true,true,true,true,not_yet_decoded
models/props/de_prodigy/tirestack.mdl,props,true,true,true,true,not_yet_decoded
models/props/de_prodigy/tirestack2.mdl,props,true,true,true,true,not_yet_decoded
models/props/de_prodigy/tirestack3.mdl,props,true,true,true,true,not_yet_decoded
models/props/de_prodigy/transformer.mdl,props,true,true,true,true,not_yet_decoded
models/props/de_prodigy/turret.mdl,props,true,true,false,true,not_yet_decoded
models/props/de_prodigy/wall_console1.mdl,props,true,true,true,true,not_yet_decoded
models/props/de_prodigy/wall_console2.mdl,props,true,true,true,true,not_yet_decoded
models/props/de_prodigy/wall_console3.mdl,props,true,true,true,true,not_yet_decoded
models/props/de_prodigy/wood_pallet_01.mdl,props,true,true,true,true,not_yet_decoded
models/props/de_prodigy/wood_pallet_debris_01.mdl,props,true,true,true,true,not_yet_decoded
models/props/de_prodigy/wood_pallet_debris_02.mdl,props,true,true,true,true,not_yet_decoded
models/props/de_prodigy/wood_pallet_debris_03.mdl,props,true,true,true,true,not_yet_decoded
models/props/de_prodigy/wood_pallet_debris_04.mdl,props,true,true,true,true,not_yet_decoded
models/props/de_prodigy/wood_pallet_debris_05.mdl,props,true,true,true,true,not_yet_decoded
models/props/de_prodigy/wood_pallet_debris_06.mdl,props,true,true,true,true,not_yet_decoded
models/props/de_prodigy/wood_pallet_debris_07.mdl,props,true,true,true,true,not_yet_decoded
models/props/de_prodigy/wood_pallet_debris_08.mdl,props,true,true,true,true,not_yet_decoded
models/props/de_prodigy/wood_pallet_debris_09.mdl,props,true,true,true,true,not_yet_decoded
models/props/de_prodigy/wood_pallet_debris_10.mdl,props,true,true,true,true,not_yet_decoded
models/props/de_prodigy/wood_pallet_debris_11.mdl,props,true,true,true,true,not_yet_decoded
models/props/de_prodigy/wood_pallet_debris_12.mdl,props,true,true,true,true,not_yet_decoded
models/props/de_tides/clouds.mdl,props,true,true,false,true,not_yet_decoded
models/props/de_tides/flowerbed.mdl,props,true,true,true,true,not_yet_decoded
models/props/de_tides/gate.mdl,props,true,true,true,true,not_yet_decoded
models/props/de_tides/gate_large.mdl,props,true,true,true,true,not_yet_decoded
models/props/de_tides/gate_low.mdl,props,true,true,true,true,not_yet_decoded
models/props/de_tides/lights_studio.mdl,props,true,true,true,true,not_yet_decoded
models/props/de_tides/menu_stand.mdl,props,true,true,true,true,not_yet_decoded
models/props/de_tides/menu_stand_p01.mdl,props,true,true,true,true,not_yet_decoded
models/props/de_tides/menu_stand_p02.mdl,props,true,true,true,true,not_yet_decoded
models/props/de_tides/menu_stand_p03.mdl,props,true,true,true,true,not_yet_decoded
models/props/de_tides/menu_stand_p04.mdl,props,true,true,true,true,not_yet_decoded
models/props/de_tides/menu_stand_p05.mdl,props,true,true,true,true,not_yet_decoded
models/props/de_tides/menu_stand_p06.mdl,props,true,true,true,true,not_yet_decoded
models/props/de_tides/menu_stand_p07.mdl,props,true,true,true,true,not_yet_decoded
models/props/de_tides/patio_chair.mdl,props,true,true,true,true,not_yet_decoded
models/props/de_tides/patio_chair2.mdl,props,true,true,true,true,not_yet_decoded
models/props/de_tides/patio_table.mdl,props,true,true,true,true,not_yet_decoded
models/props/de_tides/patio_table2.mdl,props,true,true,true,true,not_yet_decoded
models/props/de_tides/planter.mdl,props,true,true,true,true,not_yet_decoded
models/props/de_tides/restaurant_table.mdl,props,true,true,true,true,not_yet_decoded
models/props/de_tides/sign.mdl,props,true,true,true,true,not_yet_decoded
models/props/de_tides/sign_swinging.mdl,props,true,true,true,true,not_yet_decoded
models/props/de_tides/tides_banner_a.mdl,props,true,true,true,true,not_yet_decoded
models/props/de_tides/tides_brokenledge.mdl,props,true,true,true,true,not_yet_decoded
models/props/de_tides/tides_chimney.mdl,props,true,true,false,true,not_yet_decoded
models/props/de_tides/tides_fences_a.mdl,props,true,true,true,true,not_yet_decoded
models/props/de_tides/tides_fences_b.mdl,props,true,true,false,true,not_yet_decoded
models/props/de_tides/tides_fences_c.mdl,props,true,true,false,true,not_yet_decoded
models/props/de_tides/tides_fences_d.mdl,props,true,true,false,true,not_yet_decoded
models/props/de_tides/tides_fences_e.mdl,props,true,true,false,true,not_yet_decoded
models/props/de_tides/tides_fences_f.mdl,props,true,true,false,true,not_yet_decoded
models/props/de_tides/tides_flag_a.mdl,props,true,true,false,true,not_yet_decoded
models/props/de_tides/tides_light_fixture.mdl,props,true,true,true,true,not_yet_decoded
models/props/de_tides/tides_partyflags.mdl,props,true,true,true,true,not_yet_decoded
models/props/de_tides/tides_sign_a.mdl,props,true,true,true,true,not_yet_decoded
models/props/de_tides/tides_sign_b.mdl,props,true,true,true,true,not_yet_decoded
models/props/de_tides/tides_sign_c.mdl,props,true,true,true,true,not_yet_decoded
models/props/de_tides/tides_staffonly_sign.mdl,props,true,true,true,true,not_yet_decoded
models/props/de_tides/tides_streetlight.mdl,props,true,true,true,true,not_yet_decoded
models/props/de_tides/tides_woodenfences_a.mdl,props,true,true,false,true,not_yet_decoded
models/props/de_tides/tides_woodenfences_b.mdl,props,true,true,false,true,not_yet_decoded
models/props/de_tides/tides_woodenfences_c.mdl,props,true,true,false,true,not_yet_decoded
models/props/de_tides/tides_woodenfences_d.mdl,props,true,true,false,true,not_yet_decoded
models/props/de_tides/truck.mdl,props,true,true,true,true,not_yet_decoded
models/props/de_tides/turtle_rock_flag.mdl,props,true,true,false,true,not_yet_decoded
models/props/de_tides/vending_cart.mdl,props,true,true,true,true,not_yet_decoded
models/props/de_tides/vending_cart_base.mdl,props,true,true,true,true,not_yet_decoded
models/props/de_tides/vending_cart_top.mdl,props,true,true,true,true,not_yet_decoded
models/props/de_tides/vending_cart_wheell.mdl,props,true,true,true,true,not_yet_decoded
models/props/de_tides/vending_cart_wheelr.mdl,props,true,true,true,true,not_yet_decoded
models/props/de_tides/vending_hat.mdl,props,true,true,true,true,not_yet_decoded
models/props/de_tides/vending_tshirt.mdl,props,true,true,true,true,not_yet_decoded
models/props/de_tides/vending_turtle.mdl,props,true,true,true,true,not_yet_decoded
models/props/de_tides/woodframe_archway.mdl,props,true,true,false,true,not_yet_decoded
models/props/de_tides/woodframe_archway_b.mdl,props,true,true,false,true,not_yet_decoded
models/props/de_tides/woodframe_archway_c.mdl,props,true,true,false,true,not_yet_decoded
models/props/de_tides/woodframe_archway_d.mdl,props,true,true,false,true,not_yet_decoded
models/props/de_tides/woodframe_bridgea_e.mdl,props,true,true,false,true,not_yet_decoded
models/props/de_tides/woodframe_bridgea_n.mdl,props,true,true,false,true,not_yet_decoded
models/props/de_tides/woodframe_bridgea_ne.mdl,props,true,true,false,true,not_yet_decoded
models/props/de_tides/woodframe_bridgea_s.mdl,props,true,true,false,true,not_yet_decoded
models/props/de_tides/woodframe_bridgea_w.mdl,props,true,true,false,true,not_yet_decoded
models/props/de_tides/woodframe_bridgea_wu.mdl,props,true,true,false,true,not_yet_decoded
models/props/de_tides/woodframe_bridgeb_e.mdl,props,true,true,false,true,not_yet_decoded
models/props/de_tides/woodframe_bridgeb_n.mdl,props,true,true,false,true,not_yet_decoded
models/props/de_tides/woodframe_bridgeb_s.mdl,props,true,true,false,true,not_yet_decoded
models/props/de_tides/woodframe_bridgeb_w.mdl,props,true,true,false,true,not_yet_decoded
models/props/de_tides/woodframe_bridgeb_w2.mdl,props,true,true,false,true,not_yet_decoded
models/props/de_tides/woodframe_courtyard_e.mdl,props,true,true,false,true,not_yet_decoded
models/props/de_tides/woodframe_courtyard_e2.mdl,props,true,true,false,true,not_yet_decoded
models/props/de_tides/woodframe_courtyard_n.mdl,props,true,true,false,true,not_yet_decoded
models/props/de_tides/woodframe_courtyard_s.mdl,props,true,true,false,true,not_yet_decoded
models/props/de_tides/woodframe_courtyard_w.mdl,props,true,true,false,true,not_yet_decoded
models/props/de_tides/woodframe_hallway_a.mdl,props,true,true,false,true,not_yet_decoded
models/props/de_tides/woodframe_hallway_a2.mdl,props,true,true,false,true,not_yet_decoded
models/props/de_tides/woodframe_hallway_b.mdl,props,true,true,false,true,not_yet_decoded
models/props/de_tides/woodframe_hallway_b2.mdl,props,true,true,false,true,not_yet_decoded
models/props/de_tides/woodframe_misca.mdl,props,true,true,false,true,not_yet_decoded
models/props/de_tides/woodframe_miscb.mdl,props,true,true,false,true,not_yet_decoded
models/props/de_tides/woodframe_miscc.mdl,props,true,true,false,true,not_yet_decoded
models/props/de_train/acunit1.mdl,props,true,true,true,true,not_yet_decoded
models/props/de_train/acunit2.mdl,props,true,true,true,true,not_yet_decoded
models/props/de_train/ammo_can_01.mdl,props,true,true,true,true,not_yet_decoded
models/props/de_train/barrel.mdl,props,true,true,true,true,not_yet_decoded
models/props/de_train/biohazardtank.mdl,props,true,true,true,true,not_yet_decoded
models/props/de_train/biohazardtank_dm_01.mdl,props,true,true,true,true,not_yet_decoded
models/props/de_train/biohazardtank_dm_02.mdl,props,true,true,true,true,not_yet_decoded
models/props/de_train/biohazardtank_dm_03.mdl,props,true,true,true,true,not_yet_decoded
models/props/de_train/biohazardtank_dm_04.mdl,props,true,true,true,true,not_yet_decoded
models/props/de_train/biohazardtank_dm_05.mdl,props,true,true,true,true,not_yet_decoded
models/props/de_train/biohazardtank_dm_06.mdl,props,true,true,true,true,not_yet_decoded
models/props/de_train/biohazardtank_dm_07.mdl,props,true,true,true,true,not_yet_decoded
models/props/de_train/biohazardtank_dm_08.mdl,props,true,true,true,true,not_yet_decoded
models/props/de_train/biohazardtank_dm_09.mdl,props,true,true,true,true,not_yet_decoded
models/props/de_train/biohazardtank_dm_10.mdl,props,true,true,true,true,not_yet_decoded
models/props/de_train/biohazardtank_dm_11.mdl,props,true,true,true,true,not_yet_decoded
models/props/de_train/boxcar.mdl,props,true,true,true,true,not_yet_decoded
models/props/de_train/boxcar2.mdl,props,true,true,true,true,not_yet_decoded
models/props/de_train/bush.mdl,props,true,true,false,true,not_yet_decoded
models/props/de_train/bush2.mdl,props,true,true,false,true,not_yet_decoded
models/props/de_train/chainlinkgate.mdl,props,true,true,true,true,not_yet_decoded
models/props/de_train/de_train_doorhandle_01.mdl,props,true,true,true,true,not_yet_decoded
models/props/de_train/de_train_drainage_pipe.mdl,props,true,true,true,true,not_yet_decoded
models/props/de_train/de_train_floodlights_01.mdl,props,true,true,true,true,not_yet_decoded
models/props/de_train/de_train_gutter_01.mdl,props,true,true,true,true,not_yet_decoded
models/props/de_train/de_train_horizontalcoolingtank.mdl,props,true,true,true,true,not_yet_decoded
models/props/de_train/de_train_ibeam_01.mdl,props,true,true,true,true,not_yet_decoded
models/props/de_train/de_train_ibeam_02.mdl,props,true,true,true,true,not_yet_decoded
models/props/de_train/de_train_ibeam_03.mdl,props,true,true,true,true,not_yet_decoded
models/props/de_train/de_train_ibeams_01.mdl,props,true,true,true,true,not_yet_decoded
models/props/de_train/de_train_ibeams_02.mdl,props,true,true,true,true,not_yet_decoded
models/props/de_train/de_train_roofbeams_01.mdl,props,true,true,true,true,not_yet_decoded
models/props/de_train/de_train_securityguard.mdl,props,true,true,false,true,not_yet_decoded
models/props/de_train/de_train_signalbox_01.mdl,props,true,true,true,true,not_yet_decoded
models/props/de_train/de_train_truss02d.mdl,props,true,true,true,true,not_yet_decoded
models/props/de_train/de_train_tunnelbeams_01.mdl,props,true,true,false,true,not_yet_decoded
models/props/de_train/de_train_windowframe_01.mdl,props,true,true,true,true,not_yet_decoded
models/props/de_train/de_train_windowframe_02.mdl,props,true,true,true,true,not_yet_decoded
models/props/de_train/de_train_windowframe_03.mdl,props,true,true,true,true,not_yet_decoded
models/props/de_train/de_train_windowframe_04.mdl,props,true,true,true,true,not_yet_decoded
models/props/de_train/diesel.mdl,props,true,true,true,true,not_yet_decoded
models/props/de_train/flatcar.mdl,props,true,true,true,true,not_yet_decoded
models/props/de_train/floodlight.mdl,props,true,true,true,true,not_yet_decoded
models/props/de_train/handrail_alley-stairs.mdl,props,true,true,false,true,not_yet_decoded
models/props/de_train/handrail_alley-upperdeck.mdl,props,true,true,false,true,not_yet_decoded
models/props/de_train/handrail_singlespan_128.mdl,props,true,true,false,true,not_yet_decoded
models/props/de_train/handrail_tower-lower.mdl,props,true,true,false,true,not_yet_decoded
models/props/de_train/handrail_tower-upper.mdl,props,true,true,false,true,not_yet_decoded
models/props/de_train/handrail_tspawn-balcony.mdl,props,true,true,false,true,not_yet_decoded
models/props/de_train/handrail_yarda-sniperspot.mdl,props,true,true,false,true,not_yet_decoded
models/props/de_train/handrail_yardb-catwalk.mdl,props,true,true,false,true,not_yet_decoded
models/props/de_train/handrail_yardb-lower.mdl,props,true,true,false,true,not_yet_decoded
models/props/de_train/ladderaluminium.mdl,props,true,true,true,true,not_yet_decoded
models/props/de_train/light_inset.mdl,props,true,true,true,true,not_yet_decoded
models/props/de_train/light_security.mdl,props,true,true,true,true,not_yet_decoded
models/props/de_train/lightwindowsa.mdl,props,true,true,false,true,not_yet_decoded
models/props/de_train/lightwindowsb.mdl,props,true,true,false,true,not_yet_decoded
models/props/de_train/lockerbench.mdl,props,true,true,true,true,not_yet_decoded
models/props/de_train/lockers001a.mdl,props,true,true,true,true,not_yet_decoded
models/props/de_train/lockers_long.mdl,props,true,true,true,true,not_yet_decoded
models/props/de_train/pallet_barrels.mdl,props,true,true,true,true,not_yet_decoded
models/props/de_train/processor.mdl,props,true,true,true,true,not_yet_decoded
models/props/de_train/processor_nobase.mdl,props,true,true,true,true,not_yet_decoded
models/props/de_train/railroadtracks128.mdl,props,true,true,true,true,not_yet_decoded
models/props/de_train/railroadtracks256.mdl,props,true,true,true,true,not_yet_decoded
models/props/de_train/railroadtrackslong.mdl,props,true,true,false,true,not_yet_decoded
models/props/de_train/tanker.mdl,props,true,true,true,true,not_yet_decoded
models/props/de_train/train_wheels.mdl,props,true,true,true,true,not_yet_decoded
models/props/de_train/trainbumperpost.mdl,props,true,true,true,true,not_yet_decoded
models/props/de_train/tunnelarch.mdl,props,true,true,true,true,not_yet_decoded
models/props/de_train/utility_truck.mdl,props,true,true,true,true,not_yet_decoded
models/props/de_train/utility_truck_windows.mdl,props,true,true,true,true,not_yet_decoded
models/props/de_train/windowsfront.mdl,props,true,true,false,true,not_yet_decoded
models/props/de_train/windowsside.mdl,props,true,true,false,true,not_yet_decoded
models/props/pi_arch128x32.mdl,props,true,true,false,true,not_yet_decoded
models/props/pi_arch192x32.mdl,props,true,true,false,true,not_yet_decoded
models/props/pi_arch64x32.mdl,props,true,true,false,true,not_yet_decoded
models/props/pi_arch96x32.mdl,props,true,true,false,true,not_yet_decoded
models/props/pi_fern.mdl,props,true,true,false,true,not_yet_decoded
models/props/pi_shrub.mdl,props,true,true,false,true,not_yet_decoded
models/props/pi_win.mdl,props,true,true,false,true,not_yet_decoded
models/props/pi_winbig.mdl,props,true,true,false,true,not_yet_decoded
models/props/pi_winfake.mdl,props,true,true,false,true,not_yet_decoded
models/props/pi_winfakebig.mdl,props,true,true,false,true,not_yet_decoded
models/props/pi_winwalk.mdl,props,true,true,false,true,not_yet_decoded
models/props_animated_breakable/smokestack.mdl,props_animated_breakable,true,true,true,true,not_yet_decoded
models/props_animated_breakable/smokestack_gib_01.mdl,props_animated_breakable,true,true,true,true,not_yet_decoded
models/props_animated_breakable/smokestack_gib_02.mdl,props_animated_breakable,true,true,true,true,not_yet_decoded
models/props_animated_breakable/smokestack_gib_03.mdl,props_animated_breakable,true,true,true,true,not_yet_decoded
models/props_animated_breakable/smokestack_gib_04.mdl,props_animated_breakable,true,true,true,true,not_yet_decoded
models/props_animated_breakable/smokestack_gib_05.mdl,props_animated_breakable,true,true,true,true,not_yet_decoded
models/props_animated_breakable/smokestack_gib_06.mdl,props_animated_breakable,true,true,true,true,not_yet_decoded
models/props_animated_breakable/smokestack_gib_07.mdl,props_animated_breakable,true,true,true,true,not_yet_decoded
models/props_animated_breakable/smokestack_gib_08.mdl,props_animated_breakable,true,true,true,true,not_yet_decoded
models/props_animated_breakable/smokestack_gib_09.mdl,props_animated_breakable,true,true,true,true,not_yet_decoded
models/props_animated_breakable/smokestack_gib_10.mdl,props_animated_breakable,true,true,true,true,not_yet_decoded
models/props_borealis/bluebarrel001.mdl,props_borealis,true,true,true,true,not_yet_decoded
models/props_borealis/bluebarrel001_chunk01.mdl,props_borealis,true,true,true,true,not_yet_decoded
models/props_borealis/bluebarrel002.mdl,props_borealis,true,true,true,true,not_yet_decoded
models/props_borealis/borealis_door001a.mdl,props_borealis,true,true,true,true,not_yet_decoded
models/props_borealis/door_wheel001a.mdl,props_borealis,true,true,true,true,not_yet_decoded
models/props_borealis/mooring_cleat01.mdl,props_borealis,true,true,true,true,not_yet_decoded
models/props_building_details/building_tem002_window01.mdl,props_building_details,true,true,true,true,not_yet_decoded
models/props_building_details/building_tem002_window01_bars.mdl,props_building_details,true,true,false,true,not_yet_decoded
models/props_building_details/courtyard_template001c_bars.mdl,props_building_details,true,true,true,true,not_yet_decoded
models/props_building_details/courtyard_template002_window.mdl,props_building_details,true,true,true,true,not_yet_decoded
models/props_building_details/courtyard_template002c_bars.mdl,props_building_details,true,true,true,true,not_yet_decoded
models/props_building_details/storefront_template001a_bars.mdl,props_building_details,true,true,true,true,not_yet_decoded
models/props_buildings/building_002a.mdl,props_buildings,true,true,true,true,not_yet_decoded
models/props_buildings/buildingskybox_002a.mdl,props_buildings,true,true,false,true,not_yet_decoded
models/props_buildings/collapsedbuilding01a.mdl,props_buildings,true,true,true,true,not_yet_decoded
models/props_buildings/collapsedbuilding01awall.mdl,props_buildings,true,true,true,true,not_yet_decoded
models/props_buildings/collapsedbuilding02a.mdl,props_buildings,true,true,true,true,not_yet_decoded
models/props_buildings/collapsedbuilding02b.mdl,props_buildings,true,true,true,true,not_yet_decoded
models/props_buildings/collapsedbuilding02c.mdl,props_buildings,true,true,true,true,not_yet_decoded
models/props_buildings/destroyed_cityblock01a.mdl,props_buildings,true,true,false,true,not_yet_decoded
models/props_buildings/destroyed_cityblock01b.mdl,props_buildings,true,true,false,true,not_yet_decoded
models/props_buildings/destroyed_cityblock01d.mdl,props_buildings,true,true,false,true,not_yet_decoded
models/props_buildings/destroyed_cityblock01e.mdl,props_buildings,true,true,false,true,not_yet_decoded
models/props_buildings/destroyed_cityblock01f.mdl,props_buildings,true,true,false,true,not_yet_decoded
models/props_buildings/destroyed_cityblock01g.mdl,props_buildings,true,true,false,true,not_yet_decoded
models/props_buildings/destroyed_cityblock01h.mdl,props_buildings,true,true,false,true,not_yet_decoded
models/props_buildings/factory_skybox001a.mdl,props_buildings,true,true,true,true,not_yet_decoded
models/props_buildings/long_building001a.mdl,props_buildings,true,true,false,true,not_yet_decoded
models/props_buildings/project_building01.mdl,props_buildings,true,true,true,true,not_yet_decoded
models/props_buildings/project_building01_skybox.mdl,props_buildings,true,true,true,true,not_yet_decoded
models/props_buildings/project_building02.mdl,props_buildings,true,true,true,true,not_yet_decoded
models/props_buildings/project_building02_skybox.mdl,props_buildings,true,true,true,true,not_yet_decoded
models/props_buildings/project_building03.mdl,props_buildings,true,true,true,true,not_yet_decoded
models/props_buildings/project_building03_skybox.mdl,props_buildings,true,true,true,true,not_yet_decoded
models/props_buildings/project_destroyedbuildings01.mdl,props_buildings,true,true,true,true,not_yet_decoded
models/props_buildings/project_destroyedbuildings01_skybox.mdl,props_buildings,true,true,false,true,not_yet_decoded
models/props_buildings/project_destroyedbuildings03_skybox.mdl,props_buildings,true,true,false,true,not_yet_decoded
models/props_buildings/project_destroyedbuildings04_skybox.mdl,props_buildings,true,true,false,true,not_yet_decoded
models/props_buildings/row_church_fullscale.mdl,props_buildings,true,true,true,true,not_yet_decoded
models/props_buildings/row_corner_1.mdl,props_buildings,true,true,false,true,not_yet_decoded
models/props_buildings/row_corner_1_fullscale.mdl,props_buildings,true,true,true,true,not_yet_decoded
models/props_buildings/row_corner_2.mdl,props_buildings,true,true,false,true,not_yet_decoded
models/props_buildings/row_hill_cluster.mdl,props_buildings,true,true,false,true,not_yet_decoded
models/props_buildings/row_industrial_cluster.mdl,props_buildings,true,true,false,true,not_yet_decoded
models/props_buildings/row_res_1.mdl,props_buildings,true,true,false,true,not_yet_decoded
models/props_buildings/row_res_1_ascend.mdl,props_buildings,true,true,false,true,not_yet_decoded
models/props_buildings/row_res_1_fullscale.mdl,props_buildings,true,true,true,true,not_yet_decoded
models/props_buildings/row_res_2.mdl,props_buildings,true,true,false,true,not_yet_decoded
models/props_buildings/row_res_2_ascend.mdl,props_buildings,true,true,false,true,not_yet_decoded
models/props_buildings/row_res_2_ascend_fullscale.mdl,props_buildings,true,true,true,true,not_yet_decoded
models/props_buildings/row_res_2_fullscale.mdl,props_buildings,true,true,true,true,not_yet_decoded
models/props_buildings/row_upscale.mdl,props_buildings,true,true,false,true,not_yet_decoded
models/props_buildings/short_building001a.mdl,props_buildings,true,true,true,true,not_yet_decoded
models/props_buildings/watertower_001a.mdl,props_buildings,true,true,true,true,not_yet_decoded
models/props_buildings/watertower_001c.mdl,props_buildings,true,true,true,true,not_yet_decoded
models/props_buildings/watertower_002a.mdl,props_buildings,true,true,true,true,not_yet_decoded
models/props_c17/awning001a.mdl,props_c17,true,true,true,true,not_yet_decoded
models/props_c17/awning002a.mdl,props_c17,true,true,true,true,not_yet_decoded
models/props_c17/bench01a.mdl,props_c17,true,true,true,true,not_yet_decoded
models/props_c17/briefcase001a.mdl,props_c17,true,true,true,true,not_yet_decoded
models/props_c17/canister01a.mdl,props_c17,true,true,true,true,not_yet_decoded
models/props_c17/canister02a.mdl,props_c17,true,true,true,true,not_yet_decoded
models/props_c17/canister_propane01a.mdl,props_c17,true,true,true,true,not_yet_decoded
models/props_c17/canisterchunk01a.mdl,props_c17,true,true,true,true,not_yet_decoded
models/props_c17/canisterchunk01b.mdl,props_c17,true,true,true,true,not_yet_decoded
models/props_c17/canisterchunk01c.mdl,props_c17,true,true,true,true,not_yet_decoded
models/props_c17/canisterchunk01d.mdl,props_c17,true,true,true,true,not_yet_decoded
models/props_c17/canisterchunk01f.mdl,props_c17,true,true,true,true,not_yet_decoded
models/props_c17/canisterchunk01g.mdl,props_c17,true,true,true,true,not_yet_decoded
models/props_c17/canisterchunk01h.mdl,props_c17,true,true,true,true,not_yet_decoded
models/props_c17/canisterchunk01i.mdl,props_c17,true,true,true,true,not_yet_decoded
models/props_c17/canisterchunk01k.mdl,props_c17,true,true,true,true,not_yet_decoded
models/props_c17/canisterchunk01l.mdl,props_c17,true,true,true,true,not_yet_decoded
models/props_c17/canisterchunk01m.mdl,props_c17,true,true,true,true,not_yet_decoded
models/props_c17/canisterchunk02a.mdl,props_c17,true,true,true,true,not_yet_decoded
models/props_c17/canisterchunk02b.mdl,props_c17,true,true,true,true,not_yet_decoded
models/props_c17/canisterchunk02c.mdl,props_c17,true,true,true,true,not_yet_decoded
models/props_c17/canisterchunk02d.mdl,props_c17,true,true,true,true,not_yet_decoded
models/props_c17/canisterchunk02e.mdl,props_c17,true,true,true,true,not_yet_decoded
models/props_c17/canisterchunk02f.mdl,props_c17,true,true,true,true,not_yet_decoded
models/props_c17/canisterchunk02g.mdl,props_c17,true,true,true,true,not_yet_decoded
models/props_c17/canisterchunk02h.mdl,props_c17,true,true,true,true,not_yet_decoded
models/props_c17/canisterchunk02i.mdl,props_c17,true,true,true,true,not_yet_decoded
models/props_c17/canisterchunk02j.mdl,props_c17,true,true,true,true,not_yet_decoded
models/props_c17/canisterchunk02k.mdl,props_c17,true,true,true,true,not_yet_decoded
models/props_c17/canisterchunk02l.mdl,props_c17,true,true,true,true,not_yet_decoded
models/props_c17/canisterchunk02m.mdl,props_c17,true,true,true,true,not_yet_decoded
models/props_c17/cashregister01a.mdl,props_c17,true,true,true,true,not_yet_decoded
models/props_c17/chair02a.mdl,props_c17,true,true,true,true,not_yet_decoded
models/props_c17/chair_kleiner03a.mdl,props_c17,true,true,true,true,not_yet_decoded
models/props_c17/chair_office01a.mdl,props_c17,true,true,true,true,not_yet_decoded
models/props_c17/chair_stool01a.mdl,props_c17,true,true,true,true,not_yet_decoded
models/props_c17/clock01.mdl,props_c17,true,true,true,true,not_yet_decoded
models/props_c17/column02a.mdl,props_c17,true,true,true,true,not_yet_decoded
models/props_c17/computer01_keyboard.mdl,props_c17,true,true,true,true,not_yet_decoded
models/props_c17/concrete_barrier001a.mdl,props_c17,true,true,true,true,not_yet_decoded
models/props_c17/consolebox01a.mdl,props_c17,true,true,true,true,not_yet_decoded
models/props_c17/consolebox03a.mdl,props_c17,true,true,true,true,not_yet_decoded
models/props_c17/consolebox05a.mdl,props_c17,true,true,true,true,not_yet_decoded
models/props_c17/display_cooler01a.mdl,props_c17,true,true,true,true,not_yet_decoded
models/props_c17/doll01.mdl,props_c17,true,true,true,true,not_yet_decoded
models/props_c17/door01_left.mdl,props_c17,true,true,true,true,not_yet_decoded
models/props_c17/door02_double.mdl,props_c17,true,true,true,true,not_yet_decoded
models/props_c17/door03_left.mdl,props_c17,true,true,true,true,not_yet_decoded
models/props_c17/door_fence01.mdl,props_c17,true,true,true,true,not_yet_decoded
models/props_c17/elevator01.mdl,props_c17,true,true,true,true,not_yet_decoded
models/props_c17/factorymachine01.mdl,props_c17,true,true,true,true,not_yet_decoded
models/props_c17/fence01a.mdl,props_c17,true,true,true,true,not_yet_decoded
models/props_c17/fence01b.mdl,props_c17,true,true,true,true,not_yet_decoded
models/props_c17/fence02a.mdl,props_c17,true,true,true,true,not_yet_decoded
models/props_c17/fence02b.mdl,props_c17,true,true,true,true,not_yet_decoded
models/props_c17/fence03a.mdl,props_c17,true,true,true,true,not_yet_decoded
models/props_c17/fence04a.mdl,props_c17,true,true,true,true,not_yet_decoded
models/props_c17/fountain_01.mdl,props_c17,true,true,true,true,not_yet_decoded
models/props_c17/frame002a.mdl,props_c17,true,true,true,true,not_yet_decoded
models/props_c17/furniturearmchair001a.mdl,props_c17,true,true,true,true,not_yet_decoded
models/props_c17/furniturebathtub001a.mdl,props_c17,true,true,true,true,not_yet_decoded
models/props_c17/furniturebed001a.mdl,props_c17,true,true,true,true,not_yet_decoded
models/props_c17/furnitureboiler001a.mdl,props_c17,true,true,true,true,not_yet_decoded
models/props_c17/furniturechair001a.mdl,props_c17,true,true,true,true,not_yet_decoded
models/props_c17/furniturechair001a_chunk01.mdl,props_c17,true,true,true,true,not_yet_decoded
models/props_c17/furniturechair001a_chunk02.mdl,props_c17,true,true,true,true,not_yet_decoded
models/props_c17/furniturechair001a_chunk03.mdl,props_c17,true,true,true,true,not_yet_decoded
models/props_c17/furniturecouch001a.mdl,props_c17,true,true,true,true,not_yet_decoded
models/props_c17/furniturecouch002a.mdl,props_c17,true,true,true,true,not_yet_decoded
models/props_c17/furniturecupboard001a.mdl,props_c17,true,true,true,true,not_yet_decoded
models/props_c17/furnituredrawer001a.mdl,props_c17,true,true,true,true,not_yet_decoded
models/props_c17/furnituredrawer001a_chunk01.mdl,props_c17,true,true,true,true,not_yet_decoded
models/props_c17/furnituredrawer001a_chunk02.mdl,props_c17,true,true,true,true,not_yet_decoded
models/props_c17/furnituredrawer001a_chunk03.mdl,props_c17,true,true,true,true,not_yet_decoded
models/props_c17/furnituredrawer001a_chunk04.mdl,props_c17,true,true,true,true,not_yet_decoded
models/props_c17/furnituredrawer001a_chunk05.mdl,props_c17,true,true,true,true,not_yet_decoded
models/props_c17/furnituredrawer001a_chunk06.mdl,props_c17,true,true,true,true,not_yet_decoded
models/props_c17/furnituredrawer001a_shard01.mdl,props_c17,true,true,true,true,not_yet_decoded
models/props_c17/furnituredrawer002a.mdl,props_c17,true,true,true,true,not_yet_decoded
models/props_c17/furnituredrawer003a.mdl,props_c17,true,true,true,true,not_yet_decoded
models/props_c17/furnituredresser001a.mdl,props_c17,true,true,true,true,not_yet_decoded
models/props_c17/furniturefireplace001a.mdl,props_c17,true,true,true,true,not_yet_decoded
models/props_c17/furniturefridge001a.mdl,props_c17,true,true,true,true,not_yet_decoded
models/props_c17/furnituremattress001a.mdl,props_c17,true,true,true,true,not_yet_decoded
models/props_c17/furniturepipecluster001a.mdl,props_c17,true,true,true,true,not_yet_decoded
models/props_c17/furnitureradiator001a.mdl,props_c17,true,true,true,true,not_yet_decoded
models/props_c17/furnitureshelf001a.mdl,props_c17,true,true,true,true,not_yet_decoded
models/props_c17/furnitureshelf001b.mdl,props_c17,true,true,true,true,not_yet_decoded
models/props_c17/furnitureshelf002a.mdl,props_c17,true,true,true,true,not_yet_decoded
models/props_c17/furnituresink001a.mdl,props_c17,true,true,true,true,not_yet_decoded
models/props_c17/furniturestove001a.mdl,props_c17,true,true,true,true,not_yet_decoded
models/props_c17/furnituretable001a.mdl,props_c17,true,true,true,true,not_yet_decoded
models/props_c17/furnituretable002a.mdl,props_c17,true,true,true,true,not_yet_decoded
models/props_c17/furnituretable003a.mdl,props_c17,true,true,true,true,not_yet_decoded
models/props_c17/furnituretoilet001a.mdl,props_c17,true,true,true,true,not_yet_decoded
models/props_c17/furniturewashingmachine001a.mdl,props_c17,true,true,true,true,not_yet_decoded
models/props_c17/gasmeter001a.mdl,props_c17,true,true,true,true,not_yet_decoded
models/props_c17/gasmeter002a.mdl,props_c17,true,true,true,true,not_yet_decoded
models/props_c17/gasmeter003a.mdl,props_c17,true,true,true,true,not_yet_decoded
models/props_c17/gasmeterpipes001a.mdl,props_c17,true,true,true,true,not_yet_decoded
models/props_c17/gasmeterpipes002a.mdl,props_c17,true,true,true,true,not_yet_decoded
models/props_c17/gaspipes001a.mdl,props_c17,true,true,true,true,not_yet_decoded
models/props_c17/gaspipes002a.mdl,props_c17,true,true,true,true,not_yet_decoded
models/props_c17/gaspipes003a.mdl,props_c17,true,true,true,true,not_yet_decoded
models/props_c17/gaspipes004a.mdl,props_c17,true,true,true,true,not_yet_decoded
models/props_c17/gaspipes005a.mdl,props_c17,true,true,true,true,not_yet_decoded
models/props_c17/gaspipes006a.mdl,props_c17,true,true,true,true,not_yet_decoded
models/props_c17/gate_door01a.mdl,props_c17,true,true,true,true,not_yet_decoded
models/props_c17/gate_door02a.mdl,props_c17,true,true,true,true,not_yet_decoded
models/props_c17/gate_door03.mdl,props_c17,true,true,true,true,not_yet_decoded
models/props_c17/gravestone001a.mdl,props_c17,true,true,true,true,not_yet_decoded
models/props_c17/gravestone002a.mdl,props_c17,true,true,true,true,not_yet_decoded
models/props_c17/gravestone003a.mdl,props_c17,true,true,true,true,not_yet_decoded
models/props_c17/gravestone004a.mdl,props_c17,true,true,true,true,not_yet_decoded
models/props_c17/gravestone_coffinpiece001a.mdl,props_c17,true,true,true,true,not_yet_decoded
models/props_c17/gravestone_coffinpiece002a.mdl,props_c17,true,true,true,true,not_yet_decoded
models/props_c17/gravestone_cross001a.mdl,props_c17,true,true,true,true,not_yet_decoded
models/props_c17/gravestone_cross001b.mdl,props_c17,true,true,true,true,not_yet_decoded
models/props_c17/gravestone_statue001a.mdl,props_c17,true,true,true,true,not_yet_decoded
models/props_c17/grinderclamp01a.mdl,props_c17,true,true,true,true,not_yet_decoded
models/props_c17/handrail04_brokencorner.mdl,props_c17,true,true,true,true,not_yet_decoded
models/props_c17/handrail04_brokenlong.mdl,props_c17,true,true,true,true,not_yet_decoded
models/props_c17/handrail04_brokensinglerise.mdl,props_c17,true,true,true,true,not_yet_decoded
models/props_c17/handrail04_cap.mdl,props_c17,true,true,true,true,not_yet_decoded
models/props_c17/handrail04_corner.mdl,props_c17,true,true,true,true,not_yet_decoded
models/props_c17/handrail04_doublerise.mdl,props_c17,true,true,true,true,not_yet_decoded
models/props_c17/handrail04_end.mdl,props_c17,true,true,true,true,not_yet_decoded
models/props_c17/handrail04_long.mdl,props_c17,true,true,true,true,not_yet_decoded
models/props_c17/handrail04_medium.mdl,props_c17,true,true,true,true,not_yet_decoded
models/props_c17/handrail04_short.mdl,props_c17,true,true,true,true,not_yet_decoded
models/props_c17/handrail04_singlerise.mdl,props_c17,true,true,true,true,not_yet_decoded
models/props_c17/hospital_bed01.mdl,props_c17,true,true,true,true,not_yet_decoded
models/props_c17/hospital_cart01.mdl,props_c17,true,true,true,true,not_yet_decoded
models/props_c17/hospital_ivstand01.mdl,props_c17,true,true,true,true,not_yet_decoded
models/props_c17/hospital_railing_160_01.mdl,props_c17,true,true,true,true,not_yet_decoded
models/props_c17/hospital_railing_256_01.mdl,props_c17,true,true,true,true,not_yet_decoded
models/props_c17/hospital_railing_32_01.mdl,props_c17,true,true,true,true,not_yet_decoded
models/props_c17/hospital_railing_64_01.mdl,props_c17,true,true,true,true,not_yet_decoded
models/props_c17/hospital_shelf01.mdl,props_c17,true,true,true,true,not_yet_decoded
models/props_c17/hospital_surgerylight01.mdl,props_c17,true,true,true,true,not_yet_decoded
models/props_c17/hospital_surgerytable01.mdl,props_c17,true,true,true,true,not_yet_decoded
models/props_c17/lamp001a.mdl,props_c17,true,true,true,true,not_yet_decoded
models/props_c17/lamp_bell_on.mdl,props_c17,true,true,true,true,not_yet_decoded
models/props_c17/lamp_standard_off01.mdl,props_c17,true,true,true,true,not_yet_decoded
models/props_c17/lampfixture01a.mdl,props_c17,true,true,true,true,not_yet_decoded
models/props_c17/lamppost03a_off.mdl,props_c17,true,true,true,true,not_yet_decoded
models/props_c17/lamppost03a_off_dynamic.mdl,props_c17,true,true,true,true,not_yet_decoded
models/props_c17/lamppost03a_on.mdl,props_c17,true,true,true,true,not_yet_decoded
models/props_c17/lampshade001a.mdl,props_c17,true,true,true,true,not_yet_decoded
models/props_c17/light_cagelight01_off.mdl,props_c17,true,true,true,true,not_yet_decoded
models/props_c17/light_cagelight01_on.mdl,props_c17,true,true,true,true,not_yet_decoded
models/props_c17/light_cagelight02_off.mdl,props_c17,true,true,true,true,not_yet_decoded
models/props_c17/light_cagelight02_on.mdl,props_c17,true,true,true,true,not_yet_decoded
models/props_c17/light_decklight01_off.mdl,props_c17,true,true,true,true,not_yet_decoded
models/props_c17/light_decklight01_on.mdl,props_c17,true,true,true,true,not_yet_decoded
models/props_c17/light_domelight01_off.mdl,props_c17,true,true,true,true,not_yet_decoded
models/props_c17/light_domelight02_off.mdl,props_c17,true,true,true,true,not_yet_decoded
models/props_c17/light_domelight02_on.mdl,props_c17,true,true,true,true,not_yet_decoded
models/props_c17/light_floodlight02_off.mdl,props_c17,true,true,true,true,not_yet_decoded
models/props_c17/light_industrialbell01_on.mdl,props_c17,true,true,true,true,not_yet_decoded
models/props_c17/light_industrialbell02_on.mdl,props_c17,true,true,true,true,not_yet_decoded
models/props_c17/light_lightbare01_on.mdl,props_c17,true,true,true,true,not_yet_decoded
models/props_c17/light_magnifyinglamp02.mdl,props_c17,true,true,true,true,not_yet_decoded
models/props_c17/lockers001a.mdl,props_c17,true,true,true,true,not_yet_decoded
models/props_c17/metalladder001.mdl,props_c17,true,true,true,true,not_yet_decoded
models/props_c17/metalladder002.mdl,props_c17,true,true,true,true,not_yet_decoded
models/props_c17/metalladder002b.mdl,props_c17,true,true,true,true,not_yet_decoded
models/props_c17/metalladder002c_damaged.mdl,props_c17,true,true,true,true,not_yet_decoded
models/props_c17/metalladder002d.mdl,props_c17,true,true,true,true,not_yet_decoded
models/props_c17/metalladder003.mdl,props_c17,true,true,true,true,not_yet_decoded
models/props_c17/metalladder004.mdl,props_c17,true,true,true,true,not_yet_decoded
models/props_c17/metalladder005.mdl,props_c17,true,true,true,true,not_yet_decoded
models/props_c17/metalpot001a.mdl,props_c17,true,true,true,true,not_yet_decoded
models/props_c17/metalpot002a.mdl,props_c17,true,true,true,true,not_yet_decoded
models/props_c17/oildrum001.mdl,props_c17,true,true,true,true,not_yet_decoded
models/props_c17/oildrum001_explosive.mdl,props_c17,true,true,true,true,not_yet_decoded
models/props_c17/oildrum_crush.mdl,props_c17,true,true,true,true,not_yet_decoded
models/props_c17/oildrumchunk01a.mdl,props_c17,true,true,true,true,not_yet_decoded
models/props_c17/oildrumchunk01b.mdl,props_c17,true,true,true,true,not_yet_decoded
models/props_c17/oildrumchunk01c.mdl,props_c17,true,true,true,true,not_yet_decoded
models/props_c17/oildrumchunk01d.mdl,props_c17,true,true,true,true,not_yet_decoded
models/props_c17/oildrumchunk01e.mdl,props_c17,true,true,true,true,not_yet_decoded
models/props_c17/overhaingcluster_001a.mdl,props_c17,true,true,true,true,not_yet_decoded
models/props_c17/overpass_001a.mdl,props_c17,true,true,true,true,not_yet_decoded
models/props_c17/overpass_001b.mdl,props_c17,true,true,true,true,not_yet_decoded
models/props_c17/paper01.mdl,props_c17,true,true,true,true,not_yet_decoded
models/props_c17/pillarcluster_001a.mdl,props_c17,true,true,true,true,not_yet_decoded
models/props_c17/pillarcluster_001b.mdl,props_c17,true,true,true,true,not_yet_decoded
models/props_c17/pillarcluster_001c.mdl,props_c17,true,true,true,true,not_yet_decoded
models/props_c17/pillarcluster_001d.mdl,props_c17,true,true,true,true,not_yet_decoded
models/props_c17/pillarcluster_001f.mdl,props_c17,true,true,true,true,not_yet_decoded
models/props_c17/pipe_cap003.mdl,props_c17,true,true,true,true,not_yet_decoded
models/props_c17/pipe_cap005.mdl,props_c17,true,true,true,true,not_yet_decoded
models/props_c17/pipe_cap005c.mdl,props_c17,true,true,true,true,not_yet_decoded
models/props_c17/playground_carousel01.mdl,props_c17,true,true,true,true,not_yet_decoded
models/props_c17/playground_jungle_gym01a.mdl,props_c17,true,true,true,true,not_yet_decoded
models/props_c17/playground_jungle_gym01b.mdl,props_c17,true,true,true,true,not_yet_decoded
models/props_c17/playground_swingset01.mdl,props_c17,true,true,true,true,not_yet_decoded
models/props_c17/playground_swingset_seat01a.mdl,props_c17,true,true,true,true,not_yet_decoded
models/props_c17/playground_teetertoter_seat.mdl,props_c17,true,true,true,true,not_yet_decoded
models/props_c17/playground_teetertoter_stan.mdl,props_c17,true,true,true,true,not_yet_decoded
models/props_c17/playgroundslide01.mdl,props_c17,true,true,true,true,not_yet_decoded
models/props_c17/playgroundtick-tack-toe_block01a.mdl,props_c17,true,true,true,true,not_yet_decoded
models/props_c17/playgroundtick-tack-toe_post01.mdl,props_c17,true,true,true,true,not_yet_decoded
models/props_c17/pottery01a.mdl,props_c17,true,true,true,true,not_yet_decoded
models/props_c17/pottery02a.mdl,props_c17,true,true,true,true,not_yet_decoded
models/props_c17/pottery03a.mdl,props_c17,true,true,true,true,not_yet_decoded
models/props_c17/pottery04a.mdl,props_c17,true,true,true,true,not_yet_decoded
models/props_c17/pottery05a.mdl,props_c17,true,true,true,true,not_yet_decoded
models/props_c17/pottery06a.mdl,props_c17,true,true,true,true,not_yet_decoded
models/props_c17/pottery07a.mdl,props_c17,true,true,true,true,not_yet_decoded
models/props_c17/pottery08a.mdl,props_c17,true,true,true,true,not_yet_decoded
models/props_c17/pottery09a.mdl,props_c17,true,true,true,true,not_yet_decoded
models/props_c17/pottery_large01a.mdl,props_c17,true,true,true,true,not_yet_decoded
models/props_c17/powerbox.mdl,props_c17,true,true,true,true,not_yet_decoded
models/props_c17/powerbox_damaged.mdl,props_c17,true,true,true,true,not_yet_decoded
models/props_c17/powerboxcover_damaged.mdl,props_c17,true,true,true,true,not_yet_decoded
models/props_c17/pulleyhook01.mdl,props_c17,true,true,true,true,not_yet_decoded
models/props_c17/pulleywheels_large01.mdl,props_c17,true,true,true,true,not_yet_decoded
models/props_c17/pulleywheels_small01.mdl,props_c17,true,true,true,true,not_yet_decoded
models/props_c17/pushbroom.mdl,props_c17,true,true,false,true,not_yet_decoded
models/props_c17/shelfunit01a.mdl,props_c17,true,true,true,true,not_yet_decoded
models/props_c17/signpole001.mdl,props_c17,true,true,true,true,not_yet_decoded
models/props_c17/slidinggate001.mdl,props_c17,true,true,true,true,not_yet_decoded
models/props_c17/statue_horse.mdl,props_c17,true,true,true,true,not_yet_decoded
models/props_c17/streetsign001c.mdl,props_c17,true,true,true,true,not_yet_decoded
models/props_c17/streetsign002b.mdl,props_c17,true,true,true,true,not_yet_decoded
models/props_c17/streetsign003b.mdl,props_c17,true,true,true,true,not_yet_decoded
models/props_c17/streetsign004e.mdl,props_c17,true,true,true,true,not_yet_decoded
models/props_c17/streetsign004f.mdl,props_c17,true,true,true,true,not_yet_decoded
models/props_c17/streetsign005b.mdl,props_c17,true,true,true,true,not_yet_decoded
models/props_c17/streetsign005c.mdl,props_c17,true,true,true,true,not_yet_decoded
models/props_c17/streetsign005d.mdl,props_c17,true,true,true,true,not_yet_decoded
models/props_c17/substation_circuitbreaker01a.mdl,props_c17,true,true,true,true,not_yet_decoded
models/props_c17/substation_stripebox01a.mdl,props_c17,true,true,true,true,not_yet_decoded
models/props_c17/substation_stripebox01b.mdl,props_c17,true,true,true,true,not_yet_decoded
models/props_c17/substation_transformer01a.mdl,props_c17,true,true,true,true,not_yet_decoded
models/props_c17/substation_transformer01b.mdl,props_c17,true,true,true,true,not_yet_decoded
models/props_c17/substation_transformer01c.mdl,props_c17,true,true,true,true,not_yet_decoded
models/props_c17/substation_transformer01d.mdl,props_c17,true,true,true,true,not_yet_decoded
models/props_c17/substation_transformer01e.mdl,props_c17,true,true,true,true,not_yet_decoded
models/props_c17/suitcase001a.mdl,props_c17,true,true,true,true,not_yet_decoded
models/props_c17/suitcase_passenger_physics.mdl,props_c17,true,true,true,true,not_yet_decoded
models/props_c17/support01.mdl,props_c17,true,true,true,true,not_yet_decoded
models/props_c17/tools_pliers01a.mdl,props_c17,true,true,true,true,not_yet_decoded
models/props_c17/tools_wrench01a.mdl,props_c17,true,true,true,true,not_yet_decoded
models/props_c17/traffic_light001a.mdl,props_c17,true,true,true,true,not_yet_decoded
models/props_c17/trap_crush01a.mdl,props_c17,true,true,true,true,not_yet_decoded
models/props_c17/trappropeller_blade.mdl,props_c17,true,true,true,true,not_yet_decoded
models/props_c17/trappropeller_engine.mdl,props_c17,true,true,true,true,not_yet_decoded
models/props_c17/trappropeller_lever.mdl,props_c17,true,true,true,true,not_yet_decoded
models/props_c17/truss02a.mdl,props_c17,true,true,true,true,not_yet_decoded
models/props_c17/truss02c.mdl,props_c17,true,true,true,true,not_yet_decoded
models/props_c17/truss02d.mdl,props_c17,true,true,true,true,not_yet_decoded
models/props_c17/truss02e.mdl,props_c17,true,true,true,true,not_yet_decoded
models/props_c17/truss02f.mdl,props_c17,true,true,true,true,not_yet_decoded
models/props_c17/truss02g.mdl,props_c17,true,true,true,true,not_yet_decoded
models/props_c17/truss02h.mdl,props_c17,true,true,true,true,not_yet_decoded
models/props_c17/truss03a.mdl,props_c17,true,true,true,true,not_yet_decoded
models/props_c17/truss03b.mdl,props_c17,true,true,true,true,not_yet_decoded
models/props_c17/tv_monitor01.mdl,props_c17,true,true,true,true,not_yet_decoded
models/props_c17/tv_monitor01_screen.mdl,props_c17,true,true,true,true,not_yet_decoded
models/props_c17/undergroundelevator.mdl,props_c17,true,true,false,true,not_yet_decoded
models/props_c17/utilityconducter001.mdl,props_c17,true,true,true,true,not_yet_decoded
models/props_c17/utilityconnecter002.mdl,props_c17,true,true,true,true,not_yet_decoded
models/props_c17/utilityconnecter003.mdl,props_c17,true,true,true,true,not_yet_decoded
models/props_c17/utilityconnecter005.mdl,props_c17,true,true,true,true,not_yet_decoded
models/props_c17/utilityconnecter006.mdl,props_c17,true,true,true,true,not_yet_decoded
models/props_c17/utilityconnecter006b.mdl,props_c17,true,true,true,true,not_yet_decoded
models/props_c17/utilityconnecter006c.mdl,props_c17,true,true,true,true,not_yet_decoded
models/props_c17/utilityconnecter006d.mdl,props_c17,true,true,true,true,not_yet_decoded
models/props_c17/utilitypole01a.mdl,props_c17,true,true,true,true,not_yet_decoded
models/props_c17/utilitypole01b.mdl,props_c17,true,true,true,true,not_yet_decoded
models/props_c17/utilitypole01d.mdl,props_c17,true,true,true,true,not_yet_decoded
models/props_c17/utilitypole02b.mdl,props_c17,true,true,true,true,not_yet_decoded
models/props_c17/utilitypole03a.mdl,props_c17,true,true,true,true,not_yet_decoded
models/props_c17/utilitypolemount01a.mdl,props_c17,true,true,true,true,not_yet_decoded
models/props_c17/woodbarrel001.mdl,props_c17,true,true,true,true,not_yet_decoded
models/props_canal/boat001a.mdl,props_canal,true,true,true,true,not_yet_decoded
models/props_canal/boat001a_chunk01.mdl,props_canal,true,true,true,true,not_yet_decoded
models/props_canal/boat001a_chunk010.mdl,props_canal,true,true,true,true,not_yet_decoded
models/props_canal/boat001a_chunk02.mdl,props_canal,true,true,true,true,not_yet_decoded
models/props_canal/boat001a_chunk03.mdl,props_canal,true,true,true,true,not_yet_decoded
models/props_canal/boat001a_chunk04.mdl,props_canal,true,true,true,true,not_yet_decoded
models/props_canal/boat001a_chunk05.mdl,props_canal,true,true,true,true,not_yet_decoded
models/props_canal/boat001a_chunk06.mdl,props_canal,true,true,true,true,not_yet_decoded
models/props_canal/boat001a_chunk07.mdl,props_canal,true,true,true,true,not_yet_decoded
models/props_canal/boat001a_chunk08.mdl,props_canal,true,true,true,true,not_yet_decoded
models/props_canal/boat001a_chunk09.mdl,props_canal,true,true,true,true,not_yet_decoded
models/props_canal/boat001b.mdl,props_canal,true,true,true,true,not_yet_decoded
models/props_canal/boat001b_chunk01.mdl,props_canal,true,true,true,true,not_yet_decoded
models/props_canal/boat001b_chunk02.mdl,props_canal,true,true,true,true,not_yet_decoded
models/props_canal/boat001b_chunk03.mdl,props_canal,true,true,true,true,not_yet_decoded
models/props_canal/boat001b_chunk04.mdl,props_canal,true,true,true,true,not_yet_decoded
models/props_canal/boat001b_chunk05.mdl,props_canal,true,true,true,true,not_yet_decoded
models/props_canal/boat001b_chunk06.mdl,props_canal,true,true,true,true,not_yet_decoded
models/props_canal/boat001b_chunk07.mdl,props_canal,true,true,true,true,not_yet_decoded
models/props_canal/boat001b_chunk08.mdl,props_canal,true,true,true,true,not_yet_decoded
models/props_canal/boat002b.mdl,props_canal,true,true,true,true,not_yet_decoded
models/props_canal/boxcar_door.mdl,props_canal,true,true,false,true,not_yet_decoded
models/props_canal/bridge_pillar02.mdl,props_canal,true,true,true,true,not_yet_decoded
models/props_canal/canal_bars001.mdl,props_canal,true,true,true,true,not_yet_decoded
models/props_canal/canal_bars001b.mdl,props_canal,true,true,true,true,not_yet_decoded
models/props_canal/canal_bars001c.mdl,props_canal,true,true,true,true,not_yet_decoded
models/props_canal/canal_bars002.mdl,props_canal,true,true,true,true,not_yet_decoded
models/props_canal/canal_bars002b.mdl,props_canal,true,true,true,true,not_yet_decoded
models/props_canal/canal_bars003.mdl,props_canal,true,true,true,true,not_yet_decoded
models/props_canal/canal_bars004.mdl,props_canal,true,true,true,true,not_yet_decoded
models/props_canal/canal_bridge01.mdl,props_canal,true,true,true,true,not_yet_decoded
models/props_canal/canal_bridge01b.mdl,props_canal,true,true,true,true,not_yet_decoded
models/props_canal/canal_bridge02.mdl,props_canal,true,true,true,true,not_yet_decoded
models/props_canal/canal_bridge03a.mdl,props_canal,true,true,true,true,not_yet_decoded
models/props_canal/canal_bridge03b.mdl,props_canal,true,true,true,true,not_yet_decoded
models/props_canal/canal_bridge03c.mdl,props_canal,true,true,true,true,not_yet_decoded
models/props_canal/canal_bridge04.mdl,props_canal,true,true,true,true,not_yet_decoded
models/props_canal/canal_bridge_railing01.mdl,props_canal,true,true,true,true,not_yet_decoded
models/props_canal/canal_bridge_railing02.mdl,props_canal,true,true,true,true,not_yet_decoded
models/props_canal/canal_bridge_railing_lamps.mdl,props_canal,true,true,true,true,not_yet_decoded
models/props_canal/canal_cap001.mdl,props_canal,true,true,true,true,not_yet_decoded
models/props_canal/canalmap001.mdl,props_canal,true,true,false,true,not_yet_decoded
models/props_canal/generator01.mdl,props_canal,true,true,true,true,not_yet_decoded
models/props_canal/generator02.mdl,props_canal,true,true,true,true,not_yet_decoded
models/props_canal/locks_large.mdl,props_canal,true,true,true,true,not_yet_decoded
models/props_canal/locks_large_b.mdl,props_canal,true,true,true,true,not_yet_decoded
models/props_canal/locks_small.mdl,props_canal,true,true,true,true,not_yet_decoded
models/props_canal/locks_small_b.mdl,props_canal,true,true,true,true,not_yet_decoded
models/props_canal/manhackmatt_doorslider.mdl,props_canal,true,true,true,true,not_yet_decoded
models/props_canal/mattpipe.mdl,props_canal,true,true,true,true,not_yet_decoded
models/props_canal/pipe_bracket001.mdl,props_canal,true,true,true,true,not_yet_decoded
models/props_canal/refinery_01_skybox.mdl,props_canal,true,true,false,true,not_yet_decoded
models/props_canal/refinery_02_skybox.mdl,props_canal,true,true,false,true,not_yet_decoded
models/props_canal/refinery_03.mdl,props_canal,true,true,true,true,not_yet_decoded
models/props_canal/refinery_03_skybox.mdl,props_canal,true,true,false,true,not_yet_decoded
models/props_canal/refinery_04.mdl,props_canal,true,true,true,true,not_yet_decoded
models/props_canal/refinery_05.mdl,props_canal,true,true,true,true,not_yet_decoded
models/props_canal/refinery_05_skybox.mdl,props_canal,true,true,false,true,not_yet_decoded
models/props_canal/rock_riverbed01a.mdl,props_canal,true,true,true,true,not_yet_decoded
models/props_canal/rock_riverbed01b.mdl,props_canal,true,true,true,true,not_yet_decoded
models/props_canal/rock_riverbed01c.mdl,props_canal,true,true,true,true,not_yet_decoded
models/props_canal/rock_riverbed01d.mdl,props_canal,true,true,true,true,not_yet_decoded
models/props_canal/rock_riverbed02a.mdl,props_canal,true,true,true,true,not_yet_decoded
models/props_canal/rock_riverbed02b.mdl,props_canal,true,true,true,true,not_yet_decoded
models/props_canal/rock_riverbed02c.mdl,props_canal,true,true,true,true,not_yet_decoded
models/props_canal/winch01.mdl,props_canal,true,true,true,true,not_yet_decoded
models/props_canal/winch01b.mdl,props_canal,true,true,true,true,not_yet_decoded
models/props_canal/winch02.mdl,props_canal,true,true,true,true,not_yet_decoded
models/props_canal/winch02b.mdl,props_canal,true,true,true,true,not_yet_decoded
models/props_canal/winch02c.mdl,props_canal,true,true,true,true,not_yet_decoded
models/props_canal/winch02d.mdl,props_canal,true,true,true,true,not_yet_decoded
models/props_citizen_tech/firetrap_button01a.mdl,props_citizen_tech,true,true,true,true,not_yet_decoded
models/props_citizen_tech/firetrap_buttonpad.mdl,props_citizen_tech,true,true,true,true,not_yet_decoded
models/props_citizen_tech/firetrap_gashose01a.mdl,props_citizen_tech,true,true,true,true,not_yet_decoded
models/props_citizen_tech/firetrap_gashose01b.mdl,props_citizen_tech,true,true,true,true,not_yet_decoded
models/props_citizen_tech/firetrap_gashose01c.mdl,props_citizen_tech,true,true,true,true,not_yet_decoded
models/props_citizen_tech/firetrap_gashose01d.mdl,props_citizen_tech,true,true,true,true,not_yet_decoded
models/props_citizen_tech/firetrap_propanecanister01a.mdl,props_citizen_tech,true,true,true,true,not_yet_decoded
models/props_citizen_tech/firetrap_propanecanister01b.mdl,props_citizen_tech,true,true,true,true,not_yet_decoded
models/props_citizen_tech/guillotine001a_base01.mdl,props_citizen_tech,true,true,true,true,not_yet_decoded
models/props_citizen_tech/guillotine001a_wheel01.mdl,props_citizen_tech,true,true,true,true,not_yet_decoded
models/props_citizen_tech/missile_defense.mdl,props_citizen_tech,true,true,false,false,not_yet_decoded
models/props_citizen_tech/missile_defense_gibs.mdl,props_citizen_tech,true,true,true,false,not_yet_decoded
models/props_citizen_tech/steamengine001a.mdl,props_citizen_tech,true,true,true,true,not_yet_decoded
models/props_citizen_tech/till001a_base01.mdl,props_citizen_tech,true,true,true,true,not_yet_decoded
models/props_citizen_tech/till001a_safetyarm01.mdl,props_citizen_tech,true,true,true,true,not_yet_decoded
models/props_citizen_tech/transponder.mdl,props_citizen_tech,true,true,true,true,not_yet_decoded
models/props_citizen_tech/windmill_blade002a.mdl,props_citizen_tech,true,true,true,true,not_yet_decoded
models/props_citizen_tech/windmill_blade004a.mdl,props_citizen_tech,true,true,true,true,not_yet_decoded
models/props_citizen_tech/windmill_blade004b.mdl,props_citizen_tech,true,true,true,true,not_yet_decoded
models/props_combine/advisorpod_docked.mdl,props_combine,true,true,false,true,not_yet_decoded
models/props_combine/breen_arm.mdl,props_combine,true,true,false,true,not_yet_decoded
models/props_combine/breen_tube.mdl,props_combine,true,true,true,true,not_yet_decoded
models/props_combine/breenbust.mdl,props_combine,true,true,true,true,not_yet_decoded
models/props_combine/breenbust_chunk01.mdl,props_combine,true,true,true,true,not_yet_decoded
models/props_combine/breenbust_chunk02.mdl,props_combine,true,true,true,true,not_yet_decoded
models/props_combine/breenbust_chunk03.mdl,props_combine,true,true,true,true,not_yet_decoded
models/props_combine/breenbust_chunk04.mdl,props_combine,true,true,true,true,not_yet_decoded
models/props_combine/breenbust_chunk05.mdl,props_combine,true,true,true,true,not_yet_decoded
models/props_combine/breenbust_chunk06.mdl,props_combine,true,true,true,true,not_yet_decoded
models/props_combine/breenbust_chunk07.mdl,props_combine,true,true,true,true,not_yet_decoded
models/props_combine/breenchair.mdl,props_combine,true,true,true,true,not_yet_decoded
models/props_combine/breenclock.mdl,props_combine,true,true,true,true,not_yet_decoded
models/props_combine/breenconsole.mdl,props_combine,true,true,true,true,not_yet_decoded
models/props_combine/breendesk.mdl,props_combine,true,true,true,true,not_yet_decoded
models/props_combine/breenglobe.mdl,props_combine,true,true,true,true,not_yet_decoded
models/props_combine/breenlight.mdl,props_combine,true,true,true,true,not_yet_decoded
models/props_combine/breenpod.mdl,props_combine,true,true,true,true,not_yet_decoded
models/props_combine/breenpod_inner.mdl,props_combine,true,true,true,true,not_yet_decoded
models/props_combine/breentp_rings.mdl,props_combine,true,true,false,true,not_yet_decoded
models/props_combine/breenwindow.mdl,props_combine,true,true,true,true,not_yet_decoded
models/props_combine/bunker_gun01.mdl,props_combine,true,true,true,true,not_yet_decoded
models/props_combine/bustedarm.mdl,props_combine,true,true,true,true,not_yet_decoded
models/props_combine/cell_01_pod.mdl,props_combine,true,true,true,true,not_yet_decoded
models/props_combine/cell_01_pod_cheap.mdl,props_combine,true,true,true,true,not_yet_decoded
models/props_combine/cell_01_rigging.mdl,props_combine,true,true,true,true,not_yet_decoded
models/props_combine/cell_01_supports.mdl,props_combine,true,true,true,true,not_yet_decoded
models/props_combine/cell_01_supportsb.mdl,props_combine,true,true,true,true,not_yet_decoded
models/props_combine/cell_array_01.mdl,props_combine,true,true,true,true,not_yet_decoded
models/props_combine/cell_array_01_extended.mdl,props_combine,true,true,true,true,not_yet_decoded
models/props_combine/cell_array_02.mdl,props_combine,true,true,true,true,not_yet_decoded
models/props_combine/cell_array_03.mdl,props_combine,true,true,true,true,not_yet_decoded
models/props_combine/citadel_pods.mdl,props_combine,true,true,false,true,not_yet_decoded
models/props_combine/combine_ballsocket.mdl,props_combine,true,true,true,true,not_yet_decoded
models/props_combine/combine_barricade_bracket01a.mdl,props_combine,true,true,true,true,not_yet_decoded
models/props_combine/combine_barricade_bracket01b.mdl,props_combine,true,true,true,true,not_yet_decoded
models/props_combine/combine_barricade_bracket02a.mdl,props_combine,true,true,true,true,not_yet_decoded
models/props_combine/combine_barricade_bracket02b.mdl,props_combine,true,true,true,true,not_yet_decoded
models/props_combine/combine_barricade_med01a.mdl,props_combine,true,true,true,true,not_yet_decoded
models/props_combine/combine_barricade_med01b.mdl,props_combine,true,true,true,true,not_yet_decoded
models/props_combine/combine_barricade_med02a.mdl,props_combine,true,true,true,true,not_yet_decoded
models/props_combine/combine_barricade_med02b.mdl,props_combine,true,true,true,true,not_yet_decoded
models/props_combine/combine_barricade_med02c.mdl,props_combine,true,true,true,true,not_yet_decoded
models/props_combine/combine_barricade_med03b.mdl,props_combine,true,true,true,true,not_yet_decoded
models/props_combine/combine_barricade_med04b.mdl,props_combine,true,true,true,true,not_yet_decoded
models/props_combine/combine_barricade_short01a.mdl,props_combine,true,true,true,true,not_yet_decoded
models/props_combine/combine_barricade_short02a.mdl,props_combine,true,true,true,true,not_yet_decoded
models/props_combine/combine_barricade_short03a.mdl,props_combine,true,true,true,true,not_yet_decoded
models/props_combine/combine_barricade_tall01a.mdl,props_combine,true,true,true,true,not_yet_decoded
models/props_combine/combine_barricade_tall01b.mdl,props_combine,true,true,true,true,not_yet_decoded
models/props_combine/combine_barricade_tall02b.mdl,props_combine,true,true,true,true,not_yet_decoded
models/props_combine/combine_barricade_tall03a.mdl,props_combine,true,true,true,true,not_yet_decoded
models/props_combine/combine_barricade_tall03b.mdl,props_combine,true,true,true,true,not_yet_decoded
models/props_combine/combine_barricade_tall04a.mdl,props_combine,true,true,true,true,not_yet_decoded
models/props_combine/combine_barricade_tall04b.mdl,props_combine,true,true,true,true,not_yet_decoded
models/props_combine/combine_binocular01.mdl,props_combine,true,true,true,true,not_yet_decoded
models/props_combine/combine_booth_med01a.mdl,props_combine,true,true,true,true,not_yet_decoded
models/props_combine/combine_booth_short01a.mdl,props_combine,true,true,true,true,not_yet_decoded
models/props_combine/combine_bridge.mdl,props_combine,true,true,true,true,not_yet_decoded
models/props_combine/combine_bridge_b.mdl,props_combine,true,true,true,true,not_yet_decoded
models/props_combine/combine_bridge_b01.mdl,props_combine,true,true,true,true,not_yet_decoded
models/props_combine/combine_bunker01.mdl,props_combine,true,true,true,true,not_yet_decoded
models/props_combine/combine_bunker_shield01a.mdl,props_combine,true,true,true,true,not_yet_decoded
models/props_combine/combine_bunker_shield01b.mdl,props_combine,true,true,true,true,not_yet_decoded
models/props_combine/combine_citadel001.mdl,props_combine,true,true,true,false,not_yet_decoded
models/props_combine/combine_citadel001_open.mdl,props_combine,true,true,false,false,not_yet_decoded
models/props_combine/combine_citadel001b.mdl,props_combine,true,true,false,false,not_yet_decoded
models/props_combine/combine_citadel001b_open.mdl,props_combine,true,true,false,false,not_yet_decoded
models/props_combine/combine_citadel_animated.mdl,props_combine,true,true,false,false,not_yet_decoded
models/props_combine/combine_citadelbeacon.mdl,props_combine,true,true,false,true,not_yet_decoded
models/props_combine/combine_citadelburst.mdl,props_combine,true,true,false,true,not_yet_decoded
models/props_combine/combine_citadelcard001b.mdl,props_combine,true,true,false,true,not_yet_decoded
models/props_combine/combine_citadelcloud001a.mdl,props_combine,true,true,false,true,not_yet_decoded
models/props_combine/combine_citadelcloud001b.mdl,props_combine,true,true,false,true,not_yet_decoded
models/props_combine/combine_citadelcloud001c.mdl,props_combine,true,true,false,true,not_yet_decoded
models/props_combine/combine_citadelcloud001d.mdl,props_combine,true,true,false,true,not_yet_decoded
models/props_combine/combine_citadelcloud002a.mdl,props_combine,true,true,false,true,not_yet_decoded
models/props_combine/combine_citadelcloud002b.mdl,props_combine,true,true,false,true,not_yet_decoded
models/props_combine/combine_citadelcloud003.mdl,props_combine,true,true,false,true,not_yet_decoded
models/props_combine/combine_citadelcloudcenter.mdl,props_combine,true,true,false,true,not_yet_decoded
models/props_combine/combine_citadelcloudlight001a.mdl,props_combine,true,true,false,true,not_yet_decoded
models/props_combine/combine_citadeldestroyed001.mdl,props_combine,true,true,false,true,not_yet_decoded
models/props_combine/combine_citadelsplode001a.mdl,props_combine,true,true,false,true,not_yet_decoded
models/props_combine/combine_citadeltwirl.mdl,props_combine,true,true,false,true,not_yet_decoded
models/props_combine/combine_citadelwall_destroyed01.mdl,props_combine,true,true,true,true,not_yet_decoded
models/props_combine/combine_citadelwall_destroyed02.mdl,props_combine,true,true,true,true,not_yet_decoded
models/props_combine/combine_citadelwall_destroyed03.mdl,props_combine,true,true,true,true,not_yet_decoded
models/props_combine/combine_core_arm01.mdl,props_combine,true,true,true,true,not_yet_decoded
models/props_combine/combine_core_platform01.mdl,props_combine,true,true,true,true,not_yet_decoded
models/props_combine/combine_core_ring01.mdl,props_combine,true,true,true,true,not_yet_decoded
models/props_combine/combine_core_tube01.mdl,props_combine,true,true,true,true,not_yet_decoded
models/props_combine/combine_debris128pile001a.mdl,props_combine,true,true,true,true,not_yet_decoded
models/props_combine/combine_debris256barricade001a.mdl,props_combine,true,true,true,true,not_yet_decoded
models/props_combine/combine_destroyedpipes01.mdl,props_combine,true,true,true,true,not_yet_decoded
models/props_combine/combine_dispenser.mdl,props_combine,true,true,false,true,not_yet_decoded
models/props_combine/combine_door01.mdl,props_combine,true,true,true,true,not_yet_decoded
models/props_combine/combine_emitter01.mdl,props_combine,true,true,true,true,not_yet_decoded
models/props_combine/combine_explosivepanel_ceiling01a.mdl,props_combine,true,true,true,true,not_yet_decoded
models/props_combine/combine_explosivepanel_ceiling01a_shard01.mdl,props_combine,true,true,true,true,not_yet_decoded
models/props_combine/combine_explosivepanel_ceiling01a_shard02.mdl,props_combine,true,true,true,true,not_yet_decoded
models/props_combine/combine_explosivepanel_ceiling01a_shard03.mdl,props_combine,true,true,true,true,not_yet_decoded
models/props_combine/combine_explosivepanel_ceiling02a.mdl,props_combine,true,true,true,true,not_yet_decoded
models/props_combine/combine_explosivepanel_ceiling02a_shard01.mdl,props_combine,true,true,true,true,not_yet_decoded
models/props_combine/combine_explosivepanel_cover01a.mdl,props_combine,true,true,true,true,not_yet_decoded
models/props_combine/combine_explosivepanel_cover02a.mdl,props_combine,true,true,true,true,not_yet_decoded
models/props_combine/combine_explosivepanel_cover03a.mdl,props_combine,true,true,true,true,not_yet_decoded
models/props_combine/combine_explosivepanel_floor01a.mdl,props_combine,true,true,true,true,not_yet_decoded
models/props_combine/combine_explosivepanel_floor02a.mdl,props_combine,true,true,true,true,not_yet_decoded
models/props_combine/combine_explosivepanel_shard01a.mdl,props_combine,true,true,true,true,not_yet_decoded
models/props_combine/combine_explosivepanel_shard01b.mdl,props_combine,true,true,true,true,not_yet_decoded
models/props_combine/combine_explosivepanel_shard02a.mdl,props_combine,true,true,true,true,not_yet_decoded
models/props_combine/combine_explosivepanel_shard02b.mdl,props_combine,true,true,true,true,not_yet_decoded
models/props_combine/combine_explosivepanel_shard03a.mdl,props_combine,true,true,true,true,not_yet_decoded
models/props_combine/combine_explosivepanel_wall01a.mdl,props_combine,true,true,true,true,not_yet_decoded
models/props_combine/combine_explosivepanel_wall01a_shard01.mdl,props_combine,true,true,true,true,not_yet_decoded
models/props_combine/combine_explosivepanel_wall01a_shard02.mdl,props_combine,true,true,true,true,not_yet_decoded
models/props_combine/combine_explosivepanel_wall02a.mdl,props_combine,true,true,true,true,not_yet_decoded
models/props_combine/combine_explosivepanel_wall02a_shard01.mdl,props_combine,true,true,true,true,not_yet_decoded
models/props_combine/combine_explosivepanel_wall02a_shard02.mdl,props_combine,true,true,true,true,not_yet_decoded
models/props_combine/combine_fence01a.mdl,props_combine,true,true,true,true,not_yet_decoded
models/props_combine/combine_fence01b.mdl,props_combine,true,true,true,true,not_yet_decoded
models/props_combine/combine_generator01.mdl,props_combine,true,true,true,true,not_yet_decoded
models/props_combine/combine_hatch01.mdl,props_combine,true,true,true,true,not_yet_decoded
models/props_combine/combine_interface001.mdl,props_combine,true,true,true,true,not_yet_decoded
models/props_combine/combine_interface001a.mdl,props_combine,true,true,true,true,not_yet_decoded
models/props_combine/combine_interface002.mdl,props_combine,true,true,true,true,not_yet_decoded
models/props_combine/combine_interface003.mdl,props_combine,true,true,true,true,not_yet_decoded
models/props_combine/combine_intmonitor001.mdl,props_combine,true,true,true,true,not_yet_decoded
models/props_combine/combine_intmonitor003.mdl,props_combine,true,true,true,true,not_yet_decoded
models/props_combine/combine_intwallunit.mdl,props_combine,true,true,true,true,not_yet_decoded
models/props_combine/combine_light001a.mdl,props_combine,true,true,true,true,not_yet_decoded
models/props_combine/combine_light001b.mdl,props_combine,true,true,true,true,not_yet_decoded
models/props_combine/combine_light002a.mdl,props_combine,true,true,true,true,not_yet_decoded
models/props_combine/combine_lightning001b.mdl,props_combine,true,true,false,true,not_yet_decoded
models/props_combine/combine_lock01.mdl,props_combine,true,true,true,true,not_yet_decoded
models/props_combine/combine_mine01.mdl,props_combine,true,true,true,true,not_yet_decoded
models/props_combine/combine_monitorbay.mdl,props_combine,true,true,true,true,not_yet_decoded
models/props_combine/combine_mortar01a.mdl,props_combine,true,true,true,true,not_yet_decoded
models/props_combine/combine_mortar01b.mdl,props_combine,true,true,true,true,not_yet_decoded
models/props_combine/combine_smallmonitor001.mdl,props_combine,true,true,true,true,not_yet_decoded
models/props_combine/combine_teleport_2.mdl,props_combine,true,true,true,true,not_yet_decoded
models/props_combine/combine_teleportplatform.mdl,props_combine,true,true,false,true,not_yet_decoded
models/props_combine/combine_tptimer.mdl,props_combine,true,true,true,true,not_yet_decoded
models/props_combine/combine_tptrack.mdl,props_combine,true,true,false,true,not_yet_decoded
models/props_combine/combine_train02a.mdl,props_combine,true,true,true,true,not_yet_decoded
models/props_combine/combine_train02b.mdl,props_combine,true,true,true,true,not_yet_decoded
models/props_combine/combine_window001.mdl,props_combine,true,true,true,true,not_yet_decoded
models/props_combine/combinebutton.mdl,props_combine,true,true,true,true,not_yet_decoded
models/props_combine/combinebuttress.mdl,props_combine,true,true,true,true,not_yet_decoded
models/props_combine/combinecamera001.mdl,props_combine,true,true,true,true,not_yet_decoded
models/props_combine/combinecrane002.mdl,props_combine,true,true,true,true,not_yet_decoded
models/props_combine/combineinnerwall001a.mdl,props_combine,true,true,true,true,not_yet_decoded
models/props_combine/combineinnerwall001c.mdl,props_combine,true,true,true,true,not_yet_decoded
models/props_combine/combineinnerwallcluster1024_001a.mdl,props_combine,true,true,true,true,not_yet_decoded
models/props_combine/combineinnerwallcluster1024_002a.mdl,props_combine,true,true,true,true,not_yet_decoded
models/props_combine/combineinnerwallcluster1024_003a.mdl,props_combine,true,true,true,true,not_yet_decoded
models/props_combine/combinethumper001a.mdl,props_combine,true,true,true,true,not_yet_decoded
models/props_combine/combinethumper002.mdl,props_combine,true,true,true,true,not_yet_decoded
models/props_combine/combinetower001.mdl,props_combine,true,true,true,true,not_yet_decoded
models/props_combine/combinetrain01a.mdl,props_combine,true,true,true,true,not_yet_decoded
models/props_combine/combinewallcrushed.mdl,props_combine,true,true,true,true,not_yet_decoded
models/props_combine/coreball.mdl,props_combine,true,true,true,true,not_yet_decoded
models/props_combine/corecontrol_set001.mdl,props_combine,true,true,true,true,not_yet_decoded
models/props_combine/corecontrolmonitor.mdl,props_combine,true,true,false,true,not_yet_decoded
models/props_combine/eli_pod.mdl,props_combine,true,true,true,true,not_yet_decoded
models/props_combine/eli_pod_inner.mdl,props_combine,true,true,true,true,not_yet_decoded
models/props_combine/headcrabcannister01a.mdl,props_combine,true,true,true,true,not_yet_decoded
models/props_combine/headcrabcannister01a_skybox.mdl,props_combine,true,true,true,true,not_yet_decoded
models/props_combine/headcrabcannister01b.mdl,props_combine,true,true,true,true,not_yet_decoded
models/props_combine/health_charger001.mdl,props_combine,true,true,true,true,not_yet_decoded
models/props_combine/introomarea.mdl,props_combine,true,true,true,true,not_yet_decoded
models/props_combine/masterinterface.mdl,props_combine,true,true,true,true,not_yet_decoded
models/props_combine/masterinterface_dyn.mdl,props_combine,true,true,false,true,not_yet_decoded
models/props_combine/pipes01_cluster02a.mdl,props_combine,true,true,true,true,not_yet_decoded
models/props_combine/pipes01_cluster02b.mdl,props_combine,true,true,true,true,not_yet_decoded
models/props_combine/pipes01_cluster02c.mdl,props_combine,true,true,true,true,not_yet_decoded
models/props_combine/pipes01_single01a.mdl,props_combine,true,true,true,true,not_yet_decoded
models/props_combine/pipes01_single01b.mdl,props_combine,true,true,true,true,not_yet_decoded
models/props_combine/pipes01_single01c.mdl,props_combine,true,true,true,true,not_yet_decoded
models/props_combine/pipes01_single02a.mdl,props_combine,true,true,true,true,not_yet_decoded
models/props_combine/pipes01_single02b.mdl,props_combine,true,true,true,true,not_yet_decoded
models/props_combine/pipes01_single02c.mdl,props_combine,true,true,true,true,not_yet_decoded
models/props_combine/pipes02_single01a.mdl,props_combine,true,true,true,true,not_yet_decoded
models/props_combine/pipes02_single01b.mdl,props_combine,true,true,true,true,not_yet_decoded
models/props_combine/pipes02_single01c.mdl,props_combine,true,true,true,true,not_yet_decoded
models/props_combine/pipes03_single01a.mdl,props_combine,true,true,true,true,not_yet_decoded
models/props_combine/pipes03_single01b.mdl,props_combine,true,true,true,true,not_yet_decoded
models/props_combine/pipes03_single01c.mdl,props_combine,true,true,true,true,not_yet_decoded
models/props_combine/pipes03_single02a.mdl,props_combine,true,true,true,true,not_yet_decoded
models/props_combine/pipes03_single02b.mdl,props_combine,true,true,true,true,not_yet_decoded
models/props_combine/pipes03_single02c.mdl,props_combine,true,true,true,true,not_yet_decoded
models/props_combine/pipes03_single03a.mdl,props_combine,true,true,true,true,not_yet_decoded
models/props_combine/pipes03_single03b.mdl,props_combine,true,true,true,true,not_yet_decoded
models/props_combine/pipes03_single03c.mdl,props_combine,true,true,true,true,not_yet_decoded
models/props_combine/plazafallingmonitor.mdl,props_combine,true,true,true,true,not_yet_decoded
models/props_combine/pod_extractor.mdl,props_combine,true,true,true,false,not_yet_decoded
models/props_combine/podframe.mdl,props_combine,true,true,true,true,not_yet_decoded
models/props_combine/portalball.mdl,props_combine,true,true,false,true,not_yet_decoded
models/props_combine/portalskydome.mdl,props_combine,true,true,false,true,not_yet_decoded
models/props_combine/portalspire.mdl,props_combine,true,true,false,true,not_yet_decoded
models/props_combine/prison01.mdl,props_combine,true,true,true,true,not_yet_decoded
models/props_combine/prison01b.mdl,props_combine,true,true,true,true,not_yet_decoded
models/props_combine/prison01c.mdl,props_combine,true,true,true,true,not_yet_decoded
models/props_combine/railing_128.mdl,props_combine,true,true,true,true,not_yet_decoded
models/props_combine/railing_256.mdl,props_combine,true,true,true,true,not_yet_decoded
models/props_combine/railing_512.mdl,props_combine,true,true,true,true,not_yet_decoded
models/props_combine/railing_corner_inside.mdl,props_combine,true,true,true,true,not_yet_decoded
models/props_combine/railing_corner_outside.mdl,props_combine,true,true,true,true,not_yet_decoded
models/props_combine/soldier_bed.mdl,props_combine,true,true,true,true,not_yet_decoded
models/props_combine/sphere.mdl,props_combine,true,true,false,false,not_yet_decoded
models/props_combine/stalkercar.mdl,props_combine,true,true,false,true,not_yet_decoded
models/props_combine/stalkerpod.mdl,props_combine,true,true,true,true,not_yet_decoded
models/props_combine/stalkerpod_legs.mdl,props_combine,true,true,false,true,not_yet_decoded
models/props_combine/stalkerpod_lid.mdl,props_combine,true,true,false,true,not_yet_decoded
models/props_combine/stalkerpod_nolid.mdl,props_combine,true,true,true,true,not_yet_decoded
models/props_combine/stalkerpod_physanim.mdl,props_combine,true,true,true,true,not_yet_decoded
models/props_combine/stalkerpod_torso.mdl,props_combine,true,true,false,true,not_yet_decoded
models/props_combine/stasisfield.mdl,props_combine,true,true,true,true,not_yet_decoded
models/props_combine/stasisshield.mdl,props_combine,true,true,false,true,not_yet_decoded
models/props_combine/stasisvortex.mdl,props_combine,true,true,false,true,not_yet_decoded
models/props_combine/strut_array_01.mdl,props_combine,true,true,true,true,not_yet_decoded
models/props_combine/suit_charger001.mdl,props_combine,true,true,true,true,not_yet_decoded
models/props_combine/tpcontroller.mdl,props_combine,true,true,true,true,not_yet_decoded
models/props_combine/tpcontrollerback.mdl,props_combine,true,true,false,true,not_yet_decoded
models/props_combine/tpcontrollerscreens.mdl,props_combine,true,true,false,true,not_yet_decoded
models/props_combine/tprotato1.mdl,props_combine,true,true,true,true,not_yet_decoded
models/props_combine/tprotato1_chunk01.mdl,props_combine,true,true,true,true,not_yet_decoded
models/props_combine/tprotato1_chunk03.mdl,props_combine,true,true,true,true,not_yet_decoded
models/props_combine/tprotato1_chunk04.mdl,props_combine,true,true,true,true,not_yet_decoded
models/props_combine/tprotato1_chunk05.mdl,props_combine,true,true,true,true,not_yet_decoded
models/props_combine/tprotato2.mdl,props_combine,true,true,true,true,not_yet_decoded
models/props_combine/tprotato2_chunk01.mdl,props_combine,true,true,true,true,not_yet_decoded
models/props_combine/tprotato2_chunk03.mdl,props_combine,true,true,true,true,not_yet_decoded
models/props_combine/tprotato2_chunk04.mdl,props_combine,true,true,true,true,not_yet_decoded
models/props_combine/tprotato2_chunk05.mdl,props_combine,true,true,true,true,not_yet_decoded
models/props_combine/weaponstripper.mdl,props_combine,true,true,true,true,not_yet_decoded
models/props_debris/barricade_short01a.mdl,props_debris,true,true,true,true,not_yet_decoded
models/props_debris/barricade_short02a.mdl,props_debris,true,true,true,true,not_yet_decoded
models/props_debris/barricade_short03a.mdl,props_debris,true,true,true,true,not_yet_decoded
models/props_debris/barricade_short04a.mdl,props_debris,true,true,true,true,not_yet_decoded
models/props_debris/barricade_tall01a.mdl,props_debris,true,true,true,true,not_yet_decoded
models/props_debris/barricade_tall02a.mdl,props_debris,true,true,true,true,not_yet_decoded
models/props_debris/barricade_tall03a.mdl,props_debris,true,true,true,true,not_yet_decoded
models/props_debris/barricade_tall04a.mdl,props_debris,true,true,true,true,not_yet_decoded
models/props_debris/beam01a.mdl,props_debris,true,true,true,true,not_yet_decoded
models/props_debris/beam01b.mdl,props_debris,true,true,true,true,not_yet_decoded
models/props_debris/beam01c.mdl,props_debris,true,true,true,true,not_yet_decoded
models/props_debris/beam01d.mdl,props_debris,true,true,true,true,not_yet_decoded
models/props_debris/beam01e.mdl,props_debris,true,true,true,true,not_yet_decoded
models/props_debris/broken_floor001a.mdl,props_debris,true,true,true,true,not_yet_decoded
models/props_debris/broken_pile001a.mdl,props_debris,true,true,true,true,not_yet_decoded
models/props_debris/building_brokenexterior001a.mdl,props_debris,true,true,true,true,not_yet_decoded
models/props_debris/building_brokenexterior001b.mdl,props_debris,true,true,true,true,not_yet_decoded
models/props_debris/building_brokenexterior001c.mdl,props_debris,true,true,true,true,not_yet_decoded
models/props_debris/building_brokenexterior002a.mdl,props_debris,true,true,true,true,not_yet_decoded
models/props_debris/building_brokenexterior002b.mdl,props_debris,true,true,true,true,not_yet_decoded
models/props_debris/building_brokenexterior002c.mdl,props_debris,true,true,true,true,not_yet_decoded
models/props_debris/building_brokenpillar001c.mdl,props_debris,true,true,true,true,not_yet_decoded
models/props_debris/building_brokenpillar001e.mdl,props_debris,true,true,true,true,not_yet_decoded
models/props_debris/building_brokenpillar001i.mdl,props_debris,true,true,true,true,not_yet_decoded
models/props_debris/building_brokenwindow001a.mdl,props_debris,true,true,true,true,not_yet_decoded
models/props_debris/building_brokenwindow001b.mdl,props_debris,true,true,true,true,not_yet_decoded
models/props_debris/concrete_chunk01a.mdl,props_debris,true,true,true,true,not_yet_decoded
models/props_debris/concrete_chunk01b.mdl,props_debris,true,true,true,true,not_yet_decoded
models/props_debris/concrete_chunk01c.mdl,props_debris,true,true,true,true,not_yet_decoded
models/props_debris/concrete_chunk02a.mdl,props_debris,true,true,true,true,not_yet_decoded
models/props_debris/concrete_chunk02b.mdl,props_debris,true,true,true,true,not_yet_decoded
models/props_debris/concrete_chunk03a.mdl,props_debris,true,true,true,true,not_yet_decoded
models/props_debris/concrete_chunk04a.mdl,props_debris,true,true,true,true,not_yet_decoded
models/props_debris/concrete_chunk05g.mdl,props_debris,true,true,true,true,not_yet_decoded
models/props_debris/concrete_chunk06c.mdl,props_debris,true,true,true,true,not_yet_decoded
models/props_debris/concrete_chunk06d.mdl,props_debris,true,true,true,true,not_yet_decoded
models/props_debris/concrete_chunk07a.mdl,props_debris,true,true,true,true,not_yet_decoded
models/props_debris/concrete_chunk08a.mdl,props_debris,true,true,true,true,not_yet_decoded
models/props_debris/concrete_chunk09a.mdl,props_debris,true,true,true,true,not_yet_decoded
models/props_debris/concrete_column001a_base.mdl,props_debris,true,true,true,true,not_yet_decoded
models/props_debris/concrete_column001a_chunk01.mdl,props_debris,true,true,true,true,not_yet_decoded
models/props_debris/concrete_column001a_chunk02.mdl,props_debris,true,true,true,true,not_yet_decoded
models/props_debris/concrete_column001a_chunk03.mdl,props_debris,true,true,true,true,not_yet_decoded
models/props_debris/concrete_column001a_chunk04.mdl,props_debris,true,true,true,true,not_yet_decoded
models/props_debris/concrete_column001a_chunk05.mdl,props_debris,true,true,true,true,not_yet_decoded
models/props_debris/concrete_column001a_chunk06.mdl,props_debris,true,true,true,true,not_yet_decoded
models/props_debris/concrete_column001a_chunk07.mdl,props_debris,true,true,true,true,not_yet_decoded
models/props_debris/concrete_column001a_chunk08.mdl,props_debris,true,true,true,true,not_yet_decoded
models/props_debris/concrete_column001a_chunk09.mdl,props_debris,true,true,true,true,not_yet_decoded
models/props_debris/concrete_column001a_core.mdl,props_debris,true,true,true,true,not_yet_decoded
models/props_debris/concrete_column001a_top.mdl,props_debris,true,true,true,true,not_yet_decoded
models/props_debris/concrete_corner01a.mdl,props_debris,true,true,true,true,not_yet_decoded
models/props_debris/concrete_cornerpile01a.mdl,props_debris,true,true,true,true,not_yet_decoded
models/props_debris/concrete_cynderblock001.mdl,props_debris,true,true,true,true,not_yet_decoded
models/props_debris/concrete_debris128pile001a.mdl,props_debris,true,true,true,true,not_yet_decoded
models/props_debris/concrete_debris128pile001b.mdl,props_debris,true,true,true,true,not_yet_decoded
models/props_debris/concrete_debris256barricade001a.mdl,props_debris,true,true,true,true,not_yet_decoded
models/props_debris/concrete_debris256pile001a.mdl,props_debris,true,true,true,true,not_yet_decoded
models/props_debris/concrete_floorpile01a.mdl,props_debris,true,true,true,true,not_yet_decoded
models/props_debris/concrete_section128floor001a.mdl,props_debris,true,true,true,true,not_yet_decoded
models/props_debris/concrete_section128floor001b.mdl,props_debris,true,true,true,true,not_yet_decoded
models/props_debris/concrete_section128wall001a.mdl,props_debris,true,true,true,true,not_yet_decoded
models/props_debris/concrete_section128wall001b.mdl,props_debris,true,true,true,true,not_yet_decoded
models/props_debris/concrete_section128wall001c.mdl,props_debris,true,true,true,true,not_yet_decoded
models/props_debris/concrete_section128wall002a.mdl,props_debris,true,true,true,true,not_yet_decoded
models/props_debris/concrete_section64floor001a.mdl,props_debris,true,true,true,true,not_yet_decoded
models/props_debris/concrete_section64floor001b.mdl,props_debris,true,true,true,true,not_yet_decoded
models/props_debris/concrete_section64floor001c.mdl,props_debris,true,true,true,true,not_yet_decoded
models/props_debris/concrete_spawnchunk001a.mdl,props_debris,true,true,true,true,not_yet_decoded
models/props_debris/concrete_spawnchunk001b.mdl,props_debris,true,true,true,true,not_yet_decoded
models/props_debris/concrete_spawnchunk001c.mdl,props_debris,true,true,true,true,not_yet_decoded
models/props_debris/concrete_spawnchunk001d.mdl,props_debris,true,true,true,true,not_yet_decoded
models/props_debris/concrete_spawnchunk001e.mdl,props_debris,true,true,true,true,not_yet_decoded
models/props_debris/concrete_spawnchunk001f.mdl,props_debris,true,true,true,true,not_yet_decoded
models/props_debris/concrete_spawnchunk001g.mdl,props_debris,true,true,true,true,not_yet_decoded
models/props_debris/concrete_spawnchunk001h.mdl,props_debris,true,true,true,true,not_yet_decoded
models/props_debris/concrete_spawnchunk001i.mdl,props_debris,true,true,true,true,not_yet_decoded
models/props_debris/concrete_spawnchunk001j.mdl,props_debris,true,true,true,true,not_yet_decoded
models/props_debris/concrete_spawnchunk001k.mdl,props_debris,true,true,true,true,not_yet_decoded
models/props_debris/concrete_spawnhole001a.mdl,props_debris,true,true,true,true,not_yet_decoded
models/props_debris/concrete_spawnplug001a.mdl,props_debris,true,true,true,true,not_yet_decoded
models/props_debris/concrete_wall01a.mdl,props_debris,true,true,true,true,not_yet_decoded
models/props_debris/concrete_wall02a.mdl,props_debris,true,true,true,true,not_yet_decoded
models/props_debris/concrete_wallpile01a.mdl,props_debris,true,true,true,true,not_yet_decoded
models/props_debris/destroyedceiling01a.mdl,props_debris,true,true,true,true,not_yet_decoded
models/props_debris/destroyedceiling01b.mdl,props_debris,true,true,true,true,not_yet_decoded
models/props_debris/destroyedceiling01c.mdl,props_debris,true,true,true,true,not_yet_decoded
models/props_debris/destroyedceiling01d.mdl,props_debris,true,true,true,true,not_yet_decoded
models/props_debris/dog_introrocks.mdl,props_debris,true,true,false,false,not_yet_decoded
models/props_debris/metal_panel01a.mdl,props_debris,true,true,true,true,not_yet_decoded
models/props_debris/metal_panel01a_breakable.mdl,props_debris,true,true,true,true,not_yet_decoded
models/props_debris/metal_panel02a.mdl,props_debris,true,true,true,true,not_yet_decoded
models/props_debris/metal_panelchunk01a.mdl,props_debris,true,true,true,true,not_yet_decoded
models/props_debris/metal_panelchunk01b.mdl,props_debris,true,true,true,true,not_yet_decoded
models/props_debris/metal_panelchunk01d.mdl,props_debris,true,true,true,true,not_yet_decoded
models/props_debris/metal_panelchunk01e.mdl,props_debris,true,true,true,true,not_yet_decoded
models/props_debris/metal_panelchunk01f.mdl,props_debris,true,true,true,true,not_yet_decoded
models/props_debris/metal_panelchunk01g.mdl,props_debris,true,true,true,true,not_yet_decoded
models/props_debris/metal_panelchunk02d.mdl,props_debris,true,true,true,true,not_yet_decoded
models/props_debris/metal_panelchunk02e.mdl,props_debris,true,true,true,true,not_yet_decoded
models/props_debris/metal_panelshard01a.mdl,props_debris,true,true,true,true,not_yet_decoded
models/props_debris/metal_panelshard01b.mdl,props_debris,true,true,true,true,not_yet_decoded
models/props_debris/metal_panelshard01c.mdl,props_debris,true,true,true,true,not_yet_decoded
models/props_debris/metal_panelshard01d.mdl,props_debris,true,true,true,true,not_yet_decoded
models/props_debris/metal_panelshard01e.mdl,props_debris,true,true,false,true,not_yet_decoded
models/props_debris/plaster_ceiling001a.mdl,props_debris,true,true,true,true,not_yet_decoded
models/props_debris/plaster_ceiling002a.mdl,props_debris,true,true,true,true,not_yet_decoded
models/props_debris/plaster_ceilingpile001a.mdl,props_debris,true,true,true,true,not_yet_decoded
models/props_debris/plaster_ceilingpile001b.mdl,props_debris,true,true,true,true,not_yet_decoded
models/props_debris/plaster_ceilingpile001c.mdl,props_debris,true,true,true,true,not_yet_decoded
models/props_debris/plaster_ceilingpile002a.mdl,props_debris,true,true,true,true,not_yet_decoded
models/props_debris/plaster_floor001a.mdl,props_debris,true,true,true,true,not_yet_decoded
models/props_debris/plaster_floor002a.mdl,props_debris,true,true,true,true,not_yet_decoded
models/props_debris/plaster_floor003a.mdl,props_debris,true,true,true,true,not_yet_decoded
models/props_debris/plaster_floorpile001a.mdl,props_debris,true,true,true,true,not_yet_decoded
models/props_debris/plaster_floorpile002a.mdl,props_debris,true,true,true,true,not_yet_decoded
models/props_debris/plaster_wall001a.mdl,props_debris,true,true,true,true,not_yet_decoded
models/props_debris/plaster_wall002a.mdl,props_debris,true,true,true,true,not_yet_decoded
models/props_debris/prison_wallchunk001a.mdl,props_debris,true,true,true,true,not_yet_decoded
models/props_debris/prison_wallchunk001c.mdl,props_debris,true,true,true,true,not_yet_decoded
models/props_debris/prison_wallchunk001f.mdl,props_debris,true,true,true,true,not_yet_decoded
models/props_debris/rebar001a_32.mdl,props_debris,true,true,true,true,not_yet_decoded
models/props_debris/rebar001b_48.mdl,props_debris,true,true,true,true,not_yet_decoded
models/props_debris/rebar001c_64.mdl,props_debris,true,true,true,true,not_yet_decoded
models/props_debris/rebar001d_96.mdl,props_debris,true,true,true,true,not_yet_decoded
models/props_debris/rebar002a_32.mdl,props_debris,true,true,true,true,not_yet_decoded
models/props_debris/rebar002b_48.mdl,props_debris,true,true,true,true,not_yet_decoded
models/props_debris/rebar002c_64.mdl,props_debris,true,true,true,true,not_yet_decoded
models/props_debris/rebar002d_96.mdl,props_debris,true,true,true,true,not_yet_decoded
models/props_debris/rebar003a_32.mdl,props_debris,true,true,true,true,not_yet_decoded
models/props_debris/rebar003b_48.mdl,props_debris,true,true,true,true,not_yet_decoded
models/props_debris/rebar003c_64.mdl,props_debris,true,true,true,true,not_yet_decoded
models/props_debris/rebar004a_32.mdl,props_debris,true,true,true,true,not_yet_decoded
models/props_debris/rebar004b_48.mdl,props_debris,true,true,true,true,not_yet_decoded
models/props_debris/rebar004c_64.mdl,props_debris,true,true,true,true,not_yet_decoded
models/props_debris/rebar004d_96.mdl,props_debris,true,true,true,true,not_yet_decoded
models/props_debris/rebar_cluster001a.mdl,props_debris,true,true,true,true,not_yet_decoded
models/props_debris/rebar_cluster001b.mdl,props_debris,true,true,true,true,not_yet_decoded
models/props_debris/rebar_cluster002a.mdl,props_debris,true,true,true,true,not_yet_decoded
models/props_debris/rebar_cluster002b.mdl,props_debris,true,true,true,true,not_yet_decoded
models/props_debris/rebar_medthin01a.mdl,props_debris,true,true,true,true,not_yet_decoded
models/props_debris/rebar_medthin02a.mdl,props_debris,true,true,true,true,not_yet_decoded
models/props_debris/rebar_medthin02b.mdl,props_debris,true,true,true,true,not_yet_decoded
models/props_debris/rebar_medthin02c.mdl,props_debris,true,true,true,true,not_yet_decoded
models/props_debris/rebar_medthin03a.mdl,props_debris,true,true,true,true,not_yet_decoded
models/props_debris/rebar_smallnorm01a.mdl,props_debris,true,true,true,true,not_yet_decoded
models/props_debris/rebar_smallnorm01c.mdl,props_debris,true,true,true,true,not_yet_decoded
models/props_debris/tile_walkway001a.mdl,props_debris,true,true,true,true,not_yet_decoded
models/props_debris/tile_walkway001b.mdl,props_debris,true,true,true,true,not_yet_decoded
models/props_debris/tile_walkwaypile001a.mdl,props_debris,true,true,true,true,not_yet_decoded
models/props_debris/tile_wall001a.mdl,props_debris,true,true,true,true,not_yet_decoded
models/props_debris/tile_wall001a_base.mdl,props_debris,true,true,true,true,not_yet_decoded
models/props_debris/tile_wall001a_chunk01.mdl,props_debris,true,true,true,true,not_yet_decoded
models/props_debris/tile_wall001a_chunk02.mdl,props_debris,true,true,true,true,not_yet_decoded
models/props_debris/tile_wall001a_chunk03.mdl,props_debris,true,true,true,true,not_yet_decoded
models/props_debris/tile_wall001a_chunk04.mdl,props_debris,true,true,true,true,not_yet_decoded
models/props_debris/tile_wall001a_chunk05.mdl,props_debris,true,true,true,true,not_yet_decoded
models/props_debris/tile_wall001a_chunk06.mdl,props_debris,true,true,true,true,not_yet_decoded
models/props_debris/tile_wall001a_chunk07.mdl,props_debris,true,true,true,true,not_yet_decoded
models/props_debris/tile_wall001a_chunk08.mdl,props_debris,true,true,true,true,not_yet_decoded
models/props_debris/tile_wall001a_chunk09.mdl,props_debris,true,true,true,true,not_yet_decoded
models/props_debris/tile_wall001a_core.mdl,props_debris,true,true,true,true,not_yet_decoded
models/props_debris/wall001a_base.mdl,props_debris,true,true,true,true,not_yet_decoded
models/props_debris/walldestroyed01a.mdl,props_debris,true,true,true,true,not_yet_decoded
models/props_debris/walldestroyed02a.mdl,props_debris,true,true,true,true,not_yet_decoded
models/props_debris/walldestroyed03a.mdl,props_debris,true,true,true,true,not_yet_decoded
models/props_debris/walldestroyed05a.mdl,props_debris,true,true,true,true,not_yet_decoded
models/props_debris/walldestroyed06b.mdl,props_debris,true,true,true,true,not_yet_decoded
models/props_debris/walldestroyed07b.mdl,props_debris,true,true,true,true,not_yet_decoded
models/props_debris/walldestroyed08a.mdl,props_debris,true,true,true,true,not_yet_decoded
models/props_debris/walldestroyed09a.mdl,props_debris,true,true,true,true,not_yet_decoded
models/props_debris/walldestroyed09c.mdl,props_debris,true,true,true,true,not_yet_decoded
models/props_debris/walldestroyed09e.mdl,props_debris,true,true,true,true,not_yet_decoded
models/props_debris/walldestroyed09f.mdl,props_debris,true,true,true,true,not_yet_decoded
models/props_debris/walldestroyed09g.mdl,props_debris,true,true,true,true,not_yet_decoded
models/props_debris/windowdestroyed01a.mdl,props_debris,true,true,true,true,not_yet_decoded
models/props_debris/windowdestroyed01b.mdl,props_debris,true,true,true,true,not_yet_decoded
models/props_debris/windowdestroyed01d.mdl,props_debris,true,true,true,true,not_yet_decoded
models/props_debris/wood_board01a.mdl,props_debris,true,true,true,true,not_yet_decoded
models/props_debris/wood_board02a.mdl,props_debris,true,true,true,true,not_yet_decoded
models/props_debris/wood_board03a.mdl,props_debris,true,true,true,true,not_yet_decoded
models/props_debris/wood_board04a.mdl,props_debris,true,true,true,true,not_yet_decoded
models/props_debris/wood_board05a.mdl,props_debris,true,true,true,true,not_yet_decoded
models/props_debris/wood_board06a.mdl,props_debris,true,true,true,true,not_yet_decoded
models/props_debris/wood_board07a.mdl,props_debris,true,true,true,true,not_yet_decoded
models/props_debris/wood_chunk01a.mdl,props_debris,true,true,true,true,not_yet_decoded
models/props_debris/wood_chunk01b.mdl,props_debris,true,true,true,true,not_yet_decoded
models/props_debris/wood_chunk01c.mdl,props_debris,true,true,true,true,not_yet_decoded
models/props_debris/wood_chunk01d.mdl,props_debris,true,true,true,true,not_yet_decoded
models/props_debris/wood_chunk01e.mdl,props_debris,true,true,true,true,not_yet_decoded
models/props_debris/wood_chunk01f.mdl,props_debris,true,true,true,true,not_yet_decoded
models/props_debris/wood_chunk02a.mdl,props_debris,true,true,true,true,not_yet_decoded
models/props_debris/wood_chunk02b.mdl,props_debris,true,true,true,true,not_yet_decoded
models/props_debris/wood_chunk02c.mdl,props_debris,true,true,true,true,not_yet_decoded
models/props_debris/wood_chunk02d.mdl,props_debris,true,true,true,true,not_yet_decoded
models/props_debris/wood_chunk02e.mdl,props_debris,true,true,true,true,not_yet_decoded
models/props_debris/wood_chunk02f.mdl,props_debris,true,true,true,true,not_yet_decoded
models/props_debris/wood_chunk03a.mdl,props_debris,true,true,true,true,not_yet_decoded
models/props_debris/wood_chunk03b.mdl,props_debris,true,true,true,true,not_yet_decoded
models/props_debris/wood_chunk03c.mdl,props_debris,true,true,true,true,not_yet_decoded
models/props_debris/wood_chunk03d.mdl,props_debris,true,true,true,true,not_yet_decoded
models/props_debris/wood_chunk03e.mdl,props_debris,true,true,true,true,not_yet_decoded
models/props_debris/wood_chunk03f.mdl,props_debris,true,true,true,true,not_yet_decoded
models/props_debris/wood_chunk04a.mdl,props_debris,true,true,true,true,not_yet_decoded
models/props_debris/wood_chunk04b.mdl,props_debris,true,true,true,true,not_yet_decoded
models/props_debris/wood_chunk04c.mdl,props_debris,true,true,true,true,not_yet_decoded
models/props_debris/wood_chunk04d.mdl,props_debris,true,true,true,true,not_yet_decoded
models/props_debris/wood_chunk04e.mdl,props_debris,true,true,true,true,not_yet_decoded
models/props_debris/wood_chunk04f.mdl,props_debris,true,true,true,true,not_yet_decoded
models/props_debris/wood_chunk05a.mdl,props_debris,true,true,true,true,not_yet_decoded
models/props_debris/wood_chunk05b.mdl,props_debris,true,true,true,true,not_yet_decoded
models/props_debris/wood_chunk05c.mdl,props_debris,true,true,true,true,not_yet_decoded
models/props_debris/wood_chunk05d.mdl,props_debris,true,true,true,true,not_yet_decoded
models/props_debris/wood_chunk05e.mdl,props_debris,true,true,true,true,not_yet_decoded
models/props_debris/wood_chunk05f.mdl,props_debris,true,true,true,true,not_yet_decoded
models/props_debris/wood_chunk06a.mdl,props_debris,true,true,true,true,not_yet_decoded
models/props_debris/wood_chunk06b.mdl,props_debris,true,true,true,true,not_yet_decoded
models/props_debris/wood_chunk06c.mdl,props_debris,true,true,true,true,not_yet_decoded
models/props_debris/wood_chunk06d.mdl,props_debris,true,true,true,true,not_yet_decoded
models/props_debris/wood_chunk06e.mdl,props_debris,true,true,true,true,not_yet_decoded
models/props_debris/wood_chunk06f.mdl,props_debris,true,true,true,true,not_yet_decoded
models/props_debris/wood_chunk07a.mdl,props_debris,true,true,true,true,not_yet_decoded
models/props_debris/wood_chunk07b.mdl,props_debris,true,true,true,true,not_yet_decoded
models/props_debris/wood_chunk07c.mdl,props_debris,true,true,true,true,not_yet_decoded
models/props_debris/wood_chunk07d.mdl,props_debris,true,true,true,true,not_yet_decoded
models/props_debris/wood_chunk07e.mdl,props_debris,true,true,true,true,not_yet_decoded
models/props_debris/wood_chunk07f.mdl,props_debris,true,true,true,true,not_yet_decoded
models/props_debris/wood_chunk08b.mdl,props_debris,true,true,true,true,not_yet_decoded
models/props_debris/wood_chunk08d.mdl,props_debris,true,true,true,true,not_yet_decoded
models/props_debris/wood_chunk08e.mdl,props_debris,true,true,true,true,not_yet_decoded
models/props_debris/wood_chunk08f.mdl,props_debris,true,true,true,true,not_yet_decoded
models/props_debris/wood_splinters01a.mdl,props_debris,true,true,true,true,not_yet_decoded
models/props_debris/wood_splinters01b.mdl,props_debris,true,true,true,true,not_yet_decoded
models/props_debris/wood_splinters01c.mdl,props_debris,true,true,true,true,not_yet_decoded
models/props_debris/wood_splinters01d.mdl,props_debris,true,true,true,true,not_yet_decoded
models/props_debris/wood_splinters01e.mdl,props_debris,true,true,true,true,not_yet_decoded
models/props_dev/test_lightingbox.mdl,props_dev,true,true,true,false,not_yet_decoded
models/props_dev/test_whitebox.mdl,props_dev,true,true,true,false,not_yet_decoded
models/props_docks/canal_dock01a.mdl,props_docks,true,true,true,true,not_yet_decoded
models/props_docks/canal_dock02a.mdl,props_docks,true,true,true,true,not_yet_decoded
models/props_docks/canal_dock03a.mdl,props_docks,true,true,true,true,not_yet_decoded
models/props_docks/channelmarker01a.mdl,props_docks,true,true,true,true,not_yet_decoded
models/props_docks/channelmarker01b.mdl,props_docks,true,true,true,true,not_yet_decoded
models/props_docks/channelmarker01c.mdl,props_docks,true,true,true,true,not_yet_decoded
models/props_docks/channelmarker02a.mdl,props_docks,true,true,true,true,not_yet_decoded
models/props_docks/channelmarker02b_chunk01a.mdl,props_docks,true,true,true,true,not_yet_decoded
models/props_docks/channelmarker02b_chunk01b.mdl,props_docks,true,true,true,true,not_yet_decoded
models/props_docks/channelmarker02b_chunk01c.mdl,props_docks,true,true,true,true,not_yet_decoded
models/props_docks/channelmarker02b_chunk01d.mdl,props_docks,true,true,true,true,not_yet_decoded
models/props_docks/channelmarker_gib01.mdl,props_docks,true,true,true,true,not_yet_decoded
models/props_docks/channelmarker_gib02.mdl,props_docks,true,true,true,true,not_yet_decoded
models/props_docks/channelmarker_gib03.mdl,props_docks,true,true,true,true,not_yet_decoded
models/props_docks/channelmarker_gib04.mdl,props_docks,true,true,true,true,not_yet_decoded
models/props_docks/dock01_cleat01a.mdl,props_docks,true,true,true,true,not_yet_decoded
models/props_docks/dock01_crossbeam01a.mdl,props_docks,true,true,true,true,not_yet_decoded
models/props_docks/dock01_crossbeam01b.mdl,props_docks,true,true,true,true,not_yet_decoded
models/props_docks/dock01_pole01a_128.mdl,props_docks,true,true,true,true,not_yet_decoded
models/props_docks/dock01_pole01a_256.mdl,props_docks,true,true,true,true,not_yet_decoded
models/props_docks/dock01_polecluster01a.mdl,props_docks,true,true,true,true,not_yet_decoded
models/props_docks/dock01_polecluster01b.mdl,props_docks,true,true,true,true,not_yet_decoded
models/props_docks/dock01_polecluster01b_256.mdl,props_docks,true,true,true,true,not_yet_decoded
models/props_docks/dock01_polecluster01c.mdl,props_docks,true,true,true,true,not_yet_decoded
models/props_docks/dock01_polecluster01c_256.mdl,props_docks,true,true,true,true,not_yet_decoded
models/props_docks/dock01_polecluster01d.mdl,props_docks,true,true,true,true,not_yet_decoded
models/props_docks/dock01_polecluster01d_256.mdl,props_docks,true,true,true,true,not_yet_decoded
models/props_docks/dock02_pole02a.mdl,props_docks,true,true,true,true,not_yet_decoded
models/props_docks/dock02_pole02a_256.mdl,props_docks,true,true,true,true,not_yet_decoded
models/props_docks/dock02_polecluster01a.mdl,props_docks,true,true,true,true,not_yet_decoded
models/props_docks/dock03_detail01a.mdl,props_docks,true,true,true,true,not_yet_decoded
models/props_docks/dock03_pole01a.mdl,props_docks,true,true,true,true,not_yet_decoded
models/props_docks/dock03_pole01a_256.mdl,props_docks,true,true,true,true,not_yet_decoded
models/props_docks/dock_broken01a.mdl,props_docks,true,true,true,true,not_yet_decoded
models/props_docks/dock_broken01a_256.mdl,props_docks,true,true,true,true,not_yet_decoded
models/props_docks/dock_broken01b_256.mdl,props_docks,true,true,true,true,not_yet_decoded
models/props_docks/dock_bumper01a.mdl,props_docks,true,true,true,true,not_yet_decoded
models/props_docks/dock_bumper01b.mdl,props_docks,true,true,true,true,not_yet_decoded
models/props_docks/dock_bumper01b_256.mdl,props_docks,true,true,true,true,not_yet_decoded
models/props_docks/dock_bumper02a.mdl,props_docks,true,true,true,true,not_yet_decoded
models/props_docks/dock_bumper02a_256.mdl,props_docks,true,true,true,true,not_yet_decoded
models/props_docks/dock_bumper02b.mdl,props_docks,true,true,true,true,not_yet_decoded
models/props_docks/dock_bumper03a.mdl,props_docks,true,true,true,true,not_yet_decoded
models/props_docks/dock_bumper04a.mdl,props_docks,true,true,true,true,not_yet_decoded
models/props_docks/dock_poles_cluster.mdl,props_docks,true,true,true,true,not_yet_decoded
models/props_docks/dockpole01a.mdl,props_docks,true,true,true,true,not_yet_decoded
models/props_docks/dockpole02a.mdl,props_docks,true,true,true,true,not_yet_decoded
models/props_docks/piling_cluster01a.mdl,props_docks,true,true,true,true,not_yet_decoded
models/props_docks/prefab_piling01a.mdl,props_docks,true,true,true,true,not_yet_decoded
models/props_doors/door01_dynamic.mdl,props_doors,true,true,true,true,not_yet_decoded
models/props_doors/door03_slot.mdl,props_doors,true,true,false,true,not_yet_decoded
models/props_doors/door03_slotted_left.mdl,props_doors,true,true,true,true,not_yet_decoded
models/props_doors/doorklab01.mdl,props_doors,true,true,true,true,not_yet_decoded
models/props_explosive/explosive_butane_can.mdl,props_explosive,true,true,true,true,not_yet_decoded
models/props_explosive/explosive_butane_can02.mdl,props_explosive,true,true,true,true,not_yet_decoded
models/props_explosive/explosive_butane_can_chunka.mdl,props_explosive,true,true,true,true,not_yet_decoded
models/props_explosive/explosive_butane_can_chunkb.mdl,props_explosive,true,true,true,true,not_yet_decoded
models/props_explosive/explosive_butane_can_chunkc.mdl,props_explosive,true,true,true,true,not_yet_decoded
models/props_explosive/explosive_butane_can_chunkd.mdl,props_explosive,true,true,true,true,not_yet_decoded
models/props_explosive/explosive_butane_can_chunke.mdl,props_explosive,true,true,true,true,not_yet_decoded
models/props_explosive/explosive_butane_can_chunkf.mdl,props_explosive,true,true,true,true,not_yet_decoded
models/props_explosive/explosive_butane_can_chunkg.mdl,props_explosive,true,true,true,true,not_yet_decoded
models/props_foliage/bramble001a.mdl,props_foliage,true,true,false,true,not_yet_decoded
models/props_foliage/bush2.mdl,props_foliage,true,true,false,true,not_yet_decoded
models/props_foliage/cattails.mdl,props_foliage,true,true,false,true,not_yet_decoded
models/props_foliage/detail_cluster01.mdl,props_foliage,true,true,false,true,not_yet_decoded
models/props_foliage/detail_cluster02.mdl,props_foliage,true,true,false,true,not_yet_decoded
models/props_foliage/detail_cluster03.mdl,props_foliage,true,true,false,true,not_yet_decoded
models/props_foliage/detail_cluster04.mdl,props_foliage,true,true,false,true,not_yet_decoded
models/props_foliage/driftwood_01a.mdl,props_foliage,true,true,true,true,not_yet_decoded
models/props_foliage/driftwood_02a.mdl,props_foliage,true,true,true,true,not_yet_decoded
models/props_foliage/driftwood_03a.mdl,props_foliage,true,true,true,true,not_yet_decoded
models/props_foliage/driftwood_clump_01a.mdl,props_foliage,true,true,true,true,not_yet_decoded
models/props_foliage/driftwood_clump_02a.mdl,props_foliage,true,true,true,true,not_yet_decoded
models/props_foliage/driftwood_clump_03a.mdl,props_foliage,true,true,true,true,not_yet_decoded
models/props_foliage/fallentree01.mdl,props_foliage,true,true,true,true,not_yet_decoded
models/props_foliage/fallentree02.mdl,props_foliage,true,true,true,true,not_yet_decoded
models/props_foliage/fallentree_dry01.mdl,props_foliage,true,true,true,true,not_yet_decoded
models/props_foliage/fallentree_dry02.mdl,props_foliage,true,true,true,true,not_yet_decoded
models/props_foliage/fern01.mdl,props_foliage,true,true,false,true,not_yet_decoded
models/props_foliage/ferns01.mdl,props_foliage,true,true,false,true,not_yet_decoded
models/props_foliage/ferns02.mdl,props_foliage,true,true,false,true,not_yet_decoded
models/props_foliage/ferns03.mdl,props_foliage,true,true,false,true,not_yet_decoded
models/props_foliage/forestrock_cluster01.mdl,props_foliage,true,true,true,true,not_yet_decoded
models/props_foliage/forestrock_cluster02.mdl,props_foliage,true,true,true,true,not_yet_decoded
models/props_foliage/forestrock_single01.mdl,props_foliage,true,true,true,true,not_yet_decoded
models/props_foliage/grass3.mdl,props_foliage,true,true,false,true,not_yet_decoded
models/props_foliage/grass_cluster01.mdl,props_foliage,true,true,false,true,not_yet_decoded
models/props_foliage/grass_cluster01a.mdl,props_foliage,true,true,false,true,not_yet_decoded
models/props_foliage/grass_cluster02.mdl,props_foliage,true,true,false,true,not_yet_decoded
models/props_foliage/grass_cluster02a.mdl,props_foliage,true,true,false,true,not_yet_decoded
models/props_foliage/grass_cluster03.mdl,props_foliage,true,true,false,true,not_yet_decoded
models/props_foliage/grass_cluster03a.mdl,props_foliage,true,true,false,true,not_yet_decoded
models/props_foliage/grass_cluster04.mdl,props_foliage,true,true,false,true,not_yet_decoded
models/props_foliage/grass_cluster04a.mdl,props_foliage,true,true,false,true,not_yet_decoded
models/props_foliage/grass_swamp_001a.mdl,props_foliage,true,true,false,false,not_yet_decoded
models/props_foliage/grass_swamp_001b.mdl,props_foliage,true,true,false,false,not_yet_decoded
models/props_foliage/hedge_128.mdl,props_foliage,true,true,true,true,not_yet_decoded
models/props_foliage/hedge_128_128high.mdl,props_foliage,true,true,true,true,not_yet_decoded
models/props_foliage/hedge_256.mdl,props_foliage,true,true,true,true,not_yet_decoded
models/props_foliage/hedge_256_128high.mdl,props_foliage,true,true,true,true,not_yet_decoded
models/props_foliage/hedge_medium.mdl,props_foliage,true,true,false,true,not_yet_decoded
models/props_foliage/hedge_small.mdl,props_foliage,true,true,true,true,not_yet_decoded
models/props_foliage/ivy_01.mdl,props_foliage,true,true,false,true,not_yet_decoded
models/props_foliage/oak_tree01.mdl,props_foliage,true,true,true,true,not_yet_decoded
models/props_foliage/rock_coast02a.mdl,props_foliage,true,true,true,true,not_yet_decoded
models/props_foliage/rock_coast02b.mdl,props_foliage,true,true,true,true,not_yet_decoded
models/props_foliage/rock_coast02c.mdl,props_foliage,true,true,true,true,not_yet_decoded
models/props_foliage/rock_coast02d.mdl,props_foliage,true,true,true,true,not_yet_decoded
models/props_foliage/rock_coast02e.mdl,props_foliage,true,true,true,true,not_yet_decoded
models/props_foliage/rock_coast02f.mdl,props_foliage,true,true,true,true,not_yet_decoded
models/props_foliage/rock_coast02g.mdl,props_foliage,true,true,true,true,not_yet_decoded
models/props_foliage/rock_coast02h.mdl,props_foliage,true,true,true,true,not_yet_decoded
models/props_foliage/rock_forest01.mdl,props_foliage,true,true,true,true,not_yet_decoded
models/props_foliage/rock_forest01a.mdl,props_foliage,true,true,true,true,not_yet_decoded
models/props_foliage/rock_forest01b.mdl,props_foliage,true,true,true,true,not_yet_decoded
models/props_foliage/rock_forest01c.mdl,props_foliage,true,true,true,true,not_yet_decoded
models/props_foliage/rock_forest01d.mdl,props_foliage,true,true,true,true,not_yet_decoded
models/props_foliage/rock_forest02.mdl,props_foliage,true,true,true,true,not_yet_decoded
models/props_foliage/rock_forest03.mdl,props_foliage,true,true,true,true,not_yet_decoded
models/props_foliage/rock_forest04.mdl,props_foliage,true,true,true,true,not_yet_decoded
models/props_foliage/shrub_01a.mdl,props_foliage,true,true,false,true,not_yet_decoded
models/props_foliage/shrub_small.mdl,props_foliage,true,true,false,true,not_yet_decoded
models/props_foliage/small_cattails.mdl,props_foliage,true,true,false,true,not_yet_decoded
models/props_foliage/tree_cliff_01a.mdl,props_foliage,true,true,true,true,not_yet_decoded
models/props_foliage/tree_cliff_02a.mdl,props_foliage,true,true,true,true,not_yet_decoded
models/props_foliage/tree_dead01.mdl,props_foliage,true,true,true,true,not_yet_decoded
models/props_foliage/tree_dead02.mdl,props_foliage,true,true,true,true,not_yet_decoded
models/props_foliage/tree_dead03.mdl,props_foliage,true,true,true,true,not_yet_decoded
models/props_foliage/tree_dead04.mdl,props_foliage,true,true,true,true,not_yet_decoded
models/props_foliage/tree_deciduous_01a-lod.mdl,props_foliage,true,true,true,true,not_yet_decoded
models/props_foliage/tree_deciduous_01a.mdl,props_foliage,true,true,true,true,not_yet_decoded
models/props_foliage/tree_deciduous_02a.mdl,props_foliage,true,true,true,true,not_yet_decoded
models/props_foliage/tree_deciduous_03a.mdl,props_foliage,true,true,true,true,not_yet_decoded
models/props_foliage/tree_deciduous_03b.mdl,props_foliage,true,true,true,true,not_yet_decoded
models/props_foliage/tree_deciduous_card_01.mdl,props_foliage,true,true,true,true,not_yet_decoded
models/props_foliage/tree_deciduous_card_01_skybox.mdl,props_foliage,true,true,false,true,not_yet_decoded
models/props_foliage/tree_dry01.mdl,props_foliage,true,true,true,true,not_yet_decoded
models/props_foliage/tree_dry02.mdl,props_foliage,true,true,true,true,not_yet_decoded
models/props_foliage/tree_pine04.mdl,props_foliage,true,true,true,true,not_yet_decoded
models/props_foliage/tree_pine05.mdl,props_foliage,true,true,true,true,not_yet_decoded
models/props_foliage/tree_pine06.mdl,props_foliage,true,true,true,true,not_yet_decoded
models/props_foliage/tree_pine_01.mdl,props_foliage,true,true,true,true,not_yet_decoded
models/props_foliage/tree_pine_02.mdl,props_foliage,true,true,true,true,not_yet_decoded
models/props_foliage/tree_pine_03.mdl,props_foliage,true,true,true,true,not_yet_decoded
models/props_foliage/tree_pine_card_cluster_01.mdl,props_foliage,true,true,false,true,not_yet_decoded
models/props_foliage/tree_pine_card_cluster_01_skybox.mdl,props_foliage,true,true,false,true,not_yet_decoded
models/props_foliage/tree_pine_card_cluster_02.mdl,props_foliage,true,true,false,true,not_yet_decoded
models/props_foliage/tree_pine_card_cluster_02_skybox.mdl,props_foliage,true,true,false,true,not_yet_decoded
models/props_foliage/tree_pine_cluster_01.mdl,props_foliage,true,true,true,true,not_yet_decoded
models/props_foliage/tree_pine_large.mdl,props_foliage,true,true,true,true,not_yet_decoded
models/props_foliage/tree_pine_tall_01.mdl,props_foliage,true,true,false,true,not_yet_decoded
models/props_foliage/tree_pine_tall_02.mdl,props_foliage,true,true,false,true,not_yet_decoded
models/props_foliage/tree_pine_tall_cluster_01.mdl,props_foliage,true,true,false,true,not_yet_decoded
models/props_foliage/tree_poplar_01.mdl,props_foliage,true,true,true,true,not_yet_decoded
models/props_foliage/tree_slice01.mdl,props_foliage,true,true,true,true,not_yet_decoded
models/props_foliage/tree_slice02.mdl,props_foliage,true,true,true,true,not_yet_decoded
models/props_foliage/tree_slice_chunk01.mdl,props_foliage,true,true,true,true,not_yet_decoded
models/props_foliage/tree_slice_chunk02.mdl,props_foliage,true,true,true,true,not_yet_decoded
models/props_foliage/tree_slice_chunk03.mdl,props_foliage,true,true,true,true,not_yet_decoded
models/props_foliage/tree_springers_01a-lod.mdl,props_foliage,true,true,true,false,not_yet_decoded
models/props_foliage/tree_springers_01a.mdl,props_foliage,true,true,true,false,not_yet_decoded
models/props_foliage/tree_springers_card_01.mdl,props_foliage,true,true,true,false,not_yet_decoded
models/props_foliage/tree_springers_card_01_skybox.mdl,props_foliage,true,true,false,false,not_yet_decoded
models/props_foliage/tree_stump01.mdl,props_foliage,true,true,true,true,not_yet_decoded
models/props_foliage/vine_wall1.mdl,props_foliage,true,true,false,true,not_yet_decoded
models/props_foliage/vine_wall2.mdl,props_foliage,true,true,false,true,not_yet_decoded
models/props_forest/axe.mdl,props_forest,true,true,true,true,not_yet_decoded
models/props_forest/bunkbed.mdl,props_forest,true,true,true,true,not_yet_decoded
models/props_forest/bunkbed2.mdl,props_forest,true,true,true,true,not_yet_decoded
models/props_forest/circularsaw01.mdl,props_forest,true,true,true,true,not_yet_decoded
models/props_forest/dog_gate.mdl,props_forest,true,true,false,true,not_yet_decoded
models/props_forest/fence_barb_256.mdl,props_forest,true,true,true,true,not_yet_decoded
models/props_forest/fence_barb_512.mdl,props_forest,true,true,true,true,not_yet_decoded
models/props_forest/fence_border_128.mdl,props_forest,true,true,true,true,not_yet_decoded
models/props_forest/fence_border_256.mdl,props_forest,true,true,true,true,not_yet_decoded
models/props_forest/fence_border_512.mdl,props_forest,true,true,true,true,not_yet_decoded
models/props_forest/fence_trail_128.mdl,props_forest,true,true,true,true,not_yet_decoded
models/props_forest/fence_trail_256.mdl,props_forest,true,true,true,true,not_yet_decoded
models/props_forest/fence_trail_512.mdl,props_forest,true,true,true,true,not_yet_decoded
models/props_forest/fencebarbedwire01.mdl,props_forest,true,true,true,true,not_yet_decoded
models/props_forest/fern01.mdl,props_forest,true,true,false,true,not_yet_decoded
models/props_forest/fern01lg.mdl,props_forest,true,true,false,true,not_yet_decoded
models/props_forest/floodlight.mdl,props_forest,true,true,true,true,not_yet_decoded
models/props_forest/footlocker01_closed.mdl,props_forest,true,true,true,true,not_yet_decoded
models/props_forest/footlocker01_open.mdl,props_forest,true,true,true,true,not_yet_decoded
models/props_forest/forest_log01.mdl,props_forest,true,true,true,true,not_yet_decoded
models/props_forest/furnace01.mdl,props_forest,true,true,true,true,not_yet_decoded
models/props_forest/furnace01pipes.mdl,props_forest,true,true,true,true,not_yet_decoded
models/props_forest/furnace01pipes02.mdl,props_forest,true,true,true,true,not_yet_decoded
models/props_forest/furniture_shelf01a.mdl,props_forest,true,true,true,true,not_yet_decoded
models/props_forest/ladderwood.mdl,props_forest,true,true,true,true,not_yet_decoded
models/props_forest/light_outdoor.mdl,props_forest,true,true,true,true,not_yet_decoded
models/props_forest/light_outdoor_glass.mdl,props_forest,true,true,false,true,not_yet_decoded
models/props_forest/light_security.mdl,props_forest,true,true,true,true,not_yet_decoded
models/props_forest/lightfixture01.mdl,props_forest,true,true,true,true,not_yet_decoded
models/props_forest/lightfixture01_base.mdl,props_forest,true,true,true,true,not_yet_decoded
models/props_forest/log.mdl,props_forest,true,true,true,true,not_yet_decoded
models/props_forest/railing_endcap.mdl,props_forest,true,true,true,true,not_yet_decoded
models/props_forest/railing_large.mdl,props_forest,true,true,true,true,not_yet_decoded
models/props_forest/railing_small.mdl,props_forest,true,true,true,true,not_yet_decoded
models/props_forest/refrigerator01.mdl,props_forest,true,true,true,true,not_yet_decoded
models/props_forest/riverlogs.mdl,props_forest,true,true,true,true,not_yet_decoded
models/props_forest/sawhorse.mdl,props_forest,true,true,true,true,not_yet_decoded
models/props_forest/sawmill_boiler.mdl,props_forest,true,true,true,true,not_yet_decoded
models/props_forest/sawmill_engine.mdl,props_forest,true,true,true,true,not_yet_decoded
models/props_forest/sawmill_logs.mdl,props_forest,true,true,true,true,not_yet_decoded
models/props_forest/sheetrock_leaning.mdl,props_forest,true,true,true,true,not_yet_decoded
models/props_forest/shelves.mdl,props_forest,true,true,true,true,not_yet_decoded
models/props_forest/shelves_wood.mdl,props_forest,true,true,true,true,not_yet_decoded
models/props_forest/spotlight.mdl,props_forest,true,true,true,true,not_yet_decoded
models/props_forest/stove01.mdl,props_forest,true,true,true,true,not_yet_decoded
models/props_forest/table_shed.mdl,props_forest,true,true,true,true,not_yet_decoded
models/props_forest/urine_trough.mdl,props_forest,true,true,true,true,not_yet_decoded
models/props_forest/utilitypole01b.mdl,props_forest,true,true,true,true,not_yet_decoded
models/props_forest/whiteforestinn_sign.mdl,props_forest,true,true,true,true,not_yet_decoded
models/props_forest/whiteforestsign.mdl,props_forest,true,true,true,true,not_yet_decoded
models/props_forest/whiteforestsignleft.mdl,props_forest,true,true,true,true,not_yet_decoded
models/props_forest/whiteforestsignright.mdl,props_forest,true,true,true,true,not_yet_decoded
models/props_hive/egg.mdl,props_hive,true,true,true,true,not_yet_decoded
models/props_hive/egg_phy.mdl,props_hive,true,true,true,true,not_yet_decoded
models/props_hive/grubtunnel_door.mdl,props_hive,true,true,true,true,not_yet_decoded
models/props_hive/larval_essence.mdl,props_hive,true,true,false,true,not_yet_decoded
models/props_hive/nest_extract.mdl,props_hive,true,true,true,true,not_yet_decoded
models/props_hive/nest_lrg_flat.mdl,props_hive,true,true,true,true,not_yet_decoded
models/props_hive/nest_med_flat.mdl,props_hive,true,true,true,true,not_yet_decoded
models/props_hive/nest_sm_flat.mdl,props_hive,true,true,false,true,not_yet_decoded
models/props_hive/websackceiling01.mdl,props_hive,true,true,false,true,not_yet_decoded
models/props_hive/websackceiling02.mdl,props_hive,true,true,false,true,not_yet_decoded
models/props_hive/websackceiling03.mdl,props_hive,true,true,false,true,not_yet_decoded
models/props_hive/websackceiling04.mdl,props_hive,true,true,false,true,not_yet_decoded
models/props_hive/websackceiling05.mdl,props_hive,true,true,false,true,not_yet_decoded
models/props_hive/websackceilingbig01.mdl,props_hive,true,true,false,true,not_yet_decoded
models/props_hive/websackceilingbig02.mdl,props_hive,true,true,false,true,not_yet_decoded
models/props_hive/websackceilingbig05.mdl,props_hive,true,true,false,true,not_yet_decoded
models/props_hive/websackhalf.mdl,props_hive,true,true,true,true,not_yet_decoded
models/props_hive/websackhalf_b.mdl,props_hive,true,true,true,true,not_yet_decoded
models/props_hive/websackhalf_c.mdl,props_hive,true,true,true,true,not_yet_decoded
models/props_industrial/bridge.mdl,props_industrial,true,true,true,true,not_yet_decoded
models/props_industrial/bridge_deck.mdl,props_industrial,true,true,true,true,not_yet_decoded
models/props_industrial/light.mdl,props_industrial,true,true,true,true,not_yet_decoded
models/props_industrial/oil_pipes.mdl,props_industrial,true,true,true,true,not_yet_decoded
models/props_industrial/oil_storage.mdl,props_industrial,true,true,true,true,not_yet_decoded
models/props_industrial/warehouse_shelf001.mdl,props_industrial,true,true,true,true,not_yet_decoded
models/props_industrial/warehouse_shelf002.mdl,props_industrial,true,true,true,true,not_yet_decoded
models/props_industrial/warehouse_shelf003.mdl,props_industrial,true,true,true,true,not_yet_decoded
models/props_industrial/warehouse_shelf004.mdl,props_industrial,true,true,true,true,not_yet_decoded
models/props_industrial/winch_deck.mdl,props_industrial,true,true,true,true,not_yet_decoded
models/props_industrial/winch_stern.mdl,props_industrial,true,true,true,true,not_yet_decoded
models/props_interiors/attic_beam001a.mdl,props_interiors,true,true,true,true,not_yet_decoded
models/props_interiors/attic_beam001b.mdl,props_interiors,true,true,true,true,not_yet_decoded
models/props_interiors/bathtub01a.mdl,props_interiors,true,true,true,true,not_yet_decoded
models/props_interiors/elevatorshaft_door01a.mdl,props_interiors,true,true,true,true,not_yet_decoded
models/props_interiors/elevatorshaft_door01b.mdl,props_interiors,true,true,true,true,not_yet_decoded
models/props_interiors/furniture_cabinetdrawer01a.mdl,props_interiors,true,true,true,true,not_yet_decoded
models/props_interiors/furniture_cabinetdrawer02a.mdl,props_interiors,true,true,true,true,not_yet_decoded
models/props_interiors/furniture_chair01a.mdl,props_interiors,true,true,true,true,not_yet_decoded
models/props_interiors/furniture_chair03a.mdl,props_interiors,true,true,true,true,not_yet_decoded
models/props_interiors/furniture_couch01a.mdl,props_interiors,true,true,true,true,not_yet_decoded
models/props_interiors/furniture_couch02a.mdl,props_interiors,true,true,true,true,not_yet_decoded
models/props_interiors/furniture_desk01a.mdl,props_interiors,true,true,true,true,not_yet_decoded
models/props_interiors/furniture_lamp01a.mdl,props_interiors,true,true,true,true,not_yet_decoded
models/props_interiors/furniture_shelf01a.mdl,props_interiors,true,true,true,true,not_yet_decoded
models/props_interiors/furniture_vanity01a.mdl,props_interiors,true,true,true,true,not_yet_decoded
models/props_interiors/handrailcluster01a.mdl,props_interiors,true,true,true,true,not_yet_decoded
models/props_interiors/handrailcluster01b.mdl,props_interiors,true,true,true,true,not_yet_decoded
models/props_interiors/handrailcluster01b_corner.mdl,props_interiors,true,true,true,true,not_yet_decoded
models/props_interiors/handrailcluster02a.mdl,props_interiors,true,true,true,true,not_yet_decoded
models/props_interiors/handrailcluster02b.mdl,props_interiors,true,true,true,true,not_yet_decoded
models/props_interiors/handrailcluster03a.mdl,props_interiors,true,true,true,true,not_yet_decoded
models/props_interiors/lightbulb01a.mdl,props_interiors,true,true,true,true,not_yet_decoded
models/props_interiors/lightbulb02a.mdl,props_interiors,true,true,true,true,not_yet_decoded
models/props_interiors/lightbulb03a.mdl,props_interiors,true,true,true,true,not_yet_decoded
models/props_interiors/lights_florescent01a.mdl,props_interiors,true,true,true,true,not_yet_decoded
models/props_interiors/lightsconce01.mdl,props_interiors,true,true,true,true,not_yet_decoded
models/props_interiors/pot01a.mdl,props_interiors,true,true,true,true,not_yet_decoded
models/props_interiors/pot02a.mdl,props_interiors,true,true,true,true,not_yet_decoded
models/props_interiors/radiator01a.mdl,props_interiors,true,true,true,true,not_yet_decoded
models/props_interiors/refrigerator01a.mdl,props_interiors,true,true,true,true,not_yet_decoded
models/props_interiors/refrigeratordoor01a.mdl,props_interiors,true,true,true,true,not_yet_decoded
models/props_interiors/refrigeratordoor02a.mdl,props_interiors,true,true,true,true,not_yet_decoded
models/props_interiors/sinkkitchen01a.mdl,props_interiors,true,true,true,true,not_yet_decoded
models/props_interiors/vendingmachinesoda01a.mdl,props_interiors,true,true,true,true,not_yet_decoded
models/props_interiors/vendingmachinesoda01a_door.mdl,props_interiors,true,true,true,true,not_yet_decoded
models/props_junk/bicycle01a.mdl,props_junk,true,true,true,true,not_yet_decoded
models/props_junk/cardboard_box001a.mdl,props_junk,true,true,true,true,not_yet_decoded
models/props_junk/cardboard_box001a_gib01.mdl,props_junk,true,true,true,true,not_yet_decoded
models/props_junk/cardboard_box001b.mdl,props_junk,true,true,true,true,not_yet_decoded
models/props_junk/cardboard_box002a.mdl,props_junk,true,true,true,true,not_yet_decoded
models/props_junk/cardboard_box002a_gib01.mdl,props_junk,true,true,true,true,not_yet_decoded
models/props_junk/cardboard_box002b.mdl,props_junk,true,true,true,true,not_yet_decoded
models/props_junk/cardboard_box003a.mdl,props_junk,true,true,true,true,not_yet_decoded
models/props_junk/cardboard_box003a_gib01.mdl,props_junk,true,true,true,true,not_yet_decoded
models/props_junk/cardboard_box003b.mdl,props_junk,true,true,true,true,not_yet_decoded
models/props_junk/cardboard_box003b_gib01.mdl,props_junk,true,true,true,true,not_yet_decoded
models/props_junk/cardboard_box004a.mdl,props_junk,true,true,true,true,not_yet_decoded
models/props_junk/cardboard_box004a_gib01.mdl,props_junk,true,true,true,true,not_yet_decoded
models/props_junk/cinderblock01a.mdl,props_junk,true,true,true,true,not_yet_decoded
models/props_junk/flare.mdl,props_junk,true,true,true,true,not_yet_decoded
models/props_junk/food_pile01.mdl,props_junk,true,true,false,true,not_yet_decoded
models/props_junk/food_pile02.mdl,props_junk,true,true,false,true,not_yet_decoded
models/props_junk/food_pile03.mdl,props_junk,true,true,false,true,not_yet_decoded
models/props_junk/garbage128_composite001a.mdl,props_junk,true,true,true,true,not_yet_decoded
models/props_junk/garbage128_composite001b.mdl,props_junk,true,true,true,true,not_yet_decoded
models/props_junk/garbage128_composite001c.mdl,props_junk,true,true,true,true,not_yet_decoded
models/props_junk/garbage128_composite001d.mdl,props_junk,true,true,true,true,not_yet_decoded
models/props_junk/garbage256_composite001a.mdl,props_junk,true,true,true,true,not_yet_decoded
models/props_junk/garbage256_composite001b.mdl,props_junk,true,true,true,true,not_yet_decoded
models/props_junk/garbage256_composite002a.mdl,props_junk,true,true,true,true,not_yet_decoded
models/props_junk/garbage256_composite002b.mdl,props_junk,true,true,true,true,not_yet_decoded
models/props_junk/garbage_bag001a.mdl,props_junk,true,true,true,true,not_yet_decoded
models/props_junk/garbage_carboard001a.mdl,props_junk,true,true,true,true,not_yet_decoded
models/props_junk/garbage_carboard002a.mdl,props_junk,true,true,true,true,not_yet_decoded
models/props_junk/garbage_coffeemug001a.mdl,props_junk,true,true,true,true,not_yet_decoded
models/props_junk/garbage_coffeemug001a_chunk01.mdl,props_junk,true,true,true,true,not_yet_decoded
models/props_junk/garbage_coffeemug001a_chunk02.mdl,props_junk,true,true,true,true,not_yet_decoded
models/props_junk/garbage_coffeemug001a_chunk03.mdl,props_junk,true,true,true,true,not_yet_decoded
models/props_junk/garbage_glassbottle001a.mdl,props_junk,true,true,true,true,not_yet_decoded
models/props_junk/garbage_glassbottle001a_chunk01.mdl,props_junk,true,true,true,true,not_yet_decoded
models/props_junk/garbage_glassbottle001a_chunk02.mdl,props_junk,true,true,true,true,not_yet_decoded
models/props_junk/garbage_glassbottle001a_chunk03.mdl,props_junk,true,true,true,true,not_yet_decoded
models/props_junk/garbage_glassbottle001a_chunk04.mdl,props_junk,true,true,true,true,not_yet_decoded
models/props_junk/garbage_glassbottle002a.mdl,props_junk,true,true,true,true,not_yet_decoded
models/props_junk/garbage_glassbottle002a_chunk01.mdl,props_junk,true,true,true,true,not_yet_decoded
models/props_junk/garbage_glassbottle002a_chunk02.mdl,props_junk,true,true,true,true,not_yet_decoded
models/props_junk/garbage_glassbottle003a.mdl,props_junk,true,true,true,true,not_yet_decoded
models/props_junk/garbage_glassbottle003a_chunk01.mdl,props_junk,true,true,true,true,not_yet_decoded
models/props_junk/garbage_glassbottle003a_chunk02.mdl,props_junk,true,true,true,true,not_yet_decoded
models/props_junk/garbage_glassbottle003a_chunk03.mdl,props_junk,true,true,true,true,not_yet_decoded
models/props_junk/garbage_metalcan001a.mdl,props_junk,true,true,true,true,not_yet_decoded
models/props_junk/garbage_metalcan002a.mdl,props_junk,true,true,true,true,not_yet_decoded
models/props_junk/garbage_milkcarton001a.mdl,props_junk,true,true,true,true,not_yet_decoded
models/props_junk/garbage_milkcarton002a.mdl,props_junk,true,true,true,true,not_yet_decoded
models/props_junk/garbage_newspaper001a.mdl,props_junk,true,true,true,true,not_yet_decoded
models/props_junk/garbage_plasticbottle001a.mdl,props_junk,true,true,true,true,not_yet_decoded
models/props_junk/garbage_plasticbottle002a.mdl,props_junk,true,true,true,true,not_yet_decoded
models/props_junk/garbage_plasticbottle003a.mdl,props_junk,true,true,true,true,not_yet_decoded
models/props_junk/garbage_takeoutcarton001a.mdl,props_junk,true,true,true,true,not_yet_decoded
models/props_junk/gascan001a.mdl,props_junk,true,true,true,true,not_yet_decoded
models/props_junk/glassbottle01a.mdl,props_junk,true,true,true,true,not_yet_decoded
models/props_junk/glassbottle01a_chunk01a.mdl,props_junk,true,true,true,true,not_yet_decoded
models/props_junk/glassbottle01a_chunk02a.mdl,props_junk,true,true,true,true,not_yet_decoded
models/props_junk/glassjug01.mdl,props_junk,true,true,true,true,not_yet_decoded
models/props_junk/glassjug01_chunk01.mdl,props_junk,true,true,true,true,not_yet_decoded
models/props_junk/glassjug01_chunk02.mdl,props_junk,true,true,true,true,not_yet_decoded
models/props_junk/glassjug01_chunk03.mdl,props_junk,true,true,true,true,not_yet_decoded
models/props_junk/gnome.mdl,props_junk,true,true,true,true,not_yet_decoded
models/props_junk/harpoon002a.mdl,props_junk,true,true,true,true,not_yet_decoded
models/props_junk/ibeam01a.mdl,props_junk,true,true,true,true,not_yet_decoded
models/props_junk/ibeam01a_cluster01.mdl,props_junk,true,true,true,true,not_yet_decoded
models/props_junk/ibeam01b_cluster01.mdl,props_junk,true,true,true,true,not_yet_decoded
models/props_junk/meathook001a.mdl,props_junk,true,true,true,true,not_yet_decoded
models/props_junk/metal_paintcan001a.mdl,props_junk,true,true,true,true,not_yet_decoded
models/props_junk/metal_paintcan001b.mdl,props_junk,true,true,true,true,not_yet_decoded
models/props_junk/metalbucket01a.mdl,props_junk,true,true,true,true,not_yet_decoded
models/props_junk/metalbucket02a.mdl,props_junk,true,true,true,true,not_yet_decoded
models/props_junk/metalgascan.mdl,props_junk,true,true,true,true,not_yet_decoded
models/props_junk/plasticbucket001a.mdl,props_junk,true,true,true,true,not_yet_decoded
models/props_junk/plasticcrate01a.mdl,props_junk,true,true,true,true,not_yet_decoded
models/props_junk/popcan01a.mdl,props_junk,true,true,true,true,not_yet_decoded
models/props_junk/propane_tank001a.mdl,props_junk,true,true,true,true,not_yet_decoded
models/props_junk/propanecanister001a.mdl,props_junk,true,true,true,true,not_yet_decoded
models/props_junk/pushcart01a.mdl,props_junk,true,true,true,true,not_yet_decoded
models/props_junk/ravenholmsign.mdl,props_junk,true,true,true,true,not_yet_decoded
models/props_junk/rock001a.mdl,props_junk,true,true,true,true,not_yet_decoded
models/props_junk/sawblade001a.mdl,props_junk,true,true,true,true,not_yet_decoded
models/props_junk/shoe001a.mdl,props_junk,true,true,true,true,not_yet_decoded
models/props_junk/shovel01a.mdl,props_junk,true,true,true,true,not_yet_decoded
models/props_junk/terracotta01.mdl,props_junk,true,true,true,true,not_yet_decoded
models/props_junk/terracotta_chunk01a.mdl,props_junk,true,true,true,true,not_yet_decoded
models/props_junk/terracotta_chunk01b.mdl,props_junk,true,true,true,true,not_yet_decoded
models/props_junk/terracotta_chunk01f.mdl,props_junk,true,true,true,true,not_yet_decoded
models/props_junk/trafficcone001a.mdl,props_junk,true,true,true,true,not_yet_decoded
models/props_junk/trashbin01a.mdl,props_junk,true,true,true,true,not_yet_decoded
models/props_junk/trashcluster01a.mdl,props_junk,true,true,true,true,not_yet_decoded
models/props_junk/trashdumpster01a.mdl,props_junk,true,true,true,true,not_yet_decoded
models/props_junk/trashdumpster02.mdl,props_junk,true,true,true,true,not_yet_decoded
models/props_junk/trashdumpster02b.mdl,props_junk,true,true,true,true,not_yet_decoded
models/props_junk/vent001.mdl,props_junk,true,true,true,true,not_yet_decoded
models/props_junk/vent001_chunk1.mdl,props_junk,true,true,true,true,not_yet_decoded
models/props_junk/vent001_chunk2.mdl,props_junk,true,true,true,true,not_yet_decoded
models/props_junk/vent001_chunk3.mdl,props_junk,true,true,true,true,not_yet_decoded
models/props_junk/vent001_chunk4.mdl,props_junk,true,true,true,true,not_yet_decoded
models/props_junk/vent001_chunk5.mdl,props_junk,true,true,true,true,not_yet_decoded
models/props_junk/vent001_chunk6.mdl,props_junk,true,true,true,true,not_yet_decoded
models/props_junk/vent001_chunk7.mdl,props_junk,true,true,true,true,not_yet_decoded
models/props_junk/vent001_chunk8.mdl,props_junk,true,true,true,true,not_yet_decoded
models/props_junk/watermelon01.mdl,props_junk,true,true,true,true,not_yet_decoded
models/props_junk/watermelon01_chunk01a.mdl,props_junk,true,true,true,true,not_yet_decoded
models/props_junk/watermelon01_chunk01b.mdl,props_junk,true,true,true,true,not_yet_decoded
models/props_junk/watermelon01_chunk01c.mdl,props_junk,true,true,true,true,not_yet_decoded
models/props_junk/watermelon01_chunk02a.mdl,props_junk,true,true,true,true,not_yet_decoded
models/props_junk/watermelon01_chunk02b.mdl,props_junk,true,true,true,true,not_yet_decoded
models/props_junk/watermelon01_chunk02c.mdl,props_junk,true,true,true,true,not_yet_decoded
models/props_junk/wheebarrow01a.mdl,props_junk,true,true,true,true,not_yet_decoded
models/props_junk/wood_crate001a.mdl,props_junk,true,true,true,true,not_yet_decoded
models/props_junk/wood_crate001a_chunk01.mdl,props_junk,true,true,true,true,not_yet_decoded
models/props_junk/wood_crate001a_chunk02.mdl,props_junk,true,true,true,true,not_yet_decoded
models/props_junk/wood_crate001a_chunk03.mdl,props_junk,true,true,true,true,not_yet_decoded
models/props_junk/wood_crate001a_chunk04.mdl,props_junk,true,true,true,true,not_yet_decoded
models/props_junk/wood_crate001a_chunk05.mdl,props_junk,true,true,true,true,not_yet_decoded
models/props_junk/wood_crate001a_chunk06.mdl,props_junk,true,true,true,true,not_yet_decoded
models/props_junk/wood_crate001a_chunk07.mdl,props_junk,true,true,true,true,not_yet_decoded
models/props_junk/wood_crate001a_chunk09.mdl,props_junk,true,true,true,true,not_yet_decoded
models/props_junk/wood_crate001a_damaged.mdl,props_junk,true,true,true,true,not_yet_decoded
models/props_junk/wood_crate001a_damagedmax.mdl,props_junk,true,true,true,true,not_yet_decoded
models/props_junk/wood_crate002a.mdl,props_junk,true,true,true,true,not_yet_decoded
models/props_junk/wood_pallet001a.mdl,props_junk,true,true,true,true,not_yet_decoded
models/props_junk/wood_pallet001a_chunka.mdl,props_junk,true,true,true,true,not_yet_decoded
models/props_junk/wood_pallet001a_chunka1.mdl,props_junk,true,true,true,true,not_yet_decoded
models/props_junk/wood_pallet001a_chunka3.mdl,props_junk,true,true,true,true,not_yet_decoded
models/props_junk/wood_pallet001a_chunka4.mdl,props_junk,true,true,true,true,not_yet_decoded
models/props_junk/wood_pallet001a_chunkb2.mdl,props_junk,true,true,true,true,not_yet_decoded
models/props_junk/wood_pallet001a_chunkb3.mdl,props_junk,true,true,true,true,not_yet_decoded
models/props_junk/wood_pallet001a_shard01.mdl,props_junk,true,true,true,true,not_yet_decoded
models/props_junk/wood_spool01.mdl,props_junk,true,true,true,true,not_yet_decoded
models/props_lab/airlockscanner.mdl,props_lab,true,true,false,true,not_yet_decoded
models/props_lab/bewaredog.mdl,props_lab,true,true,true,true,not_yet_decoded
models/props_lab/bigrock.mdl,props_lab,true,true,true,true,not_yet_decoded
models/props_lab/binderblue.mdl,props_lab,true,true,true,true,not_yet_decoded
models/props_lab/binderbluelabel.mdl,props_lab,true,true,true,true,not_yet_decoded
models/props_lab/bindergraylabel01a.mdl,props_lab,true,true,true,true,not_yet_decoded
models/props_lab/bindergraylabel01b.mdl,props_lab,true,true,true,true,not_yet_decoded
models/props_lab/bindergreen.mdl,props_lab,true,true,true,true,not_yet_decoded
models/props_lab/bindergreenlabel.mdl,props_lab,true,true,true,true,not_yet_decoded
models/props_lab/binderredlabel.mdl,props_lab,true,true,true,true,not_yet_decoded
models/props_lab/blastdoor001a.mdl,props_lab,true,true,true,true,not_yet_decoded
models/props_lab/blastdoor001b.mdl,props_lab,true,true,true,true,not_yet_decoded
models/props_lab/blastdoor001c.mdl,props_lab,true,true,true,true,not_yet_decoded
models/props_lab/blastwindow.mdl,props_lab,true,true,false,true,not_yet_decoded
models/props_lab/box01a.mdl,props_lab,true,true,true,true,not_yet_decoded
models/props_lab/box01b.mdl,props_lab,true,true,true,true,not_yet_decoded
models/props_lab/cactus.mdl,props_lab,true,true,true,true,not_yet_decoded
models/props_lab/chess.mdl,props_lab,true,true,false,true,not_yet_decoded
models/props_lab/citizenradio.mdl,props_lab,true,true,true,true,not_yet_decoded
models/props_lab/cleaver.mdl,props_lab,true,true,false,true,not_yet_decoded
models/props_lab/clipboard.mdl,props_lab,true,true,true,true,not_yet_decoded
models/props_lab/corkboard001.mdl,props_lab,true,true,false,true,not_yet_decoded
models/props_lab/corkboard002.mdl,props_lab,true,true,false,true,not_yet_decoded
models/props_lab/cornerunit.mdl,props_lab,true,true,true,true,not_yet_decoded
models/props_lab/cornerunit2.mdl,props_lab,true,true,true,true,not_yet_decoded
models/props_lab/crematorcase.mdl,props_lab,true,true,true,true,not_yet_decoded
models/props_lab/crystalbulk.mdl,props_lab,true,true,true,true,not_yet_decoded
models/props_lab/crystalholder_bars.mdl,props_lab,true,true,false,true,not_yet_decoded
models/props_lab/crystalholder_claw.mdl,props_lab,true,true,false,false,not_yet_decoded
models/props_lab/crystalholder_crystal.mdl,props_lab,true,true,false,false,not_yet_decoded
models/props_lab/desklamp01.mdl,props_lab,true,true,true,true,not_yet_decoded
models/props_lab/dogobject_wood_crate001a_damagedmax.mdl,props_lab,true,true,true,true,not_yet_decoded
models/props_lab/elevatordoor.mdl,props_lab,true,true,true,true,not_yet_decoded
models/props_lab/eyescanner.mdl,props_lab,true,true,false,true,not_yet_decoded
models/props_lab/filecabinet02.mdl,props_lab,true,true,true,true,not_yet_decoded
models/props_lab/frame001a.mdl,props_lab,true,true,false,true,not_yet_decoded
models/props_lab/frame002a.mdl,props_lab,true,true,true,true,not_yet_decoded
models/props_lab/freightelevator.mdl,props_lab,true,true,false,true,not_yet_decoded
models/props_lab/freightelevatorbutton.mdl,props_lab,true,true,true,true,not_yet_decoded
models/props_lab/generator.mdl,props_lab,true,true,true,true,not_yet_decoded
models/props_lab/generatorconsole.mdl,props_lab,true,true,true,true,not_yet_decoded
models/props_lab/generatorhose.mdl,props_lab,true,true,false,false,not_yet_decoded
models/props_lab/generatortube.mdl,props_lab,true,true,true,true,not_yet_decoded
models/props_lab/handrail01_long_stairwell01.mdl,props_lab,true,true,true,true,not_yet_decoded
models/props_lab/harddrive01.mdl,props_lab,true,true,true,true,not_yet_decoded
models/props_lab/harddrive02.mdl,props_lab,true,true,true,true,not_yet_decoded
models/props_lab/headcrabprep.mdl,props_lab,true,true,false,true,not_yet_decoded
models/props_lab/hev_case.mdl,props_lab,true,true,true,true,not_yet_decoded
models/props_lab/hev_machine.mdl,props_lab,true,true,true,true,not_yet_decoded
models/props_lab/hevplate.mdl,props_lab,true,true,true,true,not_yet_decoded
models/props_lab/hl1teleport.mdl,props_lab,true,true,false,false,not_yet_decoded
models/props_lab/huladoll.mdl,props_lab,true,true,true,true,not_yet_decoded
models/props_lab/incubatorplug.mdl,props_lab,true,true,true,true,not_yet_decoded
models/props_lab/jar01a.mdl,props_lab,true,true,true,true,not_yet_decoded
models/props_lab/jar01b.mdl,props_lab,true,true,true,true,not_yet_decoded
models/props_lab/kennel.mdl,props_lab,true,true,true,true,not_yet_decoded
models/props_lab/kennel_physics.mdl,props_lab,true,true,true,true,not_yet_decoded
models/props_lab/keypad.mdl,props_lab,true,true,true,true,not_yet_decoded
models/props_lab/lab_flourescentlight001a.mdl,props_lab,true,true,true,true,not_yet_decoded
models/props_lab/lab_flourescentlight001b.mdl,props_lab,true,true,true,true,not_yet_decoded
models/props_lab/lab_flourescentlight002b.mdl,props_lab,true,true,true,true,not_yet_decoded
models/props_lab/labpart.mdl,props_lab,true,true,false,true,not_yet_decoded
models/props_lab/labturret.mdl,props_lab,true,true,true,true,not_yet_decoded
models/props_lab/ladderset.mdl,props_lab,true,true,true,false,not_yet_decoded
models/props_lab/ladel.mdl,props_lab,true,true,false,true,not_yet_decoded
models/props_lab/lockerdoorleft.mdl,props_lab,true,true,true,true,not_yet_decoded
models/props_lab/lockerdoorright.mdl,props_lab,true,true,true,true,not_yet_decoded
models/props_lab/lockerdoorsingle.mdl,props_lab,true,true,true,true,not_yet_decoded
models/props_lab/lockers.mdl,props_lab,true,true,true,true,not_yet_decoded
models/props_lab/miniteleport.mdl,props_lab,true,true,true,true,not_yet_decoded
models/props_lab/miniteleportarc.mdl,props_lab,true,true,false,true,not_yet_decoded
models/props_lab/mobileprojector.mdl,props_lab,true,true,true,true,not_yet_decoded
models/props_lab/mobileprojector_beam.mdl,props_lab,true,true,false,false,not_yet_decoded
models/props_lab/monitor01a.mdl,props_lab,true,true,true,true,not_yet_decoded
models/props_lab/monitor01b.mdl,props_lab,true,true,true,true,not_yet_decoded
models/props_lab/monitor02.mdl,props_lab,true,true,true,true,not_yet_decoded
models/props_lab/partsbin01.mdl,props_lab,true,true,true,true,not_yet_decoded
models/props_lab/pipesystem01a.mdl,props_lab,true,true,true,true,not_yet_decoded
models/props_lab/pipesystem01b.mdl,props_lab,true,true,true,true,not_yet_decoded
models/props_lab/pipesystem02a.mdl,props_lab,true,true,true,true,not_yet_decoded
models/props_lab/pipesystem02b.mdl,props_lab,true,true,true,true,not_yet_decoded
models/props_lab/pipesystem02c.mdl,props_lab,true,true,true,true,not_yet_decoded
models/props_lab/pipesystem02d.mdl,props_lab,true,true,true,true,not_yet_decoded
models/props_lab/pipesystem02e.mdl,props_lab,true,true,true,true,not_yet_decoded
models/props_lab/pipesystem03a.mdl,props_lab,true,true,true,true,not_yet_decoded
models/props_lab/pipesystem03b.mdl,props_lab,true,true,true,true,not_yet_decoded
models/props_lab/pipesystem03c.mdl,props_lab,true,true,true,true,not_yet_decoded
models/props_lab/pipesystem03d.mdl,props_lab,true,true,true,true,not_yet_decoded
models/props_lab/plotter.mdl,props_lab,true,true,true,true,not_yet_decoded
models/props_lab/power_cable001.mdl,props_lab,true,true,true,true,not_yet_decoded
models/props_lab/power_cable001a.mdl,props_lab,true,true,true,true,not_yet_decoded
models/props_lab/power_cable002.mdl,props_lab,true,true,true,true,not_yet_decoded
models/props_lab/power_cable002a.mdl,props_lab,true,true,true,true,not_yet_decoded
models/props_lab/powerbox01a.mdl,props_lab,true,true,true,true,not_yet_decoded
models/props_lab/powerbox02a.mdl,props_lab,true,true,true,true,not_yet_decoded
models/props_lab/powerbox02b.mdl,props_lab,true,true,true,true,not_yet_decoded
models/props_lab/powerbox02c.mdl,props_lab,true,true,true,true,not_yet_decoded
models/props_lab/powerbox02d.mdl,props_lab,true,true,true,true,not_yet_decoded
models/props_lab/powerbox03a.mdl,props_lab,true,true,true,true,not_yet_decoded
models/props_lab/ravendoor.mdl,props_lab,true,true,true,true,not_yet_decoded
models/props_lab/reciever01a.mdl,props_lab,true,true,true,true,not_yet_decoded
models/props_lab/reciever01b.mdl,props_lab,true,true,true,true,not_yet_decoded
models/props_lab/reciever01c.mdl,props_lab,true,true,true,true,not_yet_decoded
models/props_lab/reciever01d.mdl,props_lab,true,true,true,true,not_yet_decoded
models/props_lab/reciever_cart.mdl,props_lab,true,true,true,true,not_yet_decoded
models/props_lab/rotato.mdl,props_lab,true,true,false,true,not_yet_decoded
models/props_lab/scanner1_scrapyard.mdl,props_lab,true,true,false,false,not_yet_decoded
models/props_lab/scanner2_scrapyard.mdl,props_lab,true,true,false,false,not_yet_decoded
models/props_lab/scanner3_scrapyard.mdl,props_lab,true,true,false,false,not_yet_decoded
models/props_lab/scanner4_scrapyard.mdl,props_lab,true,true,false,false,not_yet_decoded
models/props_lab/scrapyarddumpster.mdl,props_lab,true,true,true,true,not_yet_decoded
models/props_lab/scrapyarddumpster_static.mdl,props_lab,true,true,true,true,not_yet_decoded
models/props_lab/securitybank.mdl,props_lab,true,true,true,true,not_yet_decoded
models/props_lab/servers.mdl,props_lab,true,true,true,true,not_yet_decoded
models/props_lab/soupprep.mdl,props_lab,true,true,false,true,not_yet_decoded
models/props_lab/teleplatform.mdl,props_lab,true,true,true,true,not_yet_decoded
models/props_lab/teleportbulk.mdl,props_lab,true,true,true,true,not_yet_decoded
models/props_lab/teleportbulkeli.mdl,props_lab,true,true,true,true,not_yet_decoded
models/props_lab/teleportframe.mdl,props_lab,true,true,true,true,not_yet_decoded
models/props_lab/teleportgate.mdl,props_lab,true,true,true,true,not_yet_decoded
models/props_lab/teleportring.mdl,props_lab,true,true,false,true,not_yet_decoded
models/props_lab/tpplug.mdl,props_lab,true,true,true,true,not_yet_decoded
models/props_lab/tpplugholder.mdl,props_lab,true,true,true,true,not_yet_decoded
models/props_lab/tpplugholder_light.mdl,props_lab,true,true,true,true,not_yet_decoded
models/props_lab/tpplugholder_single.mdl,props_lab,true,true,true,true,not_yet_decoded
models/props_lab/tpswitch.mdl,props_lab,true,true,true,true,not_yet_decoded
models/props_lab/walllight001a.mdl,props_lab,true,true,true,true,not_yet_decoded
models/props_lab/workspace001.mdl,props_lab,true,true,true,true,not_yet_decoded
models/props_lab/workspace002.mdl,props_lab,true,true,true,true,not_yet_decoded
models/props_lab/workspace003.mdl,props_lab,true,true,true,true,not_yet_decoded
models/props_lab/workspace004.mdl,props_lab,true,true,true,true,not_yet_decoded
models/props_mining/antlion_detector.mdl,props_mining,true,true,true,true,not_yet_decoded
models/props_mining/antlion_detector_lights_base.mdl,props_mining,true,true,true,true,not_yet_decoded
models/props_mining/antlion_detector_lights_lamp.mdl,props_mining,true,true,true,true,not_yet_decoded
models/props_mining/arches_cluster.mdl,props_mining,true,true,false,false,not_yet_decoded
models/props_mining/arches_u.mdl,props_mining,true,true,true,true,not_yet_decoded
models/props_mining/barrier_cluster.mdl,props_mining,true,true,true,true,not_yet_decoded
models/props_mining/brace_mining01.mdl,props_mining,true,true,true,true,not_yet_decoded
models/props_mining/bucket_mining01.mdl,props_mining,true,true,true,true,not_yet_decoded
models/props_mining/cables_cluster.mdl,props_mining,true,true,true,false,not_yet_decoded
models/props_mining/caverocks_cluster01.mdl,props_mining,true,true,true,true,not_yet_decoded
models/props_mining/caverocks_cluster02.mdl,props_mining,true,true,true,true,not_yet_decoded
models/props_mining/ceiling01.mdl,props_mining,true,true,false,false,not_yet_decoded
models/props_mining/ceiling_junk.mdl,props_mining,true,true,true,false,not_yet_decoded
models/props_mining/ceiling_winch01.mdl,props_mining,true,true,true,true,not_yet_decoded
models/props_mining/control_lever01.mdl,props_mining,true,true,true,true,not_yet_decoded
models/props_mining/diesel_generator.mdl,props_mining,true,true,true,true,not_yet_decoded
models/props_mining/diesel_generator_crank.mdl,props_mining,true,true,true,true,not_yet_decoded
models/props_mining/diesel_generator_needle.mdl,props_mining,true,true,false,true,not_yet_decoded
models/props_mining/elevator01_cage.mdl,props_mining,true,true,true,true,not_yet_decoded
models/props_mining/elevator01_cagedoor.mdl,props_mining,true,true,true,true,not_yet_decoded
models/props_mining/elevator01_framework.mdl,props_mining,true,true,true,true,not_yet_decoded
models/props_mining/elevator02_cage.mdl,props_mining,true,true,true,true,not_yet_decoded
models/props_mining/elevator_winch.mdl,props_mining,true,true,true,true,not_yet_decoded
models/props_mining/elevator_winch_cog.mdl,props_mining,true,true,true,true,not_yet_decoded
models/props_mining/elevator_winch_empty.mdl,props_mining,true,true,true,true,not_yet_decoded
models/props_mining/elevator_winch_shaft.mdl,props_mining,true,true,true,true,not_yet_decoded
models/props_mining/fanbase01.mdl,props_mining,true,true,true,true,not_yet_decoded
models/props_mining/fanblade01.mdl,props_mining,true,true,true,true,not_yet_decoded
models/props_mining/flatbed_cart01.mdl,props_mining,true,true,true,true,not_yet_decoded
models/props_mining/flatbed_cart02.mdl,props_mining,true,true,true,true,not_yet_decoded
models/props_mining/flatbed_cart03.mdl,props_mining,true,true,true,true,not_yet_decoded
models/props_mining/flatbed_flap01.mdl,props_mining,true,true,true,true,not_yet_decoded
models/props_mining/flatbed_flap02.mdl,props_mining,true,true,true,true,not_yet_decoded
models/props_mining/freightelevatorbutton01.mdl,props_mining,true,true,true,true,not_yet_decoded
models/props_mining/freightelevatorbutton02.mdl,props_mining,true,true,true,true,not_yet_decoded
models/props_mining/indicator_updown01.mdl,props_mining,true,true,true,true,not_yet_decoded
models/props_mining/lamps01.mdl,props_mining,true,true,true,true,not_yet_decoded
models/props_mining/lamps02.mdl,props_mining,true,true,true,true,not_yet_decoded
models/props_mining/lamps_cluster02.mdl,props_mining,true,true,true,false,not_yet_decoded
models/props_mining/mesh_ceiling01.mdl,props_mining,true,true,true,true,not_yet_decoded
models/props_mining/mesh_ceiling02.mdl,props_mining,true,true,true,true,not_yet_decoded
models/props_mining/mesh_ceiling03.mdl,props_mining,true,true,true,true,not_yet_decoded
models/props_mining/mesh_ceiling04.mdl,props_mining,true,true,true,true,not_yet_decoded
models/props_mining/oiltank01.mdl,props_mining,true,true,true,true,not_yet_decoded
models/props_mining/pickaxe01.mdl,props_mining,true,true,true,true,not_yet_decoded
models/props_mining/pickaxe01_head.mdl,props_mining,true,true,true,true,not_yet_decoded
models/props_mining/pipe_ceiling_1024.mdl,props_mining,true,true,true,true,not_yet_decoded
models/props_mining/pipe_ceiling_1664.mdl,props_mining,true,true,true,true,not_yet_decoded
models/props_mining/pipe_ceiling_end.mdl,props_mining,true,true,true,true,not_yet_decoded
models/props_mining/pipe_ceiling_support.mdl,props_mining,true,true,true,true,not_yet_decoded
models/props_mining/pipe_cluster01.mdl,props_mining,true,true,true,true,not_yet_decoded
models/props_mining/pipe_goopit01.mdl,props_mining,true,true,true,true,not_yet_decoded
models/props_mining/pipe_goopit02.mdl,props_mining,true,true,true,true,not_yet_decoded
models/props_mining/pipe_turretsroom01.mdl,props_mining,true,true,true,true,not_yet_decoded
models/props_mining/pipe_turretsroom02.mdl,props_mining,true,true,true,true,not_yet_decoded
models/props_mining/pipe_turretsroom03.mdl,props_mining,true,true,true,true,not_yet_decoded
models/props_mining/pipe_turretsroom04.mdl,props_mining,true,true,true,true,not_yet_decoded
models/props_mining/power_cable01.mdl,props_mining,true,true,true,false,not_yet_decoded
models/props_mining/power_cable02.mdl,props_mining,true,true,true,false,not_yet_decoded
models/props_mining/power_cable03.mdl,props_mining,true,true,true,false,not_yet_decoded
models/props_mining/railroad_spike01.mdl,props_mining,true,true,true,true,not_yet_decoded
models/props_mining/rock_caves01.mdl,props_mining,true,true,true,true,not_yet_decoded
models/props_mining/rock_caves01a.mdl,props_mining,true,true,true,true,not_yet_decoded
models/props_mining/rock_caves01b.mdl,props_mining,true,true,true,true,not_yet_decoded
models/props_mining/rock_caves01c.mdl,props_mining,true,true,true,true,not_yet_decoded
models/props_mining/rollup_door01.mdl,props_mining,true,true,true,true,not_yet_decoded
models/props_mining/rollup_door02.mdl,props_mining,true,true,true,true,not_yet_decoded
models/props_mining/rollup_doortoppart128.mdl,props_mining,true,true,true,true,not_yet_decoded
models/props_mining/rollup_doortoppart256.mdl,props_mining,true,true,true,true,not_yet_decoded
models/props_mining/rollup_doortoppart72.mdl,props_mining,true,true,true,true,not_yet_decoded
models/props_mining/stalactite_cluster01.mdl,props_mining,true,true,true,true,not_yet_decoded
models/props_mining/stalactite_cluster01a.mdl,props_mining,true,true,true,true,not_yet_decoded
models/props_mining/stalactite_cluster01b.mdl,props_mining,true,true,true,true,not_yet_decoded
models/props_mining/stalactite_cluster01c.mdl,props_mining,true,true,true,true,not_yet_decoded
models/props_mining/stalactite_cluster01d.mdl,props_mining,true,true,true,true,not_yet_decoded
models/props_mining/stalactite_cluster01e.mdl,props_mining,true,true,true,true,not_yet_decoded
models/props_mining/stalactite_cluster02.mdl,props_mining,true,true,true,true,not_yet_decoded
models/props_mining/stalactite_cluster02a.mdl,props_mining,true,true,true,true,not_yet_decoded
models/props_mining/stalactite_cluster02b.mdl,props_mining,true,true,true,true,not_yet_decoded
models/props_mining/stalactite_cluster02c.mdl,props_mining,true,true,true,true,not_yet_decoded
models/props_mining/stalactite_cluster02d.mdl,props_mining,true,true,true,true,not_yet_decoded
models/props_mining/stalactite_cluster03.mdl,props_mining,true,true,true,true,not_yet_decoded
models/props_mining/stalactite_cluster03a.mdl,props_mining,true,true,true,true,not_yet_decoded
models/props_mining/stalactite_cluster03b.mdl,props_mining,true,true,true,true,not_yet_decoded
models/props_mining/stalactite_cluster03c.mdl,props_mining,true,true,true,true,not_yet_decoded
models/props_mining/stalactite_cluster03d.mdl,props_mining,true,true,true,true,not_yet_decoded
models/props_mining/stalactite_cluster03e.mdl,props_mining,true,true,true,true,not_yet_decoded
models/props_mining/stalactite_cluster04.mdl,props_mining,true,true,true,true,not_yet_decoded
models/props_mining/stalactite_cluster04a.mdl,props_mining,true,true,true,true,not_yet_decoded
models/props_mining/stalactite_cluster04b.mdl,props_mining,true,true,true,true,not_yet_decoded
models/props_mining/stalactite_cluster04c.mdl,props_mining,true,true,true,true,not_yet_decoded
models/props_mining/stalactite_cluster04d.mdl,props_mining,true,true,true,true,not_yet_decoded
models/props_mining/stalactite_cluster04e.mdl,props_mining,true,true,true,true,not_yet_decoded
models/props_mining/stalactite_static01.mdl,props_mining,true,true,true,true,not_yet_decoded
models/props_mining/stalactite_static02.mdl,props_mining,true,true,true,true,not_yet_decoded
models/props_mining/stalactite_static03.mdl,props_mining,true,true,true,true,not_yet_decoded
models/props_mining/stalactite_static04.mdl,props_mining,true,true,true,true,not_yet_decoded
models/props_mining/struts01.mdl,props_mining,true,true,true,true,not_yet_decoded
models/props_mining/struts_ceiling01.mdl,props_mining,true,true,true,true,not_yet_decoded
models/props_mining/struts_ceiling02.mdl,props_mining,true,true,true,true,not_yet_decoded
models/props_mining/struts_ceiling03.mdl,props_mining,true,true,true,true,not_yet_decoded
models/props_mining/struts_cluster01.mdl,props_mining,true,true,true,true,not_yet_decoded
models/props_mining/struts_cluster02.mdl,props_mining,true,true,true,true,not_yet_decoded
models/props_mining/struts_cluster03.mdl,props_mining,true,true,true,true,not_yet_decoded
models/props_mining/struts_room01.mdl,props_mining,true,true,true,true,not_yet_decoded
models/props_mining/struts_shaft01.mdl,props_mining,true,true,true,true,not_yet_decoded
models/props_mining/struts_single01.mdl,props_mining,true,true,true,true,not_yet_decoded
models/props_mining/struts_single02.mdl,props_mining,true,true,true,true,not_yet_decoded
models/props_mining/struts_tunnel192_01.mdl,props_mining,true,true,true,true,not_yet_decoded
models/props_mining/struts_tunnel192_02.mdl,props_mining,true,true,true,true,not_yet_decoded
models/props_mining/struts_tunnel192_03.mdl,props_mining,true,true,true,true,not_yet_decoded
models/props_mining/struts_tunnel320_01.mdl,props_mining,true,true,true,true,not_yet_decoded
models/props_mining/struts_tunnel320_02.mdl,props_mining,true,true,true,true,not_yet_decoded
models/props_mining/struts_tunnel320_03.mdl,props_mining,true,true,true,true,not_yet_decoded
models/props_mining/struts_tunnel320_04.mdl,props_mining,true,true,true,true,not_yet_decoded
models/props_mining/struts_tunnel320_05.mdl,props_mining,true,true,true,true,not_yet_decoded
models/props_mining/struts_wall01.mdl,props_mining,true,true,true,true,not_yet_decoded
models/props_mining/struts_wall02.mdl,props_mining,true,true,true,true,not_yet_decoded
models/props_mining/struts_wall03.mdl,props_mining,true,true,true,true,not_yet_decoded
models/props_mining/struts_wall04.mdl,props_mining,true,true,true,true,not_yet_decoded
models/props_mining/struts_wall05.mdl,props_mining,true,true,true,true,not_yet_decoded
models/props_mining/switch01.mdl,props_mining,true,true,true,true,not_yet_decoded
models/props_mining/switch_updown01.mdl,props_mining,true,true,true,true,not_yet_decoded
models/props_mining/techgate01.mdl,props_mining,true,true,true,true,not_yet_decoded
models/props_mining/techgate01_outland03.mdl,props_mining,true,true,true,true,not_yet_decoded
models/props_mining/test_model_hdr.mdl,props_mining,true,true,false,true,not_yet_decoded
models/props_mining/track01.mdl,props_mining,true,true,true,true,not_yet_decoded
models/props_mining/track02.mdl,props_mining,true,true,true,true,not_yet_decoded
models/props_mining/track03.mdl,props_mining,true,true,true,true,not_yet_decoded
models/props_mining/track_1024_01.mdl,props_mining,true,true,true,true,not_yet_decoded
models/props_mining/track_1664_01.mdl,props_mining,true,true,true,true,not_yet_decoded
models/props_mining/track_1664_02.mdl,props_mining,true,true,true,true,not_yet_decoded
models/props_mining/track_512_01.mdl,props_mining,true,true,true,true,not_yet_decoded
models/props_mining/warehouse_ceiling01.mdl,props_mining,true,true,true,false,not_yet_decoded
models/props_mining/warehouse_truss01.mdl,props_mining,true,true,true,false,not_yet_decoded
models/props_mining/wood_stack.mdl,props_mining,true,true,true,true,not_yet_decoded
models/props_outland/basementdoor01a.mdl,props_outland,true,true,true,true,not_yet_decoded
models/props_outland/basementdoor01a_damaged.mdl,props_outland,true,true,true,true,not_yet_decoded
models/props_outland/basementdoor01a_shard1.mdl,props_outland,true,true,true,true,not_yet_decoded
models/props_outland/basementdoor01a_shard2.mdl,props_outland,true,true,true,true,not_yet_decoded
models/props_outland/basementdoor01a_shard3.mdl,props_outland,true,true,true,true,not_yet_decoded
models/props_outland/bridge01.mdl,props_outland,true,true,false,false,not_yet_decoded
models/props_outland/bridge01_destruction.mdl,props_outland,true,true,false,false,not_yet_decoded
models/props_outland/chandelier.mdl,props_outland,true,true,true,true,not_yet_decoded
models/props_outland/combine_podholder.mdl,props_outland,true,true,true,true,not_yet_decoded
models/props_outland/ep2_train_trailer.mdl,props_outland,true,true,true,false,not_yet_decoded
models/props_outland/forklift_body.mdl,props_outland,true,true,true,true,not_yet_decoded
models/props_outland/forklift_fork.mdl,props_outland,true,true,true,true,not_yet_decoded
models/props_outland/forklift_lever.mdl,props_outland,true,true,true,true,not_yet_decoded
models/props_outland/generator_static01a.mdl,props_outland,true,true,true,true,not_yet_decoded
models/props_outland/haybale.mdl,props_outland,true,true,true,true,not_yet_decoded
models/props_outland/pumpkin01.mdl,props_outland,true,true,true,true,not_yet_decoded
models/props_outland/pumpkin01_chunk01a.mdl,props_outland,true,true,true,true,not_yet_decoded
models/props_outland/pumpkin01_chunk01b.mdl,props_outland,true,true,true,true,not_yet_decoded
models/props_outland/pumpkin01_chunk02a.mdl,props_outland,true,true,true,true,not_yet_decoded
models/props_outland/pumpkin01_explosive.mdl,props_outland,true,true,true,true,not_yet_decoded
models/props_outland/strider_sign.mdl,props_outland,true,true,true,true,not_yet_decoded
models/props_outland/trough_farm01.mdl,props_outland,true,true,true,true,not_yet_decoded
models/props_phx/amraam.mdl,props_phx,true,true,true,true,not_yet_decoded
models/props_phx/ball.mdl,props_phx,true,true,true,true,not_yet_decoded
models/props_phx/box_amraam.mdl,props_phx,true,true,true,true,not_yet_decoded
models/props_phx/box_torpedo.mdl,props_phx,true,true,true,true,not_yet_decoded
models/props_phx/cannon.mdl,props_phx,true,true,true,true,not_yet_decoded
models/props_phx/cannonball.mdl,props_phx,true,true,true,true,not_yet_decoded
models/props_phx/cannonball_solid.mdl,props_phx,true,true,true,true,not_yet_decoded
models/props_phx/carseat.mdl,props_phx,true,true,true,true,not_yet_decoded
models/props_phx/carseat2.mdl,props_phx,true,true,true,true,not_yet_decoded
models/props_phx/carseat3.mdl,props_phx,true,true,true,true,not_yet_decoded
models/props_phx/chrome_tire.mdl,props_phx,true,true,true,true,not_yet_decoded
models/props_phx/construct/concrete_barrier00.mdl,props_phx,true,true,true,true,not_yet_decoded
models/props_phx/construct/concrete_barrier01.mdl,props_phx,true,true,true,true,not_yet_decoded
models/props_phx/construct/concrete_pipe01.mdl,props_phx,true,true,true,true,not_yet_decoded
models/props_phx/construct/glass/glass_angle180.mdl,props_phx,true,true,true,true,not_yet_decoded
models/props_phx/construct/glass/glass_angle360.mdl,props_phx,true,true,true,true,not_yet_decoded
models/props_phx/construct/glass/glass_angle90.mdl,props_phx,true,true,true,true,not_yet_decoded
models/props_phx/construct/glass/glass_curve180x1.mdl,props_phx,true,true,true,true,not_yet_decoded
models/props_phx/construct/glass/glass_curve180x2.mdl,props_phx,true,true,true,true,not_yet_decoded
models/props_phx/construct/glass/glass_curve360x1.mdl,props_phx,true,true,true,true,not_yet_decoded
models/props_phx/construct/glass/glass_curve360x2.mdl,props_phx,true,true,true,true,not_yet_decoded
models/props_phx/construct/glass/glass_curve90x1.mdl,props_phx,true,true,true,true,not_yet_decoded
models/props_phx/construct/glass/glass_curve90x2.mdl,props_phx,true,true,true,true,not_yet_decoded
models/props_phx/construct/glass/glass_dome180.mdl,props_phx,true,true,true,true,not_yet_decoded
models/props_phx/construct/glass/glass_dome360.mdl,props_phx,true,true,true,true,not_yet_decoded
models/props_phx/construct/glass/glass_dome90.mdl,props_phx,true,true,true,true,not_yet_decoded
models/props_phx/construct/glass/glass_plate1x1.mdl,props_phx,true,true,true,true,not_yet_decoded
models/props_phx/construct/glass/glass_plate1x2.mdl,props_phx,true,true,true,true,not_yet_decoded
models/props_phx/construct/glass/glass_plate2x2.mdl,props_phx,true,true,true,true,not_yet_decoded
models/props_phx/construct/glass/glass_plate2x4.mdl,props_phx,true,true,true,true,not_yet_decoded
models/props_phx/construct/glass/glass_plate4x4.mdl,props_phx,true,true,true,true,not_yet_decoded
models/props_phx/construct/metal_angle180.mdl,props_phx,true,true,true,true,not_yet_decoded
models/props_phx/construct/metal_angle360.mdl,props_phx,true,true,true,true,not_yet_decoded
models/props_phx/construct/metal_angle90.mdl,props_phx,true,true,true,true,not_yet_decoded
models/props_phx/construct/metal_dome180.mdl,props_phx,true,true,true,true,not_yet_decoded
models/props_phx/construct/metal_dome360.mdl,props_phx,true,true,true,true,not_yet_decoded
models/props_phx/construct/metal_dome90.mdl,props_phx,true,true,true,true,not_yet_decoded
models/props_phx/construct/metal_plate1.mdl,props_phx,true,true,true,true,not_yet_decoded
models/props_phx/construct/metal_plate1_tri.mdl,props_phx,true,true,true,true,not_yet_decoded
models/props_phx/construct/metal_plate1x2.mdl,props_phx,true,true,true,true,not_yet_decoded
models/props_phx/construct/metal_plate1x2_tri.mdl,props_phx,true,true,true,true,not_yet_decoded
models/props_phx/construct/metal_plate2x2.mdl,props_phx,true,true,true,true,not_yet_decoded
models/props_phx/construct/metal_plate2x2_tri.mdl,props_phx,true,true,true,true,not_yet_decoded
models/props_phx/construct/metal_plate2x4.mdl,props_phx,true,true,true,true,not_yet_decoded
models/props_phx/construct/metal_plate2x4_tri.mdl,props_phx,true,true,true,true,not_yet_decoded
models/props_phx/construct/metal_plate4x4.mdl,props_phx,true,true,true,true,not_yet_decoded
models/props_phx/construct/metal_plate4x4_tri.mdl,props_phx,true,true,true,true,not_yet_decoded
models/props_phx/construct/metal_plate_curve.mdl,props_phx,true,true,true,true,not_yet_decoded
models/props_phx/construct/metal_plate_curve180.mdl,props_phx,true,true,true,true,not_yet_decoded
models/props_phx/construct/metal_plate_curve180x2.mdl,props_phx,true,true,true,true,not_yet_decoded
models/props_phx/construct/metal_plate_curve2.mdl,props_phx,true,true,true,true,not_yet_decoded
models/props_phx/construct/metal_plate_curve2x2.mdl,props_phx,true,true,true,true,not_yet_decoded
models/props_phx/construct/metal_plate_curve360.mdl,props_phx,true,true,true,true,not_yet_decoded
models/props_phx/construct/metal_plate_curve360x2.mdl,props_phx,true,true,true,true,not_yet_decoded
models/props_phx/construct/metal_plate_pipe.mdl,props_phx,true,true,true,true,not_yet_decoded
models/props_phx/construct/metal_tube.mdl,props_phx,true,true,true,true,not_yet_decoded
models/props_phx/construct/metal_tubex2.mdl,props_phx,true,true,true,true,not_yet_decoded
models/props_phx/construct/metal_wire1x1.mdl,props_phx,true,true,true,true,not_yet_decoded
models/props_phx/construct/metal_wire1x1x1.mdl,props_phx,true,true,true,true,not_yet_decoded
models/props_phx/construct/metal_wire1x1x2.mdl,props_phx,true,true,true,true,not_yet_decoded
models/props_phx/construct/metal_wire1x1x2b.mdl,props_phx,true,true,true,true,not_yet_decoded
models/props_phx/construct/metal_wire1x2.mdl,props_phx,true,true,true,true,not_yet_decoded
models/props_phx/construct/metal_wire1x2b.mdl,props_phx,true,true,true,true,not_yet_decoded
models/props_phx/construct/metal_wire1x2x2b.mdl,props_phx,true,true,true,true,not_yet_decoded
models/props_phx/construct/metal_wire2x2.mdl,props_phx,true,true,true,true,not_yet_decoded
models/props_phx/construct/metal_wire2x2b.mdl,props_phx,true,true,true,true,not_yet_decoded
models/props_phx/construct/metal_wire2x2x2b.mdl,props_phx,true,true,true,true,not_yet_decoded
models/props_phx/construct/metal_wire_angle180x1.mdl,props_phx,true,true,true,true,not_yet_decoded
models/props_phx/construct/metal_wire_angle180x2.mdl,props_phx,true,true,true,true,not_yet_decoded
models/props_phx/construct/metal_wire_angle360x1.mdl,props_phx,true,true,true,true,not_yet_decoded
models/props_phx/construct/metal_wire_angle360x2.mdl,props_phx,true,true,true,true,not_yet_decoded
models/props_phx/construct/metal_wire_angle90x1.mdl,props_phx,true,true,true,true,not_yet_decoded
models/props_phx/construct/metal_wire_angle90x2.mdl,props_phx,true,true,true,true,not_yet_decoded
models/props_phx/construct/plastic/plastic_angle_180.mdl,props_phx,true,true,true,true,not_yet_decoded
models/props_phx/construct/plastic/plastic_angle_360.mdl,props_phx,true,true,true,true,not_yet_decoded
models/props_phx/construct/plastic/plastic_angle_90.mdl,props_phx,true,true,true,true,not_yet_decoded
models/props_phx/construct/plastic/plastic_panel1x1.mdl,props_phx,true,true,true,true,not_yet_decoded
models/props_phx/construct/plastic/plastic_panel1x2.mdl,props_phx,true,true,true,true,not_yet_decoded
models/props_phx/construct/plastic/plastic_panel1x3.mdl,props_phx,true,true,true,true,not_yet_decoded
models/props_phx/construct/plastic/plastic_panel1x4.mdl,props_phx,true,true,true,true,not_yet_decoded
models/props_phx/construct/plastic/plastic_panel1x8.mdl,props_phx,true,true,true,true,not_yet_decoded
models/props_phx/construct/plastic/plastic_panel2x2.mdl,props_phx,true,true,true,true,not_yet_decoded
models/props_phx/construct/plastic/plastic_panel2x3.mdl,props_phx,true,true,true,true,not_yet_decoded
models/props_phx/construct/plastic/plastic_panel2x4.mdl,props_phx,true,true,true,true,not_yet_decoded
models/props_phx/construct/plastic/plastic_panel2x8.mdl,props_phx,true,true,true,true,not_yet_decoded
models/props_phx/construct/plastic/plastic_panel3x3.mdl,props_phx,true,true,true,true,not_yet_decoded
models/props_phx/construct/plastic/plastic_panel4x4.mdl,props_phx,true,true,true,true,not_yet_decoded
models/props_phx/construct/plastic/plastic_panel4x8.mdl,props_phx,true,true,true,true,not_yet_decoded
models/props_phx/construct/plastic/plastic_panel8x8.mdl,props_phx,true,true,true,true,not_yet_decoded
models/props_phx/construct/windows/window1x1.mdl,props_phx,true,true,true,true,not_yet_decoded
models/props_phx/construct/windows/window1x2.mdl,props_phx,true,true,true,true,not_yet_decoded
models/props_phx/construct/windows/window2x2.mdl,props_phx,true,true,true,true,not_yet_decoded
models/props_phx/construct/windows/window2x4.mdl,props_phx,true,true,true,true,not_yet_decoded
models/props_phx/construct/windows/window4x4.mdl,props_phx,true,true,true,true,not_yet_decoded
models/props_phx/construct/windows/window_angle180.mdl,props_phx,true,true,true,true,not_yet_decoded
models/props_phx/construct/windows/window_angle360.mdl,props_phx,true,true,true,true,not_yet_decoded
models/props_phx/construct/windows/window_angle90.mdl,props_phx,true,true,true,true,not_yet_decoded
models/props_phx/construct/windows/window_curve180x1.mdl,props_phx,true,true,true,true,not_yet_decoded
models/props_phx/construct/windows/window_curve180x2.mdl,props_phx,true,true,true,true,not_yet_decoded
models/props_phx/construct/windows/window_curve360x1.mdl,props_phx,true,true,true,true,not_yet_decoded
models/props_phx/construct/windows/window_curve360x2.mdl,props_phx,true,true,true,true,not_yet_decoded
models/props_phx/construct/windows/window_curve90x1.mdl,props_phx,true,true,true,true,not_yet_decoded
models/props_phx/construct/windows/window_curve90x2.mdl,props_phx,true,true,true,true,not_yet_decoded
models/props_phx/construct/windows/window_dome180.mdl,props_phx,true,true,true,true,not_yet_decoded
models/props_phx/construct/windows/window_dome360.mdl,props_phx,true,true,true,true,not_yet_decoded
models/props_phx/construct/windows/window_dome90.mdl,props_phx,true,true,true,true,not_yet_decoded
models/props_phx/construct/wood/wood_angle180.mdl,props_phx,true,true,true,true,not_yet_decoded
models/props_phx/construct/wood/wood_angle360.mdl,props_phx,true,true,true,true,not_yet_decoded
models/props_phx/construct/wood/wood_angle90.mdl,props_phx,true,true,true,true,not_yet_decoded
models/props_phx/construct/wood/wood_boardx1.mdl,props_phx,true,true,true,true,not_yet_decoded
models/props_phx/construct/wood/wood_boardx2.mdl,props_phx,true,true,true,true,not_yet_decoded
models/props_phx/construct/wood/wood_boardx4.mdl,props_phx,true,true,true,true,not_yet_decoded
models/props_phx/construct/wood/wood_curve180x1.mdl,props_phx,true,true,true,true,not_yet_decoded
models/props_phx/construct/wood/wood_curve180x2.mdl,props_phx,true,true,true,true,not_yet_decoded
models/props_phx/construct/wood/wood_curve360x1.mdl,props_phx,true,true,true,true,not_yet_decoded
models/props_phx/construct/wood/wood_curve360x2.mdl,props_phx,true,true,true,true,not_yet_decoded
models/props_phx/construct/wood/wood_curve90x1.mdl,props_phx,true,true,true,true,not_yet_decoded
models/props_phx/construct/wood/wood_curve90x2.mdl,props_phx,true,true,true,true,not_yet_decoded
models/props_phx/construct/wood/wood_dome180.mdl,props_phx,true,true,true,true,not_yet_decoded
models/props_phx/construct/wood/wood_dome360.mdl,props_phx,true,true,true,true,not_yet_decoded
models/props_phx/construct/wood/wood_dome90.mdl,props_phx,true,true,true,true,not_yet_decoded
models/props_phx/construct/wood/wood_panel1x1.mdl,props_phx,true,true,true,true,not_yet_decoded
models/props_phx/construct/wood/wood_panel1x2.mdl,props_phx,true,true,true,true,not_yet_decoded
models/props_phx/construct/wood/wood_panel2x2.mdl,props_phx,true,true,true,true,not_yet_decoded
models/props_phx/construct/wood/wood_panel2x4.mdl,props_phx,true,true,true,true,not_yet_decoded
models/props_phx/construct/wood/wood_panel4x4.mdl,props_phx,true,true,true,true,not_yet_decoded
models/props_phx/construct/wood/wood_wire1x1.mdl,props_phx,true,true,true,true,not_yet_decoded
models/props_phx/construct/wood/wood_wire1x1x1.mdl,props_phx,true,true,true,true,not_yet_decoded
models/props_phx/construct/wood/wood_wire1x1x2.mdl,props_phx,true,true,true,true,not_yet_decoded
models/props_phx/construct/wood/wood_wire1x1x2b.mdl,props_phx,true,true,true,true,not_yet_decoded
models/props_phx/construct/wood/wood_wire1x2.mdl,props_phx,true,true,true,true,not_yet_decoded
models/props_phx/construct/wood/wood_wire1x2b.mdl,props_phx,true,true,true,true,not_yet_decoded
models/props_phx/construct/wood/wood_wire1x2x2b.mdl,props_phx,true,true,true,true,not_yet_decoded
models/props_phx/construct/wood/wood_wire2x2.mdl,props_phx,true,true,true,true,not_yet_decoded
models/props_phx/construct/wood/wood_wire2x2b.mdl,props_phx,true,true,true,true,not_yet_decoded
models/props_phx/construct/wood/wood_wire2x2x2b.mdl,props_phx,true,true,true,true,not_yet_decoded
models/props_phx/construct/wood/wood_wire_angle180x1.mdl,props_phx,true,true,true,true,not_yet_decoded
models/props_phx/construct/wood/wood_wire_angle180x2.mdl,props_phx,true,true,true,true,not_yet_decoded
models/props_phx/construct/wood/wood_wire_angle360x1.mdl,props_phx,true,true,true,true,not_yet_decoded
models/props_phx/construct/wood/wood_wire_angle360x2.mdl,props_phx,true,true,true,true,not_yet_decoded
models/props_phx/construct/wood/wood_wire_angle90x1.mdl,props_phx,true,true,true,true,not_yet_decoded
models/props_phx/construct/wood/wood_wire_angle90x2.mdl,props_phx,true,true,true,true,not_yet_decoded
models/props_phx/empty_barrel.mdl,props_phx,true,true,true,true,not_yet_decoded
models/props_phx/facepunch_barrel.mdl,props_phx,true,true,true,true,not_yet_decoded
models/props_phx/facepunch_logo.mdl,props_phx,true,true,true,true,not_yet_decoded
models/props_phx/games/chess/black_bishop.mdl,props_phx,true,true,true,true,not_yet_decoded
models/props_phx/games/chess/black_dama.mdl,props_phx,true,true,true,true,not_yet_decoded
models/props_phx/games/chess/black_king.mdl,props_phx,true,true,true,true,not_yet_decoded
models/props_phx/games/chess/black_knight.mdl,props_phx,true,true,true,true,not_yet_decoded
models/props_phx/games/chess/black_pawn.mdl,props_phx,true,true,true,true,not_yet_decoded
models/props_phx/games/chess/black_queen.mdl,props_phx,true,true,true,true,not_yet_decoded
models/props_phx/games/chess/black_rook.mdl,props_phx,true,true,true,true,not_yet_decoded
models/props_phx/games/chess/board.mdl,props_phx,true,true,true,true,not_yet_decoded
models/props_phx/games/chess/white_bishop.mdl,props_phx,true,true,true,true,not_yet_decoded
models/props_phx/games/chess/white_dama.mdl,props_phx,true,true,true,true,not_yet_decoded
models/props_phx/games/chess/white_king.mdl,props_phx,true,true,true,true,not_yet_decoded
models/props_phx/games/chess/white_knight.mdl,props_phx,true,true,true,true,not_yet_decoded
models/props_phx/games/chess/white_pawn.mdl,props_phx,true,true,true,true,not_yet_decoded
models/props_phx/games/chess/white_queen.mdl,props_phx,true,true,true,true,not_yet_decoded
models/props_phx/games/chess/white_rook.mdl,props_phx,true,true,true,true,not_yet_decoded
models/props_phx/gears/bevel12.mdl,props_phx,true,true,true,true,not_yet_decoded
models/props_phx/gears/bevel24.mdl,props_phx,true,true,true,true,not_yet_decoded
models/props_phx/gears/bevel36.mdl,props_phx,true,true,true,true,not_yet_decoded
models/props_phx/gears/bevel9.mdl,props_phx,true,true,true,true,not_yet_decoded
models/props_phx/gears/bevel90_24.mdl,props_phx,true,true,true,true,not_yet_decoded
models/props_phx/gears/rack18.mdl,props_phx,true,true,true,true,not_yet_decoded
models/props_phx/gears/rack36.mdl,props_phx,true,true,true,true,not_yet_decoded
models/props_phx/gears/rack70.mdl,props_phx,true,true,true,true,not_yet_decoded
models/props_phx/gears/rack9.mdl,props_phx,true,true,true,true,not_yet_decoded
models/props_phx/gears/spur12.mdl,props_phx,true,true,true,true,not_yet_decoded
models/props_phx/gears/spur24.mdl,props_phx,true,true,true,true,not_yet_decoded
models/props_phx/gears/spur36.mdl,props_phx,true,true,true,true,not_yet_decoded
models/props_phx/gears/spur9.mdl,props_phx,true,true,true,true,not_yet_decoded
models/props_phx/gibs/flakgib1.mdl,props_phx,true,true,true,false,not_yet_decoded
models/props_phx/gibs/tire1_gib.mdl,props_phx,true,true,true,true,not_yet_decoded
models/props_phx/gibs/wooden_wheel1_gib1.mdl,props_phx,true,true,true,false,not_yet_decoded
models/props_phx/gibs/wooden_wheel1_gib2.mdl,props_phx,true,true,true,false,not_yet_decoded
models/props_phx/gibs/wooden_wheel1_gib3.mdl,props_phx,true,true,true,false,not_yet_decoded
models/props_phx/gibs/wooden_wheel2_gib1.mdl,props_phx,true,true,true,false,not_yet_decoded
models/props_phx/gibs/wooden_wheel2_gib2.mdl,props_phx,true,true,true,false,not_yet_decoded
models/props_phx/huge/evildisc_corp.mdl,props_phx,true,true,true,true,not_yet_decoded
models/props_phx/huge/road_curve.mdl,props_phx,true,true,true,true,not_yet_decoded
models/props_phx/huge/road_long.mdl,props_phx,true,true,true,true,not_yet_decoded
models/props_phx/huge/road_medium.mdl,props_phx,true,true,true,true,not_yet_decoded
models/props_phx/huge/road_short.mdl,props_phx,true,true,true,true,not_yet_decoded
models/props_phx/huge/tower.mdl,props_phx,true,true,true,true,not_yet_decoded
models/props_phx/mechanics/biggear.mdl,props_phx,true,true,true,true,not_yet_decoded
models/props_phx/mechanics/mech1.mdl,props_phx,true,true,true,true,not_yet_decoded
models/props_phx/mechanics/mech2.mdl,props_phx,true,true,true,true,not_yet_decoded
models/props_phx/mechanics/mech3.mdl,props_phx,true,true,true,true,not_yet_decoded
models/props_phx/mechanics/medgear.mdl,props_phx,true,true,true,true,not_yet_decoded
models/props_phx/mechanics/slider1.mdl,props_phx,true,true,true,true,not_yet_decoded
models/props_phx/mechanics/slider2.mdl,props_phx,true,true,true,true,not_yet_decoded
models/props_phx/misc/big_ramp.mdl,props_phx,true,true,true,true,not_yet_decoded
models/props_phx/misc/bunker01.mdl,props_phx,true,true,true,true,not_yet_decoded
models/props_phx/misc/egg.mdl,props_phx,true,true,true,true,not_yet_decoded
models/props_phx/misc/fender.mdl,props_phx,true,true,true,true,not_yet_decoded
models/props_phx/misc/flakshell_big.mdl,props_phx,true,true,true,true,not_yet_decoded
models/props_phx/misc/gibs/egg_piece1.mdl,props_phx,true,true,true,false,not_yet_decoded
models/props_phx/misc/gibs/egg_piece2.mdl,props_phx,true,true,true,false,not_yet_decoded
models/props_phx/misc/gibs/egg_piece3.mdl,props_phx,true,true,true,false,not_yet_decoded
models/props_phx/misc/gibs/egg_piece4.mdl,props_phx,true,true,true,false,not_yet_decoded
models/props_phx/misc/gibs/egg_piece5.mdl,props_phx,true,true,true,false,not_yet_decoded
models/props_phx/misc/gibs/egg_piece6.mdl,props_phx,true,true,true,false,not_yet_decoded
models/props_phx/misc/iron_beam1.mdl,props_phx,true,true,true,true,not_yet_decoded
models/props_phx/misc/iron_beam2.mdl,props_phx,true,true,true,true,not_yet_decoded
models/props_phx/misc/iron_beam3.mdl,props_phx,true,true,true,true,not_yet_decoded
models/props_phx/misc/iron_beam4.mdl,props_phx,true,true,true,true,not_yet_decoded
models/props_phx/misc/paddle_small.mdl,props_phx,true,true,true,true,not_yet_decoded
models/props_phx/misc/paddle_small2.mdl,props_phx,true,true,true,true,not_yet_decoded
models/props_phx/misc/potato.mdl,props_phx,true,true,true,true,not_yet_decoded
models/props_phx/misc/potato_launcher.mdl,props_phx,true,true,true,true,not_yet_decoded
models/props_phx/misc/potato_launcher_cap.mdl,props_phx,true,true,true,true,not_yet_decoded
models/props_phx/misc/potato_launcher_chamber.mdl,props_phx,true,true,true,true,not_yet_decoded
models/props_phx/misc/potato_launcher_explosive.mdl,props_phx,true,true,true,true,not_yet_decoded
models/props_phx/misc/propeller2x_small.mdl,props_phx,true,true,true,true,not_yet_decoded
models/props_phx/misc/propeller3x_small.mdl,props_phx,true,true,true,true,not_yet_decoded
models/props_phx/misc/small_ramp.mdl,props_phx,true,true,true,true,not_yet_decoded
models/props_phx/misc/smallcannon.mdl,props_phx,true,true,true,true,not_yet_decoded
models/props_phx/misc/smallcannonball.mdl,props_phx,true,true,true,true,not_yet_decoded
models/props_phx/misc/smallcannonclip.mdl,props_phx,true,true,true,true,not_yet_decoded
models/props_phx/misc/soccerball.mdl,props_phx,true,true,true,true,not_yet_decoded
models/props_phx/misc/t_light_head.mdl,props_phx,true,true,true,true,not_yet_decoded
models/props_phx/misc/t_light_single_a.mdl,props_phx,true,true,true,true,not_yet_decoded
models/props_phx/misc/t_light_single_b.mdl,props_phx,true,true,true,true,not_yet_decoded
models/props_phx/misc/t_light_x.mdl,props_phx,true,true,true,true,not_yet_decoded
models/props_phx/mk-82.mdl,props_phx,true,true,true,true,not_yet_decoded
models/props_phx/normal_tire.mdl,props_phx,true,true,true,true,not_yet_decoded
models/props_phx/oildrum001.mdl,props_phx,true,true,true,true,not_yet_decoded
models/props_phx/oildrum001_explosive.mdl,props_phx,true,true,true,true,not_yet_decoded
models/props_phx/playfield.mdl,props_phx,true,true,true,true,not_yet_decoded
models/props_phx/rocket1.mdl,props_phx,true,true,true,true,not_yet_decoded
models/props_phx/rt_screen.mdl,props_phx,true,true,true,true,not_yet_decoded
models/props_phx/smallwheel.mdl,props_phx,true,true,true,true,not_yet_decoded
models/props_phx/sp_screen.mdl,props_phx,true,true,true,true,not_yet_decoded
models/props_phx/torpedo.mdl,props_phx,true,true,true,true,not_yet_decoded
models/props_phx/trains/double_wheels.mdl,props_phx,true,true,true,true,not_yet_decoded
models/props_phx/trains/double_wheels2.mdl,props_phx,true,true,true,true,not_yet_decoded
models/props_phx/trains/double_wheels_base.mdl,props_phx,true,true,true,true,not_yet_decoded
models/props_phx/trains/fsd-overrun.mdl,props_phx,true,true,true,true,not_yet_decoded
models/props_phx/trains/fsd-overrun2.mdl,props_phx,true,true,true,true,not_yet_decoded
models/props_phx/trains/medium_wheel_2.mdl,props_phx,true,true,true,true,not_yet_decoded
models/props_phx/trains/monorail1.mdl,props_phx,true,true,true,true,not_yet_decoded
models/props_phx/trains/monorail2.mdl,props_phx,true,true,true,true,not_yet_decoded
models/props_phx/trains/monorail3.mdl,props_phx,true,true,true,true,not_yet_decoded
models/props_phx/trains/monorail4.mdl,props_phx,true,true,true,true,not_yet_decoded
models/props_phx/trains/monorail_curve.mdl,props_phx,true,true,true,true,not_yet_decoded
models/props_phx/trains/monorail_curve2.mdl,props_phx,true,true,true,true,not_yet_decoded
models/props_phx/trains/track_1024.mdl,props_phx,true,true,true,true,not_yet_decoded
models/props_phx/trains/track_128.mdl,props_phx,true,true,true,true,not_yet_decoded
models/props_phx/trains/track_2048.mdl,props_phx,true,true,true,true,not_yet_decoded
models/props_phx/trains/track_256.mdl,props_phx,true,true,true,true,not_yet_decoded
models/props_phx/trains/track_32.mdl,props_phx,true,true,true,true,not_yet_decoded
models/props_phx/trains/track_4096.mdl,props_phx,true,true,true,true,not_yet_decoded
models/props_phx/trains/track_512.mdl,props_phx,true,true,true,true,not_yet_decoded
models/props_phx/trains/track_64.mdl,props_phx,true,true,true,true,not_yet_decoded
models/props_phx/trains/tracks/track_16x.mdl,props_phx,true,true,true,true,not_yet_decoded
models/props_phx/trains/tracks/track_1x.mdl,props_phx,true,true,true,true,not_yet_decoded
models/props_phx/trains/tracks/track_225_down.mdl,props_phx,true,true,true,true,not_yet_decoded
models/props_phx/trains/tracks/track_225_up.mdl,props_phx,true,true,true,true,not_yet_decoded
models/props_phx/trains/tracks/track_2x.mdl,props_phx,true,true,true,true,not_yet_decoded
models/props_phx/trains/tracks/track_45_down.mdl,props_phx,true,true,true,true,not_yet_decoded
models/props_phx/trains/tracks/track_45_up.mdl,props_phx,true,true,true,true,not_yet_decoded
models/props_phx/trains/tracks/track_4x.mdl,props_phx,true,true,true,true,not_yet_decoded
models/props_phx/trains/tracks/track_8x.mdl,props_phx,true,true,true,true,not_yet_decoded
models/props_phx/trains/tracks/track_crossing.mdl,props_phx,true,true,true,true,not_yet_decoded
models/props_phx/trains/tracks/track_pass.mdl,props_phx,true,true,true,true,not_yet_decoded
models/props_phx/trains/tracks/track_single.mdl,props_phx,true,true,true,true,not_yet_decoded
models/props_phx/trains/tracks/track_switch.mdl,props_phx,true,true,true,true,not_yet_decoded
models/props_phx/trains/tracks/track_switch2.mdl,props_phx,true,true,true,true,not_yet_decoded
models/props_phx/trains/tracks/track_switcher.mdl,props_phx,true,true,true,true,not_yet_decoded
models/props_phx/trains/tracks/track_switcher2.mdl,props_phx,true,true,true,true,not_yet_decoded
models/props_phx/trains/tracks/track_turn45.mdl,props_phx,true,true,true,true,not_yet_decoded
models/props_phx/trains/tracks/track_turn90.mdl,props_phx,true,true,true,true,not_yet_decoded
models/props_phx/trains/tracks/track_x.mdl,props_phx,true,true,true,true,not_yet_decoded
models/props_phx/trains/trackslides_both.mdl,props_phx,true,true,true,true,not_yet_decoded
models/props_phx/trains/trackslides_inner.mdl,props_phx,true,true,true,true,not_yet_decoded
models/props_phx/trains/trackslides_outer.mdl,props_phx,true,true,true,true,not_yet_decoded
models/props_phx/trains/wheel_base.mdl,props_phx,true,true,true,true,not_yet_decoded
models/props_phx/trains/wheel_medium.mdl,props_phx,true,true,true,true,not_yet_decoded
models/props_phx/wheelaxis.mdl,props_phx,true,true,true,true,not_yet_decoded
models/props_phx/wheels/747wheel.mdl,props_phx,true,true,true,true,not_yet_decoded
models/props_phx/wheels/breakable_tire.mdl,props_phx,true,true,true,true,not_yet_decoded
models/props_phx/wheels/drugster_back.mdl,props_phx,true,true,true,true,not_yet_decoded
models/props_phx/wheels/drugster_front.mdl,props_phx,true,true,true,true,not_yet_decoded
models/props_phx/wheels/magnetic_large.mdl,props_phx,true,true,true,true,not_yet_decoded
models/props_phx/wheels/magnetic_large_base.mdl,props_phx,true,true,true,true,not_yet_decoded
models/props_phx/wheels/magnetic_med_base.mdl,props_phx,true,true,true,true,not_yet_decoded
models/props_phx/wheels/magnetic_medium.mdl,props_phx,true,true,true,true,not_yet_decoded
models/props_phx/wheels/magnetic_small.mdl,props_phx,true,true,true,true,not_yet_decoded
models/props_phx/wheels/magnetic_small_base.mdl,props_phx,true,true,true,true,not_yet_decoded
models/props_phx/wheels/metal_wheel1.mdl,props_phx,true,true,true,true,not_yet_decoded
models/props_phx/wheels/metal_wheel2.mdl,props_phx,true,true,true,true,not_yet_decoded
models/props_phx/wheels/monster_truck.mdl,props_phx,true,true,true,true,not_yet_decoded
models/props_phx/wheels/moped_tire.mdl,props_phx,true,true,true,true,not_yet_decoded
models/props_phx/wheels/trucktire.mdl,props_phx,true,true,true,true,not_yet_decoded
models/props_phx/wheels/trucktire2.mdl,props_phx,true,true,true,true,not_yet_decoded
models/props_phx/wheels/wooden_wheel1.mdl,props_phx,true,true,true,true,not_yet_decoded
models/props_phx/wheels/wooden_wheel2.mdl,props_phx,true,true,true,true,not_yet_decoded
models/props_phx/ww2bomb.mdl,props_phx,true,true,true,true,not_yet_decoded
models/props_phx2/garbage_metalcan001a.mdl,props_phx2,true,true,true,true,not_yet_decoded
models/props_pipes/concrete_pipe001a.mdl,props_pipes,true,true,true,true,not_yet_decoded
models/props_pipes/concrete_pipe001b.mdl,props_pipes,true,true,true,true,not_yet_decoded
models/props_pipes/concrete_pipe001c.mdl,props_pipes,true,true,true,true,not_yet_decoded
models/props_pipes/concrete_pipe001d.mdl,props_pipes,true,true,true,true,not_yet_decoded
models/props_pipes/destroyedpipes01a.mdl,props_pipes,true,true,true,true,not_yet_decoded
models/props_pipes/destroyedpipes01b.mdl,props_pipes,true,true,true,true,not_yet_decoded
models/props_pipes/destroyedpipes01c.mdl,props_pipes,true,true,true,true,not_yet_decoded
models/props_pipes/destroyedpipes01d.mdl,props_pipes,true,true,true,true,not_yet_decoded
models/props_pipes/gutter_256_001a.mdl,props_pipes,true,true,true,true,not_yet_decoded
models/props_pipes/gutter_256_002a.mdl,props_pipes,true,true,true,true,not_yet_decoded
models/props_pipes/gutter_320_001a.mdl,props_pipes,true,true,true,true,not_yet_decoded
models/props_pipes/gutter_320_002a.mdl,props_pipes,true,true,true,true,not_yet_decoded
models/props_pipes/gutter_384_001a.mdl,props_pipes,true,true,true,true,not_yet_decoded
models/props_pipes/gutter_384_002a.mdl,props_pipes,true,true,true,true,not_yet_decoded
models/props_pipes/gutter_448_001a.mdl,props_pipes,true,true,true,true,not_yet_decoded
models/props_pipes/gutter_448_002a.mdl,props_pipes,true,true,true,true,not_yet_decoded
models/props_pipes/gutter_512_001a.mdl,props_pipes,true,true,true,true,not_yet_decoded
models/props_pipes/gutter_512_002a.mdl,props_pipes,true,true,true,true,not_yet_decoded
models/props_pipes/gutter_576_001a.mdl,props_pipes,true,true,true,true,not_yet_decoded
models/props_pipes/gutter_704_001a.mdl,props_pipes,true,true,true,true,not_yet_decoded
models/props_pipes/gutterlarge_512_001a.mdl,props_pipes,true,true,true,true,not_yet_decoded
models/props_pipes/gutterlarge_640_001a.mdl,props_pipes,true,true,true,true,not_yet_decoded
models/props_pipes/interiorpipecluster01a.mdl,props_pipes,true,true,true,true,not_yet_decoded
models/props_pipes/interiorpipecluster02a.mdl,props_pipes,true,true,true,true,not_yet_decoded
models/props_pipes/pipe01_45degree01.mdl,props_pipes,true,true,true,true,not_yet_decoded
models/props_pipes/pipe01_90degree01.mdl,props_pipes,true,true,true,true,not_yet_decoded
models/props_pipes/pipe01_connector01.mdl,props_pipes,true,true,true,true,not_yet_decoded
models/props_pipes/pipe01_lcurve01_long.mdl,props_pipes,true,true,true,true,not_yet_decoded
models/props_pipes/pipe01_scurve01_long.mdl,props_pipes,true,true,true,true,not_yet_decoded
models/props_pipes/pipe01_straight01_long.mdl,props_pipes,true,true,true,true,not_yet_decoded
models/props_pipes/pipe01_straight01_short.mdl,props_pipes,true,true,true,true,not_yet_decoded
models/props_pipes/pipe02_45degree01.mdl,props_pipes,true,true,true,true,not_yet_decoded
models/props_pipes/pipe02_90degree01.mdl,props_pipes,true,true,true,true,not_yet_decoded
models/props_pipes/pipe02_connector01.mdl,props_pipes,true,true,true,true,not_yet_decoded
models/props_pipes/pipe02_lcurve01_long.mdl,props_pipes,true,true,true,true,not_yet_decoded
models/props_pipes/pipe02_lcurve02_short.mdl,props_pipes,true,true,true,true,not_yet_decoded
models/props_pipes/pipe02_scurve01_long.mdl,props_pipes,true,true,true,true,not_yet_decoded
models/props_pipes/pipe02_straight01_long.mdl,props_pipes,true,true,true,true,not_yet_decoded
models/props_pipes/pipe02_straight01_short.mdl,props_pipes,true,true,true,true,not_yet_decoded
models/props_pipes/pipe02_tjoint01.mdl,props_pipes,true,true,true,true,not_yet_decoded
models/props_pipes/pipe02_yjoint01.mdl,props_pipes,true,true,true,true,not_yet_decoded
models/props_pipes/pipe02_yjoint02.mdl,props_pipes,true,true,true,true,not_yet_decoded
models/props_pipes/pipe03_45degree01.mdl,props_pipes,true,true,true,true,not_yet_decoded
models/props_pipes/pipe03_90degree01.mdl,props_pipes,true,true,true,true,not_yet_decoded
models/props_pipes/pipe03_connector01.mdl,props_pipes,true,true,true,true,not_yet_decoded
models/props_pipes/pipe03_lcurve01_long.mdl,props_pipes,true,true,true,true,not_yet_decoded
models/props_pipes/pipe03_lcurve01_short.mdl,props_pipes,true,true,true,true,not_yet_decoded
models/props_pipes/pipe03_lcurve02_long.mdl,props_pipes,true,true,true,true,not_yet_decoded
models/props_pipes/pipe03_lcurve02_short.mdl,props_pipes,true,true,true,true,not_yet_decoded
models/props_pipes/pipe03_scurve02_long.mdl,props_pipes,true,true,true,true,not_yet_decoded
models/props_pipes/pipe03_straight01_long.mdl,props_pipes,true,true,true,true,not_yet_decoded
models/props_pipes/pipe03_straight01_short.mdl,props_pipes,true,true,true,true,not_yet_decoded
models/props_pipes/pipe03_tjoint01.mdl,props_pipes,true,true,true,true,not_yet_decoded
models/props_pipes/pipecluster04d_001a.mdl,props_pipes,true,true,true,true,not_yet_decoded
models/props_pipes/pipecluster04d_002a.mdl,props_pipes,true,true,true,true,not_yet_decoded
models/props_pipes/pipecluster08d_001a.mdl,props_pipes,true,true,true,true,not_yet_decoded
models/props_pipes/pipecluster08d_002a.mdl,props_pipes,true,true,true,true,not_yet_decoded
models/props_pipes/pipecluster08d_003a.mdl,props_pipes,true,true,true,true,not_yet_decoded
models/props_pipes/pipecluster08d_004a.mdl,props_pipes,true,true,true,true,not_yet_decoded
models/props_pipes/pipecluster08d_005a.mdl,props_pipes,true,true,true,true,not_yet_decoded
models/props_pipes/pipecluster08d_006a.mdl,props_pipes,true,true,true,true,not_yet_decoded
models/props_pipes/pipecluster08d_extender128.mdl,props_pipes,true,true,true,true,not_yet_decoded
models/props_pipes/pipecluster08d_extender64.mdl,props_pipes,true,true,true,true,not_yet_decoded
models/props_pipes/pipecluster16d_001a.mdl,props_pipes,true,true,true,true,not_yet_decoded
models/props_pipes/pipecluster16d_002a.mdl,props_pipes,true,true,true,true,not_yet_decoded
models/props_pipes/pipecluster16d_003a.mdl,props_pipes,true,true,true,true,not_yet_decoded
models/props_pipes/pipecluster32d_001a.mdl,props_pipes,true,true,true,true,not_yet_decoded
models/props_pipes/pipecluster32d_002a.mdl,props_pipes,true,true,true,true,not_yet_decoded
models/props_pipes/pipecluster32d_003a.mdl,props_pipes,true,true,true,true,not_yet_decoded
models/props_pipes/pipeset02d_128_001a.mdl,props_pipes,true,true,true,true,not_yet_decoded
models/props_pipes/pipeset02d_128_001b.mdl,props_pipes,true,true,true,true,not_yet_decoded
models/props_pipes/pipeset02d_256_001a.mdl,props_pipes,true,true,true,true,not_yet_decoded
models/props_pipes/pipeset02d_512_001a.mdl,props_pipes,true,true,true,true,not_yet_decoded
models/props_pipes/pipeset02d_64_001a.mdl,props_pipes,true,true,true,true,not_yet_decoded
models/props_pipes/pipeset02d_corner128d_001a.mdl,props_pipes,true,true,true,true,not_yet_decoded
models/props_pipes/pipeset02d_corner128l_001a.mdl,props_pipes,true,true,true,true,not_yet_decoded
models/props_pipes/pipeset08d_128_001a.mdl,props_pipes,true,true,true,true,not_yet_decoded
models/props_pipes/pipeset08d_256_001a.mdl,props_pipes,true,true,true,true,not_yet_decoded
models/props_pipes/pipeset08d_512_001a.mdl,props_pipes,true,true,true,true,not_yet_decoded
models/props_pipes/pipeset08d_64_001a.mdl,props_pipes,true,true,true,true,not_yet_decoded
models/props_pipes/pipeset08d_corner128d_001a.mdl,props_pipes,true,true,true,true,not_yet_decoded
models/props_pipes/pipeset08d_corner128l_001a.mdl,props_pipes,true,true,true,true,not_yet_decoded
models/props_pipes/pipeset08d_corner128r_001a.mdl,props_pipes,true,true,true,true,not_yet_decoded
models/props_pipes/pipeset08d_corner128u_001a.mdl,props_pipes,true,true,true,true,not_yet_decoded
models/props_pipes/pipeset32d_128_001a.mdl,props_pipes,true,true,true,true,not_yet_decoded
models/props_pipes/pipeset32d_256_001a.mdl,props_pipes,true,true,true,true,not_yet_decoded
models/props_pipes/pipeset32d_512_001a.mdl,props_pipes,true,true,true,true,not_yet_decoded
models/props_pipes/pipeset32d_bend256d_001a.mdl,props_pipes,true,true,true,true,not_yet_decoded
models/props_pipes/pipeset32d_bend256u_001a.mdl,props_pipes,true,true,true,true,not_yet_decoded
models/props_pipes/pipeset32d_corner128d_001a.mdl,props_pipes,true,true,true,true,not_yet_decoded
models/props_pipes/pipeset32d_corner128r_001a.mdl,props_pipes,true,true,true,true,not_yet_decoded
models/props_pipes/valve001.mdl,props_pipes,true,true,true,true,not_yet_decoded
models/props_pipes/valve002.mdl,props_pipes,true,true,true,true,not_yet_decoded
models/props_pipes/valve003.mdl,props_pipes,true,true,true,true,not_yet_decoded
models/props_pipes/valvewheel001.mdl,props_pipes,true,true,true,true,not_yet_decoded
models/props_pipes/valvewheel002.mdl,props_pipes,true,true,true,true,not_yet_decoded
models/props_pipes/valvewheel002a.mdl,props_pipes,true,true,true,true,not_yet_decoded
models/props_radiostation/radio_antenna01.mdl,props_radiostation,true,true,true,true,not_yet_decoded
models/props_radiostation/radio_antenna01_pylon.mdl,props_radiostation,true,true,true,true,not_yet_decoded
models/props_radiostation/radio_antenna01_skybox.mdl,props_radiostation,true,true,false,false,not_yet_decoded
models/props_radiostation/radio_antenna01_stay.mdl,props_radiostation,true,true,true,false,not_yet_decoded
models/props_radiostation/radio_metaldoor01.mdl,props_radiostation,true,true,true,true,not_yet_decoded
models/props_radiostation/radio_metaldoor01a.mdl,props_radiostation,true,true,true,true,not_yet_decoded
models/props_radiostation/radio_metaldoor01b.mdl,props_radiostation,true,true,true,true,not_yet_decoded
models/props_radiostation/radio_metaldoor01c.mdl,props_radiostation,true,true,true,true,not_yet_decoded
models/props_radiostation/radio_metaldoor02.mdl,props_radiostation,true,true,true,true,not_yet_decoded
models/props_radiostation/radio_metaldoor02a.mdl,props_radiostation,true,true,true,true,not_yet_decoded
models/props_radiostation/radio_metaldoor02b.mdl,props_radiostation,true,true,true,true,not_yet_decoded
models/props_radiostation/radio_station_roof.mdl,props_radiostation,true,true,true,false,not_yet_decoded
models/props_radiostation/radio_station_truss.mdl,props_radiostation,true,true,true,false,not_yet_decoded
models/props_rooftop/antenna01a.mdl,props_rooftop,true,true,true,true,not_yet_decoded
models/props_rooftop/antenna02a.mdl,props_rooftop,true,true,true,true,not_yet_decoded
models/props_rooftop/antenna03a.mdl,props_rooftop,true,true,true,true,not_yet_decoded
models/props_rooftop/antenna04a.mdl,props_rooftop,true,true,true,true,not_yet_decoded
models/props_rooftop/antennaclusters01a.mdl,props_rooftop,true,true,true,true,not_yet_decoded
models/props_rooftop/attic_window.mdl,props_rooftop,true,true,true,true,not_yet_decoded
models/props_rooftop/chimneypipe01a.mdl,props_rooftop,true,true,true,true,not_yet_decoded
models/props_rooftop/chimneypipe01b.mdl,props_rooftop,true,true,true,true,not_yet_decoded
models/props_rooftop/chimneypipe01c.mdl,props_rooftop,true,true,true,true,not_yet_decoded
models/props_rooftop/chimneypipe_cluster02a.mdl,props_rooftop,true,true,true,true,not_yet_decoded
models/props_rooftop/chimneypipe_cluster02b.mdl,props_rooftop,true,true,true,true,not_yet_decoded
models/props_rooftop/chimneysmokestack_cluster01a.mdl,props_rooftop,true,true,true,true,not_yet_decoded
models/props_rooftop/chimneytoppipe_cluster01c.mdl,props_rooftop,true,true,true,true,not_yet_decoded
models/props_rooftop/chimneytoppipe_cluster02a.mdl,props_rooftop,true,true,true,true,not_yet_decoded
models/props_rooftop/dome004.mdl,props_rooftop,true,true,true,true,not_yet_decoded
models/props_rooftop/dome005.mdl,props_rooftop,true,true,true,true,not_yet_decoded
models/props_rooftop/dome_copper.mdl,props_rooftop,true,true,true,true,not_yet_decoded
models/props_rooftop/dome_terminal_01.mdl,props_rooftop,true,true,true,true,not_yet_decoded
models/props_rooftop/dome_terminal_02.mdl,props_rooftop,true,true,true,true,not_yet_decoded
models/props_rooftop/end_parliament_dome.mdl,props_rooftop,true,true,true,true,not_yet_decoded
models/props_rooftop/gutter_drain001.mdl,props_rooftop,true,true,true,true,not_yet_decoded
models/props_rooftop/gutter_pipe_128.mdl,props_rooftop,true,true,true,true,not_yet_decoded
models/props_rooftop/gutter_pipe_256.mdl,props_rooftop,true,true,true,true,not_yet_decoded
models/props_rooftop/large_parliament_dome.mdl,props_rooftop,true,true,true,true,not_yet_decoded
models/props_rooftop/parliament_dome_destroyed_exterior.mdl,props_rooftop,true,true,true,true,not_yet_decoded
models/props_rooftop/parliament_dome_destroyed_interior.mdl,props_rooftop,true,true,true,true,not_yet_decoded
models/props_rooftop/railing01a.mdl,props_rooftop,true,true,true,true,not_yet_decoded
models/props_rooftop/roof_dish001.mdl,props_rooftop,true,true,true,true,not_yet_decoded
models/props_rooftop/roof_vent001.mdl,props_rooftop,true,true,true,true,not_yet_decoded
models/props_rooftop/roof_vent002.mdl,props_rooftop,true,true,true,true,not_yet_decoded
models/props_rooftop/roof_vent003.mdl,props_rooftop,true,true,true,true,not_yet_decoded
models/props_rooftop/roof_vent004.mdl,props_rooftop,true,true,true,true,not_yet_decoded
models/props_rooftop/rooftop_set01b.mdl,props_rooftop,true,true,true,true,not_yet_decoded
models/props_rooftop/rooftopcluser01a.mdl,props_rooftop,true,true,true,true,not_yet_decoded
models/props_rooftop/rooftopcluser02a.mdl,props_rooftop,true,true,true,true,not_yet_decoded
models/props_rooftop/rooftopcluser03a.mdl,props_rooftop,true,true,true,true,not_yet_decoded
models/props_rooftop/rooftopcluser04a.mdl,props_rooftop,true,true,true,true,not_yet_decoded
models/props_rooftop/rooftopcluser05a.mdl,props_rooftop,true,true,true,true,not_yet_decoded
models/props_rooftop/rooftopcluser06a.mdl,props_rooftop,true,true,true,true,not_yet_decoded
models/props_rooftop/rooftopcluser07a.mdl,props_rooftop,true,true,true,true,not_yet_decoded
models/props_rooftop/rooftopcluser09a.mdl,props_rooftop,true,true,true,true,not_yet_decoded
models/props_rooftop/satellitedish02.mdl,props_rooftop,true,true,true,true,not_yet_decoded
models/props_rooftop/scaffolding01a.mdl,props_rooftop,true,true,true,true,not_yet_decoded
models/props_rooftop/sign_letter02_e002.mdl,props_rooftop,true,true,true,true,not_yet_decoded
models/props_rooftop/sign_letter02_k002.mdl,props_rooftop,true,true,true,true,not_yet_decoded
models/props_rooftop/sign_letter02_rus1002.mdl,props_rooftop,true,true,true,true,not_yet_decoded
models/props_rooftop/sign_letter02_rus2002.mdl,props_rooftop,true,true,false,true,not_yet_decoded
models/props_rooftop/sign_letter_f001b.mdl,props_rooftop,true,true,true,true,not_yet_decoded
models/props_rooftop/sign_letter_h001.mdl,props_rooftop,true,true,true,true,not_yet_decoded
models/props_rooftop/sign_letter_m001.mdl,props_rooftop,true,true,true,true,not_yet_decoded
models/props_rooftop/sign_letter_t001.mdl,props_rooftop,true,true,true,true,not_yet_decoded
models/props_rooftop/sign_letter_u001b.mdl,props_rooftop,true,true,true,true,not_yet_decoded
models/props_rooftop/small_parliament_dome.mdl,props_rooftop,true,true,true,true,not_yet_decoded
models/props_silo/acunit01.mdl,props_silo,true,true,true,true,not_yet_decoded
models/props_silo/acunit02.mdl,props_silo,true,true,true,true,not_yet_decoded
models/props_silo/barrelwarning.mdl,props_silo,true,true,true,true,not_yet_decoded
models/props_silo/camera.mdl,props_silo,true,true,true,true,not_yet_decoded
models/props_silo/chimneycluster01.mdl,props_silo,true,true,true,true,not_yet_decoded
models/props_silo/consolepanelloadingbay.mdl,props_silo,true,true,true,true,not_yet_decoded
models/props_silo/desk_console1.mdl,props_silo,true,true,true,true,not_yet_decoded
models/props_silo/desk_console1a.mdl,props_silo,true,true,true,true,not_yet_decoded
models/props_silo/desk_console1b.mdl,props_silo,true,true,true,true,not_yet_decoded
models/props_silo/desk_console2.mdl,props_silo,true,true,true,true,not_yet_decoded
models/props_silo/desk_console3.mdl,props_silo,true,true,true,true,not_yet_decoded
models/props_silo/duct.mdl,props_silo,true,true,true,true,not_yet_decoded
models/props_silo/electricalbox01.mdl,props_silo,true,true,true,true,not_yet_decoded
models/props_silo/electricalbox02.mdl,props_silo,true,true,true,true,not_yet_decoded
models/props_silo/eli_weapon.mdl,props_silo,true,true,true,true,not_yet_decoded
models/props_silo/eli_weapon_phys.mdl,props_silo,true,true,true,true,not_yet_decoded
models/props_silo/equipment1.mdl,props_silo,true,true,true,true,not_yet_decoded
models/props_silo/fan.mdl,props_silo,true,true,true,true,not_yet_decoded
models/props_silo/fanhousing.mdl,props_silo,true,true,true,true,not_yet_decoded
models/props_silo/fanoff.mdl,props_silo,true,true,true,true,not_yet_decoded
models/props_silo/floodlight.mdl,props_silo,true,true,true,true,not_yet_decoded
models/props_silo/floodlight01.mdl,props_silo,true,true,true,true,not_yet_decoded
models/props_silo/floodlight02.mdl,props_silo,true,true,true,true,not_yet_decoded
models/props_silo/floodlights_01.mdl,props_silo,true,true,true,true,not_yet_decoded
models/props_silo/floorbolts.mdl,props_silo,true,true,false,false,not_yet_decoded
models/props_silo/fuel_cask.mdl,props_silo,true,true,true,true,not_yet_decoded
models/props_silo/handrail_alley-stairs.mdl,props_silo,true,true,false,true,not_yet_decoded
models/props_silo/handrail_alley-upperdeck.mdl,props_silo,true,true,true,true,not_yet_decoded
models/props_silo/handrail_singlespan_128.mdl,props_silo,true,true,true,true,not_yet_decoded
models/props_silo/handrail_tower-lower.mdl,props_silo,true,true,false,true,not_yet_decoded
models/props_silo/handrail_tower-upper.mdl,props_silo,true,true,false,true,not_yet_decoded
models/props_silo/handrail_tspawn-balcony.mdl,props_silo,true,true,false,true,not_yet_decoded
models/props_silo/handrail_yarda-sniperspot.mdl,props_silo,true,true,false,true,not_yet_decoded
models/props_silo/handrail_yardb-catwalk.mdl,props_silo,true,true,false,true,not_yet_decoded
models/props_silo/handrail_yardb-lower.mdl,props_silo,true,true,false,true,not_yet_decoded
models/props_silo/handtruck.mdl,props_silo,true,true,true,true,not_yet_decoded
models/props_silo/industriallight01.mdl,props_silo,true,true,true,true,not_yet_decoded
models/props_silo/ladderrung.mdl,props_silo,true,true,true,true,not_yet_decoded
models/props_silo/launch_button.mdl,props_silo,true,true,true,true,not_yet_decoded
models/props_silo/launch_seq01.mdl,props_silo,true,true,false,false,not_yet_decoded
models/props_silo/launch_seq02.mdl,props_silo,true,true,false,false,not_yet_decoded
models/props_silo/launch_seq03.mdl,props_silo,true,true,false,false,not_yet_decoded
models/props_silo/launch_seq04.mdl,props_silo,true,true,false,false,not_yet_decoded
models/props_silo/light_red1.mdl,props_silo,true,true,true,true,not_yet_decoded
models/props_silo/light_red2.mdl,props_silo,true,true,true,true,not_yet_decoded
models/props_silo/light_security.mdl,props_silo,true,true,true,true,not_yet_decoded
models/props_silo/lighthanging.mdl,props_silo,true,true,true,true,not_yet_decoded
models/props_silo/missile_doors.mdl,props_silo,true,true,false,true,not_yet_decoded
models/props_silo/missile_doors_frame.mdl,props_silo,true,true,true,true,not_yet_decoded
models/props_silo/nucleartestcabinet.mdl,props_silo,true,true,true,true,not_yet_decoded
models/props_silo/pipesb_bombsite.mdl,props_silo,true,true,true,true,not_yet_decoded
models/props_silo/processor.mdl,props_silo,true,true,true,true,not_yet_decoded
models/props_silo/processor_nobase.mdl,props_silo,true,true,true,true,not_yet_decoded
models/props_silo/prodcables128.mdl,props_silo,true,true,false,false,not_yet_decoded
models/props_silo/prodcables256.mdl,props_silo,true,true,false,false,not_yet_decoded
models/props_silo/prodcablescornerin.mdl,props_silo,true,true,false,true,not_yet_decoded
models/props_silo/prodcablescornerout.mdl,props_silo,true,true,false,true,not_yet_decoded
models/props_silo/pushcart.mdl,props_silo,true,true,true,true,not_yet_decoded
models/props_silo/pylon.mdl,props_silo,true,true,true,true,not_yet_decoded
models/props_silo/rocket.mdl,props_silo,true,true,true,true,not_yet_decoded
models/props_silo/rocket_engine.mdl,props_silo,true,true,true,true,not_yet_decoded
models/props_silo/rocket_hatch.mdl,props_silo,true,true,true,false,not_yet_decoded
models/props_silo/rocket_low.mdl,props_silo,true,true,true,true,not_yet_decoded
models/props_silo/rocket_stage1.mdl,props_silo,true,true,true,true,not_yet_decoded
models/props_silo/rocket_stage2.mdl,props_silo,true,true,true,true,not_yet_decoded
models/props_silo/rocket_stage3.mdl,props_silo,true,true,true,true,not_yet_decoded
models/props_silo/signalbox_01.mdl,props_silo,true,true,true,true,not_yet_decoded
models/props_silo/silo_door01.mdl,props_silo,true,true,true,true,not_yet_decoded
models/props_silo/silo_door01_static.mdl,props_silo,true,true,true,true,not_yet_decoded
models/props_silo/silo_elevator.mdl,props_silo,true,true,true,true,not_yet_decoded
models/props_silo/silo_elevator_door.mdl,props_silo,true,true,false,true,not_yet_decoded
models/props_silo/silo_hatch.mdl,props_silo,true,true,true,true,not_yet_decoded
models/props_silo/silo_launchroom_monitor.mdl,props_silo,true,true,true,true,not_yet_decoded
models/props_silo/silo_server_a.mdl,props_silo,true,true,true,true,not_yet_decoded
models/props_silo/silo_server_b.mdl,props_silo,true,true,true,true,not_yet_decoded
models/props_silo/silo_server_c.mdl,props_silo,true,true,true,true,not_yet_decoded
models/props_silo/silo_server_d.mdl,props_silo,true,true,true,true,not_yet_decoded
models/props_silo/silo_tower01.mdl,props_silo,true,true,true,true,not_yet_decoded
models/props_silo/silo_workspace1.mdl,props_silo,true,true,true,true,not_yet_decoded
models/props_silo/tire1.mdl,props_silo,true,true,true,true,not_yet_decoded
models/props_silo/tire2.mdl,props_silo,true,true,true,true,not_yet_decoded
models/props_silo/tirestack.mdl,props_silo,true,true,true,true,not_yet_decoded
models/props_silo/tirestack2.mdl,props_silo,true,true,true,true,not_yet_decoded
models/props_silo/tirestack3.mdl,props_silo,true,true,true,true,not_yet_decoded
models/props_silo/transformer.mdl,props_silo,true,true,true,true,not_yet_decoded
models/props_silo/turret.mdl,props_silo,true,true,false,true,not_yet_decoded
models/props_silo/ventilationduct01.mdl,props_silo,true,true,true,true,not_yet_decoded
models/props_silo/ventilationduct02.mdl,props_silo,true,true,true,true,not_yet_decoded
models/props_silo/ventilationduct02large.mdl,props_silo,true,true,true,true,not_yet_decoded
models/props_silo/vents.mdl,props_silo,true,true,true,false,not_yet_decoded
models/props_silo/wall_console1.mdl,props_silo,true,true,true,true,not_yet_decoded
models/props_silo/wall_console2.mdl,props_silo,true,true,true,true,not_yet_decoded
models/props_silo/wall_console3.mdl,props_silo,true,true,true,true,not_yet_decoded
models/props_silo/wall_light.mdl,props_silo,true,true,true,true,not_yet_decoded
models/props_silo/wall_light_off.mdl,props_silo,true,true,true,true,not_yet_decoded
models/props_silo/wall_vent.mdl,props_silo,true,true,true,true,not_yet_decoded
models/props_silo/wall_wires1.mdl,props_silo,true,true,true,true,not_yet_decoded
models/props_silo/wall_wires2.mdl,props_silo,true,true,true,true,not_yet_decoded
models/props_silo/welding_helmet.mdl,props_silo,true,true,false,true,not_yet_decoded
models/props_silo/welding_torch.mdl,props_silo,true,true,false,true,not_yet_decoded
models/props_silo/winch.mdl,props_silo,true,true,true,true,not_yet_decoded
models/props_silo/wirepipe.mdl,props_silo,true,true,true,true,not_yet_decoded
models/props_silo/wirespout.mdl,props_silo,true,true,true,true,not_yet_decoded
models/props_skybox/coast01.mdl,props_skybox,true,true,false,true,not_yet_decoded
models/props_trainstation/bench_indoor001a.mdl,props_trainstation,true,true,true,true,not_yet_decoded
models/props_trainstation/benchoutdoor01a.mdl,props_trainstation,true,true,true,true,not_yet_decoded
models/props_trainstation/boxcar.mdl,props_trainstation,true,true,true,true,not_yet_decoded
models/props_trainstation/boxcar2.mdl,props_trainstation,true,true,true,true,not_yet_decoded
models/props_trainstation/boxcar2_damaged1.mdl,props_trainstation,true,true,true,true,not_yet_decoded
models/props_trainstation/boxcar2a.mdl,props_trainstation,true,true,true,true,not_yet_decoded
models/props_trainstation/cable_1152connection001b.mdl,props_trainstation,true,true,true,true,not_yet_decoded
models/props_trainstation/ceiling_arch001a.mdl,props_trainstation,true,true,true,true,not_yet_decoded
models/props_trainstation/ceiling_truss001a.mdl,props_trainstation,true,true,true,true,not_yet_decoded
models/props_trainstation/clock01.mdl,props_trainstation,true,true,true,true,not_yet_decoded
models/props_trainstation/column_arch001a.mdl,props_trainstation,true,true,true,true,not_yet_decoded
models/props_trainstation/column_light001a.mdl,props_trainstation,true,true,true,true,not_yet_decoded
models/props_trainstation/column_light001b.mdl,props_trainstation,true,true,true,true,not_yet_decoded
models/props_trainstation/diesel.mdl,props_trainstation,true,true,true,true,not_yet_decoded
models/props_trainstation/flatcar.mdl,props_trainstation,true,true,true,true,not_yet_decoded
models/props_trainstation/handrail_64decoration001a.mdl,props_trainstation,true,true,true,true,not_yet_decoded
models/props_trainstation/light_128wallmounted001a.mdl,props_trainstation,true,true,true,true,not_yet_decoded
models/props_trainstation/light_256ceilingmounted001a.mdl,props_trainstation,true,true,true,true,not_yet_decoded
models/props_trainstation/light_signal001a.mdl,props_trainstation,true,true,true,true,not_yet_decoded
models/props_trainstation/light_signal001b.mdl,props_trainstation,true,true,true,true,not_yet_decoded
models/props_trainstation/light_signal002a.mdl,props_trainstation,true,true,true,true,not_yet_decoded
models/props_trainstation/lighttowercluster01.mdl,props_trainstation,true,true,true,true,not_yet_decoded
models/props_trainstation/mount_connection001a.mdl,props_trainstation,true,true,true,true,not_yet_decoded
models/props_trainstation/passengercar001.mdl,props_trainstation,true,true,true,true,not_yet_decoded
models/props_trainstation/passengercar001_dam01a.mdl,props_trainstation,true,true,true,true,not_yet_decoded
models/props_trainstation/passengercar001_dam01b.mdl,props_trainstation,true,true,true,true,not_yet_decoded
models/props_trainstation/passengercar001_dam01c.mdl,props_trainstation,true,true,true,true,not_yet_decoded
models/props_trainstation/passengercar_intro01a.mdl,props_trainstation,true,true,false,false,not_yet_decoded
models/props_trainstation/passengercar_intro01b.mdl,props_trainstation,true,true,false,false,not_yet_decoded
models/props_trainstation/passengercar_intro01c.mdl,props_trainstation,true,true,false,false,not_yet_decoded
models/props_trainstation/passengercardoor001.mdl,props_trainstation,true,true,true,true,not_yet_decoded
models/props_trainstation/payphone001a.mdl,props_trainstation,true,true,true,true,not_yet_decoded
models/props_trainstation/payphone_reciever001a.mdl,props_trainstation,true,true,true,true,not_yet_decoded
models/props_trainstation/pole_384connection001a.mdl,props_trainstation,true,true,true,true,not_yet_decoded
models/props_trainstation/pole_384connection001b.mdl,props_trainstation,true,true,true,true,not_yet_decoded
models/props_trainstation/pole_448connection001a.mdl,props_trainstation,true,true,true,true,not_yet_decoded
models/props_trainstation/pole_448connection002a.mdl,props_trainstation,true,true,true,true,not_yet_decoded
models/props_trainstation/pole_448connection002b.mdl,props_trainstation,true,true,true,true,not_yet_decoded
models/props_trainstation/tanker.mdl,props_trainstation,true,true,true,true,not_yet_decoded
models/props_trainstation/tanker_damaged1.mdl,props_trainstation,true,true,true,true,not_yet_decoded
models/props_trainstation/trackends01.mdl,props_trainstation,true,true,true,true,not_yet_decoded
models/props_trainstation/tracklight01.mdl,props_trainstation,true,true,true,true,not_yet_decoded
models/props_trainstation/trackmarkers01.mdl,props_trainstation,true,true,true,true,not_yet_decoded
models/props_trainstation/tracksign01.mdl,props_trainstation,true,true,true,true,not_yet_decoded
models/props_trainstation/tracksign02.mdl,props_trainstation,true,true,true,true,not_yet_decoded
models/props_trainstation/tracksign03.mdl,props_trainstation,true,true,true,true,not_yet_decoded
models/props_trainstation/tracksign07.mdl,props_trainstation,true,true,true,true,not_yet_decoded
models/props_trainstation/tracksign08.mdl,props_trainstation,true,true,true,true,not_yet_decoded
models/props_trainstation/tracksign09.mdl,props_trainstation,true,true,true,true,not_yet_decoded
models/props_trainstation/tracksign10.mdl,props_trainstation,true,true,true,true,not_yet_decoded
models/props_trainstation/trackswitch01.mdl,props_trainstation,true,true,true,true,not_yet_decoded
models/props_trainstation/train001.mdl,props_trainstation,true,true,true,true,not_yet_decoded
models/props_trainstation/train002.mdl,props_trainstation,true,true,true,true,not_yet_decoded
models/props_trainstation/train003.mdl,props_trainstation,true,true,true,true,not_yet_decoded
models/props_trainstation/train003_damaged1.mdl,props_trainstation,true,true,true,true,not_yet_decoded
models/props_trainstation/train004.mdl,props_trainstation,true,true,true,false,not_yet_decoded
models/props_trainstation/train005.mdl,props_trainstation,true,true,true,true,not_yet_decoded
models/props_trainstation/train_boxcar.mdl,props_trainstation,true,true,true,true,not_yet_decoded
models/props_trainstation/train_boxcar_damaged.mdl,props_trainstation,true,true,true,true,not_yet_decoded
models/props_trainstation/train_engine.mdl,props_trainstation,true,true,true,true,not_yet_decoded
models/props_trainstation/train_orecar.mdl,props_trainstation,true,true,true,true,not_yet_decoded
models/props_trainstation/train_outro_car01.mdl,props_trainstation,true,true,true,true,not_yet_decoded
models/props_trainstation/train_outro_porch01.mdl,props_trainstation,true,true,true,true,not_yet_decoded
models/props_trainstation/train_outro_porch02.mdl,props_trainstation,true,true,true,true,not_yet_decoded
models/props_trainstation/train_outro_porch03.mdl,props_trainstation,true,true,true,true,not_yet_decoded
models/props_trainstation/train_wheels1.mdl,props_trainstation,true,true,true,true,not_yet_decoded
models/props_trainstation/traincar_bars001.mdl,props_trainstation,true,true,true,true,not_yet_decoded
models/props_trainstation/traincar_bars002.mdl,props_trainstation,true,true,true,true,not_yet_decoded
models/props_trainstation/traincar_bars003.mdl,props_trainstation,true,true,true,true,not_yet_decoded
models/props_trainstation/traincar_rack001.mdl,props_trainstation,true,true,true,true,not_yet_decoded
models/props_trainstation/traincar_seats001.mdl,props_trainstation,true,true,true,true,not_yet_decoded
models/props_trainstation/trainstation_arch001.mdl,props_trainstation,true,true,true,true,not_yet_decoded
models/props_trainstation/trainstation_clock001.mdl,props_trainstation,true,true,true,true,not_yet_decoded
models/props_trainstation/trainstation_column001.mdl,props_trainstation,true,true,true,true,not_yet_decoded
models/props_trainstation/trainstation_ornament001.mdl,props_trainstation,true,true,true,true,not_yet_decoded
models/props_trainstation/trainstation_ornament002.mdl,props_trainstation,true,true,true,true,not_yet_decoded
models/props_trainstation/trainstation_post001.mdl,props_trainstation,true,true,true,true,not_yet_decoded
models/props_trainstation/traintrack001c.mdl,props_trainstation,true,true,true,true,not_yet_decoded
models/props_trainstation/traintrack006b.mdl,props_trainstation,true,true,true,true,not_yet_decoded
models/props_trainstation/traintrack006c.mdl,props_trainstation,true,true,false,true,not_yet_decoded
models/props_trainstation/trashcan_indoor001a.mdl,props_trainstation,true,true,true,true,not_yet_decoded
models/props_trainstation/trashcan_indoor001b.mdl,props_trainstation,true,true,true,true,not_yet_decoded
models/props_trainstation/wrecked_boxcar_gate.mdl,props_trainstation,true,true,true,true,not_yet_decoded
models/props_trainstation/wrecked_boxcar_gate_door.mdl,props_trainstation,true,true,true,true,not_yet_decoded
models/props_trainstation/wrecked_boxcar_jump.mdl,props_trainstation,true,true,true,true,not_yet_decoded
models/props_trainstation/wrecked_boxcar_panel01.mdl,props_trainstation,true,true,true,true,not_yet_decoded
models/props_trainstation/wrecked_boxcar_panel02.mdl,props_trainstation,true,true,true,true,not_yet_decoded
models/props_trainstation/wrecked_boxcar_panel03.mdl,props_trainstation,true,true,true,true,not_yet_decoded
models/props_trainstation/wrecked_train.mdl,props_trainstation,true,true,true,true,not_yet_decoded
models/props_trainstation/wrecked_train_02.mdl,props_trainstation,true,true,true,true,not_yet_decoded
models/props_trainstation/wrecked_train_divider_01.mdl,props_trainstation,true,true,true,true,not_yet_decoded
models/props_trainstation/wrecked_train_divider_02.mdl,props_trainstation,true,true,true,true,not_yet_decoded
models/props_trainstation/wrecked_train_door.mdl,props_trainstation,true,true,true,true,not_yet_decoded
models/props_trainstation/wrecked_train_panel_01.mdl,props_trainstation,true,true,true,true,not_yet_decoded
models/props_trainstation/wrecked_train_panel_02.mdl,props_trainstation,true,true,true,true,not_yet_decoded
models/props_trainstation/wrecked_train_panel_03.mdl,props_trainstation,true,true,true,true,not_yet_decoded
models/props_trainstation/wrecked_train_rack_01.mdl,props_trainstation,true,true,true,true,not_yet_decoded
models/props_trainstation/wrecked_train_rack_02.mdl,props_trainstation,true,true,true,true,not_yet_decoded
models/props_trainstation/wrecked_train_seat.mdl,props_trainstation,true,true,true,true,not_yet_decoded
models/props_vehicles/apc001.mdl,props_vehicles,true,true,true,true,not_yet_decoded
models/props_vehicles/apc_tire001.mdl,props_vehicles,true,true,true,true,not_yet_decoded
models/props_vehicles/car001a_hatchback.mdl,props_vehicles,true,true,true,true,not_yet_decoded
models/props_vehicles/car001a_phy.mdl,props_vehicles,true,true,true,true,not_yet_decoded
models/props_vehicles/car001b_cluster01.mdl,props_vehicles,true,true,true,false,not_yet_decoded
models/props_vehicles/car001b_cluster02.mdl,props_vehicles,true,true,true,false,not_yet_decoded
models/props_vehicles/car001b_cluster03.mdl,props_vehicles,true,true,true,false,not_yet_decoded
models/props_vehicles/car001b_cluster04.mdl,props_vehicles,true,true,true,false,not_yet_decoded
models/props_vehicles/car001b_hatchback.mdl,props_vehicles,true,true,true,true,not_yet_decoded
models/props_vehicles/car001b_phy.mdl,props_vehicles,true,true,true,true,not_yet_decoded
models/props_vehicles/car002a.mdl,props_vehicles,true,true,true,true,not_yet_decoded
models/props_vehicles/car002a_physics.mdl,props_vehicles,true,true,true,true,not_yet_decoded
models/props_vehicles/car002b.mdl,props_vehicles,true,true,true,true,not_yet_decoded
models/props_vehicles/car002b_physics.mdl,props_vehicles,true,true,true,true,not_yet_decoded
models/props_vehicles/car003a.mdl,props_vehicles,true,true,true,true,not_yet_decoded
models/props_vehicles/car003a_physics.mdl,props_vehicles,true,true,true,true,not_yet_decoded
models/props_vehicles/car003b.mdl,props_vehicles,true,true,true,true,not_yet_decoded
models/props_vehicles/car003b_physics.mdl,props_vehicles,true,true,true,true,not_yet_decoded
models/props_vehicles/car004a.mdl,props_vehicles,true,true,true,true,not_yet_decoded
models/props_vehicles/car004a_physics.mdl,props_vehicles,true,true,true,true,not_yet_decoded
models/props_vehicles/car004b.mdl,props_vehicles,true,true,true,true,not_yet_decoded
models/props_vehicles/car004b_physics.mdl,props_vehicles,true,true,true,true,not_yet_decoded
models/props_vehicles/car005a.mdl,props_vehicles,true,true,true,true,not_yet_decoded
models/props_vehicles/car005a_physics.mdl,props_vehicles,true,true,true,true,not_yet_decoded
models/props_vehicles/car005b.mdl,props_vehicles,true,true,true,true,not_yet_decoded
models/props_vehicles/car005b_physics.mdl,props_vehicles,true,true,true,true,not_yet_decoded
models/props_vehicles/carparts_axel01a.mdl,props_vehicles,true,true,true,true,not_yet_decoded
models/props_vehicles/carparts_door01a.mdl,props_vehicles,true,true,true,true,not_yet_decoded
models/props_vehicles/carparts_muffler01a.mdl,props_vehicles,true,true,true,true,not_yet_decoded
models/props_vehicles/carparts_tire01a.mdl,props_vehicles,true,true,true,true,not_yet_decoded
models/props_vehicles/carparts_wheel01a.mdl,props_vehicles,true,true,true,true,not_yet_decoded
models/props_vehicles/generatortrailer01.mdl,props_vehicles,true,true,true,true,not_yet_decoded
models/props_vehicles/mining_car.mdl,props_vehicles,true,true,true,true,not_yet_decoded
models/props_vehicles/tanker001a.mdl,props_vehicles,true,true,true,true,not_yet_decoded
models/props_vehicles/tire001a_tractor.mdl,props_vehicles,true,true,true,true,not_yet_decoded
models/props_vehicles/tire001b_truck.mdl,props_vehicles,true,true,true,true,not_yet_decoded
models/props_vehicles/tire001c_car.mdl,props_vehicles,true,true,true,true,not_yet_decoded
models/props_vehicles/trailer001a.mdl,props_vehicles,true,true,true,true,not_yet_decoded
models/props_vehicles/trailer002a.mdl,props_vehicles,true,true,true,true,not_yet_decoded
models/props_vehicles/truck001a.mdl,props_vehicles,true,true,true,true,not_yet_decoded
models/props_vehicles/truck002a_cab.mdl,props_vehicles,true,true,true,true,not_yet_decoded
models/props_vehicles/truck003a.mdl,props_vehicles,true,true,true,true,not_yet_decoded
models/props_vehicles/van001a.mdl,props_vehicles,true,true,true,true,not_yet_decoded
models/props_vehicles/van001a_nodoor.mdl,props_vehicles,true,true,true,true,not_yet_decoded
models/props_vehicles/van001a_nodoor_physics.mdl,props_vehicles,true,true,true,true,not_yet_decoded
models/props_vehicles/van001a_physics.mdl,props_vehicles,true,true,true,true,not_yet_decoded
models/props_vehicles/wagon001a.mdl,props_vehicles,true,true,true,true,not_yet_decoded
models/props_vehicles/wagon001a_phy.mdl,props_vehicles,true,true,true,true,not_yet_decoded
models/props_vents/vent_cluster001.mdl,props_vents,true,true,true,true,not_yet_decoded
models/props_vents/vent_cluster003.mdl,props_vents,true,true,true,true,not_yet_decoded
models/props_vents/vent_cluster006.mdl,props_vents,true,true,true,true,not_yet_decoded
models/props_vents/vent_cluster007.mdl,props_vents,true,true,true,true,not_yet_decoded
models/props_vents/vent_large_blower002.mdl,props_vents,true,true,true,true,not_yet_decoded
models/props_vents/vent_large_corner001.mdl,props_vents,true,true,true,true,not_yet_decoded
models/props_vents/vent_large_corner002.mdl,props_vents,true,true,true,true,not_yet_decoded
models/props_vents/vent_large_grill001.mdl,props_vents,true,true,true,true,not_yet_decoded
models/props_vents/vent_large_straight001.mdl,props_vents,true,true,true,true,not_yet_decoded
models/props_vents/vent_large_straight002.mdl,props_vents,true,true,true,true,not_yet_decoded
models/props_vents/vent_medium_grill001.mdl,props_vents,true,true,true,true,not_yet_decoded
models/props_vents/vent_medium_grill002.mdl,props_vents,true,true,true,true,not_yet_decoded
models/props_vents/vent_medium_straight001.mdl,props_vents,true,true,true,true,not_yet_decoded
models/props_vents/vent_small_corner002.mdl,props_vents,true,true,true,true,not_yet_decoded
models/props_vents/vent_small_straight002.mdl,props_vents,true,true,true,true,not_yet_decoded
models/props_wasteland/antlionhill.mdl,props_wasteland,true,true,true,true,not_yet_decoded
models/props_wasteland/barricade001a.mdl,props_wasteland,true,true,true,true,not_yet_decoded
models/props_wasteland/barricade001a_chunk01.mdl,props_wasteland,true,true,true,true,not_yet_decoded
models/props_wasteland/barricade001a_chunk02.mdl,props_wasteland,true,true,true,true,not_yet_decoded
models/props_wasteland/barricade001a_chunk03.mdl,props_wasteland,true,true,true,true,not_yet_decoded
models/props_wasteland/barricade001a_chunk04.mdl,props_wasteland,true,true,true,true,not_yet_decoded
models/props_wasteland/barricade001a_chunk05.mdl,props_wasteland,true,true,true,true,not_yet_decoded
models/props_wasteland/barricade002a.mdl,props_wasteland,true,true,true,true,not_yet_decoded
models/props_wasteland/barricade002a_chunk01.mdl,props_wasteland,true,true,true,true,not_yet_decoded
models/props_wasteland/barricade002a_chunk02.mdl,props_wasteland,true,true,true,true,not_yet_decoded
models/props_wasteland/barricade002a_chunk03.mdl,props_wasteland,true,true,true,true,not_yet_decoded
models/props_wasteland/barricade002a_chunk04.mdl,props_wasteland,true,true,true,true,not_yet_decoded
models/props_wasteland/barricade002a_chunk05.mdl,props_wasteland,true,true,true,true,not_yet_decoded
models/props_wasteland/barricade002a_chunk06.mdl,props_wasteland,true,true,true,true,not_yet_decoded
models/props_wasteland/boat_01.mdl,props_wasteland,true,true,true,true,not_yet_decoded
models/props_wasteland/boat_fishing01a.mdl,props_wasteland,true,true,true,true,not_yet_decoded
models/props_wasteland/boat_fishing02a.mdl,props_wasteland,true,true,true,true,not_yet_decoded
models/props_wasteland/bridge_internals01.mdl,props_wasteland,true,true,true,true,not_yet_decoded
models/props_wasteland/bridge_internals02.mdl,props_wasteland,true,true,true,true,not_yet_decoded
models/props_wasteland/bridge_internals03.mdl,props_wasteland,true,true,true,true,not_yet_decoded
models/props_wasteland/bridge_low_res.mdl,props_wasteland,true,true,true,true,not_yet_decoded
models/props_wasteland/bridge_middle.mdl,props_wasteland,true,true,true,true,not_yet_decoded
models/props_wasteland/bridge_railing.mdl,props_wasteland,true,true,true,true,not_yet_decoded
models/props_wasteland/bridge_side01-other.mdl,props_wasteland,true,true,true,true,not_yet_decoded
models/props_wasteland/bridge_side01.mdl,props_wasteland,true,true,true,true,not_yet_decoded
models/props_wasteland/bridge_side02-other.mdl,props_wasteland,true,true,true,true,not_yet_decoded
models/props_wasteland/bridge_side02.mdl,props_wasteland,true,true,true,true,not_yet_decoded
models/props_wasteland/bridge_side03-other.mdl,props_wasteland,true,true,true,true,not_yet_decoded
models/props_wasteland/bridge_side03.mdl,props_wasteland,true,true,true,true,not_yet_decoded
models/props_wasteland/buoy01.mdl,props_wasteland,true,true,true,true,not_yet_decoded
models/props_wasteland/cafeteria_bench001a.mdl,props_wasteland,true,true,true,true,not_yet_decoded
models/props_wasteland/cafeteria_bench001a_chunk01.mdl,props_wasteland,true,true,true,true,not_yet_decoded
models/props_wasteland/cafeteria_bench001a_chunk02.mdl,props_wasteland,true,true,true,true,not_yet_decoded
models/props_wasteland/cafeteria_bench001a_chunk03.mdl,props_wasteland,true,true,true,true,not_yet_decoded
models/props_wasteland/cafeteria_bench001a_chunk04.mdl,props_wasteland,true,true,true,true,not_yet_decoded
models/props_wasteland/cafeteria_bench001a_chunk05.mdl,props_wasteland,true,true,true,true,not_yet_decoded
models/props_wasteland/cafeteria_table001a.mdl,props_wasteland,true,true,true,true,not_yet_decoded
models/props_wasteland/cafeteria_table001a_chunk01.mdl,props_wasteland,true,true,true,true,not_yet_decoded
models/props_wasteland/cafeteria_table001a_chunk02.mdl,props_wasteland,true,true,true,true,not_yet_decoded
models/props_wasteland/cafeteria_table001a_chunk03.mdl,props_wasteland,true,true,true,true,not_yet_decoded
models/props_wasteland/cafeteria_table001a_chunk04.mdl,props_wasteland,true,true,true,true,not_yet_decoded
models/props_wasteland/cafeteria_table001a_chunk05.mdl,props_wasteland,true,true,true,true,not_yet_decoded
models/props_wasteland/cafeteria_table001a_chunk06.mdl,props_wasteland,true,true,true,true,not_yet_decoded
models/props_wasteland/cafeteria_table001a_chunk07.mdl,props_wasteland,true,true,true,true,not_yet_decoded
models/props_wasteland/cafeteria_table001a_chunk08.mdl,props_wasteland,true,true,true,true,not_yet_decoded
models/props_wasteland/cargo_container01.mdl,props_wasteland,true,true,true,true,not_yet_decoded
models/props_wasteland/cargo_container01b.mdl,props_wasteland,true,true,true,true,not_yet_decoded
models/props_wasteland/cargo_container01c.mdl,props_wasteland,true,true,true,true,not_yet_decoded
models/props_wasteland/chimneypipe01a.mdl,props_wasteland,true,true,true,true,not_yet_decoded
models/props_wasteland/chimneypipe01b.mdl,props_wasteland,true,true,true,true,not_yet_decoded
models/props_wasteland/chimneypipe02a.mdl,props_wasteland,true,true,true,true,not_yet_decoded
models/props_wasteland/chimneypipe02b.mdl,props_wasteland,true,true,true,true,not_yet_decoded
models/props_wasteland/controlroom_chair001a.mdl,props_wasteland,true,true,true,true,not_yet_decoded
models/props_wasteland/controlroom_desk001a.mdl,props_wasteland,true,true,true,true,not_yet_decoded
models/props_wasteland/controlroom_desk001b.mdl,props_wasteland,true,true,true,true,not_yet_decoded
models/props_wasteland/controlroom_filecabinet001a.mdl,props_wasteland,true,true,true,true,not_yet_decoded
models/props_wasteland/controlroom_filecabinet002a.mdl,props_wasteland,true,true,true,true,not_yet_decoded
models/props_wasteland/controlroom_monitor001a.mdl,props_wasteland,true,true,true,true,not_yet_decoded
models/props_wasteland/controlroom_monitor001b.mdl,props_wasteland,true,true,true,true,not_yet_decoded
models/props_wasteland/controlroom_storagecloset001a.mdl,props_wasteland,true,true,true,true,not_yet_decoded
models/props_wasteland/controlroom_storagecloset001b.mdl,props_wasteland,true,true,true,true,not_yet_decoded
models/props_wasteland/coolingtank01.mdl,props_wasteland,true,true,true,true,not_yet_decoded
models/props_wasteland/coolingtank02.mdl,props_wasteland,true,true,true,true,not_yet_decoded
models/props_wasteland/cranemagnet01a.mdl,props_wasteland,true,true,true,true,not_yet_decoded
models/props_wasteland/depot.mdl,props_wasteland,true,true,true,true,not_yet_decoded
models/props_wasteland/dockplank01a.mdl,props_wasteland,true,true,true,true,not_yet_decoded
models/props_wasteland/dockplank01b.mdl,props_wasteland,true,true,true,true,not_yet_decoded
models/props_wasteland/dockplank_chunk01a.mdl,props_wasteland,true,true,true,true,not_yet_decoded
models/props_wasteland/dockplank_chunk01b.mdl,props_wasteland,true,true,true,true,not_yet_decoded
models/props_wasteland/dockplank_chunk01c.mdl,props_wasteland,true,true,true,true,not_yet_decoded
models/props_wasteland/dockplank_chunk01d.mdl,props_wasteland,true,true,true,true,not_yet_decoded
models/props_wasteland/dockplank_chunk01e.mdl,props_wasteland,true,true,true,true,not_yet_decoded
models/props_wasteland/dockplank_chunk01f.mdl,props_wasteland,true,true,true,true,not_yet_decoded
models/props_wasteland/dockpole01a.mdl,props_wasteland,true,true,false,true,not_yet_decoded
models/props_wasteland/exterior_fence001a.mdl,props_wasteland,true,true,true,true,not_yet_decoded
models/props_wasteland/exterior_fence001b.mdl,props_wasteland,true,true,true,true,not_yet_decoded
models/props_wasteland/exterior_fence002a.mdl,props_wasteland,true,true,true,true,not_yet_decoded
models/props_wasteland/exterior_fence002b.mdl,props_wasteland,true,true,true,true,not_yet_decoded
models/props_wasteland/exterior_fence002c.mdl,props_wasteland,true,true,true,true,not_yet_decoded
models/props_wasteland/exterior_fence002d.mdl,props_wasteland,true,true,true,true,not_yet_decoded
models/props_wasteland/exterior_fence002e.mdl,props_wasteland,true,true,true,true,not_yet_decoded
models/props_wasteland/exterior_fence003a.mdl,props_wasteland,true,true,true,true,not_yet_decoded
models/props_wasteland/exterior_fence003b.mdl,props_wasteland,true,true,true,true,not_yet_decoded
models/props_wasteland/exterior_fence_nohandle.mdl,props_wasteland,true,true,true,true,not_yet_decoded
models/props_wasteland/exterior_fence_notbarbed002a.mdl,props_wasteland,true,true,true,true,not_yet_decoded
models/props_wasteland/exterior_fence_notbarbed002b.mdl,props_wasteland,true,true,true,true,not_yet_decoded
models/props_wasteland/exterior_fence_notbarbed002c.mdl,props_wasteland,true,true,true,true,not_yet_decoded
models/props_wasteland/exterior_fence_notbarbed002d.mdl,props_wasteland,true,true,true,true,not_yet_decoded
models/props_wasteland/exterior_fence_notbarbed002e.mdl,props_wasteland,true,true,true,true,not_yet_decoded
models/props_wasteland/exterior_fence_notbarbed002f.mdl,props_wasteland,true,true,true,true,not_yet_decoded
models/props_wasteland/gaspump001a.mdl,props_wasteland,true,true,true,true,not_yet_decoded
models/props_wasteland/gear01.mdl,props_wasteland,true,true,true,true,not_yet_decoded
models/props_wasteland/gear02.mdl,props_wasteland,true,true,true,true,not_yet_decoded
models/props_wasteland/grainelevator01.mdl,props_wasteland,true,true,true,true,not_yet_decoded
models/props_wasteland/horizontalcoolingtank04.mdl,props_wasteland,true,true,true,true,not_yet_decoded
models/props_wasteland/interior_fence001a.mdl,props_wasteland,true,true,true,true,not_yet_decoded
models/props_wasteland/interior_fence001b.mdl,props_wasteland,true,true,true,true,not_yet_decoded
models/props_wasteland/interior_fence001c.mdl,props_wasteland,true,true,true,true,not_yet_decoded
models/props_wasteland/interior_fence001d.mdl,props_wasteland,true,true,true,true,not_yet_decoded
models/props_wasteland/interior_fence001e.mdl,props_wasteland,true,true,true,true,not_yet_decoded
models/props_wasteland/interior_fence001g.mdl,props_wasteland,true,true,true,true,not_yet_decoded
models/props_wasteland/interior_fence002a.mdl,props_wasteland,true,true,true,true,not_yet_decoded
models/props_wasteland/interior_fence002b.mdl,props_wasteland,true,true,true,true,not_yet_decoded
models/props_wasteland/interior_fence002c.mdl,props_wasteland,true,true,true,true,not_yet_decoded
models/props_wasteland/interior_fence002d.mdl,props_wasteland,true,true,true,true,not_yet_decoded
models/props_wasteland/interior_fence002e.mdl,props_wasteland,true,true,true,true,not_yet_decoded
models/props_wasteland/interior_fence002f.mdl,props_wasteland,true,true,true,true,not_yet_decoded
models/props_wasteland/interior_fence003a.mdl,props_wasteland,true,true,true,true,not_yet_decoded
models/props_wasteland/interior_fence003b.mdl,props_wasteland,true,true,true,true,not_yet_decoded
models/props_wasteland/interior_fence003d.mdl,props_wasteland,true,true,true,true,not_yet_decoded
models/props_wasteland/interior_fence003e.mdl,props_wasteland,true,true,true,true,not_yet_decoded
models/props_wasteland/interior_fence003f.mdl,props_wasteland,true,true,true,true,not_yet_decoded
models/props_wasteland/interior_fence004a.mdl,props_wasteland,true,true,true,true,not_yet_decoded
models/props_wasteland/interior_fence004b.mdl,props_wasteland,true,true,true,true,not_yet_decoded
models/props_wasteland/interior_fence004c.mdl,props_wasteland,true,true,true,true,not_yet_decoded
models/props_wasteland/kitchen_counter001a.mdl,props_wasteland,true,true,true,true,not_yet_decoded
models/props_wasteland/kitchen_counter001b.mdl,props_wasteland,true,true,true,true,not_yet_decoded
models/props_wasteland/kitchen_counter001c.mdl,props_wasteland,true,true,true,true,not_yet_decoded
models/props_wasteland/kitchen_counter001d.mdl,props_wasteland,true,true,true,true,not_yet_decoded
models/props_wasteland/kitchen_fridge001a.mdl,props_wasteland,true,true,true,true,not_yet_decoded
models/props_wasteland/kitchen_shelf001a.mdl,props_wasteland,true,true,true,true,not_yet_decoded
models/props_wasteland/kitchen_shelf002a.mdl,props_wasteland,true,true,true,true,not_yet_decoded
models/props_wasteland/kitchen_stove001a.mdl,props_wasteland,true,true,true,true,not_yet_decoded
models/props_wasteland/kitchen_stove002a.mdl,props_wasteland,true,true,true,true,not_yet_decoded
models/props_wasteland/laundry_basket001.mdl,props_wasteland,true,true,true,true,not_yet_decoded
models/props_wasteland/laundry_basket002.mdl,props_wasteland,true,true,true,true,not_yet_decoded
models/props_wasteland/laundry_cart001.mdl,props_wasteland,true,true,true,true,not_yet_decoded
models/props_wasteland/laundry_cart002.mdl,props_wasteland,true,true,true,true,not_yet_decoded
models/props_wasteland/laundry_dryer001.mdl,props_wasteland,true,true,true,true,not_yet_decoded
models/props_wasteland/laundry_dryer002.mdl,props_wasteland,true,true,true,true,not_yet_decoded
models/props_wasteland/laundry_washer001a.mdl,props_wasteland,true,true,true,true,not_yet_decoded
models/props_wasteland/laundry_washer003.mdl,props_wasteland,true,true,true,true,not_yet_decoded
models/props_wasteland/light_spotlight01_base.mdl,props_wasteland,true,true,true,true,not_yet_decoded
models/props_wasteland/light_spotlight01_lamp.mdl,props_wasteland,true,true,true,true,not_yet_decoded
models/props_wasteland/light_spotlight02_base.mdl,props_wasteland,true,true,true,true,not_yet_decoded
models/props_wasteland/light_spotlight02_lamp.mdl,props_wasteland,true,true,true,true,not_yet_decoded
models/props_wasteland/lighthouse_fresnel_light.mdl,props_wasteland,true,true,true,true,not_yet_decoded
models/props_wasteland/lighthouse_fresnel_light_base.mdl,props_wasteland,true,true,true,true,not_yet_decoded
models/props_wasteland/lighthouse_stairs.mdl,props_wasteland,true,true,true,true,not_yet_decoded
models/props_wasteland/lighthouse_stairs0b.mdl,props_wasteland,true,true,true,true,not_yet_decoded
models/props_wasteland/lights_industrialcluster01a.mdl,props_wasteland,true,true,true,true,not_yet_decoded
models/props_wasteland/medbridge_arch01.mdl,props_wasteland,true,true,true,true,not_yet_decoded
models/props_wasteland/medbridge_base01.mdl,props_wasteland,true,true,true,true,not_yet_decoded
models/props_wasteland/medbridge_post01.mdl,props_wasteland,true,true,true,true,not_yet_decoded
models/props_wasteland/medbridge_strut01.mdl,props_wasteland,true,true,true,true,not_yet_decoded
models/props_wasteland/panel_leverbase001a.mdl,props_wasteland,true,true,true,true,not_yet_decoded
models/props_wasteland/panel_leverhandle001a.mdl,props_wasteland,true,true,true,true,not_yet_decoded
models/props_wasteland/pipecluster001a.mdl,props_wasteland,true,true,true,true,not_yet_decoded
models/props_wasteland/pipecluster001c.mdl,props_wasteland,true,true,true,true,not_yet_decoded
models/props_wasteland/pipecluster002a.mdl,props_wasteland,true,true,true,true,not_yet_decoded
models/props_wasteland/pipecluster003a_small.mdl,props_wasteland,true,true,true,true,not_yet_decoded
models/props_wasteland/plasterwall029c_window01a.mdl,props_wasteland,true,true,true,true,not_yet_decoded
models/props_wasteland/plasterwall029c_window01a_bars.mdl,props_wasteland,true,true,false,true,not_yet_decoded
models/props_wasteland/plasterwall029c_window01b.mdl,props_wasteland,true,true,true,true,not_yet_decoded
models/props_wasteland/plasterwall029g_window01a.mdl,props_wasteland,true,true,true,true,not_yet_decoded
models/props_wasteland/plasterwall029g_window01a_bars.mdl,props_wasteland,true,true,false,true,not_yet_decoded
models/props_wasteland/plasterwall029g_window01b.mdl,props_wasteland,true,true,true,true,not_yet_decoded
models/props_wasteland/powertower01.mdl,props_wasteland,true,true,true,true,not_yet_decoded
models/props_wasteland/prison_archgate001.mdl,props_wasteland,true,true,true,true,not_yet_decoded
models/props_wasteland/prison_archgate002a.mdl,props_wasteland,true,true,true,true,not_yet_decoded
models/props_wasteland/prison_archgate002b.mdl,props_wasteland,true,true,true,true,not_yet_decoded
models/props_wasteland/prison_archgate002c.mdl,props_wasteland,true,true,true,true,not_yet_decoded
models/props_wasteland/prison_archwindow001.mdl,props_wasteland,true,true,true,true,not_yet_decoded
models/props_wasteland/prison_bedframe001a.mdl,props_wasteland,true,true,true,true,not_yet_decoded
models/props_wasteland/prison_bedframe001b.mdl,props_wasteland,true,true,true,true,not_yet_decoded
models/props_wasteland/prison_bracket001a.mdl,props_wasteland,true,true,true,true,not_yet_decoded
models/props_wasteland/prison_cagedlight001a.mdl,props_wasteland,true,true,true,true,not_yet_decoded
models/props_wasteland/prison_celldoor001a.mdl,props_wasteland,true,true,true,true,not_yet_decoded
models/props_wasteland/prison_celldoor001b.mdl,props_wasteland,true,true,true,true,not_yet_decoded
models/props_wasteland/prison_cellwindow002a.mdl,props_wasteland,true,true,true,true,not_yet_decoded
models/props_wasteland/prison_conduit001a.mdl,props_wasteland,true,true,true,true,not_yet_decoded
models/props_wasteland/prison_doortrack001a.mdl,props_wasteland,true,true,true,true,not_yet_decoded
models/props_wasteland/prison_flourescentlight001a.mdl,props_wasteland,true,true,true,true,not_yet_decoded
models/props_wasteland/prison_flourescentlight001b.mdl,props_wasteland,true,true,true,true,not_yet_decoded
models/props_wasteland/prison_flourescentlight001c.mdl,props_wasteland,true,true,true,true,not_yet_decoded
models/props_wasteland/prison_flourescentlight002b.mdl,props_wasteland,true,true,true,true,not_yet_decoded
models/props_wasteland/prison_gate001a.mdl,props_wasteland,true,true,true,true,not_yet_decoded
models/props_wasteland/prison_gate001b.mdl,props_wasteland,true,true,true,true,not_yet_decoded
models/props_wasteland/prison_gate001c.mdl,props_wasteland,true,true,true,true,not_yet_decoded
models/props_wasteland/prison_heater001a.mdl,props_wasteland,true,true,true,true,not_yet_decoded
models/props_wasteland/prison_heater002a.mdl,props_wasteland,true,true,true,true,not_yet_decoded
models/props_wasteland/prison_heavydoor001a.mdl,props_wasteland,true,true,true,true,not_yet_decoded
models/props_wasteland/prison_lamp001a.mdl,props_wasteland,true,true,true,true,not_yet_decoded
models/props_wasteland/prison_lamp001b.mdl,props_wasteland,true,true,true,true,not_yet_decoded
models/props_wasteland/prison_lamp001c.mdl,props_wasteland,true,true,true,true,not_yet_decoded
models/props_wasteland/prison_metalbed001a.mdl,props_wasteland,true,true,true,true,not_yet_decoded
models/props_wasteland/prison_padlock001a.mdl,props_wasteland,true,true,true,true,not_yet_decoded
models/props_wasteland/prison_padlock001b.mdl,props_wasteland,true,true,true,true,not_yet_decoded
models/props_wasteland/prison_pipefaucet001a.mdl,props_wasteland,true,true,true,true,not_yet_decoded
models/props_wasteland/prison_pipes001a.mdl,props_wasteland,true,true,true,true,not_yet_decoded
models/props_wasteland/prison_pipes002a.mdl,props_wasteland,true,true,true,true,not_yet_decoded
models/props_wasteland/prison_shelf001a.mdl,props_wasteland,true,true,true,true,not_yet_decoded
models/props_wasteland/prison_shelf002a.mdl,props_wasteland,true,true,true,true,not_yet_decoded
models/props_wasteland/prison_sink001a.mdl,props_wasteland,true,true,true,true,not_yet_decoded
models/props_wasteland/prison_sink001b.mdl,props_wasteland,true,true,true,true,not_yet_decoded
models/props_wasteland/prison_sinkchunk001b.mdl,props_wasteland,true,true,true,true,not_yet_decoded
models/props_wasteland/prison_sinkchunk001c.mdl,props_wasteland,true,true,true,true,not_yet_decoded
models/props_wasteland/prison_sinkchunk001d.mdl,props_wasteland,true,true,true,true,not_yet_decoded
models/props_wasteland/prison_sinkchunk001e.mdl,props_wasteland,true,true,true,true,not_yet_decoded
models/props_wasteland/prison_sinkchunk001f.mdl,props_wasteland,true,true,true,true,not_yet_decoded
models/props_wasteland/prison_sinkchunk001g.mdl,props_wasteland,true,true,true,true,not_yet_decoded
models/props_wasteland/prison_sinkchunk001h.mdl,props_wasteland,true,true,true,true,not_yet_decoded
models/props_wasteland/prison_slidingdoor001a.mdl,props_wasteland,true,true,true,true,not_yet_decoded
models/props_wasteland/prison_sprinkler001a.mdl,props_wasteland,true,true,true,true,not_yet_decoded
models/props_wasteland/prison_sprinkler001b.mdl,props_wasteland,true,true,true,true,not_yet_decoded
models/props_wasteland/prison_switchbox001a.mdl,props_wasteland,true,true,true,true,not_yet_decoded
models/props_wasteland/prison_throwswitchbase001.mdl,props_wasteland,true,true,true,true,not_yet_decoded
models/props_wasteland/prison_throwswitchlever001.mdl,props_wasteland,true,true,true,true,not_yet_decoded
models/props_wasteland/prison_toilet01.mdl,props_wasteland,true,true,true,true,not_yet_decoded
models/props_wasteland/prison_toiletchunk01a.mdl,props_wasteland,true,true,true,true,not_yet_decoded
models/props_wasteland/prison_toiletchunk01b.mdl,props_wasteland,true,true,true,true,not_yet_decoded
models/props_wasteland/prison_toiletchunk01c.mdl,props_wasteland,true,true,true,true,not_yet_decoded
models/props_wasteland/prison_toiletchunk01d.mdl,props_wasteland,true,true,true,true,not_yet_decoded
models/props_wasteland/prison_toiletchunk01e.mdl,props_wasteland,true,true,true,true,not_yet_decoded
models/props_wasteland/prison_toiletchunk01f.mdl,props_wasteland,true,true,true,true,not_yet_decoded
models/props_wasteland/prison_toiletchunk01g.mdl,props_wasteland,true,true,true,true,not_yet_decoded
models/props_wasteland/prison_toiletchunk01h.mdl,props_wasteland,true,true,true,true,not_yet_decoded
models/props_wasteland/prison_toiletchunk01i.mdl,props_wasteland,true,true,true,true,not_yet_decoded
models/props_wasteland/prison_toiletchunk01j.mdl,props_wasteland,true,true,true,true,not_yet_decoded
models/props_wasteland/prison_toiletchunk01k.mdl,props_wasteland,true,true,true,true,not_yet_decoded
models/props_wasteland/prison_toiletchunk01l.mdl,props_wasteland,true,true,true,true,not_yet_decoded
models/props_wasteland/prison_toiletchunk01m.mdl,props_wasteland,true,true,true,true,not_yet_decoded
models/props_wasteland/prison_wallpile002a.mdl,props_wasteland,true,true,true,true,not_yet_decoded
models/props_wasteland/rockcliff01b.mdl,props_wasteland,true,true,true,true,not_yet_decoded
models/props_wasteland/rockcliff01c.mdl,props_wasteland,true,true,true,true,not_yet_decoded
models/props_wasteland/rockcliff01e.mdl,props_wasteland,true,true,true,true,not_yet_decoded
models/props_wasteland/rockcliff01f.mdl,props_wasteland,true,true,true,true,not_yet_decoded
models/props_wasteland/rockcliff01g.mdl,props_wasteland,true,true,true,true,not_yet_decoded
models/props_wasteland/rockcliff01j.mdl,props_wasteland,true,true,true,true,not_yet_decoded
models/props_wasteland/rockcliff01k.mdl,props_wasteland,true,true,true,true,not_yet_decoded
models/props_wasteland/rockcliff01m.mdl,props_wasteland,true,true,true,false,not_yet_decoded
models/props_wasteland/rockcliff05a.mdl,props_wasteland,true,true,true,true,not_yet_decoded
models/props_wasteland/rockcliff05b.mdl,props_wasteland,true,true,true,true,not_yet_decoded
models/props_wasteland/rockcliff05e.mdl,props_wasteland,true,true,true,true,not_yet_decoded
models/props_wasteland/rockcliff05f.mdl,props_wasteland,true,true,true,true,not_yet_decoded
models/props_wasteland/rockcliff06d.mdl,props_wasteland,true,true,true,true,not_yet_decoded
models/props_wasteland/rockcliff06i.mdl,props_wasteland,true,true,true,true,not_yet_decoded
models/props_wasteland/rockcliff07b.mdl,props_wasteland,true,true,true,true,not_yet_decoded
models/props_wasteland/rockcliff07e.mdl,props_wasteland,true,true,true,true,not_yet_decoded
models/props_wasteland/rockcliff_cluster01a.mdl,props_wasteland,true,true,true,true,not_yet_decoded
models/props_wasteland/rockcliff_cluster01b.mdl,props_wasteland,true,true,true,true,not_yet_decoded
models/props_wasteland/rockcliff_cluster02a.mdl,props_wasteland,true,true,true,true,not_yet_decoded
models/props_wasteland/rockcliff_cluster02b.mdl,props_wasteland,true,true,true,true,not_yet_decoded
models/props_wasteland/rockcliff_cluster02c.mdl,props_wasteland,true,true,true,true,not_yet_decoded
models/props_wasteland/rockcliff_cluster03a.mdl,props_wasteland,true,true,true,true,not_yet_decoded
models/props_wasteland/rockcliff_cluster03b.mdl,props_wasteland,true,true,true,true,not_yet_decoded
models/props_wasteland/rockcliff_cluster03c.mdl,props_wasteland,true,true,true,true,not_yet_decoded
models/props_wasteland/rockgranite01a.mdl,props_wasteland,true,true,true,true,not_yet_decoded
models/props_wasteland/rockgranite01b.mdl,props_wasteland,true,true,true,true,not_yet_decoded
models/props_wasteland/rockgranite01c.mdl,props_wasteland,true,true,true,true,not_yet_decoded
models/props_wasteland/rockgranite02a.mdl,props_wasteland,true,true,true,true,not_yet_decoded
models/props_wasteland/rockgranite02b.mdl,props_wasteland,true,true,true,true,not_yet_decoded
models/props_wasteland/rockgranite02c.mdl,props_wasteland,true,true,true,true,not_yet_decoded
models/props_wasteland/rockgranite03a.mdl,props_wasteland,true,true,true,true,not_yet_decoded
models/props_wasteland/rockgranite03b.mdl,props_wasteland,true,true,true,true,not_yet_decoded
models/props_wasteland/rockgranite03c.mdl,props_wasteland,true,true,true,true,not_yet_decoded
models/props_wasteland/rockgranite04a.mdl,props_wasteland,true,true,true,true,not_yet_decoded
models/props_wasteland/rockgranite04b.mdl,props_wasteland,true,true,true,true,not_yet_decoded
models/props_wasteland/rockgranite04c.mdl,props_wasteland,true,true,true,true,not_yet_decoded
models/props_wasteland/rockgranite64a.mdl,props_wasteland,true,true,true,false,not_yet_decoded
models/props_wasteland/rockgranite64b.mdl,props_wasteland,true,true,true,false,not_yet_decoded
models/props_wasteland/shower_system001a.mdl,props_wasteland,true,true,true,true,not_yet_decoded
models/props_wasteland/speakercluster01a.mdl,props_wasteland,true,true,true,true,not_yet_decoded
models/props_wasteland/tram_bracket01.mdl,props_wasteland,true,true,true,true,not_yet_decoded
models/props_wasteland/tram_lever01.mdl,props_wasteland,true,true,true,true,not_yet_decoded
models/props_wasteland/tram_leverbase01.mdl,props_wasteland,true,true,true,true,not_yet_decoded
models/props_wasteland/tugtop001.mdl,props_wasteland,true,true,true,true,not_yet_decoded
models/props_wasteland/tugtop002.mdl,props_wasteland,true,true,true,true,not_yet_decoded
models/props_wasteland/wheel01.mdl,props_wasteland,true,true,true,true,not_yet_decoded
models/props_wasteland/wheel01a.mdl,props_wasteland,true,true,true,true,not_yet_decoded
models/props_wasteland/wheel02a.mdl,props_wasteland,true,true,true,true,not_yet_decoded
models/props_wasteland/wheel02b.mdl,props_wasteland,true,true,true,true,not_yet_decoded
models/props_wasteland/wheel03a.mdl,props_wasteland,true,true,true,true,not_yet_decoded
models/props_wasteland/wheel03b.mdl,props_wasteland,true,true,true,true,not_yet_decoded
models/props_wasteland/wood_fence01a.mdl,props_wasteland,true,true,true,true,not_yet_decoded
models/props_wasteland/wood_fence01b.mdl,props_wasteland,true,true,true,true,not_yet_decoded
models/props_wasteland/wood_fence01c.mdl,props_wasteland,true,true,true,true,not_yet_decoded
models/props_wasteland/wood_fence02a.mdl,props_wasteland,true,true,true,true,not_yet_decoded
models/props_wasteland/wood_fence02a_board01a.mdl,props_wasteland,true,true,true,true,not_yet_decoded
models/props_wasteland/wood_fence02a_board03a.mdl,props_wasteland,true,true,true,true,not_yet_decoded
models/props_wasteland/wood_fence02a_board04a.mdl,props_wasteland,true,true,true,true,not_yet_decoded
models/props_wasteland/wood_fence02a_board05a.mdl,props_wasteland,true,true,true,true,not_yet_decoded
models/props_wasteland/wood_fence02a_board07a.mdl,props_wasteland,true,true,true,true,not_yet_decoded
models/props_wasteland/wood_fence02a_board08a.mdl,props_wasteland,true,true,true,true,not_yet_decoded
models/props_wasteland/wood_fence02a_board09a.mdl,props_wasteland,true,true,true,true,not_yet_decoded
models/props_wasteland/wood_fence02a_board10a.mdl,props_wasteland,true,true,true,true,not_yet_decoded
models/props_wasteland/wood_fence02a_shard01a.mdl,props_wasteland,true,true,true,true,not_yet_decoded
models/props_wasteland/woodwall030b_window01a.mdl,props_wasteland,true,true,true,true,not_yet_decoded
models/props_wasteland/woodwall030b_window01a_bars.mdl,props_wasteland,true,true,false,true,not_yet_decoded
models/props_wasteland/woodwall030b_window01b.mdl,props_wasteland,true,true,true,true,not_yet_decoded
models/props_wasteland/woodwall030b_window02a.mdl,props_wasteland,true,true,true,true,not_yet_decoded
models/props_wasteland/woodwall030b_window02a_bars.mdl,props_wasteland,true,true,false,true,not_yet_decoded
models/props_wasteland/woodwall030b_window02b.mdl,props_wasteland,true,true,true,true,not_yet_decoded
models/props_wasteland/woodwall030b_window03a.mdl,props_wasteland,true,true,true,true,not_yet_decoded
models/props_wasteland/woodwall030b_window03a_bars.mdl,props_wasteland,true,true,false,true,not_yet_decoded
models/props_wasteland/woodwall030b_window03b.mdl,props_wasteland,true,true,true,true,not_yet_decoded
models/quarterlife/fsd-overrun-toy.mdl,quarterlife,true,true,true,true,not_yet_decoded
models/rockslide/ref.mdl,rockslide,true,true,false,false,not_yet_decoded
models/rockslide/rockslide.mdl,rockslide,true,true,false,false,not_yet_decoded
models/roller.mdl,roller.mdl,true,true,true,true,not_yet_decoded
models/roller_spikes.mdl,roller_spikes.mdl,true,true,true,true,not_yet_decoded
models/roller_vehicledriver.mdl,roller_vehicledriver.mdl,true,true,true,true,not_yet_decoded
models/seagull.mdl,seagull.mdl,true,true,true,true,not_yet_decoded
models/seesawbridge/bridge_standin.mdl,seesawbridge,true,true,true,false,not_yet_decoded
models/seesawbridge/bridge_static.mdl,seesawbridge,true,true,true,false,not_yet_decoded
models/seesawbridge/bridge_static_exit.mdl,seesawbridge,true,true,true,false,not_yet_decoded
models/seesawbridge/bridgemetal.mdl,seesawbridge,true,true,true,false,not_yet_decoded
models/seesawbridge/bridgemetalnondynamic.mdl,seesawbridge,true,true,false,false,not_yet_decoded
models/seesawbridge/bridgemetalrb.mdl,seesawbridge,true,true,false,false,not_yet_decoded
models/seesawbridge/rubble.mdl,seesawbridge,true,true,false,false,not_yet_decoded
models/seesawbridge/standinmainbridge.mdl,seesawbridge,true,true,true,false,not_yet_decoded
models/seesawbridge/standinsecondarybridge.mdl,seesawbridge,true,true,false,false,not_yet_decoded
models/seesawbridge/standinworldgeo.mdl,seesawbridge,true,true,false,false,not_yet_decoded
models/shadertest/envballs.mdl,shadertest,true,true,false,false,not_yet_decoded
models/shadertest/predator.mdl,shadertest,true,true,false,false,not_yet_decoded
models/shadertest/shaderslab1.mdl,shadertest,true,true,true,false,not_yet_decoded
models/shadertest/shaderslab2.mdl,shadertest,true,true,false,false,not_yet_decoded
models/shadertest/shaderslab3.mdl,shadertest,true,true,false,false,not_yet_decoded
models/shadertest/shaderslab4.mdl,shadertest,true,true,false,false,not_yet_decoded
models/shadertest/shaderslab5.mdl,shadertest,true,true,false,false,not_yet_decoded
models/shadertest/unlitgenericmodel.mdl,shadertest,true,true,false,false,not_yet_decoded
models/shadertest/vertexlit.mdl,shadertest,true,true,true,false,not_yet_decoded
models/shadertest/vertexlitadditivetexture.mdl,shadertest,true,true,true,false,not_yet_decoded
models/shadertest/vertexlitalphatestedtexture.mdl,shadertest,true,true,true,false,not_yet_decoded
models/shadertest/vertexlitalphatestedtexturedetail.mdl,shadertest,true,true,true,false,not_yet_decoded
models/shadertest/vertexlitbasealphamaskedenvmaptex.mdl,shadertest,true,true,true,false,not_yet_decoded
models/shadertest/vertexlitbasealphamaskedenvmaptexv2.mdl,shadertest,true,true,true,false,not_yet_decoded
models/shadertest/vertexlitbasealphamaskenvmaptexdet.mdl,shadertest,true,true,true,false,not_yet_decoded
models/shadertest/vertexlitbasealphamaskenvmaptexdetv2.mdl,shadertest,true,true,true,false,not_yet_decoded
models/shadertest/vertexlitbumpedtexturewithselfillum.mdl,shadertest,true,true,false,false,not_yet_decoded
models/shadertest/vertexlitenvmap.mdl,shadertest,true,true,true,false,not_yet_decoded
models/shadertest/vertexlitenvmapcameraspace.mdl,shadertest,true,true,true,false,not_yet_decoded
models/shadertest/vertexlitenvmappedbumpmap.mdl,shadertest,true,true,false,false,not_yet_decoded
models/shadertest/vertexlitenvmappedtexture.mdl,shadertest,true,true,true,false,not_yet_decoded
models/shadertest/vertexlitenvmappedtexturedetail.mdl,shadertest,true,true,true,false,not_yet_decoded
models/shadertest/vertexlitenvmappedtexturedetailv2.mdl,shadertest,true,true,true,false,not_yet_decoded
models/shadertest/vertexlitenvmappedtexturev2.mdl,shadertest,true,true,true,false,not_yet_decoded
models/shadertest/vertexlitflat.mdl,shadertest,true,true,true,false,not_yet_decoded
models/shadertest/vertexlitmaskedenvmap.mdl,shadertest,true,true,true,false,not_yet_decoded
models/shadertest/vertexlitmaskedenvmappedtexdet.mdl,shadertest,true,true,true,false,not_yet_decoded
models/shadertest/vertexlitmaskedenvmappedtexdetv2.mdl,shadertest,true,true,true,false,not_yet_decoded
models/shadertest/vertexlitmaskedenvmappedtexture.mdl,shadertest,true,true,true,false,not_yet_decoded
models/shadertest/vertexlitmaskedenvmappedtexturev2.mdl,shadertest,true,true,true,false,not_yet_decoded
models/shadertest/vertexlitselfillumenvmappedtexdetv2.mdl,shadertest,true,true,true,false,not_yet_decoded
models/shadertest/vertexlitselfillumenvmappedtexturev2.mdl,shadertest,true,true,true,false,not_yet_decoded
models/shadertest/vertexlitselfillumenvmaptexdet.mdl,shadertest,true,true,true,false,not_yet_decoded
models/shadertest/vertexlitselfilluminatedenvmappedtexture.mdl,shadertest,true,true,true,false,not_yet_decoded
models/shadertest/vertexlitselfilluminatedtexture.mdl,shadertest,true,true,true,false,not_yet_decoded
models/shadertest/vertexlitselfilluminatedtexturedetail.mdl,shadertest,true,true,true,false,not_yet_decoded
models/shadertest/vertexlitselfillummaskenvmaptex.mdl,shadertest,true,true,true,false,not_yet_decoded
models/shadertest/vertexlitselfillummaskenvmaptexdet.mdl,shadertest,true,true,true,false,not_yet_decoded
models/shadertest/vertexlitselfillummaskenvmaptexdetv2.mdl,shadertest,true,true,true,false,not_yet_decoded
models/shadertest/vertexlitselfillummaskenvmaptexv2.mdl,shadertest,true,true,true,false,not_yet_decoded
models/shadertest/vertexlitsphereenvmappedtexdet.mdl,shadertest,true,true,true,false,not_yet_decoded
models/shadertest/vertexlitsphereenvmappedtexture.mdl,shadertest,true,true,true,false,not_yet_decoded
models/shadertest/vertexlittexture.mdl,shadertest,true,true,true,false,not_yet_decoded
models/shadertest/vertexlittexturedetail.mdl,shadertest,true,true,true,false,not_yet_decoded
models/shadertest/vertexlittextureplusenvmappedbumpmap.mdl,shadertest,true,true,false,false,not_yet_decoded
models/shadertest/vertexlittextureplusmaskedenvbump.mdl,shadertest,true,true,false,false,not_yet_decoded
models/shadertest/vertexlittranslucentbumpmappedtexture.mdl,shadertest,true,true,false,false,not_yet_decoded
models/shadertest/vertexlittranslucenttexdet.mdl,shadertest,true,true,true,false,not_yet_decoded
models/shadertest/vertexlittranslucenttexture.mdl,shadertest,true,true,true,false,not_yet_decoded
models/shells/shell_12gauge.mdl,shells,true,true,false,true,not_yet_decoded
models/shells/shell_338mag.mdl,shells,true,true,false,true,not_yet_decoded
models/shells/shell_556.mdl,shells,true,true,false,true,not_yet_decoded
models/shells/shell_57.mdl,shells,true,true,false,true,not_yet_decoded
models/shells/shell_762nato.mdl,shells,true,true,false,true,not_yet_decoded
models/shells/shell_9mm.mdl,shells,true,true,false,true,not_yet_decoded
models/shield_scanner.mdl,shield_scanner.mdl,true,true,true,true,not_yet_decoded
models/skeleton/skeleton_arm.mdl,skeleton,true,true,true,true,not_yet_decoded
models/skeleton/skeleton_arm_l.mdl,skeleton,true,true,true,true,not_yet_decoded
models/skeleton/skeleton_arm_l_noskins.mdl,skeleton,true,true,true,true,not_yet_decoded
models/skeleton/skeleton_arm_noskins.mdl,skeleton,true,true,true,true,not_yet_decoded
models/skeleton/skeleton_leg.mdl,skeleton,true,true,true,true,not_yet_decoded
models/skeleton/skeleton_leg_l.mdl,skeleton,true,true,true,true,not_yet_decoded
models/skeleton/skeleton_leg_l_noskins.mdl,skeleton,true,true,true,true,not_yet_decoded
models/skeleton/skeleton_leg_noskins.mdl,skeleton,true,true,true,true,not_yet_decoded
models/skeleton/skeleton_torso.mdl,skeleton,true,true,true,true,not_yet_decoded
models/skeleton/skeleton_torso2.mdl,skeleton,true,true,true,true,not_yet_decoded
models/skeleton/skeleton_torso2_noskins.mdl,skeleton,true,true,true,true,not_yet_decoded
models/skeleton/skeleton_torso3.mdl,skeleton,true,true,true,true,not_yet_decoded
models/skeleton/skeleton_torso3_noskins.mdl,skeleton,true,true,true,true,not_yet_decoded
models/skeleton/skeleton_torso_noskins.mdl,skeleton,true,true,true,true,not_yet_decoded
models/skeleton/skeleton_whole.mdl,skeleton,true,true,true,true,not_yet_decoded
models/skeleton/skeleton_whole_noskins.mdl,skeleton,true,true,true,true,not_yet_decoded
models/soldier_stripped.mdl,soldier_stripped.mdl,true,true,false,true,not_yet_decoded
models/spitball_large.mdl,spitball_large.mdl,true,true,true,true,not_yet_decoded
models/spitball_medium.mdl,spitball_medium.mdl,true,true,true,true,not_yet_decoded
models/spitball_small.mdl,spitball_small.mdl,true,true,true,true,not_yet_decoded
models/squad/sf_bars/sf_bar1.mdl,squad,true,true,true,true,not_yet_decoded
models/squad/sf_bars/sf_bar2.mdl,squad,true,true,true,true,not_yet_decoded
models/squad/sf_bars/sf_bar25x25x1.mdl,squad,true,true,true,true,not_yet_decoded
models/squad/sf_bars/sf_bar25x25x2.mdl,squad,true,true,true,true,not_yet_decoded
models/squad/sf_bars/sf_bar25x25x3.mdl,squad,true,true,true,true,not_yet_decoded
models/squad/sf_bars/sf_bar25x25x4.mdl,squad,true,true,true,true,not_yet_decoded
models/squad/sf_bars/sf_bar25x25x5.mdl,squad,true,true,true,true,not_yet_decoded
models/squad/sf_bars/sf_bar25x25x6.mdl,squad,true,true,true,true,not_yet_decoded
models/squad/sf_bars/sf_bar25x25x7.mdl,squad,true,true,true,true,not_yet_decoded
models/squad/sf_bars/sf_bar25x25x8.mdl,squad,true,true,true,true,not_yet_decoded
models/squad/sf_bars/sf_bar3.mdl,squad,true,true,true,true,not_yet_decoded
models/squad/sf_bars/sf_bar4.mdl,squad,true,true,true,true,not_yet_decoded
models/squad/sf_bars/sf_bar5.mdl,squad,true,true,true,true,not_yet_decoded
models/squad/sf_bars/sf_bar6.mdl,squad,true,true,true,true,not_yet_decoded
models/squad/sf_bars/sf_bar7.mdl,squad,true,true,true,true,not_yet_decoded
models/squad/sf_bars/sf_bar8.mdl,squad,true,true,true,true,not_yet_decoded
models/squad/sf_plates/sf_plate1x1.mdl,squad,true,true,true,true,not_yet_decoded
models/squad/sf_plates/sf_plate1x2.mdl,squad,true,true,true,true,not_yet_decoded
models/squad/sf_plates/sf_plate1x3.mdl,squad,true,true,true,true,not_yet_decoded
models/squad/sf_plates/sf_plate1x4.mdl,squad,true,true,true,true,not_yet_decoded
models/squad/sf_plates/sf_plate1x5.mdl,squad,true,true,true,true,not_yet_decoded
models/squad/sf_plates/sf_plate1x6.mdl,squad,true,true,true,true,not_yet_decoded
models/squad/sf_plates/sf_plate1x7.mdl,squad,true,true,true,true,not_yet_decoded
models/squad/sf_plates/sf_plate1x8.mdl,squad,true,true,true,true,not_yet_decoded
models/squad/sf_plates/sf_plate2x2.mdl,squad,true,true,true,true,not_yet_decoded
models/squad/sf_plates/sf_plate2x3.mdl,squad,true,true,true,true,not_yet_decoded
models/squad/sf_plates/sf_plate2x4.mdl,squad,true,true,true,true,not_yet_decoded
models/squad/sf_plates/sf_plate2x5.mdl,squad,true,true,true,true,not_yet_decoded
models/squad/sf_plates/sf_plate2x6.mdl,squad,true,true,true,true,not_yet_decoded
models/squad/sf_plates/sf_plate2x7.mdl,squad,true,true,true,true,not_yet_decoded
models/squad/sf_plates/sf_plate2x8.mdl,squad,true,true,true,true,not_yet_decoded
models/squad/sf_plates/sf_plate3x3.mdl,squad,true,true,true,true,not_yet_decoded
models/squad/sf_plates/sf_plate3x4.mdl,squad,true,true,true,true,not_yet_decoded
models/squad/sf_plates/sf_plate3x5.mdl,squad,true,true,true,true,not_yet_decoded
models/squad/sf_plates/sf_plate3x6.mdl,squad,true,true,true,true,not_yet_decoded
models/squad/sf_plates/sf_plate3x7.mdl,squad,true,true,true,true,not_yet_decoded
models/squad/sf_plates/sf_plate3x8.mdl,squad,true,true,true,true,not_yet_decoded
models/squad/sf_plates/sf_plate4x4.mdl,squad,true,true,true,true,not_yet_decoded
models/squad/sf_plates/sf_plate4x5.mdl,squad,true,true,true,true,not_yet_decoded
models/squad/sf_plates/sf_plate4x6.mdl,squad,true,true,true,true,not_yet_decoded
models/squad/sf_plates/sf_plate4x7.mdl,squad,true,true,true,true,not_yet_decoded
models/squad/sf_plates/sf_plate4x8.mdl,squad,true,true,true,true,not_yet_decoded
models/squad/sf_plates/sf_plate5x5.mdl,squad,true,true,true,true,not_yet_decoded
models/squad/sf_plates/sf_plate5x6.mdl,squad,true,true,true,true,not_yet_decoded
models/squad/sf_plates/sf_plate5x7.mdl,squad,true,true,true,true,not_yet_decoded
models/squad/sf_plates/sf_plate5x8.mdl,squad,true,true,true,true,not_yet_decoded
models/squad/sf_plates/sf_plate6x6.mdl,squad,true,true,true,true,not_yet_decoded
models/squad/sf_plates/sf_plate6x7.mdl,squad,true,true,true,true,not_yet_decoded
models/squad/sf_plates/sf_plate6x8.mdl,squad,true,true,true,true,not_yet_decoded
models/squad/sf_plates/sf_plate7x7.mdl,squad,true,true,true,true,not_yet_decoded
models/squad/sf_plates/sf_plate7x8.mdl,squad,true,true,true,true,not_yet_decoded
models/squad/sf_plates/sf_plate8x8.mdl,squad,true,true,true,true,not_yet_decoded
models/squad/sf_tris/sf_tri1x1.mdl,squad,true,true,true,true,not_yet_decoded
models/squad/sf_tris/sf_tri2x2.mdl,squad,true,true,true,true,not_yet_decoded
models/squad/sf_tris/sf_tri3x3.mdl,squad,true,true,true,true,not_yet_decoded
models/squad/sf_tris/sf_tri4x4.mdl,squad,true,true,true,true,not_yet_decoded
models/squad/sf_tris/sf_tri5x5.mdl,squad,true,true,true,true,not_yet_decoded
models/squad/sf_tris/sf_tri6x6.mdl,squad,true,true,true,true,not_yet_decoded
models/squad/sf_tris/sf_tri7x7.mdl,squad,true,true,true,true,not_yet_decoded
models/squad/sf_tris/sf_tri8x8.mdl,squad,true,true,true,true,not_yet_decoded
models/squad/sf_tubes/sf_tube1x180.mdl,squad,true,true,true,true,not_yet_decoded
models/squad/sf_tubes/sf_tube1x270.mdl,squad,true,true,true,true,not_yet_decoded
models/squad/sf_tubes/sf_tube1x360.mdl,squad,true,true,true,true,not_yet_decoded
models/squad/sf_tubes/sf_tube1x90.mdl,squad,true,true,true,true,not_yet_decoded
models/stalker.mdl,stalker.mdl,true,true,true,true,not_yet_decoded
models/stalker_animations.mdl,stalker_animations.mdl,false,false,false,false,not_yet_decoded
models/strider_parts/strider_brain.mdl,strider_parts,true,true,true,true,not_yet_decoded
models/strider_parts/strider_shell.mdl,strider_parts,true,true,true,true,not_yet_decoded
models/striderbustervendor1/ciron.mdl,striderbustervendor1,true,true,false,false,not_yet_decoded
models/striderbustervendor1/ciron_lod1.mdl,striderbustervendor1,true,true,false,false,not_yet_decoded
models/striderbustervendor1/internalbeams.mdl,striderbustervendor1,true,true,false,false,not_yet_decoded
models/striderbustervendor1/roofwood.mdl,striderbustervendor1,true,true,true,false,not_yet_decoded
models/striderbustervendor1/roofwood_lod1.mdl,striderbustervendor1,true,true,true,false,not_yet_decoded
models/striderbustervendor1/supports.mdl,striderbustervendor1,true,true,false,false,not_yet_decoded
models/striderbustervendor1/supports_lod1.mdl,striderbustervendor1,true,true,false,false,not_yet_decoded
models/striderbustervendor1/wall1a.mdl,striderbustervendor1,true,true,false,false,not_yet_decoded
models/striderbustervendor1/wall1a_lod1.mdl,striderbustervendor1,true,true,false,false,not_yet_decoded
models/striderbustervendor1/wall1b.mdl,striderbustervendor1,true,true,false,false,not_yet_decoded
models/striderbustervendor1/wall1b_lod1.mdl,striderbustervendor1,true,true,false,false,not_yet_decoded
models/striderbustervendor1/wall2a.mdl,striderbustervendor1,true,true,false,false,not_yet_decoded
models/striderbustervendor1/wall2a_lod1.mdl,striderbustervendor1,true,true,false,false,not_yet_decoded
models/striderbustervendor1/wall2b.mdl,striderbustervendor1,true,true,false,false,not_yet_decoded
models/striderbustervendor1/wall2b_lod1.mdl,striderbustervendor1,true,true,false,false,not_yet_decoded
models/striderbustervendor1/wall2c.mdl,striderbustervendor1,true,true,false,false,not_yet_decoded
models/striderbustervendor1/wall2c_lod1.mdl,striderbustervendor1,true,true,false,false,not_yet_decoded
models/striderbustervendor1/wall3.mdl,striderbustervendor1,true,true,false,false,not_yet_decoded
models/striderbustervendor1/wall3_lod1.mdl,striderbustervendor1,true,true,false,false,not_yet_decoded
models/striderbustervendor1/wall4_lod1.mdl,striderbustervendor1,true,true,false,false,not_yet_decoded
models/striderbustervendor1/wall4a.mdl,striderbustervendor1,true,true,false,false,not_yet_decoded
models/striderbustervendor1/wall4b.mdl,striderbustervendor1,true,true,false,false,not_yet_decoded
models/striderbustervendor1/wall5.mdl,striderbustervendor1,true,true,false,false,not_yet_decoded
models/striderbustervendor1/wall5_lod1.mdl,striderbustervendor1,true,true,false,false,not_yet_decoded
models/striderbustervendor1/wall6.mdl,striderbustervendor1,true,true,false,false,not_yet_decoded
models/striderbustervendor1/wall6_lod1.mdl,striderbustervendor1,true,true,false,false,not_yet_decoded
models/striderbustervendor1/wall7_lod1.mdl,striderbustervendor1,true,true,false,false,not_yet_decoded
models/striderbustervendor1/wall7a.mdl,striderbustervendor1,true,true,false,false,not_yet_decoded
models/striderbustervendor1/wall7b.mdl,striderbustervendor1,true,true,false,false,not_yet_decoded
models/striderbustervendor1/wall8.mdl,striderbustervendor1,true,true,false,false,not_yet_decoded
models/striderbustervendor1/wall8_lod1.mdl,striderbustervendor1,true,true,false,false,not_yet_decoded
models/striderbustervendor1/wall9.mdl,striderbustervendor1,true,true,false,false,not_yet_decoded
models/striderbustervendor1/wall9_lod1.mdl,striderbustervendor1,true,true,false,false,not_yet_decoded
models/synth.mdl,synth.mdl,true,true,false,true,not_yet_decoded
models/tanker/ref.mdl,tanker,true,true,false,false,not_yet_decoded
models/tanker/tanker1.mdl,tanker,true,true,false,true,not_yet_decoded
models/tanker/tanker2.mdl,tanker,true,true,false,true,not_yet_decoded
models/thrusters/jetpack.mdl,thrusters,true,true,true,true,not_yet_decoded
models/tools/camera/camera.mdl,tools,true,true,false,true,not_yet_decoded
models/vehicle.mdl,vehicle.mdl,true,true,true,true,not_yet_decoded
models/vehicle/helicopter.mdl,vehicle,true,true,true,true,not_yet_decoded
models/vehicle/vehicle_engine_block.mdl,vehicle,true,true,true,true,not_yet_decoded
models/vehicle/vehicle_rich.mdl,vehicle,true,true,false,true,not_yet_decoded
models/vehicles/inner_pod_arm.mdl,vehicles,true,true,true,true,not_yet_decoded
models/vehicles/inner_pod_rotator.mdl,vehicles,true,true,true,true,not_yet_decoded
models/vehicles/prisoner_pod.mdl,vehicles,true,true,true,true,not_yet_decoded
models/vehicles/prisoner_pod_inner.mdl,vehicles,true,true,true,true,not_yet_decoded
models/vehicles/vehicle_blackout_e1_dogintro.mdl,vehicles,true,true,true,false,not_yet_decoded
models/vehicles/vehicle_van.mdl,vehicles,true,true,true,true,not_yet_decoded
models/vehicles/vehicle_vandoor.mdl,vehicles,true,true,true,true,not_yet_decoded
models/vortig_ep1_anims.mdl,vortig_ep1_anims.mdl,false,false,false,false,not_yet_decoded
models/vortig_ep2_anims.mdl,vortig_ep2_anims.mdl,false,false,false,false,not_yet_decoded
models/vortigaunt.mdl,vortigaunt.mdl,true,true,true,true,not_yet_decoded
models/vortigaunt_anims.mdl,vortigaunt_anims.mdl,false,false,false,false,not_yet_decoded
models/vortigaunt_blue.mdl,vortigaunt_blue.mdl,true,true,true,true,not_yet_decoded
models/vortigaunt_doctor.mdl,vortigaunt_doctor.mdl,true,true,true,true,not_yet_decoded
models/vortigaunt_gest_ep1.mdl,vortigaunt_gest_ep1.mdl,false,false,false,false,not_yet_decoded
models/vortigaunt_gest_ep2.mdl,vortigaunt_gest_ep2.mdl,false,false,false,false,not_yet_decoded
models/vortigaunt_gestures.mdl,vortigaunt_gestures.mdl,false,false,false,false,not_yet_decoded
models/vortigaunt_post_ep1.mdl,vortigaunt_post_ep1.mdl,false,false,false,false,not_yet_decoded
models/vortigaunt_post_ep2.mdl,vortigaunt_post_ep2.mdl,false,false,false,false,not_yet_decoded
models/vortigaunt_postures.mdl,vortigaunt_postures.mdl,false,false,false,false,not_yet_decoded
models/vortigaunt_slave.mdl,vortigaunt_slave.mdl,true,true,true,true,not_yet_decoded
models/weapons/ar2_grenade.mdl,weapons,true,true,false,true,not_yet_decoded
models/weapons/c_357.mdl,weapons,true,true,false,false,not_yet_decoded
models/weapons/c_arms.mdl,weapons,true,true,false,false,not_yet_decoded
models/weapons/c_arms_animations.mdl,weapons,false,false,false,false,not_yet_decoded
models/weapons/c_arms_chell.mdl,weapons,true,true,false,false,not_yet_decoded
models/weapons/c_arms_citizen.mdl,weapons,true,true,false,false,not_yet_decoded
models/weapons/c_arms_combine.mdl,weapons,true,true,false,false,not_yet_decoded
models/weapons/c_arms_cstrike.mdl,weapons,true,true,false,false,not_yet_decoded
models/weapons/c_arms_dod.mdl,weapons,true,true,false,false,not_yet_decoded
models/weapons/c_arms_hev.mdl,weapons,true,true,false,false,not_yet_decoded
models/weapons/c_arms_refugee.mdl,weapons,true,true,false,false,not_yet_decoded
models/weapons/c_bugbait.mdl,weapons,true,true,false,false,not_yet_decoded
models/weapons/c_crossbow.mdl,weapons,true,true,false,false,not_yet_decoded
models/weapons/c_crowbar.mdl,weapons,true,true,false,false,not_yet_decoded
models/weapons/c_grenade.mdl,weapons,true,true,false,false,not_yet_decoded
models/weapons/c_irifle.mdl,weapons,true,true,false,false,not_yet_decoded
models/weapons/c_medkit.mdl,weapons,true,true,false,false,not_yet_decoded
models/weapons/c_physcannon.mdl,weapons,true,true,false,false,not_yet_decoded
models/weapons/c_pistol.mdl,weapons,true,true,false,false,not_yet_decoded
models/weapons/c_rpg.mdl,weapons,true,true,false,false,not_yet_decoded
models/weapons/c_shotgun.mdl,weapons,true,true,false,false,not_yet_decoded
models/weapons/c_slam.mdl,weapons,true,true,false,false,not_yet_decoded
models/weapons/c_smg1.mdl,weapons,true,true,false,false,not_yet_decoded
models/weapons/c_stunstick.mdl,weapons,true,true,false,false,not_yet_decoded
models/weapons/c_superphyscannon.mdl,weapons,true,true,false,false,not_yet_decoded
models/weapons/c_toolgun.mdl,weapons,true,true,false,false,not_yet_decoded
models/weapons/cstrike/c_c4.mdl,weapons,true,true,false,false,not_yet_decoded
models/weapons/cstrike/c_eq_flashbang.mdl,weapons,true,true,false,false,not_yet_decoded
models/weapons/cstrike/c_eq_fraggrenade.mdl,weapons,true,true,false,false,not_yet_decoded
models/weapons/cstrike/c_eq_smokegrenade.mdl,weapons,true,true,false,false,not_yet_decoded
models/weapons/cstrike/c_knife_t.mdl,weapons,true,true,false,false,not_yet_decoded
models/weapons/cstrike/c_mach_m249para.mdl,weapons,true,true,false,false,not_yet_decoded
models/weapons/cstrike/c_pist_deagle.mdl,weapons,true,true,false,false,not_yet_decoded
models/weapons/cstrike/c_pist_elite.mdl,weapons,true,true,false,false,not_yet_decoded
models/weapons/cstrike/c_pist_fiveseven.mdl,weapons,true,true,false,false,not_yet_decoded
models/weapons/cstrike/c_pist_glock18.mdl,weapons,true,true,false,false,not_yet_decoded
models/weapons/cstrike/c_pist_p228.mdl,weapons,true,true,false,false,not_yet_decoded
models/weapons/cstrike/c_pist_usp.mdl,weapons,true,true,false,false,not_yet_decoded
models/weapons/cstrike/c_rif_ak47.mdl,weapons,true,true,false,false,not_yet_decoded
models/weapons/cstrike/c_rif_aug.mdl,weapons,true,true,false,false,not_yet_decoded
models/weapons/cstrike/c_rif_famas.mdl,weapons,true,true,false,false,not_yet_decoded
models/weapons/cstrike/c_rif_galil.mdl,weapons,true,true,false,false,not_yet_decoded
models/weapons/cstrike/c_rif_m4a1.mdl,weapons,true,true,false,false,not_yet_decoded
models/weapons/cstrike/c_rif_sg552.mdl,weapons,true,true,false,false,not_yet_decoded
models/weapons/cstrike/c_shot_m3super90.mdl,weapons,true,true,false,false,not_yet_decoded
models/weapons/cstrike/c_shot_xm1014.mdl,weapons,true,true,false,false,not_yet_decoded
models/weapons/cstrike/c_smg_mac10.mdl,weapons,true,true,false,false,not_yet_decoded
models/weapons/cstrike/c_smg_mp5.mdl,weapons,true,true,false,false,not_yet_decoded
models/weapons/cstrike/c_smg_p90.mdl,weapons,true,true,false,false,not_yet_decoded
models/weapons/cstrike/c_smg_tmp.mdl,weapons,true,true,false,false,not_yet_decoded
models/weapons/cstrike/c_smg_ump45.mdl,weapons,true,true,false,false,not_yet_decoded
models/weapons/cstrike/c_snip_awp.mdl,weapons,true,true,false,false,not_yet_decoded
models/weapons/cstrike/c_snip_g3sg1.mdl,weapons,true,true,false,false,not_yet_decoded
models/weapons/cstrike/c_snip_scout.mdl,weapons,true,true,false,false,not_yet_decoded
models/weapons/cstrike/c_snip_sg550.mdl,weapons,true,true,false,false,not_yet_decoded
models/weapons/flare.mdl,weapons,true,true,false,true,not_yet_decoded
models/weapons/hunter_flechette.mdl,weapons,true,true,true,true,not_yet_decoded
models/weapons/rifleshell.mdl,weapons,true,true,false,true,not_yet_decoded
models/weapons/shell.mdl,weapons,true,true,false,true,not_yet_decoded
models/weapons/shotgun_shell.mdl,weapons,true,true,false,true,not_yet_decoded
models/weapons/v_357.mdl,weapons,true,true,false,false,not_yet_decoded
models/weapons/v_357_dx7.mdl,weapons,true,true,false,false,not_yet_decoded
models/weapons/v_bugbait.mdl,weapons,true,true,false,false,not_yet_decoded
models/weapons/v_bugbait_dx7.mdl,weapons,true,true,false,false,not_yet_decoded
models/weapons/v_c4.mdl,weapons,true,true,false,false,not_yet_decoded
models/weapons/v_crossbow.mdl,weapons,true,true,false,false,not_yet_decoded
models/weapons/v_crossbow_dx7.mdl,weapons,true,true,false,false,not_yet_decoded
models/weapons/v_crowbar.mdl,weapons,true,true,false,false,not_yet_decoded
models/weapons/v_crowbar_dx7.mdl,weapons,true,true,false,false,not_yet_decoded
models/weapons/v_eq_flashbang.mdl,weapons,true,true,false,false,not_yet_decoded
models/weapons/v_eq_fraggrenade.mdl,weapons,true,true,false,false,not_yet_decoded
models/weapons/v_eq_smokegrenade.mdl,weapons,true,true,false,false,not_yet_decoded
models/weapons/v_grenade.mdl,weapons,true,true,false,false,not_yet_decoded
models/weapons/v_grenade_dx7.mdl,weapons,true,true,false,false,not_yet_decoded
models/weapons/v_hands.mdl,weapons,true,true,false,false,not_yet_decoded
models/weapons/v_irifle.mdl,weapons,true,true,false,false,not_yet_decoded
models/weapons/v_irifle_dx7.mdl,weapons,true,true,false,false,not_yet_decoded
models/weapons/v_knife_t.mdl,weapons,true,true,false,false,not_yet_decoded
models/weapons/v_mach_m249para.mdl,weapons,true,true,false,false,not_yet_decoded
models/weapons/v_magnade.mdl,weapons,true,true,false,false,not_yet_decoded
models/weapons/v_physcannon.mdl,weapons,true,true,false,false,not_yet_decoded
models/weapons/v_physcannon_dx7.mdl,weapons,true,true,false,false,not_yet_decoded
models/weapons/v_pist_deagle.mdl,weapons,true,true,false,false,not_yet_decoded
models/weapons/v_pist_elite.mdl,weapons,true,true,false,false,not_yet_decoded
models/weapons/v_pist_fiveseven.mdl,weapons,true,true,false,false,not_yet_decoded
models/weapons/v_pist_glock18.mdl,weapons,true,true,false,false,not_yet_decoded
models/weapons/v_pist_p228.mdl,weapons,true,true,false,false,not_yet_decoded
models/weapons/v_pist_usp.mdl,weapons,true,true,false,false,not_yet_decoded
models/weapons/v_pistol.mdl,weapons,true,true,false,false,not_yet_decoded
models/weapons/v_pistol_dx7.mdl,weapons,true,true,false,false,not_yet_decoded
models/weapons/v_rif_ak47.mdl,weapons,true,true,false,false,not_yet_decoded
models/weapons/v_rif_aug.mdl,weapons,true,true,false,false,not_yet_decoded
models/weapons/v_rif_famas.mdl,weapons,true,true,false,false,not_yet_decoded
models/weapons/v_rif_galil.mdl,weapons,true,true,false,false,not_yet_decoded
models/weapons/v_rif_m4a1.mdl,weapons,true,true,false,false,not_yet_decoded
models/weapons/v_rif_sg552.mdl,weapons,true,true,false,false,not_yet_decoded
models/weapons/v_rpg.mdl,weapons,true,true,false,false,not_yet_decoded
models/weapons/v_rpg_dx7.mdl,weapons,true,true,false,false,not_yet_decoded
models/weapons/v_shot_m3super90.mdl,weapons,true,true,false,false,not_yet_decoded
models/weapons/v_shot_xm1014.mdl,weapons,true,true,false,false,not_yet_decoded
models/weapons/v_shotgun.mdl,weapons,true,true,false,false,not_yet_decoded
models/weapons/v_shotgun_dx7.mdl,weapons,true,true,false,false,not_yet_decoded
models/weapons/v_slam.mdl,weapons,true,true,false,false,not_yet_decoded
models/weapons/v_smg1.mdl,weapons,true,true,false,false,not_yet_decoded
models/weapons/v_smg1_dx7.mdl,weapons,true,true,false,false,not_yet_decoded
models/weapons/v_smg_mac10.mdl,weapons,true,true,false,false,not_yet_decoded
models/weapons/v_smg_mp5.mdl,weapons,true,true,false,false,not_yet_decoded
models/weapons/v_smg_p90.mdl,weapons,true,true,false,false,not_yet_decoded
models/weapons/v_smg_tmp.mdl,weapons,true,true,false,false,not_yet_decoded
models/weapons/v_smg_ump45.mdl,weapons,true,true,false,false,not_yet_decoded
models/weapons/v_snip_awp.mdl,weapons,true,true,false,false,not_yet_decoded
models/weapons/v_snip_g3sg1.mdl,weapons,true,true,false,false,not_yet_decoded
models/weapons/v_snip_scout.mdl,weapons,true,true,false,false,not_yet_decoded
models/weapons/v_snip_sg550.mdl,weapons,true,true,false,false,not_yet_decoded
models/weapons/v_stunbaton.mdl,weapons,true,true,false,false,not_yet_decoded
models/weapons/v_stunstick.mdl,weapons,true,true,false,false,not_yet_decoded
models/weapons/v_superphyscannon.mdl,weapons,true,true,false,false,not_yet_decoded
models/weapons/v_superphyscannon_dx7.mdl,weapons,true,true,false,false,not_yet_decoded
models/weapons/v_toolgun.mdl,weapons,true,true,false,false,not_yet_decoded
models/weapons/w_357.mdl,weapons,true,true,true,true,not_yet_decoded
models/weapons/w_357_hls.mdl,weapons,true,true,false,true,not_yet_decoded
models/weapons/w_9mmar.mdl,weapons,true,true,false,true,not_yet_decoded
models/weapons/w_9mmhandgun.mdl,weapons,true,true,false,true,not_yet_decoded
models/weapons/w_alyx_gun.mdl,weapons,true,true,true,true,not_yet_decoded
models/weapons/w_annabelle.mdl,weapons,true,true,true,true,not_yet_decoded
models/weapons/w_bugbait.mdl,weapons,true,true,true,true,not_yet_decoded
models/weapons/w_bullet.mdl,weapons,true,true,false,true,not_yet_decoded
models/weapons/w_c4.mdl,weapons,true,true,true,true,not_yet_decoded
models/weapons/w_c4_planted.mdl,weapons,true,true,true,true,not_yet_decoded
models/weapons/w_combine_sniper.mdl,weapons,true,true,true,true,not_yet_decoded
models/weapons/w_crossbow.mdl,weapons,true,true,true,true,not_yet_decoded
models/weapons/w_crossbow_hls.mdl,weapons,true,true,false,true,not_yet_decoded
models/weapons/w_crowbar.mdl,weapons,true,true,true,true,not_yet_decoded
models/weapons/w_crowbar_hls.mdl,weapons,true,true,false,true,not_yet_decoded
models/weapons/w_defuser.mdl,weapons,true,true,true,true,not_yet_decoded
models/weapons/w_egon_hls.mdl,weapons,true,true,false,true,not_yet_decoded
models/weapons/w_eq_defuser.mdl,weapons,true,true,true,true,not_yet_decoded
models/weapons/w_eq_eholster.mdl,weapons,true,true,true,true,not_yet_decoded
models/weapons/w_eq_eholster_elite.mdl,weapons,true,true,true,true,not_yet_decoded
models/weapons/w_eq_flashbang.mdl,weapons,true,true,true,true,not_yet_decoded
models/weapons/w_eq_flashbang_thrown.mdl,weapons,true,true,true,true,not_yet_decoded
models/weapons/w_eq_fraggrenade.mdl,weapons,true,true,true,true,not_yet_decoded
models/weapons/w_eq_fraggrenade_thrown.mdl,weapons,true,true,true,true,not_yet_decoded
models/weapons/w_eq_smokegrenade.mdl,weapons,true,true,true,true,not_yet_decoded
models/weapons/w_eq_smokegrenade_thrown.mdl,weapons,true,true,true,true,not_yet_decoded
models/weapons/w_gauss_hls.mdl,weapons,true,true,false,true,not_yet_decoded
models/weapons/w_grenade.mdl,weapons,true,true,true,true,not_yet_decoded
models/weapons/w_grenade_hls.mdl,weapons,true,true,false,true,not_yet_decoded
models/weapons/w_hgun_hls.mdl,weapons,true,true,false,true,not_yet_decoded
models/weapons/w_irifle.mdl,weapons,true,true,true,true,not_yet_decoded
models/weapons/w_knife_ct.mdl,weapons,true,true,true,true,not_yet_decoded
models/weapons/w_knife_t.mdl,weapons,true,true,true,true,not_yet_decoded
models/weapons/w_mach_m249para.mdl,weapons,true,true,true,true,not_yet_decoded
models/weapons/w_magnade.mdl,weapons,true,true,true,true,not_yet_decoded
models/weapons/w_medkit.mdl,weapons,true,true,true,true,not_yet_decoded
models/weapons/w_missile.mdl,weapons,true,true,false,true,not_yet_decoded
models/weapons/w_missile_closed.mdl,weapons,true,true,true,true,not_yet_decoded
models/weapons/w_missile_launch.mdl,weapons,true,true,true,true,not_yet_decoded
models/weapons/w_npcnade.mdl,weapons,true,true,true,true,not_yet_decoded
models/weapons/w_package.mdl,weapons,true,true,true,true,not_yet_decoded
models/weapons/w_physics.mdl,weapons,true,true,true,true,not_yet_decoded
models/weapons/w_pist_deagle.mdl,weapons,true,true,true,true,not_yet_decoded
models/weapons/w_pist_elite.mdl,weapons,true,true,true,true,not_yet_decoded
models/weapons/w_pist_elite_dropped.mdl,weapons,true,true,true,true,not_yet_decoded
models/weapons/w_pist_elite_single.mdl,weapons,true,true,true,true,not_yet_decoded
models/weapons/w_pist_fiveseven.mdl,weapons,true,true,true,true,not_yet_decoded
models/weapons/w_pist_glock18.mdl,weapons,true,true,true,true,not_yet_decoded
models/weapons/w_pist_p228.mdl,weapons,true,true,true,true,not_yet_decoded
models/weapons/w_pist_usp.mdl,weapons,true,true,true,true,not_yet_decoded
models/weapons/w_pist_usp_silencer.mdl,weapons,true,true,true,true,not_yet_decoded
models/weapons/w_pistol.mdl,weapons,true,true,true,true,not_yet_decoded
models/weapons/w_rif_ak47.mdl,weapons,true,true,true,true,not_yet_decoded
models/weapons/w_rif_aug.mdl,weapons,true,true,true,true,not_yet_decoded
models/weapons/w_rif_famas.mdl,weapons,true,true,true,true,not_yet_decoded
models/weapons/w_rif_galil.mdl,weapons,true,true,true,true,not_yet_decoded
models/weapons/w_rif_m4a1.mdl,weapons,true,true,true,true,not_yet_decoded
models/weapons/w_rif_m4a1_silencer.mdl,weapons,true,true,true,true,not_yet_decoded
models/weapons/w_rif_sg552.mdl,weapons,true,true,true,true,not_yet_decoded
models/weapons/w_rocket_launcher.mdl,weapons,true,true,true,true,not_yet_decoded
models/weapons/w_rpg_hls.mdl,weapons,true,true,false,true,not_yet_decoded
models/weapons/w_satchel_hls.mdl,weapons,true,true,false,true,not_yet_decoded
models/weapons/w_shot_m3super90.mdl,weapons,true,true,true,true,not_yet_decoded
models/weapons/w_shot_xm1014.mdl,weapons,true,true,true,true,not_yet_decoded
models/weapons/w_shotgun.mdl,weapons,true,true,true,true,not_yet_decoded
models/weapons/w_shotgun_hls.mdl,weapons,true,true,false,true,not_yet_decoded
models/weapons/w_slam.mdl,weapons,true,true,true,true,not_yet_decoded
models/weapons/w_smg1.mdl,weapons,true,true,true,true,not_yet_decoded
models/weapons/w_smg_mac10.mdl,weapons,true,true,true,true,not_yet_decoded
models/weapons/w_smg_mp5.mdl,weapons,true,true,true,true,not_yet_decoded
models/weapons/w_smg_p90.mdl,weapons,true,true,true,true,not_yet_decoded
models/weapons/w_smg_tmp.mdl,weapons,true,true,true,true,not_yet_decoded
models/weapons/w_smg_ump45.mdl,weapons,true,true,true,true,not_yet_decoded
models/weapons/w_snip_awp.mdl,weapons,true,true,true,true,not_yet_decoded
models/weapons/w_snip_g3sg1.mdl,weapons,true,true,true,true,not_yet_decoded
models/weapons/w_snip_scout.mdl,weapons,true,true,true,true,not_yet_decoded
models/weapons/w_snip_sg550.mdl,weapons,true,true,true,true,not_yet_decoded
models/weapons/w_spade.mdl,weapons,true,true,true,true,not_yet_decoded
models/weapons/w_squeak_hls.mdl,weapons,true,true,false,true,not_yet_decoded
models/weapons/w_stunbaton.mdl,weapons,true,true,true,true,not_yet_decoded
models/weapons/w_suitcase_passenger.mdl,weapons,true,true,true,true,not_yet_decoded
models/weapons/w_toolgun.mdl,weapons,true,true,true,true,not_yet_decoded
models/weapons/w_tripmine_hls.mdl,weapons,true,true,false,true,not_yet_decoded
models/webgibs.mdl,webgibs.mdl,true,true,false,false,not_yet_decoded
models/xeon133/offroad/off-road-20.mdl,xeon133,true,true,true,true,not_yet_decoded
models/xeon133/offroad/off-road-30.mdl,xeon133,true,true,true,true,not_yet_decoded
models/xeon133/offroad/off-road-40.mdl,xeon133,true,true,true,true,not_yet_decoded
models/xeon133/offroad/off-road-50.mdl,xeon133,true,true,true,true,not_yet_decoded
models/xeon133/offroad/off-road-60.mdl,xeon133,true,true,true,true,not_yet_decoded
models/xeon133/offroad/off-road-70.mdl,xeon133,true,true,true,true,not_yet_decoded
models/xeon133/offroad/off-road-80.mdl,xeon133,true,true,true,true,not_yet_decoded
models/xeon133/racewheel/race-wheel-30.mdl,xeon133,true,true,true,true,not_yet_decoded
models/xeon133/racewheel/race-wheel-35.mdl,xeon133,true,true,true,true,not_yet_decoded
models/xeon133/racewheel/race-wheel-40.mdl,xeon133,true,true,true,true,not_yet_decoded
models/xeon133/racewheel/race-wheel-45.mdl,xeon133,true,true,true,true,not_yet_decoded
models/xeon133/racewheel/race-wheel-50.mdl,xeon133,true,true,true,true,not_yet_decoded
models/xeon133/racewheel/race-wheel-55.mdl,xeon133,true,true,true,true,not_yet_decoded
models/xeon133/racewheel/race-wheel-60.mdl,xeon133,true,true,true,true,not_yet_decoded
models/xeon133/racewheel/race-wheel-65.mdl,xeon133,true,true,true,true,not_yet_decoded
models/xeon133/racewheel/race-wheel-70.mdl,xeon133,true,true,true,true,not_yet_decoded
models/xeon133/racewheel/race-wheel-75.mdl,xeon133,true,true,true,true,not_yet_decoded
models/xeon133/racewheel/race-wheel-80.mdl,xeon133,true,true,true,true,not_yet_decoded
models/xeon133/racewheelskinny/race-wheel-30_s.mdl,xeon133,true,true,true,true,not_yet_decoded
models/xeon133/racewheelskinny/race-wheel-35_s.mdl,xeon133,true,true,true,true,not_yet_decoded
models/xeon133/racewheelskinny/race-wheel-40_s.mdl,xeon133,true,true,true,true,not_yet_decoded
models/xeon133/racewheelskinny/race-wheel-45_s.mdl,xeon133,true,true,true,true,not_yet_decoded
models/xeon133/racewheelskinny/race-wheel-50_s.mdl,xeon133,true,true,true,true,not_yet_decoded
models/xeon133/racewheelskinny/race-wheel-55_s.mdl,xeon133,true,true,true,true,not_yet_decoded
models/xeon133/racewheelskinny/race-wheel-60_s.mdl,xeon133,true,true,true,true,not_yet_decoded
models/xeon133/racewheelskinny/race-wheel-65_s.mdl,xeon133,true,true,true,true,not_yet_decoded
models/xeon133/racewheelskinny/race-wheel-70_s.mdl,xeon133,true,true,true,true,not_yet_decoded
models/xeon133/racewheelskinny/race-wheel-75_s.mdl,xeon133,true,true,true,true,not_yet_decoded
models/xeon133/racewheelskinny/race-wheel-80_s.mdl,xeon133,true,true,true,true,not_yet_decoded
models/xeon133/slider/slider_12x12x12.mdl,xeon133,true,true,true,true,not_yet_decoded
models/xeon133/slider/slider_12x12x24.mdl,xeon133,true,true,true,true,not_yet_decoded
models/xeon133/slider/slider_12x12x48.mdl,xeon133,true,true,true,true,not_yet_decoded
models/xeon133/slider/slider_12x12x96.mdl,xeon133,true,true,true,true,not_yet_decoded
models/xeon133/slider/slider_bar_10x10x1152.mdl,xeon133,true,true,true,true,not_yet_decoded
models/xeon133/slider/slider_bar_10x10x144.mdl,xeon133,true,true,true,true,not_yet_decoded
models/xeon133/slider/slider_bar_10x10x1536.mdl,xeon133,true,true,true,true,not_yet_decoded
models/xeon133/slider/slider_bar_10x10x192.mdl,xeon133,true,true,true,true,not_yet_decoded
models/xeon133/slider/slider_bar_10x10x240.mdl,xeon133,true,true,true,true,not_yet_decoded
models/xeon133/slider/slider_bar_10x10x288.mdl,xeon133,true,true,true,true,not_yet_decoded
models/xeon133/slider/slider_bar_10x10x336.mdl,xeon133,true,true,true,true,not_yet_decoded
models/xeon133/slider/slider_bar_10x10x384.mdl,xeon133,true,true,true,true,not_yet_decoded
models/xeon133/slider/slider_bar_10x10x768.mdl,xeon133,true,true,true,true,not_yet_decoded
models/xeon133/slider/slider_bar_10x10x96.mdl,xeon133,true,true,true,true,not_yet_decoded
models/xeon133/slider/slider_stand_12x12x24.mdl,xeon133,true,true,true,true,not_yet_decoded
models/xqm/afterburner1.mdl,xqm,true,true,true,true,not_yet_decoded
models/xqm/afterburner1big.mdl,xqm,true,true,true,true,not_yet_decoded
models/xqm/afterburner1huge.mdl,xqm,true,true,true,true,not_yet_decoded
models/xqm/afterburner1large.mdl,xqm,true,true,true,true,not_yet_decoded
models/xqm/afterburner1medium.mdl,xqm,true,true,true,true,not_yet_decoded
models/xqm/airplanewheel1.mdl,xqm,true,true,true,true,not_yet_decoded
models/xqm/airplanewheel1big.mdl,xqm,true,true,true,true,not_yet_decoded
models/xqm/airplanewheel1huge.mdl,xqm,true,true,true,true,not_yet_decoded
models/xqm/airplanewheel1large.mdl,xqm,true,true,true,true,not_yet_decoded
models/xqm/airplanewheel1medium.mdl,xqm,true,true,true,true,not_yet_decoded
models/xqm/box2s.mdl,xqm,true,true,true,true,not_yet_decoded
models/xqm/box3s.mdl,xqm,true,true,true,true,not_yet_decoded
models/xqm/box4s.mdl,xqm,true,true,true,true,not_yet_decoded
models/xqm/box4shollow.mdl,xqm,true,true,true,true,not_yet_decoded
models/xqm/box4shollowx2.mdl,xqm,true,true,true,true,not_yet_decoded
models/xqm/box5s.mdl,xqm,true,true,true,true,not_yet_decoded
models/xqm/boxfull.mdl,xqm,true,true,true,true,not_yet_decoded
models/xqm/boxtri.mdl,xqm,true,true,true,true,not_yet_decoded
models/xqm/button1.mdl,xqm,true,true,true,true,not_yet_decoded
models/xqm/button2.mdl,xqm,true,true,true,true,not_yet_decoded
models/xqm/button3.mdl,xqm,true,true,true,true,not_yet_decoded
models/xqm/coastertrack/bank_start_left_1.mdl,xqm,true,true,true,true,not_yet_decoded
models/xqm/coastertrack/bank_start_left_2.mdl,xqm,true,true,true,true,not_yet_decoded
models/xqm/coastertrack/bank_start_left_3.mdl,xqm,true,true,true,true,not_yet_decoded
models/xqm/coastertrack/bank_start_left_4.mdl,xqm,true,true,true,true,not_yet_decoded
models/xqm/coastertrack/bank_start_right_1.mdl,xqm,true,true,true,true,not_yet_decoded
models/xqm/coastertrack/bank_start_right_2.mdl,xqm,true,true,true,true,not_yet_decoded
models/xqm/coastertrack/bank_start_right_3.mdl,xqm,true,true,true,true,not_yet_decoded
models/xqm/coastertrack/bank_start_right_4.mdl,xqm,true,true,true,true,not_yet_decoded
models/xqm/coastertrack/bank_turn_180_1.mdl,xqm,true,true,true,true,not_yet_decoded
models/xqm/coastertrack/bank_turn_180_2.mdl,xqm,true,true,true,true,not_yet_decoded
models/xqm/coastertrack/bank_turn_180_3.mdl,xqm,true,true,true,true,not_yet_decoded
models/xqm/coastertrack/bank_turn_180_4.mdl,xqm,true,true,true,true,not_yet_decoded
models/xqm/coastertrack/bank_turn_45_1.mdl,xqm,true,true,true,true,not_yet_decoded
models/xqm/coastertrack/bank_turn_45_2.mdl,xqm,true,true,true,true,not_yet_decoded
models/xqm/coastertrack/bank_turn_45_3.mdl,xqm,true,true,true,true,not_yet_decoded
models/xqm/coastertrack/bank_turn_45_4.mdl,xqm,true,true,true,true,not_yet_decoded
models/xqm/coastertrack/bank_turn_90_1.mdl,xqm,true,true,true,true,not_yet_decoded
models/xqm/coastertrack/bank_turn_90_2.mdl,xqm,true,true,true,true,not_yet_decoded
models/xqm/coastertrack/bank_turn_90_3.mdl,xqm,true,true,true,true,not_yet_decoded
models/xqm/coastertrack/bank_turn_90_4.mdl,xqm,true,true,true,true,not_yet_decoded
models/xqm/coastertrack/slope_225_1.mdl,xqm,true,true,true,true,not_yet_decoded
models/xqm/coastertrack/slope_225_2.mdl,xqm,true,true,true,true,not_yet_decoded
models/xqm/coastertrack/slope_225_3.mdl,xqm,true,true,true,true,not_yet_decoded
models/xqm/coastertrack/slope_225_4.mdl,xqm,true,true,true,true,not_yet_decoded
models/xqm/coastertrack/slope_225_down_1.mdl,xqm,true,true,true,true,not_yet_decoded
models/xqm/coastertrack/slope_225_down_2.mdl,xqm,true,true,true,true,not_yet_decoded
models/xqm/coastertrack/slope_225_down_3.mdl,xqm,true,true,true,true,not_yet_decoded
models/xqm/coastertrack/slope_225_down_4.mdl,xqm,true,true,true,true,not_yet_decoded
models/xqm/coastertrack/slope_45_1.mdl,xqm,true,true,true,true,not_yet_decoded
models/xqm/coastertrack/slope_45_2.mdl,xqm,true,true,true,true,not_yet_decoded
models/xqm/coastertrack/slope_45_3.mdl,xqm,true,true,true,true,not_yet_decoded
models/xqm/coastertrack/slope_45_4.mdl,xqm,true,true,true,true,not_yet_decoded
models/xqm/coastertrack/slope_45_down_1.mdl,xqm,true,true,true,true,not_yet_decoded
models/xqm/coastertrack/slope_45_down_2.mdl,xqm,true,true,true,true,not_yet_decoded
models/xqm/coastertrack/slope_45_down_3.mdl,xqm,true,true,true,true,not_yet_decoded
models/xqm/coastertrack/slope_45_down_4.mdl,xqm,true,true,true,true,not_yet_decoded
models/xqm/coastertrack/slope_90_1.mdl,xqm,true,true,true,true,not_yet_decoded
models/xqm/coastertrack/slope_90_2.mdl,xqm,true,true,true,true,not_yet_decoded
models/xqm/coastertrack/slope_90_3.mdl,xqm,true,true,true,true,not_yet_decoded
models/xqm/coastertrack/slope_90_4.mdl,xqm,true,true,true,true,not_yet_decoded
models/xqm/coastertrack/slope_90_down_1.mdl,xqm,true,true,true,true,not_yet_decoded
models/xqm/coastertrack/slope_90_down_2.mdl,xqm,true,true,true,true,not_yet_decoded
models/xqm/coastertrack/slope_90_down_3.mdl,xqm,true,true,true,true,not_yet_decoded
models/xqm/coastertrack/slope_90_down_4.mdl,xqm,true,true,true,true,not_yet_decoded
models/xqm/coastertrack/special_full_corkscrew_left_1.mdl,xqm,true,true,true,true,not_yet_decoded
models/xqm/coastertrack/special_full_corkscrew_left_2.mdl,xqm,true,true,true,true,not_yet_decoded
models/xqm/coastertrack/special_full_corkscrew_left_3.mdl,xqm,true,true,true,true,not_yet_decoded
models/xqm/coastertrack/special_full_corkscrew_left_4.mdl,xqm,true,true,true,true,not_yet_decoded
models/xqm/coastertrack/special_full_corkscrew_right_1.mdl,xqm,true,true,true,true,not_yet_decoded
models/xqm/coastertrack/special_full_corkscrew_right_2.mdl,xqm,true,true,true,true,not_yet_decoded
models/xqm/coastertrack/special_full_corkscrew_right_3.mdl,xqm,true,true,true,true,not_yet_decoded
models/xqm/coastertrack/special_full_corkscrew_right_4.mdl,xqm,true,true,true,true,not_yet_decoded
models/xqm/coastertrack/special_full_loop_3.mdl,xqm,true,true,true,true,not_yet_decoded
models/xqm/coastertrack/special_full_loop_4.mdl,xqm,true,true,true,true,not_yet_decoded
models/xqm/coastertrack/special_half_corkscrew_left_1.mdl,xqm,true,true,true,true,not_yet_decoded
models/xqm/coastertrack/special_half_corkscrew_left_2.mdl,xqm,true,true,true,true,not_yet_decoded
models/xqm/coastertrack/special_half_corkscrew_left_3.mdl,xqm,true,true,true,true,not_yet_decoded
models/xqm/coastertrack/special_half_corkscrew_left_4.mdl,xqm,true,true,true,true,not_yet_decoded
models/xqm/coastertrack/special_half_corkscrew_right_1.mdl,xqm,true,true,true,true,not_yet_decoded
models/xqm/coastertrack/special_half_corkscrew_right_2.mdl,xqm,true,true,true,true,not_yet_decoded
models/xqm/coastertrack/special_half_corkscrew_right_3.mdl,xqm,true,true,true,true,not_yet_decoded
models/xqm/coastertrack/special_half_corkscrew_right_4.mdl,xqm,true,true,true,true,not_yet_decoded
models/xqm/coastertrack/special_helix_middle_2.mdl,xqm,true,true,true,true,not_yet_decoded
models/xqm/coastertrack/special_helix_middle_3.mdl,xqm,true,true,true,true,not_yet_decoded
models/xqm/coastertrack/special_helix_middle_4.mdl,xqm,true,true,true,true,not_yet_decoded
models/xqm/coastertrack/special_helix_middle_full_2.mdl,xqm,true,true,true,true,not_yet_decoded
models/xqm/coastertrack/special_helix_middle_full_3.mdl,xqm,true,true,true,true,not_yet_decoded
models/xqm/coastertrack/special_helix_middle_full_4.mdl,xqm,true,true,true,true,not_yet_decoded
models/xqm/coastertrack/special_station.mdl,xqm,true,true,true,true,not_yet_decoded
models/xqm/coastertrack/special_sturn_left_2.mdl,xqm,true,true,true,true,not_yet_decoded
models/xqm/coastertrack/special_sturn_left_3.mdl,xqm,true,true,true,true,not_yet_decoded
models/xqm/coastertrack/special_sturn_left_4.mdl,xqm,true,true,true,true,not_yet_decoded
models/xqm/coastertrack/special_sturn_right_2.mdl,xqm,true,true,true,true,not_yet_decoded
models/xqm/coastertrack/special_sturn_right_3.mdl,xqm,true,true,true,true,not_yet_decoded
models/xqm/coastertrack/special_sturn_right_4.mdl,xqm,true,true,true,true,not_yet_decoded
models/xqm/coastertrack/straight_1.mdl,xqm,true,true,true,true,not_yet_decoded
models/xqm/coastertrack/straight_2.mdl,xqm,true,true,true,true,not_yet_decoded
models/xqm/coastertrack/straight_3.mdl,xqm,true,true,true,true,not_yet_decoded
models/xqm/coastertrack/straight_4.mdl,xqm,true,true,true,true,not_yet_decoded
models/xqm/coastertrack/track_guide.mdl,xqm,true,true,true,true,not_yet_decoded
models/xqm/coastertrack/train_1.mdl,xqm,true,true,true,true,not_yet_decoded
models/xqm/coastertrack/train_2.mdl,xqm,true,true,true,true,not_yet_decoded
models/xqm/coastertrack/train_car_1.mdl,xqm,true,true,true,true,not_yet_decoded
models/xqm/coastertrack/turn_180_1.mdl,xqm,true,true,true,true,not_yet_decoded
models/xqm/coastertrack/turn_180_2.mdl,xqm,true,true,true,true,not_yet_decoded
models/xqm/coastertrack/turn_180_3.mdl,xqm,true,true,true,true,not_yet_decoded
models/xqm/coastertrack/turn_180_4.mdl,xqm,true,true,true,true,not_yet_decoded
models/xqm/coastertrack/turn_180_tight_2.mdl,xqm,true,true,true,true,not_yet_decoded
models/xqm/coastertrack/turn_180_tight_3.mdl,xqm,true,true,true,true,not_yet_decoded
models/xqm/coastertrack/turn_180_tight_4.mdl,xqm,true,true,true,true,not_yet_decoded
models/xqm/coastertrack/turn_45_1.mdl,xqm,true,true,true,true,not_yet_decoded
models/xqm/coastertrack/turn_45_2.mdl,xqm,true,true,true,true,not_yet_decoded
models/xqm/coastertrack/turn_45_3.mdl,xqm,true,true,true,true,not_yet_decoded
models/xqm/coastertrack/turn_45_4.mdl,xqm,true,true,true,true,not_yet_decoded
models/xqm/coastertrack/turn_90_1.mdl,xqm,true,true,true,true,not_yet_decoded
models/xqm/coastertrack/turn_90_2.mdl,xqm,true,true,true,true,not_yet_decoded
models/xqm/coastertrack/turn_90_3.mdl,xqm,true,true,true,true,not_yet_decoded
models/xqm/coastertrack/turn_90_4.mdl,xqm,true,true,true,true,not_yet_decoded
models/xqm/coastertrack/turn_90_tight_1.mdl,xqm,true,true,true,true,not_yet_decoded
models/xqm/coastertrack/turn_90_tight_2.mdl,xqm,true,true,true,true,not_yet_decoded
models/xqm/coastertrack/turn_90_tight_3.mdl,xqm,true,true,true,true,not_yet_decoded
models/xqm/coastertrack/turn_90_tight_4.mdl,xqm,true,true,true,true,not_yet_decoded
models/xqm/coastertrack/turn_slope_180_1.mdl,xqm,true,true,true,true,not_yet_decoded
models/xqm/coastertrack/turn_slope_180_2.mdl,xqm,true,true,true,true,not_yet_decoded
models/xqm/coastertrack/turn_slope_180_3.mdl,xqm,true,true,true,true,not_yet_decoded
models/xqm/coastertrack/turn_slope_180_4.mdl,xqm,true,true,true,true,not_yet_decoded
models/xqm/coastertrack/turn_slope_45_1.mdl,xqm,true,true,true,true,not_yet_decoded
models/xqm/coastertrack/turn_slope_45_2.mdl,xqm,true,true,true,true,not_yet_decoded
models/xqm/coastertrack/turn_slope_45_3.mdl,xqm,true,true,true,true,not_yet_decoded
models/xqm/coastertrack/turn_slope_45_4.mdl,xqm,true,true,true,true,not_yet_decoded
models/xqm/coastertrack/turn_slope_90_1.mdl,xqm,true,true,true,true,not_yet_decoded
models/xqm/coastertrack/turn_slope_90_2.mdl,xqm,true,true,true,true,not_yet_decoded
models/xqm/coastertrack/turn_slope_90_3.mdl,xqm,true,true,true,true,not_yet_decoded
models/xqm/coastertrack/turn_slope_90_4.mdl,xqm,true,true,true,true,not_yet_decoded
models/xqm/coastertrack/turn_slope_down_180_1.mdl,xqm,true,true,true,true,not_yet_decoded
models/xqm/coastertrack/turn_slope_down_180_2.mdl,xqm,true,true,true,true,not_yet_decoded
models/xqm/coastertrack/turn_slope_down_180_3.mdl,xqm,true,true,true,true,not_yet_decoded
models/xqm/coastertrack/turn_slope_down_180_4.mdl,xqm,true,true,true,true,not_yet_decoded
models/xqm/coastertrack/turn_slope_down_45_1.mdl,xqm,true,true,true,true,not_yet_decoded
models/xqm/coastertrack/turn_slope_down_45_2.mdl,xqm,true,true,true,true,not_yet_decoded
models/xqm/coastertrack/turn_slope_down_45_3.mdl,xqm,true,true,true,true,not_yet_decoded
models/xqm/coastertrack/turn_slope_down_45_4.mdl,xqm,true,true,true,true,not_yet_decoded
models/xqm/coastertrack/turn_slope_down_90_1.mdl,xqm,true,true,true,true,not_yet_decoded
models/xqm/coastertrack/turn_slope_down_90_2.mdl,xqm,true,true,true,true,not_yet_decoded
models/xqm/coastertrack/turn_slope_down_90_3.mdl,xqm,true,true,true,true,not_yet_decoded
models/xqm/coastertrack/turn_slope_down_90_4.mdl,xqm,true,true,true,true,not_yet_decoded
models/xqm/coastertrain1.mdl,xqm,true,true,true,true,not_yet_decoded
models/xqm/coastertrain1seat.mdl,xqm,true,true,true,true,not_yet_decoded
models/xqm/coastertrain2seat.mdl,xqm,true,true,true,true,not_yet_decoded
models/xqm/cylinderx1.mdl,xqm,true,true,true,true,not_yet_decoded
models/xqm/cylinderx1big.mdl,xqm,true,true,true,true,not_yet_decoded
models/xqm/cylinderx1huge.mdl,xqm,true,true,true,true,not_yet_decoded
models/xqm/cylinderx1large.mdl,xqm,true,true,true,true,not_yet_decoded
models/xqm/cylinderx1medium.mdl,xqm,true,true,true,true,not_yet_decoded
models/xqm/cylinderx2.mdl,xqm,true,true,true,true,not_yet_decoded
models/xqm/cylinderx2big.mdl,xqm,true,true,true,true,not_yet_decoded
models/xqm/cylinderx2huge.mdl,xqm,true,true,true,true,not_yet_decoded
models/xqm/cylinderx2large.mdl,xqm,true,true,true,true,not_yet_decoded
models/xqm/cylinderx2medium.mdl,xqm,true,true,true,true,not_yet_decoded
models/xqm/deg180.mdl,xqm,true,true,true,true,not_yet_decoded
models/xqm/deg180single.mdl,xqm,true,true,true,true,not_yet_decoded
models/xqm/deg360.mdl,xqm,true,true,true,true,not_yet_decoded
models/xqm/deg360single.mdl,xqm,true,true,true,true,not_yet_decoded
models/xqm/deg45.mdl,xqm,true,true,true,true,not_yet_decoded
models/xqm/deg45single.mdl,xqm,true,true,true,true,not_yet_decoded
models/xqm/deg90.mdl,xqm,true,true,true,true,not_yet_decoded
models/xqm/deg90single.mdl,xqm,true,true,true,true,not_yet_decoded
models/xqm/helicopterrotor.mdl,xqm,true,true,true,true,not_yet_decoded
models/xqm/helicopterrotorbig.mdl,xqm,true,true,true,true,not_yet_decoded
models/xqm/helicopterrotorhuge.mdl,xqm,true,true,true,true,not_yet_decoded
models/xqm/helicopterrotorlarge.mdl,xqm,true,true,true,true,not_yet_decoded
models/xqm/helicopterrotormedium.mdl,xqm,true,true,true,true,not_yet_decoded
models/xqm/hoverboard.mdl,xqm,true,true,true,true,not_yet_decoded
models/xqm/hydcontrolbox.mdl,xqm,true,true,true,true,not_yet_decoded
models/xqm/jetbody1.mdl,xqm,true,true,true,true,not_yet_decoded
models/xqm/jetbody1big.mdl,xqm,true,true,true,true,not_yet_decoded
models/xqm/jetbody1huge.mdl,xqm,true,true,true,true,not_yet_decoded
models/xqm/jetbody1medium.mdl,xqm,true,true,true,true,not_yet_decoded
models/xqm/jetbody2.mdl,xqm,true,true,true,true,not_yet_decoded
models/xqm/jetbody2big.mdl,xqm,true,true,true,true,not_yet_decoded
models/xqm/jetbody2cockpit.mdl,xqm,true,true,true,true,not_yet_decoded
models/xqm/jetbody2cockpitbig.mdl,xqm,true,true,true,true,not_yet_decoded
models/xqm/jetbody2cockpithuge.mdl,xqm,true,true,true,true,not_yet_decoded
models/xqm/jetbody2cockpitlarge.mdl,xqm,true,true,true,true,not_yet_decoded
models/xqm/jetbody2cockpitmedium.mdl,xqm,true,true,true,true,not_yet_decoded
models/xqm/jetbody2fuselage.mdl,xqm,true,true,true,true,not_yet_decoded
models/xqm/jetbody2fuselagebig.mdl,xqm,true,true,true,true,not_yet_decoded
models/xqm/jetbody2fuselagehuge.mdl,xqm,true,true,true,true,not_yet_decoded
models/xqm/jetbody2fuselagelarge.mdl,xqm,true,true,true,true,not_yet_decoded
models/xqm/jetbody2fuselagemedium.mdl,xqm,true,true,true,true,not_yet_decoded
models/xqm/jetbody2huge.mdl,xqm,true,true,true,true,not_yet_decoded
models/xqm/jetbody2large.mdl,xqm,true,true,true,true,not_yet_decoded
models/xqm/jetbody2medium.mdl,xqm,true,true,true,true,not_yet_decoded
models/xqm/jetbody2tailpiece.mdl,xqm,true,true,true,true,not_yet_decoded
models/xqm/jetbody2tailpiecebig.mdl,xqm,true,true,true,true,not_yet_decoded
models/xqm/jetbody2tailpiecehuge.mdl,xqm,true,true,true,true,not_yet_decoded
models/xqm/jetbody2tailpiecelarge.mdl,xqm,true,true,true,true,not_yet_decoded
models/xqm/jetbody2tailpiecemedium.mdl,xqm,true,true,true,true,not_yet_decoded
models/xqm/jetbody2wingrootb.mdl,xqm,true,true,true,true,not_yet_decoded
models/xqm/jetbody2wingrootbbig.mdl,xqm,true,true,true,true,not_yet_decoded
models/xqm/jetbody2wingrootbhuge.mdl,xqm,true,true,true,true,not_yet_decoded
models/xqm/jetbody2wingrootblarge.mdl,xqm,true,true,true,true,not_yet_decoded
models/xqm/jetbody2wingrootbmedium.mdl,xqm,true,true,true,true,not_yet_decoded
models/xqm/jetbody3.mdl,xqm,true,true,true,true,not_yet_decoded
models/xqm/jetbody3_s2.mdl,xqm,true,true,true,true,not_yet_decoded
models/xqm/jetbody3_s3.mdl,xqm,true,true,true,true,not_yet_decoded
models/xqm/jetbody3_s4.mdl,xqm,true,true,true,true,not_yet_decoded
models/xqm/jetbody3_s5.mdl,xqm,true,true,true,true,not_yet_decoded
models/xqm/jetengine.mdl,xqm,true,true,true,true,not_yet_decoded
models/xqm/jetenginebig.mdl,xqm,true,true,true,true,not_yet_decoded
models/xqm/jetenginehuge.mdl,xqm,true,true,true,true,not_yet_decoded
models/xqm/jetenginelarge.mdl,xqm,true,true,true,true,not_yet_decoded
models/xqm/jetenginemedium.mdl,xqm,true,true,true,true,not_yet_decoded
models/xqm/jetenginepropeller.mdl,xqm,true,true,true,true,not_yet_decoded
models/xqm/jetenginepropellerbig.mdl,xqm,true,true,true,true,not_yet_decoded
models/xqm/jetenginepropellerhuge.mdl,xqm,true,true,true,true,not_yet_decoded
models/xqm/jetenginepropellerlarge.mdl,xqm,true,true,true,true,not_yet_decoded
models/xqm/jetenginepropellermedium.mdl,xqm,true,true,true,true,not_yet_decoded
models/xqm/jettailpiece1.mdl,xqm,true,true,true,true,not_yet_decoded
models/xqm/jettailpiece1big.mdl,xqm,true,true,true,true,not_yet_decoded
models/xqm/jettailpiece1huge.mdl,xqm,true,true,true,true,not_yet_decoded
models/xqm/jettailpiece1large.mdl,xqm,true,true,true,true,not_yet_decoded
models/xqm/jettailpiece1medium.mdl,xqm,true,true,true,true,not_yet_decoded
models/xqm/jetwing2.mdl,xqm,true,true,true,true,not_yet_decoded
models/xqm/jetwing2big.mdl,xqm,true,true,true,true,not_yet_decoded
models/xqm/jetwing2huge.mdl,xqm,true,true,true,true,not_yet_decoded
models/xqm/jetwing2large.mdl,xqm,true,true,true,true,not_yet_decoded
models/xqm/jetwing2medium.mdl,xqm,true,true,true,true,not_yet_decoded
models/xqm/jetwing2sizable.mdl,xqm,true,true,true,true,not_yet_decoded
models/xqm/modernchair.mdl,xqm,true,true,true,true,not_yet_decoded
models/xqm/panel180.mdl,xqm,true,true,true,true,not_yet_decoded
models/xqm/panel1x1.mdl,xqm,true,true,true,true,not_yet_decoded
models/xqm/panel1x2.mdl,xqm,true,true,true,true,not_yet_decoded
models/xqm/panel1x3.mdl,xqm,true,true,true,true,not_yet_decoded
models/xqm/panel1x4.mdl,xqm,true,true,true,true,not_yet_decoded
models/xqm/panel2x2.mdl,xqm,true,true,true,true,not_yet_decoded
models/xqm/panel2x3.mdl,xqm,true,true,true,true,not_yet_decoded
models/xqm/panel2x4.mdl,xqm,true,true,true,true,not_yet_decoded
models/xqm/panel360.mdl,xqm,true,true,true,true,not_yet_decoded
models/xqm/panel3x4.mdl,xqm,true,true,true,true,not_yet_decoded
models/xqm/panel45.mdl,xqm,true,true,true,true,not_yet_decoded
models/xqm/panel4x4.mdl,xqm,true,true,true,true,not_yet_decoded
models/xqm/panel90.mdl,xqm,true,true,true,true,not_yet_decoded
models/xqm/pistontype1.mdl,xqm,true,true,true,true,not_yet_decoded
models/xqm/pistontype1big.mdl,xqm,true,true,true,true,not_yet_decoded
models/xqm/pistontype1huge.mdl,xqm,true,true,true,true,not_yet_decoded
models/xqm/pistontype1large.mdl,xqm,true,true,true,true,not_yet_decoded
models/xqm/pistontype1medium.mdl,xqm,true,true,true,true,not_yet_decoded
models/xqm/podremake.mdl,xqm,true,true,true,true,not_yet_decoded
models/xqm/polex1.mdl,xqm,true,true,true,true,not_yet_decoded
models/xqm/polex2.mdl,xqm,true,true,true,true,not_yet_decoded
models/xqm/polex3.mdl,xqm,true,true,true,true,not_yet_decoded
models/xqm/polex4.mdl,xqm,true,true,true,true,not_yet_decoded
models/xqm/propeller1.mdl,xqm,true,true,true,true,not_yet_decoded
models/xqm/propeller1big.mdl,xqm,true,true,true,true,not_yet_decoded
models/xqm/propeller1huge.mdl,xqm,true,true,true,true,not_yet_decoded
models/xqm/propeller1large.mdl,xqm,true,true,true,true,not_yet_decoded
models/xqm/propeller1medium.mdl,xqm,true,true,true,true,not_yet_decoded
models/xqm/quad1.mdl,xqm,true,true,true,true,not_yet_decoded
models/xqm/quad2.mdl,xqm,true,true,true,true,not_yet_decoded
models/xqm/quad3.mdl,xqm,true,true,true,true,not_yet_decoded
models/xqm/rails/cap.mdl,xqm,true,true,true,true,not_yet_decoded
models/xqm/rails/funnel.mdl,xqm,true,true,true,true,not_yet_decoded
models/xqm/rails/gumball_1.mdl,xqm,true,true,true,true,not_yet_decoded
models/xqm/rails/loop_left.mdl,xqm,true,true,true,true,not_yet_decoded
models/xqm/rails/loop_right.mdl,xqm,true,true,true,true,not_yet_decoded
models/xqm/rails/slope_down_15.mdl,xqm,true,true,true,true,not_yet_decoded
models/xqm/rails/slope_down_30.mdl,xqm,true,true,true,true,not_yet_decoded
models/xqm/rails/slope_down_45.mdl,xqm,true,true,true,true,not_yet_decoded
models/xqm/rails/slope_down_90.mdl,xqm,true,true,true,true,not_yet_decoded
models/xqm/rails/slope_up_15.mdl,xqm,true,true,true,true,not_yet_decoded
models/xqm/rails/slope_up_30.mdl,xqm,true,true,true,true,not_yet_decoded
models/xqm/rails/slope_up_45.mdl,xqm,true,true,true,true,not_yet_decoded
models/xqm/rails/slope_up_90.mdl,xqm,true,true,true,true,not_yet_decoded
models/xqm/rails/straight_1.mdl,xqm,true,true,true,true,not_yet_decoded
models/xqm/rails/straight_16.mdl,xqm,true,true,true,true,not_yet_decoded
models/xqm/rails/straight_2.mdl,xqm,true,true,true,true,not_yet_decoded
models/xqm/rails/straight_4.mdl,xqm,true,true,true,true,not_yet_decoded
models/xqm/rails/straight_8.mdl,xqm,true,true,true,true,not_yet_decoded
models/xqm/rails/trackball_1.mdl,xqm,true,true,true,true,not_yet_decoded
models/xqm/rails/tunnel_1.mdl,xqm,true,true,true,true,not_yet_decoded
models/xqm/rails/tunnel_16.mdl,xqm,true,true,true,true,not_yet_decoded
models/xqm/rails/tunnel_2.mdl,xqm,true,true,true,true,not_yet_decoded
models/xqm/rails/tunnel_4.mdl,xqm,true,true,true,true,not_yet_decoded
models/xqm/rails/tunnel_8.mdl,xqm,true,true,true,true,not_yet_decoded
models/xqm/rails/turn_15.mdl,xqm,true,true,true,true,not_yet_decoded
models/xqm/rails/turn_180.mdl,xqm,true,true,true,true,not_yet_decoded
models/xqm/rails/turn_30.mdl,xqm,true,true,true,true,not_yet_decoded
models/xqm/rails/turn_45.mdl,xqm,true,true,true,true,not_yet_decoded
models/xqm/rails/turn_90.mdl,xqm,true,true,true,true,not_yet_decoded
models/xqm/rails/twist_45_left.mdl,xqm,true,true,true,true,not_yet_decoded
models/xqm/rails/twist_45_right.mdl,xqm,true,true,true,true,not_yet_decoded
models/xqm/rails/twist_90_left.mdl,xqm,true,true,true,true,not_yet_decoded
models/xqm/rails/twist_90_right.mdl,xqm,true,true,true,true,not_yet_decoded
models/xqm/rhombus1.mdl,xqm,true,true,true,true,not_yet_decoded
models/xqm/rhombus2.mdl,xqm,true,true,true,true,not_yet_decoded
models/xqm/rhombus3.mdl,xqm,true,true,true,true,not_yet_decoded
models/xqm/triangle1x1.mdl,xqm,true,true,true,true,not_yet_decoded
models/xqm/triangle1x2.mdl,xqm,true,true,true,true,not_yet_decoded
models/xqm/triangle2x2.mdl,xqm,true,true,true,true,not_yet_decoded
models/xqm/triangle2x4.mdl,xqm,true,true,true,true,not_yet_decoded
models/xqm/triangle4x4.mdl,xqm,true,true,true,true,not_yet_decoded
models/xqm/triangle4x6.mdl,xqm,true,true,true,true,not_yet_decoded
models/xqm/trianglelong1.mdl,xqm,true,true,true,true,not_yet_decoded
models/xqm/trianglelong2.mdl,xqm,true,true,true,true,not_yet_decoded
models/xqm/trianglelong3.mdl,xqm,true,true,true,true,not_yet_decoded
models/xqm/trianglelong4.mdl,xqm,true,true,true,true,not_yet_decoded
models/xqm/wingpiece1.mdl,xqm,true,true,true,true,not_yet_decoded
models/xqm/wingpiece2.mdl,xqm,true,true,true,true,not_yet_decoded
models/xqm/wingpiece3.mdl,xqm,true,true,true,true,not_yet_decoded
models/xqm/wingtip1.mdl,xqm,true,true,true,true,not_yet_decoded
models/z_anm.mdl,z_anm.mdl,false,false,false,false,not_yet_decoded
models/zombie/classic.mdl,zombie,true,true,true,true,not_yet_decoded
models/zombie/classic_legs.mdl,zombie,true,true,true,true,not_yet_decoded
models/zombie/classic_torso.mdl,zombie,true,true,true,true,not_yet_decoded
models/zombie/fast.mdl,zombie,true,true,true,true,not_yet_decoded
models/zombie/fast_torso.mdl,zombie,true,true,true,true,not_yet_decoded
models/zombie/poison.mdl,zombie,true,true,true,true,not_yet_decoded
models/zombie/zombie_soldier.mdl,zombie,true,true,true,true,not_yet_decoded
models/zombie/zombie_soldier_animations.mdl,zombie,false,false,false,false,not_yet_decoded
models/zombie/zombie_soldier_legs.mdl,zombie,true,true,true,true,not_yet_decoded
models/zombie/zombie_soldier_torso.mdl,zombie,true,true,true,true,not_yet_decoded
